"index","op","name","z","type","value","probability"
2,"Boundary","Cemetery Start",,"posterior",-3029.5,0
2,"Boundary","Cemetery Start",,"posterior",-3024.5,0.0000018729
2,"Boundary","Cemetery Start",,"posterior",-3019.5,0.0000016699
2,"Boundary","Cemetery Start",,"posterior",-3014.5,0.0000031253
2,"Boundary","Cemetery Start",,"posterior",-3009.5,0.000002911
2,"Boundary","Cemetery Start",,"posterior",-3004.5,0.0000014555
2,"Boundary","Cemetery Start",,"posterior",-2999.5,0.0000027079
2,"Boundary","Cemetery Start",,"posterior",-2994.5,8.349e-7
2,"Boundary","Cemetery Start",,"posterior",-2989.5,0.0000027079
2,"Boundary","Cemetery Start",,"posterior",-2984.5,0.000002911
2,"Boundary","Cemetery Start",,"posterior",-2979.5,0.0000018729
2,"Boundary","Cemetery Start",,"posterior",-2974.5,0.000004163
2,"Boundary","Cemetery Start",,"posterior",-2969.5,0.000005833
2,"Boundary","Cemetery Start",,"posterior",-2964.5,0.000004581
2,"Boundary","Cemetery Start",,"posterior",-2959.5,0.000003543
2,"Boundary","Cemetery Start",,"posterior",-2954.5,0.000005213
2,"Boundary","Cemetery Start",,"posterior",-2949.5,0.000007921
2,"Boundary","Cemetery Start",,"posterior",-2944.5,0.000007706
2,"Boundary","Cemetery Start",,"posterior",-2939.5,0.000008959
2,"Boundary","Cemetery Start",,"posterior",-2934.5,0.000009997
2,"Boundary","Cemetery Start",,"posterior",-2929.5,0.000014792
2,"Boundary","Cemetery Start",,"posterior",-2924.5,0.000013539
2,"Boundary","Cemetery Start",,"posterior",-2919.5,0.000016247
2,"Boundary","Cemetery Start",,"posterior",-2914.5,0.00001979
2,"Boundary","Cemetery Start",,"posterior",-2909.5,0.000020411
2,"Boundary","Cemetery Start",,"posterior",-2904.5,0.000029369
2,"Boundary","Cemetery Start",,"posterior",-2899.5,0.000029787
2,"Boundary","Cemetery Start",,"posterior",-2894.5,0.00003208
2,"Boundary","Cemetery Start",,"posterior",-2889.5,0.00004041
2,"Boundary","Cemetery Start",,"posterior",-2884.5,0.00003896
2,"Boundary","Cemetery Start",,"posterior",-2879.5,0.00005063
2,"Boundary","Cemetery Start",,"posterior",-2874.5,0.00004625
2,"Boundary","Cemetery Start",,"posterior",-2869.5,0.00007667
2,"Boundary","Cemetery Start",,"posterior",-2864.5,0.00007603
2,"Boundary","Cemetery Start",,"posterior",-2859.5,0.00009166
2,"Boundary","Cemetery Start",,"posterior",-2854.5,0.0000825
2,"Boundary","Cemetery Start",,"posterior",-2849.5,0.00009687
2,"Boundary","Cemetery Start",,"posterior",-2844.5,0.00014874
2,"Boundary","Cemetery Start",,"posterior",-2839.5,0.00013749
2,"Boundary","Cemetery Start",,"posterior",-2834.5,0.00012999
2,"Boundary","Cemetery Start",,"posterior",-2829.5,0.00012666
2,"Boundary","Cemetery Start",,"posterior",-2824.5,0.00011145
2,"Boundary","Cemetery Start",,"posterior",-2819.5,0.0001225
2,"Boundary","Cemetery Start",,"posterior",-2814.5,0.00012728
2,"Boundary","Cemetery Start",,"posterior",-2809.5,0.00013311
2,"Boundary","Cemetery Start",,"posterior",-2804.5,0.0001525
2,"Boundary","Cemetery Start",,"posterior",-2799.5,0.00017665
2,"Boundary","Cemetery Start",,"posterior",-2794.5,0.00021499
2,"Boundary","Cemetery Start",,"posterior",-2789.5,0.0002402
2,"Boundary","Cemetery Start",,"posterior",-2784.5,0.00029623
2,"Boundary","Cemetery Start",,"posterior",-2779.5,0.0003848
2,"Boundary","Cemetery Start",,"posterior",-2774.5,0.0004323
2,"Boundary","Cemetery Start",,"posterior",-2769.5,0.0005277
2,"Boundary","Cemetery Start",,"posterior",-2764.5,0.0005462
2,"Boundary","Cemetery Start",,"posterior",-2759.5,0.0006995
2,"Boundary","Cemetery Start",,"posterior",-2754.5,0.0008427
2,"Boundary","Cemetery Start",,"posterior",-2749.5,0.0008775
2,"Boundary","Cemetery Start",,"posterior",-2744.5,0.0010858
2,"Boundary","Cemetery Start",,"posterior",-2739.5,0.0013174
2,"Boundary","Cemetery Start",,"posterior",-2734.5,0.0013466
2,"Boundary","Cemetery Start",,"posterior",-2729.5,0.0015537
2,"Boundary","Cemetery Start",,"posterior",-2724.5,0.0019518
2,"Boundary","Cemetery Start",,"posterior",-2719.5,0.0018735
2,"Boundary","Cemetery Start",,"posterior",-2714.5,0.0023474
2,"Boundary","Cemetery Start",,"posterior",-2709.5,0.0029436
2,"Boundary","Cemetery Start",,"posterior",-2704.5,0.003491
2,"Boundary","Cemetery Start",,"posterior",-2699.5,0.004043
2,"Boundary","Cemetery Start",,"posterior",-2694.5,0.004969
2,"Boundary","Cemetery Start",,"posterior",-2689.5,0.005894
2,"Boundary","Cemetery Start",,"posterior",-2684.5,0.006396
2,"Boundary","Cemetery Start",,"posterior",-2679.5,0.006796
2,"Boundary","Cemetery Start",,"posterior",-2674.5,0.008185
2,"Boundary","Cemetery Start",,"posterior",-2669.5,0.009022
2,"Boundary","Cemetery Start",,"posterior",-2664.5,0.009632
2,"Boundary","Cemetery Start",,"posterior",-2659.5,0.010355
2,"Boundary","Cemetery Start",,"posterior",-2654.5,0.010337
2,"Boundary","Cemetery Start",,"posterior",-2649.5,0.011187
2,"Boundary","Cemetery Start",,"posterior",-2644.5,0.011283
2,"Boundary","Cemetery Start",,"posterior",-2639.5,0.01125
2,"Boundary","Cemetery Start",,"posterior",-2634.5,0.010868
2,"Boundary","Cemetery Start",,"posterior",-2629.5,0.010326
2,"Boundary","Cemetery Start",,"posterior",-2624.5,0.00941
2,"Boundary","Cemetery Start",,"posterior",-2619.5,0.008414
2,"Boundary","Cemetery Start",,"posterior",-2614.5,0.007322
2,"Boundary","Cemetery Start",,"posterior",-2609.5,0.006062
2,"Boundary","Cemetery Start",,"posterior",-2604.5,0.004714
2,"Boundary","Cemetery Start",,"posterior",-2599.5,0.003395
2,"Boundary","Cemetery Start",,"posterior",-2594.5,0.0025253
2,"Boundary","Cemetery Start",,"posterior",-2589.5,0.0014051
2,"Boundary","Cemetery Start",,"posterior",-2584.5,0.0007141
2,"Boundary","Cemetery Start",,"posterior",-2579.5,0.00019749
2,"Boundary","Cemetery Start",,"posterior",-2574.5,0.00006021
2,"Boundary","Cemetery Start",,"posterior",-2569.5,0.00003333
2,"Boundary","Cemetery Start",,"posterior",-2564.5,0.000009793
4,"R_Date","SM13",,"likelihood",-3014.5,0
4,"R_Date","SM13",,"likelihood",-3009.5,0
4,"R_Date","SM13",,"likelihood",-3004.5,4.265e-9
4,"R_Date","SM13",,"likelihood",-2999.5,8.529e-9
4,"R_Date","SM13",,"likelihood",-2994.5,4.265e-9
4,"R_Date","SM13",,"likelihood",-2989.5,4.265e-9
4,"R_Date","SM13",,"likelihood",-2984.5,0
4,"R_Date","SM13",,"likelihood",-2979.5,0
4,"R_Date","SM13",,"likelihood",-2974.5,0
4,"R_Date","SM13",,"likelihood",-2969.5,0
4,"R_Date","SM13",,"likelihood",-2964.5,0
4,"R_Date","SM13",,"likelihood",-2959.5,0
4,"R_Date","SM13",,"likelihood",-2954.5,0
4,"R_Date","SM13",,"likelihood",-2949.5,0
4,"R_Date","SM13",,"likelihood",-2944.5,0
4,"R_Date","SM13",,"likelihood",-2939.5,0
4,"R_Date","SM13",,"likelihood",-2934.5,0
4,"R_Date","SM13",,"likelihood",-2929.5,0
4,"R_Date","SM13",,"likelihood",-2924.5,4.265e-9
4,"R_Date","SM13",,"likelihood",-2919.5,2.5588e-8
4,"R_Date","SM13",,"likelihood",-2914.5,1.0661e-7
4,"R_Date","SM13",,"likelihood",-2909.5,5.075e-7
4,"R_Date","SM13",,"likelihood",-2904.5,0.0000026867
4,"R_Date","SM13",,"likelihood",-2899.5,0.000009728
4,"R_Date","SM13",,"likelihood",-2894.5,0.000030624
4,"R_Date","SM13",,"likelihood",-2889.5,0.00009139
4,"R_Date","SM13",,"likelihood",-2884.5,0.00026593
4,"R_Date","SM13",,"likelihood",-2879.5,0.0007173
4,"R_Date","SM13",,"likelihood",-2874.5,0.0015748
4,"R_Date","SM13",,"likelihood",-2869.5,0.0026051
4,"R_Date","SM13",,"likelihood",-2864.5,0.003322
4,"R_Date","SM13",,"likelihood",-2859.5,0.00374
4,"R_Date","SM13",,"likelihood",-2854.5,0.004007
4,"R_Date","SM13",,"likelihood",-2849.5,0.004194
4,"R_Date","SM13",,"likelihood",-2844.5,0.004251
4,"R_Date","SM13",,"likelihood",-2839.5,0.004081
4,"R_Date","SM13",,"likelihood",-2834.5,0.003789
4,"R_Date","SM13",,"likelihood",-2829.5,0.003501
4,"R_Date","SM13",,"likelihood",-2824.5,0.003372
4,"R_Date","SM13",,"likelihood",-2819.5,0.003535
4,"R_Date","SM13",,"likelihood",-2814.5,0.003909
4,"R_Date","SM13",,"likelihood",-2809.5,0.004265
4,"R_Date","SM13",,"likelihood",-2804.5,0.003916
4,"R_Date","SM13",,"likelihood",-2799.5,0.0029695
4,"R_Date","SM13",,"likelihood",-2794.5,0.0021422
4,"R_Date","SM13",,"likelihood",-2789.5,0.0018064
4,"R_Date","SM13",,"likelihood",-2784.5,0.0020072
4,"R_Date","SM13",,"likelihood",-2779.5,0.0025436
4,"R_Date","SM13",,"likelihood",-2774.5,0.0030109
4,"R_Date","SM13",,"likelihood",-2769.5,0.003266
4,"R_Date","SM13",,"likelihood",-2764.5,0.003365
4,"R_Date","SM13",,"likelihood",-2759.5,0.003459
4,"R_Date","SM13",,"likelihood",-2754.5,0.003636
4,"R_Date","SM13",,"likelihood",-2749.5,0.003974
4,"R_Date","SM13",,"likelihood",-2744.5,0.004216
4,"R_Date","SM13",,"likelihood",-2739.5,0.004189
4,"R_Date","SM13",,"likelihood",-2734.5,0.004128
4,"R_Date","SM13",,"likelihood",-2729.5,0.004241
4,"R_Date","SM13",,"likelihood",-2724.5,0.004188
4,"R_Date","SM13",,"likelihood",-2719.5,0.003818
4,"R_Date","SM13",,"likelihood",-2714.5,0.003334
4,"R_Date","SM13",,"likelihood",-2709.5,0.0030768
4,"R_Date","SM13",,"likelihood",-2704.5,0.00338
4,"R_Date","SM13",,"likelihood",-2699.5,0.00398
4,"R_Date","SM13",,"likelihood",-2694.5,0.004196
4,"R_Date","SM13",,"likelihood",-2689.5,0.004212
4,"R_Date","SM13",,"likelihood",-2684.5,0.004228
4,"R_Date","SM13",,"likelihood",-2679.5,0.004197
4,"R_Date","SM13",,"likelihood",-2674.5,0.004226
4,"R_Date","SM13",,"likelihood",-2669.5,0.004062
4,"R_Date","SM13",,"likelihood",-2664.5,0.003705
4,"R_Date","SM13",,"likelihood",-2659.5,0.003249
4,"R_Date","SM13",,"likelihood",-2654.5,0.0031465
4,"R_Date","SM13",,"likelihood",-2649.5,0.003425
4,"R_Date","SM13",,"likelihood",-2644.5,0.003674
4,"R_Date","SM13",,"likelihood",-2639.5,0.003843
4,"R_Date","SM13",,"likelihood",-2634.5,0.003716
4,"R_Date","SM13",,"likelihood",-2629.5,0.003347
4,"R_Date","SM13",,"likelihood",-2624.5,0.002603
4,"R_Date","SM13",,"likelihood",-2619.5,0.0017736
4,"R_Date","SM13",,"likelihood",-2614.5,0.0013658
4,"R_Date","SM13",,"likelihood",-2609.5,0.0014305
4,"R_Date","SM13",,"likelihood",-2604.5,0.0016876
4,"R_Date","SM13",,"likelihood",-2599.5,0.0017939
4,"R_Date","SM13",,"likelihood",-2594.5,0.0019052
4,"R_Date","SM13",,"likelihood",-2589.5,0.0020902
4,"R_Date","SM13",,"likelihood",-2584.5,0.0020626
4,"R_Date","SM13",,"likelihood",-2579.5,0.0015278
4,"R_Date","SM13",,"likelihood",-2574.5,0.0007237
4,"R_Date","SM13",,"likelihood",-2569.5,0.00021114
4,"R_Date","SM13",,"likelihood",-2564.5,0.00005455
4,"R_Date","SM13",,"likelihood",-2559.5,0.00002224
4,"R_Date","SM13",,"likelihood",-2554.5,0.000014419
4,"R_Date","SM13",,"likelihood",-2549.5,0.000012444
4,"R_Date","SM13",,"likelihood",-2544.5,0.000013058
4,"R_Date","SM13",,"likelihood",-2539.5,0.000015788
4,"R_Date","SM13",,"likelihood",-2534.5,0.000026982
4,"R_Date","SM13",,"likelihood",-2529.5,0.00005535
4,"R_Date","SM13",,"likelihood",-2524.5,0.0000933
4,"R_Date","SM13",,"likelihood",-2519.5,0.00012226
4,"R_Date","SM13",,"likelihood",-2514.5,0.00020205
4,"R_Date","SM13",,"likelihood",-2509.5,0.0003424
4,"R_Date","SM13",,"likelihood",-2504.5,0.0003683
4,"R_Date","SM13",,"likelihood",-2499.5,0.0002183
4,"R_Date","SM13",,"likelihood",-2494.5,0.00006788
4,"R_Date","SM13",,"likelihood",-2489.5,0.000019647
4,"R_Date","SM13",,"likelihood",-2484.5,0.00001186
4,"R_Date","SM13",,"likelihood",-2479.5,0.000013387
4,"R_Date","SM13",,"likelihood",-2474.5,0.000013114
4,"R_Date","SM13",,"likelihood",-2469.5,0.0000020086
4,"R_Date","SM13",,"likelihood",-2464.5,1.0661e-7
4,"R_Date","SM13",,"likelihood",-2459.5,8.529e-9
4,"R_Date","SM13",,"likelihood",-2454.5,0
4,"R_Date","SM13",,"likelihood",-2449.5,0
4,"R_Date","SM13",,"likelihood",-2444.5,0
4,"R_Date","SM13",,"posterior",-2874.5,0
4,"R_Date","SM13",,"posterior",-2869.5,0.000004585
4,"R_Date","SM13",,"posterior",-2864.5,0.00000708
4,"R_Date","SM13",,"posterior",-2859.5,0.000014161
4,"R_Date","SM13",,"posterior",-2854.5,0.000014378
4,"R_Date","SM13",,"posterior",-2849.5,0.000012709
4,"R_Date","SM13",,"posterior",-2844.5,0.00002021
4,"R_Date","SM13",,"posterior",-2839.5,0.000021879
4,"R_Date","SM13",,"posterior",-2834.5,0.000025419
4,"R_Date","SM13",,"posterior",-2829.5,0.000029787
4,"R_Date","SM13",,"posterior",-2824.5,0.000022706
4,"R_Date","SM13",,"posterior",-2819.5,0.00003312
4,"R_Date","SM13",,"posterior",-2814.5,0.00003542
4,"R_Date","SM13",,"posterior",-2809.5,0.0000425
4,"R_Date","SM13",,"posterior",-2804.5,0.00004708
4,"R_Date","SM13",,"posterior",-2799.5,0.00004625
4,"R_Date","SM13",,"posterior",-2794.5,0.000030004
4,"R_Date","SM13",,"posterior",-2789.5,0.000030628
4,"R_Date","SM13",,"posterior",-2784.5,0.00003479
4,"R_Date","SM13",,"posterior",-2779.5,0.00005062
4,"R_Date","SM13",,"posterior",-2774.5,0.00007
4,"R_Date","SM13",,"posterior",-2769.5,0.00009708
4,"R_Date","SM13",,"posterior",-2764.5,0.00011333
4,"R_Date","SM13",,"posterior",-2759.5,0.00012501
4,"R_Date","SM13",,"posterior",-2754.5,0.0001673
4,"R_Date","SM13",,"posterior",-2749.5,0.000185
4,"R_Date","SM13",,"posterior",-2744.5,0.00024
4,"R_Date","SM13",,"posterior",-2739.5,0.00029062
4,"R_Date","SM13",,"posterior",-2734.5,0.0003702
4,"R_Date","SM13",,"posterior",-2729.5,0.0004208
4,"R_Date","SM13",,"posterior",-2724.5,0.0004846
4,"R_Date","SM13",,"posterior",-2719.5,0.0005079
4,"R_Date","SM13",,"posterior",-2714.5,0.0005333
4,"R_Date","SM13",,"posterior",-2709.5,0.0006021
4,"R_Date","SM13",,"posterior",-2704.5,0.0008023
4,"R_Date","SM13",,"posterior",-2699.5,0.0010888
4,"R_Date","SM13",,"posterior",-2694.5,0.001455
4,"R_Date","SM13",,"posterior",-2689.5,0.0017783
4,"R_Date","SM13",,"posterior",-2684.5,0.0021388
4,"R_Date","SM13",,"posterior",-2679.5,0.0025708
4,"R_Date","SM13",,"posterior",-2674.5,0.00324
4,"R_Date","SM13",,"posterior",-2669.5,0.003618
4,"R_Date","SM13",,"posterior",-2664.5,0.004136
4,"R_Date","SM13",,"posterior",-2659.5,0.004364
4,"R_Date","SM13",,"posterior",-2654.5,0.004945
4,"R_Date","SM13",,"posterior",-2649.5,0.00636
4,"R_Date","SM13",,"posterior",-2644.5,0.007835
4,"R_Date","SM13",,"posterior",-2639.5,0.009743
4,"R_Date","SM13",,"posterior",-2634.5,0.010746
4,"R_Date","SM13",,"posterior",-2629.5,0.011132
4,"R_Date","SM13",,"posterior",-2624.5,0.009944
4,"R_Date","SM13",,"posterior",-2619.5,0.007788
4,"R_Date","SM13",,"posterior",-2614.5,0.006739
4,"R_Date","SM13",,"posterior",-2609.5,0.007697
4,"R_Date","SM13",,"posterior",-2604.5,0.009288
4,"R_Date","SM13",,"posterior",-2599.5,0.010648
4,"R_Date","SM13",,"posterior",-2594.5,0.012148
4,"R_Date","SM13",,"posterior",-2589.5,0.013564
4,"R_Date","SM13",,"posterior",-2584.5,0.013395
4,"R_Date","SM13",,"posterior",-2579.5,0.010139
4,"R_Date","SM13",,"posterior",-2574.5,0.005039
4,"R_Date","SM13",,"posterior",-2569.5,0.0014973
4,"R_Date","SM13",,"posterior",-2564.5,0.000435
4,"R_Date","SM13",,"posterior",-2559.5,0.00016271
4,"R_Date","SM13",,"posterior",-2554.5,0.00009896
4,"R_Date","SM13",,"posterior",-2549.5,0.00008792
4,"R_Date","SM13",,"posterior",-2544.5,0.0000873
4,"R_Date","SM13",,"posterior",-2539.5,0.00011375
4,"R_Date","SM13",,"posterior",-2534.5,0.00019624
4,"R_Date","SM13",,"posterior",-2529.5,0.0003898
4,"R_Date","SM13",,"posterior",-2524.5,0.0006235
4,"R_Date","SM13",,"posterior",-2519.5,0.0008858
4,"R_Date","SM13",,"posterior",-2514.5,0.0014044
4,"R_Date","SM13",,"posterior",-2509.5,0.0022381
4,"R_Date","SM13",,"posterior",-2504.5,0.0023367
4,"R_Date","SM13",,"posterior",-2499.5,0.0014444
4,"R_Date","SM13",,"posterior",-2494.5,0.0005029
4,"R_Date","SM13",,"posterior",-2489.5,0.0001602
4,"R_Date","SM13",,"posterior",-2484.5,0.00008354
4,"R_Date","SM13",,"posterior",-2479.5,0.00008979
4,"R_Date","SM13",,"posterior",-2474.5,0.00007542
4,"R_Date","SM13",,"posterior",-2469.5,0.000014378
4,"R_Date","SM13",,"posterior",-2464.5,0.0000010444
4,"R_Date","SM13",,"posterior",-2459.5,0
5,"R_Date","SM10",,"likelihood",-2909.5,0
5,"R_Date","SM10",,"likelihood",-2904.5,0
5,"R_Date","SM10",,"likelihood",-2899.5,0
5,"R_Date","SM10",,"likelihood",-2894.5,2.7193e-8
5,"R_Date","SM10",,"likelihood",-2889.5,3.263e-7
5,"R_Date","SM10",,"likelihood",-2884.5,0.000004008
5,"R_Date","SM10",,"likelihood",-2879.5,0.00003907
5,"R_Date","SM10",,"likelihood",-2874.5,0.00027985
5,"R_Date","SM10",,"likelihood",-2869.5,0.0010872
5,"R_Date","SM10",,"likelihood",-2864.5,0.0020658
5,"R_Date","SM10",,"likelihood",-2859.5,0.002957
5,"R_Date","SM10",,"likelihood",-2854.5,0.003809
5,"R_Date","SM10",,"likelihood",-2849.5,0.004637
5,"R_Date","SM10",,"likelihood",-2844.5,0.005328
5,"R_Date","SM10",,"likelihood",-2839.5,0.005439
5,"R_Date","SM10",,"likelihood",-2834.5,0.005099
5,"R_Date","SM10",,"likelihood",-2829.5,0.004614
5,"R_Date","SM10",,"likelihood",-2824.5,0.004379
5,"R_Date","SM10",,"likelihood",-2819.5,0.004675
5,"R_Date","SM10",,"likelihood",-2814.5,0.005214
5,"R_Date","SM10",,"likelihood",-2809.5,0.005209
5,"R_Date","SM10",,"likelihood",-2804.5,0.00344
5,"R_Date","SM10",,"likelihood",-2799.5,0.0014992
5,"R_Date","SM10",,"likelihood",-2794.5,0.0006516
5,"R_Date","SM10",,"likelihood",-2789.5,0.0003984
5,"R_Date","SM10",,"likelihood",-2784.5,0.0005234
5,"R_Date","SM10",,"likelihood",-2779.5,0.000982
5,"R_Date","SM10",,"likelihood",-2774.5,0.0016604
5,"R_Date","SM10",,"likelihood",-2769.5,0.0020213
5,"R_Date","SM10",,"likelihood",-2764.5,0.0022009
5,"R_Date","SM10",,"likelihood",-2759.5,0.002385
5,"R_Date","SM10",,"likelihood",-2754.5,0.0027692
5,"R_Date","SM10",,"likelihood",-2749.5,0.003699
5,"R_Date","SM10",,"likelihood",-2744.5,0.004801
5,"R_Date","SM10",,"likelihood",-2739.5,0.005322
5,"R_Date","SM10",,"likelihood",-2734.5,0.005366
5,"R_Date","SM10",,"likelihood",-2729.5,0.005365
5,"R_Date","SM10",,"likelihood",-2724.5,0.004601
5,"R_Date","SM10",,"likelihood",-2719.5,0.003299
5,"R_Date","SM10",,"likelihood",-2714.5,0.0021429
5,"R_Date","SM10",,"likelihood",-2709.5,0.0017082
5,"R_Date","SM10",,"likelihood",-2704.5,0.002229
5,"R_Date","SM10",,"likelihood",-2699.5,0.00372
5,"R_Date","SM10",,"likelihood",-2694.5,0.004908
5,"R_Date","SM10",,"likelihood",-2689.5,0.00526
5,"R_Date","SM10",,"likelihood",-2684.5,0.00516
5,"R_Date","SM10",,"likelihood",-2679.5,0.004948
5,"R_Date","SM10",,"likelihood",-2674.5,0.005189
5,"R_Date","SM10",,"likelihood",-2669.5,0.005269
5,"R_Date","SM10",,"likelihood",-2664.5,0.004929
5,"R_Date","SM10",,"likelihood",-2659.5,0.004125
5,"R_Date","SM10",,"likelihood",-2654.5,0.003929
5,"R_Date","SM10",,"likelihood",-2649.5,0.004434
5,"R_Date","SM10",,"likelihood",-2644.5,0.004764
5,"R_Date","SM10",,"likelihood",-2639.5,0.005079
5,"R_Date","SM10",,"likelihood",-2634.5,0.004907
5,"R_Date","SM10",,"likelihood",-2629.5,0.004316
5,"R_Date","SM10",,"likelihood",-2624.5,0.002942
5,"R_Date","SM10",,"likelihood",-2619.5,0.0015485
5,"R_Date","SM10",,"likelihood",-2614.5,0.0009803
5,"R_Date","SM10",,"likelihood",-2609.5,0.0010642
5,"R_Date","SM10",,"likelihood",-2604.5,0.0014452
5,"R_Date","SM10",,"likelihood",-2599.5,0.0016032
5,"R_Date","SM10",,"likelihood",-2594.5,0.0017516
5,"R_Date","SM10",,"likelihood",-2589.5,0.0020283
5,"R_Date","SM10",,"likelihood",-2584.5,0.0020044
5,"R_Date","SM10",,"likelihood",-2579.5,0.0011942
5,"R_Date","SM10",,"likelihood",-2574.5,0.0003111
5,"R_Date","SM10",,"likelihood",-2569.5,0.000031114
5,"R_Date","SM10",,"likelihood",-2564.5,0.000002344
5,"R_Date","SM10",,"likelihood",-2559.5,4.133e-7
5,"R_Date","SM10",,"likelihood",-2554.5,1.7947e-7
5,"R_Date","SM10",,"likelihood",-2549.5,1.3596e-7
5,"R_Date","SM10",,"likelihood",-2544.5,1.4684e-7
5,"R_Date","SM10",,"likelihood",-2539.5,2.121e-7
5,"R_Date","SM10",,"likelihood",-2534.5,6.037e-7
5,"R_Date","SM10",,"likelihood",-2529.5,0.0000024147
5,"R_Date","SM10",,"likelihood",-2524.5,0.000006575
5,"R_Date","SM10",,"likelihood",-2519.5,0.000011035
5,"R_Date","SM10",,"likelihood",-2514.5,0.00002865
5,"R_Date","SM10",,"likelihood",-2509.5,0.00007749
5,"R_Date","SM10",,"likelihood",-2504.5,0.00008883
5,"R_Date","SM10",,"likelihood",-2499.5,0.00003613
5,"R_Date","SM10",,"likelihood",-2494.5,0.000003584
5,"R_Date","SM10",,"likelihood",-2489.5,3.263e-7
5,"R_Date","SM10",,"likelihood",-2484.5,1.2509e-7
5,"R_Date","SM10",,"likelihood",-2479.5,1.3053e-7
5,"R_Date","SM10",,"likelihood",-2474.5,1.2509e-7
5,"R_Date","SM10",,"likelihood",-2469.5,0
5,"R_Date","SM10",,"likelihood",-2464.5,0
5,"R_Date","SM10",,"likelihood",-2459.5,0
5,"R_Date","SM10",,"posterior",-2884.5,0
5,"R_Date","SM10",,"posterior",-2879.5,0
5,"R_Date","SM10",,"posterior",-2874.5,4.104e-7
5,"R_Date","SM10",,"posterior",-2869.5,0.0000016711
5,"R_Date","SM10",,"posterior",-2864.5,0.000007505
5,"R_Date","SM10",,"posterior",-2859.5,0.000007505
5,"R_Date","SM10",,"posterior",-2854.5,0.000018118
5,"R_Date","SM10",,"posterior",-2849.5,0.000018543
5,"R_Date","SM10",,"posterior",-2844.5,0.000024172
5,"R_Date","SM10",,"posterior",-2839.5,0.0000275
5,"R_Date","SM10",,"posterior",-2834.5,0.00003542
5,"R_Date","SM10",,"posterior",-2829.5,0.000031458
5,"R_Date","SM10",,"posterior",-2824.5,0.00004041
5,"R_Date","SM10",,"posterior",-2819.5,0.00004896
5,"R_Date","SM10",,"posterior",-2814.5,0.00005
5,"R_Date","SM10",,"posterior",-2809.5,0.00005667
5,"R_Date","SM10",,"posterior",-2804.5,0.00003729
5,"R_Date","SM10",,"posterior",-2799.5,0.000017913
5,"R_Date","SM10",,"posterior",-2794.5,0.000009792
5,"R_Date","SM10",,"posterior",-2789.5,0.000006464
5,"R_Date","SM10",,"posterior",-2784.5,0.000011668
5,"R_Date","SM10",,"posterior",-2779.5,0.000024788
5,"R_Date","SM10",,"posterior",-2774.5,0.00004584
5,"R_Date","SM10",,"posterior",-2769.5,0.00005625
5,"R_Date","SM10",,"posterior",-2764.5,0.00007667
5,"R_Date","SM10",,"posterior",-2759.5,0.00007895
5,"R_Date","SM10",,"posterior",-2754.5,0.00011542
5,"R_Date","SM10",,"posterior",-2749.5,0.00017438
5,"R_Date","SM10",,"posterior",-2744.5,0.00024583
5,"R_Date","SM10",,"posterior",-2739.5,0.0003396
5,"R_Date","SM10",,"posterior",-2734.5,0.0004242
5,"R_Date","SM10",,"posterior",-2729.5,0.0004708
5,"R_Date","SM10",,"posterior",-2724.5,0.0005015
5,"R_Date","SM10",,"posterior",-2719.5,0.0004408
5,"R_Date","SM10",,"posterior",-2714.5,0.0003179
5,"R_Date","SM10",,"posterior",-2709.5,0.0003256
5,"R_Date","SM10",,"posterior",-2704.5,0.0004906
5,"R_Date","SM10",,"posterior",-2699.5,0.0009744
5,"R_Date","SM10",,"posterior",-2694.5,0.0015062
5,"R_Date","SM10",,"posterior",-2689.5,0.0019602
5,"R_Date","SM10",,"posterior",-2684.5,0.0023894
5,"R_Date","SM10",,"posterior",-2679.5,0.0027975
5,"R_Date","SM10",,"posterior",-2674.5,0.003617
5,"R_Date","SM10",,"posterior",-2669.5,0.004369
5,"R_Date","SM10",,"posterior",-2664.5,0.004931
5,"R_Date","SM10",,"posterior",-2659.5,0.005028
5,"R_Date","SM10",,"posterior",-2654.5,0.00581
5,"R_Date","SM10",,"posterior",-2649.5,0.007485
5,"R_Date","SM10",,"posterior",-2644.5,0.00968
5,"R_Date","SM10",,"posterior",-2639.5,0.011964
5,"R_Date","SM10",,"posterior",-2634.5,0.013732
5,"R_Date","SM10",,"posterior",-2629.5,0.013795
5,"R_Date","SM10",,"posterior",-2624.5,0.011238
5,"R_Date","SM10",,"posterior",-2619.5,0.007319
5,"R_Date","SM10",,"posterior",-2614.5,0.005402
5,"R_Date","SM10",,"posterior",-2609.5,0.006254
5,"R_Date","SM10",,"posterior",-2604.5,0.008855
5,"R_Date","SM10",,"posterior",-2599.5,0.010621
5,"R_Date","SM10",,"posterior",-2594.5,0.012418
5,"R_Date","SM10",,"posterior",-2589.5,0.014659
5,"R_Date","SM10",,"posterior",-2584.5,0.014583
5,"R_Date","SM10",,"posterior",-2579.5,0.00903
5,"R_Date","SM10",,"posterior",-2574.5,0.0026056
5,"R_Date","SM10",,"posterior",-2569.5,0.00031084
5,"R_Date","SM10",,"posterior",-2564.5,0.000028746
5,"R_Date","SM10",,"posterior",-2559.5,0.0000029171
5,"R_Date","SM10",,"posterior",-2554.5,0.0000014512
5,"R_Date","SM10",,"posterior",-2549.5,0.000001246
5,"R_Date","SM10",,"posterior",-2544.5,6.303e-7
5,"R_Date","SM10",,"posterior",-2539.5,0.0000025066
5,"R_Date","SM10",,"posterior",-2534.5,0.000005424
5,"R_Date","SM10",,"posterior",-2529.5,0.000017297
5,"R_Date","SM10",,"posterior",-2524.5,0.0000552
5,"R_Date","SM10",,"posterior",-2519.5,0.00009562
5,"R_Date","SM10",,"posterior",-2514.5,0.00023875
5,"R_Date","SM10",,"posterior",-2509.5,0.0006227
5,"R_Date","SM10",,"posterior",-2504.5,0.0006892
5,"R_Date","SM10",,"posterior",-2499.5,0.00027979
5,"R_Date","SM10",,"posterior",-2494.5,0.00003874
5,"R_Date","SM10",,"posterior",-2489.5,0.000003328
5,"R_Date","SM10",,"posterior",-2484.5,0.0000010408
5,"R_Date","SM10",,"posterior",-2479.5,0.0000014512
5,"R_Date","SM10",,"posterior",-2474.5,2.0522e-7
7,"R_Date","SM14",,"likelihood",-2889.5,0
7,"R_Date","SM14",,"likelihood",-2884.5,0
7,"R_Date","SM14",,"likelihood",-2879.5,0
7,"R_Date","SM14",,"likelihood",-2874.5,4.932e-8
7,"R_Date","SM14",,"likelihood",-2869.5,7.299e-7
7,"R_Date","SM14",,"likelihood",-2864.5,0.0000027223
7,"R_Date","SM14",,"likelihood",-2859.5,0.000007151
7,"R_Date","SM14",,"likelihood",-2854.5,0.000019194
7,"R_Date","SM14",,"likelihood",-2849.5,0.00004473
7,"R_Date","SM14",,"likelihood",-2844.5,0.00009673
7,"R_Date","SM14",,"likelihood",-2839.5,0.00021237
7,"R_Date","SM14",,"likelihood",-2834.5,0.000402
7,"R_Date","SM14",,"likelihood",-2829.5,0.0006252
7,"R_Date","SM14",,"likelihood",-2824.5,0.0007393
7,"R_Date","SM14",,"likelihood",-2819.5,0.000597
7,"R_Date","SM14",,"likelihood",-2814.5,0.0003277
7,"R_Date","SM14",,"likelihood",-2809.5,0.0000774
7,"R_Date","SM14",,"likelihood",-2804.5,0.000011402
7,"R_Date","SM14",,"likelihood",-2799.5,0.0000012724
7,"R_Date","SM14",,"likelihood",-2794.5,2.5645e-7
7,"R_Date","SM14",,"likelihood",-2789.5,8.877e-8
7,"R_Date","SM14",,"likelihood",-2784.5,1.4795e-7
7,"R_Date","SM14",,"likelihood",-2779.5,5.129e-7
7,"R_Date","SM14",,"likelihood",-2774.5,0.0000021798
7,"R_Date","SM14",,"likelihood",-2769.5,0.0000029985
7,"R_Date","SM14",,"likelihood",-2764.5,0.000003719
7,"R_Date","SM14",,"likelihood",-2759.5,0.000004587
7,"R_Date","SM14",,"likelihood",-2754.5,0.000006904
7,"R_Date","SM14",,"likelihood",-2749.5,0.000017261
7,"R_Date","SM14",,"likelihood",-2744.5,0.00005423
7,"R_Date","SM14",,"likelihood",-2739.5,0.00013443
7,"R_Date","SM14",,"likelihood",-2734.5,0.00017929
7,"R_Date","SM14",,"likelihood",-2729.5,0.00010598
7,"R_Date","SM14",,"likelihood",-2724.5,0.00004321
7,"R_Date","SM14",,"likelihood",-2719.5,0.000013789
7,"R_Date","SM14",,"likelihood",-2714.5,0.000003472
7,"R_Date","SM14",,"likelihood",-2709.5,0.0000019924
7,"R_Date","SM14",,"likelihood",-2704.5,0.000003837
7,"R_Date","SM14",,"likelihood",-2699.5,0.000017626
7,"R_Date","SM14",,"likelihood",-2694.5,0.00007722
7,"R_Date","SM14",,"likelihood",-2689.5,0.00011285
7,"R_Date","SM14",,"likelihood",-2684.5,0.00009182
7,"R_Date","SM14",,"likelihood",-2679.5,0.00008237
7,"R_Date","SM14",,"likelihood",-2674.5,0.00009653
7,"R_Date","SM14",,"likelihood",-2669.5,0.00022171
7,"R_Date","SM14",,"likelihood",-2664.5,0.0004778
7,"R_Date","SM14",,"likelihood",-2659.5,0.0009216
7,"R_Date","SM14",,"likelihood",-2654.5,0.0010729
7,"R_Date","SM14",,"likelihood",-2649.5,0.000742
7,"R_Date","SM14",,"likelihood",-2644.5,0.0005457
7,"R_Date","SM14",,"likelihood",-2639.5,0.0003831
7,"R_Date","SM14",,"likelihood",-2634.5,0.0004823
7,"R_Date","SM14",,"likelihood",-2629.5,0.0007911
7,"R_Date","SM14",,"likelihood",-2624.5,0.0017872
7,"R_Date","SM14",,"likelihood",-2619.5,0.003562
7,"R_Date","SM14",,"likelihood",-2614.5,0.004838
7,"R_Date","SM14",,"likelihood",-2609.5,0.004614
7,"R_Date","SM14",,"likelihood",-2604.5,0.003887
7,"R_Date","SM14",,"likelihood",-2599.5,0.003588
7,"R_Date","SM14",,"likelihood",-2594.5,0.003217
7,"R_Date","SM14",,"likelihood",-2589.5,0.0027013
7,"R_Date","SM14",,"likelihood",-2584.5,0.0028371
7,"R_Date","SM14",,"likelihood",-2579.5,0.004291
7,"R_Date","SM14",,"likelihood",-2574.5,0.007607
7,"R_Date","SM14",,"likelihood",-2569.5,0.009863
7,"R_Date","SM14",,"likelihood",-2564.5,0.008112
7,"R_Date","SM14",,"likelihood",-2559.5,0.006045
7,"R_Date","SM14",,"likelihood",-2554.5,0.005066
7,"R_Date","SM14",,"likelihood",-2549.5,0.004751
7,"R_Date","SM14",,"likelihood",-2544.5,0.004853
7,"R_Date","SM14",,"likelihood",-2539.5,0.005266
7,"R_Date","SM14",,"likelihood",-2534.5,0.006496
7,"R_Date","SM14",,"likelihood",-2529.5,0.008142
7,"R_Date","SM14",,"likelihood",-2524.5,0.009142
7,"R_Date","SM14",,"likelihood",-2519.5,0.009522
7,"R_Date","SM14",,"likelihood",-2514.5,0.009861
7,"R_Date","SM14",,"likelihood",-2509.5,0.009525
7,"R_Date","SM14",,"likelihood",-2504.5,0.009414
7,"R_Date","SM14",,"likelihood",-2499.5,0.009725
7,"R_Date","SM14",,"likelihood",-2494.5,0.008561
7,"R_Date","SM14",,"likelihood",-2489.5,0.00576
7,"R_Date","SM14",,"likelihood",-2484.5,0.004649
7,"R_Date","SM14",,"likelihood",-2479.5,0.005076
7,"R_Date","SM14",,"likelihood",-2474.5,0.005034
7,"R_Date","SM14",,"likelihood",-2469.5,0.0019902
7,"R_Date","SM14",,"likelihood",-2464.5,0.00026983
7,"R_Date","SM14",,"likelihood",-2459.5,0.00003751
7,"R_Date","SM14",,"likelihood",-2454.5,0.000005642
7,"R_Date","SM14",,"likelihood",-2449.5,0.0000018543
7,"R_Date","SM14",,"likelihood",-2444.5,0.0000013316
7,"R_Date","SM14",,"likelihood",-2439.5,0.000001302
7,"R_Date","SM14",,"likelihood",-2434.5,8.483e-7
7,"R_Date","SM14",,"likelihood",-2429.5,7.102e-7
7,"R_Date","SM14",,"likelihood",-2424.5,7.595e-7
7,"R_Date","SM14",,"likelihood",-2419.5,0.0000017952
7,"R_Date","SM14",,"likelihood",-2414.5,0.000005001
7,"R_Date","SM14",,"likelihood",-2409.5,0.000005612
7,"R_Date","SM14",,"likelihood",-2404.5,0.0000019924
7,"R_Date","SM14",,"likelihood",-2399.5,8.976e-7
7,"R_Date","SM14",,"likelihood",-2394.5,2.4659e-7
7,"R_Date","SM14",,"likelihood",-2389.5,1.1836e-7
7,"R_Date","SM14",,"likelihood",-2384.5,2.959e-7
7,"R_Date","SM14",,"likelihood",-2379.5,8.877e-7
7,"R_Date","SM14",,"likelihood",-2374.5,0.000002022
7,"R_Date","SM14",,"likelihood",-2369.5,0.00000361
7,"R_Date","SM14",,"likelihood",-2364.5,0.000003719
7,"R_Date","SM14",,"likelihood",-2359.5,0.000004251
7,"R_Date","SM14",,"likelihood",-2354.5,0.000004064
7,"R_Date","SM14",,"likelihood",-2349.5,0.0000018346
7,"R_Date","SM14",,"likelihood",-2344.5,4.044e-7
7,"R_Date","SM14",,"likelihood",-2339.5,4.932e-8
7,"R_Date","SM14",,"likelihood",-2334.5,9.863e-9
7,"R_Date","SM14",,"likelihood",-2329.5,9.863e-9
7,"R_Date","SM14",,"likelihood",-2324.5,9.863e-9
7,"R_Date","SM14",,"likelihood",-2319.5,4.932e-8
7,"R_Date","SM14",,"likelihood",-2314.5,7.891e-8
7,"R_Date","SM14",,"likelihood",-2309.5,8.877e-8
7,"R_Date","SM14",,"likelihood",-2304.5,6.904e-8
7,"R_Date","SM14",,"likelihood",-2299.5,1.9727e-8
7,"R_Date","SM14",,"likelihood",-2294.5,0
7,"R_Date","SM14",,"likelihood",-2289.5,0
7,"R_Date","SM14",,"likelihood",-2284.5,0
7,"R_Date","SM14",,"posterior",-2859.5,0
7,"R_Date","SM14",,"posterior",-2854.5,0.0000024894
7,"R_Date","SM14",,"posterior",-2849.5,0.000003327
7,"R_Date","SM14",,"posterior",-2844.5,0.00001354
7,"R_Date","SM14",,"posterior",-2839.5,0.000027918
7,"R_Date","SM14",,"posterior",-2834.5,0.00005125
7,"R_Date","SM14",,"posterior",-2829.5,0.0000798
7,"R_Date","SM14",,"posterior",-2824.5,0.00010458
7,"R_Date","SM14",,"posterior",-2819.5,0.0000875
7,"R_Date","SM14",,"posterior",-2814.5,0.00004646
7,"R_Date","SM14",,"posterior",-2809.5,0.000017495
7,"R_Date","SM14",,"posterior",-2804.5,0.0000031175
7,"R_Date","SM14",,"posterior",-2799.5,4.188e-7
7,"R_Date","SM14",,"posterior",-2794.5,2.0939e-7
7,"R_Date","SM14",,"posterior",-2789.5,0
7,"R_Date","SM14",,"posterior",-2784.5,2.0939e-7
7,"R_Date","SM14",,"posterior",-2779.5,0
7,"R_Date","SM14",,"posterior",-2774.5,2.0939e-7
7,"R_Date","SM14",,"posterior",-2769.5,0.0000014657
7,"R_Date","SM14",,"posterior",-2764.5,8.375e-7
7,"R_Date","SM14",,"posterior",-2759.5,0.000004793
7,"R_Date","SM14",,"posterior",-2754.5,0.000004793
7,"R_Date","SM14",,"posterior",-2749.5,0.000012703
7,"R_Date","SM14",,"posterior",-2744.5,0.0000452
7,"R_Date","SM14",,"posterior",-2739.5,0.00010688
7,"R_Date","SM14",,"posterior",-2734.5,0.00016334
7,"R_Date","SM14",,"posterior",-2729.5,0.00012417
7,"R_Date","SM14",,"posterior",-2724.5,0.00005625
7,"R_Date","SM14",,"posterior",-2719.5,0.000017286
7,"R_Date","SM14",,"posterior",-2714.5,0.000009166
7,"R_Date","SM14",,"posterior",-2709.5,0.000003955
7,"R_Date","SM14",,"posterior",-2704.5,0.000010632
7,"R_Date","SM14",,"posterior",-2699.5,0.00005042
7,"R_Date","SM14",,"posterior",-2694.5,0.00019501
7,"R_Date","SM14",,"posterior",-2689.5,0.0003377
7,"R_Date","SM14",,"posterior",-2684.5,0.000326
7,"R_Date","SM14",,"posterior",-2679.5,0.0003465
7,"R_Date","SM14",,"posterior",-2674.5,0.0004673
7,"R_Date","SM14",,"posterior",-2669.5,0.0010831
7,"R_Date","SM14",,"posterior",-2664.5,0.0025213
7,"R_Date","SM14",,"posterior",-2659.5,0.004798
7,"R_Date","SM14",,"posterior",-2654.5,0.005733
7,"R_Date","SM14",,"posterior",-2649.5,0.00455
7,"R_Date","SM14",,"posterior",-2644.5,0.003431
7,"R_Date","SM14",,"posterior",-2639.5,0.00259
7,"R_Date","SM14",,"posterior",-2634.5,0.0030677
7,"R_Date","SM14",,"posterior",-2629.5,0.004839
7,"R_Date","SM14",,"posterior",-2624.5,0.009886
7,"R_Date","SM14",,"posterior",-2619.5,0.017861
7,"R_Date","SM14",,"posterior",-2614.5,0.023265
7,"R_Date","SM14",,"posterior",-2609.5,0.021852
7,"R_Date","SM14",,"posterior",-2604.5,0.017819
7,"R_Date","SM14",,"posterior",-2599.5,0.014625
7,"R_Date","SM14",,"posterior",-2594.5,0.011205
7,"R_Date","SM14",,"posterior",-2589.5,0.007502
7,"R_Date","SM14",,"posterior",-2584.5,0.005154
7,"R_Date","SM14",,"posterior",-2579.5,0.004021
7,"R_Date","SM14",,"posterior",-2574.5,0.003381
7,"R_Date","SM14",,"posterior",-2569.5,0.0030452
7,"R_Date","SM14",,"posterior",-2564.5,0.0025062
7,"R_Date","SM14",,"posterior",-2559.5,0.0018433
7,"R_Date","SM14",,"posterior",-2554.5,0.0015348
7,"R_Date","SM14",,"posterior",-2549.5,0.0014123
7,"R_Date","SM14",,"posterior",-2544.5,0.0014802
7,"R_Date","SM14",,"posterior",-2539.5,0.0015919
7,"R_Date","SM14",,"posterior",-2534.5,0.0019014
7,"R_Date","SM14",,"posterior",-2529.5,0.0023092
7,"R_Date","SM14",,"posterior",-2524.5,0.002549
7,"R_Date","SM14",,"posterior",-2519.5,0.0025512
7,"R_Date","SM14",,"posterior",-2514.5,0.0024108
7,"R_Date","SM14",,"posterior",-2509.5,0.0017629
7,"R_Date","SM14",,"posterior",-2504.5,0.0008769
7,"R_Date","SM14",,"posterior",-2499.5,0.00025875
7,"R_Date","SM14",,"posterior",-2494.5,0.00004271
7,"R_Date","SM14",,"posterior",-2489.5,0.000008957
7,"R_Date","SM14",,"posterior",-2484.5,0.000004583
7,"R_Date","SM14",,"posterior",-2479.5,0.0000018845
7,"R_Date","SM14",,"posterior",-2474.5,4.188e-7
7,"R_Date","SM14",,"posterior",-2469.5,0
8,"R_Date","SM9",,"likelihood",-2904.5,0
8,"R_Date","SM9",,"likelihood",-2899.5,0
8,"R_Date","SM9",,"likelihood",-2894.5,0
8,"R_Date","SM9",,"likelihood",-2889.5,3.585e-8
8,"R_Date","SM9",,"likelihood",-2884.5,5.557e-7
8,"R_Date","SM9",,"likelihood",-2879.5,0.00000729
8,"R_Date","SM9",,"likelihood",-2874.5,0.00007518
8,"R_Date","SM9",,"likelihood",-2869.5,0.0004176
8,"R_Date","SM9",,"likelihood",-2864.5,0.0009541
8,"R_Date","SM9",,"likelihood",-2859.5,0.0015851
8,"R_Date","SM9",,"likelihood",-2854.5,0.0023894
8,"R_Date","SM9",,"likelihood",-2849.5,0.00337
8,"R_Date","SM9",,"likelihood",-2844.5,0.00453
8,"R_Date","SM9",,"likelihood",-2839.5,0.005449
8,"R_Date","SM9",,"likelihood",-2834.5,0.005911
8,"R_Date","SM9",,"likelihood",-2829.5,0.005971
8,"R_Date","SM9",,"likelihood",-2824.5,0.005922
8,"R_Date","SM9",,"likelihood",-2819.5,0.005975
8,"R_Date","SM9",,"likelihood",-2814.5,0.005663
8,"R_Date","SM9",,"likelihood",-2809.5,0.004238
8,"R_Date","SM9",,"likelihood",-2804.5,0.0019886
8,"R_Date","SM9",,"likelihood",-2799.5,0.0006194
8,"R_Date","SM9",,"likelihood",-2794.5,0.00021843
8,"R_Date","SM9",,"likelihood",-2789.5,0.00011567
8,"R_Date","SM9",,"likelihood",-2784.5,0.00016186
8,"R_Date","SM9",,"likelihood",-2779.5,0.0003577
8,"R_Date","SM9",,"likelihood",-2774.5,0.0007444
8,"R_Date","SM9",,"likelihood",-2769.5,0.0009477
8,"R_Date","SM9",,"likelihood",-2764.5,0.001065
8,"R_Date","SM9",,"likelihood",-2759.5,0.0011911
8,"R_Date","SM9",,"likelihood",-2754.5,0.0014728
8,"R_Date","SM9",,"likelihood",-2749.5,0.0022796
8,"R_Date","SM9",,"likelihood",-2744.5,0.003615
8,"R_Date","SM9",,"likelihood",-2739.5,0.004773
8,"R_Date","SM9",,"likelihood",-2734.5,0.005108
8,"R_Date","SM9",,"likelihood",-2729.5,0.004645
8,"R_Date","SM9",,"likelihood",-2724.5,0.003322
8,"R_Date","SM9",,"likelihood",-2719.5,0.0019508
8,"R_Date","SM9",,"likelihood",-2714.5,0.0010266
8,"R_Date","SM9",,"likelihood",-2709.5,0.0007547
8,"R_Date","SM9",,"likelihood",-2704.5,0.0010839
8,"R_Date","SM9",,"likelihood",-2699.5,0.0023001
8,"R_Date","SM9",,"likelihood",-2694.5,0.003907
8,"R_Date","SM9",,"likelihood",-2689.5,0.004554
8,"R_Date","SM9",,"likelihood",-2684.5,0.004291
8,"R_Date","SM9",,"likelihood",-2679.5,0.003986
8,"R_Date","SM9",,"likelihood",-2674.5,0.004357
8,"R_Date","SM9",,"likelihood",-2669.5,0.005169
8,"R_Date","SM9",,"likelihood",-2664.5,0.005845
8,"R_Date","SM9",,"likelihood",-2659.5,0.005664
8,"R_Date","SM9",,"likelihood",-2654.5,0.005499
8,"R_Date","SM9",,"likelihood",-2649.5,0.005751
8,"R_Date","SM9",,"likelihood",-2644.5,0.005517
8,"R_Date","SM9",,"likelihood",-2639.5,0.005616
8,"R_Date","SM9",,"likelihood",-2634.5,0.005727
8,"R_Date","SM9",,"likelihood",-2629.5,0.005816
8,"R_Date","SM9",,"likelihood",-2624.5,0.004897
8,"R_Date","SM9",,"likelihood",-2619.5,0.003296
8,"R_Date","SM9",,"likelihood",-2614.5,0.0023914
8,"R_Date","SM9",,"likelihood",-2609.5,0.0025364
8,"R_Date","SM9",,"likelihood",-2604.5,0.0030945
8,"R_Date","SM9",,"likelihood",-2599.5,0.003321
8,"R_Date","SM9",,"likelihood",-2594.5,0.003578
8,"R_Date","SM9",,"likelihood",-2589.5,0.003992
8,"R_Date","SM9",,"likelihood",-2584.5,0.003905
8,"R_Date","SM9",,"likelihood",-2579.5,0.0027542
8,"R_Date","SM9",,"likelihood",-2574.5,0.0010009
8,"R_Date","SM9",,"likelihood",-2569.5,0.00015242
8,"R_Date","SM9",,"likelihood",-2564.5,0.000016629
8,"R_Date","SM9",,"likelihood",-2559.5,0.000003645
8,"R_Date","SM9",,"likelihood",-2554.5,0.0000017328
8,"R_Date","SM9",,"likelihood",-2549.5,0.0000013444
8,"R_Date","SM9",,"likelihood",-2544.5,0.000001458
8,"R_Date","SM9",,"likelihood",-2539.5,0.0000020256
8,"R_Date","SM9",,"likelihood",-2534.5,0.000005067
8,"R_Date","SM9",,"likelihood",-2529.5,0.000017047
8,"R_Date","SM9",,"likelihood",-2524.5,0.00004058
8,"R_Date","SM9",,"likelihood",-2519.5,0.00006323
8,"R_Date","SM9",,"likelihood",-2514.5,0.00014216
8,"R_Date","SM9",,"likelihood",-2509.5,0.0003259
8,"R_Date","SM9",,"likelihood",-2504.5,0.0003647
8,"R_Date","SM9",,"likelihood",-2499.5,0.000168
8,"R_Date","SM9",,"likelihood",-2494.5,0.000024003
8,"R_Date","SM9",,"likelihood",-2489.5,0.0000029458
8,"R_Date","SM9",,"likelihood",-2484.5,0.0000012369
8,"R_Date","SM9",,"likelihood",-2479.5,0.0000013444
8,"R_Date","SM9",,"likelihood",-2474.5,0.0000012907
8,"R_Date","SM9",,"likelihood",-2469.5,3.585e-8
8,"R_Date","SM9",,"likelihood",-2464.5,0
8,"R_Date","SM9",,"likelihood",-2459.5,0
8,"R_Date","SM9",,"likelihood",-2454.5,0
8,"R_Date","SM9",,"posterior",-2844.5,0
8,"R_Date","SM9",,"posterior",-2839.5,0
8,"R_Date","SM9",,"posterior",-2834.5,0.0000024918
8,"R_Date","SM9",,"posterior",-2829.5,0.0000022863
8,"R_Date","SM9",,"posterior",-2824.5,0.000009582
8,"R_Date","SM9",,"posterior",-2819.5,0.00001251
8,"R_Date","SM9",,"posterior",-2814.5,0.000012279
8,"R_Date","SM9",,"posterior",-2809.5,0.00000709
8,"R_Date","SM9",,"posterior",-2804.5,0.00000542
8,"R_Date","SM9",,"posterior",-2799.5,0.0000016698
8,"R_Date","SM9",,"posterior",-2794.5,0.0000016698
8,"R_Date","SM9",,"posterior",-2789.5,2.0551e-7
8,"R_Date","SM9",,"posterior",-2784.5,2.0551e-7
8,"R_Date","SM9",,"posterior",-2779.5,0.0000012587
8,"R_Date","SM9",,"posterior",-2774.5,0.0000010532
8,"R_Date","SM9",,"posterior",-2769.5,0.0000018753
8,"R_Date","SM9",,"posterior",-2764.5,0.00000334
8,"R_Date","SM9",,"posterior",-2759.5,0.0000029285
8,"R_Date","SM9",,"posterior",-2754.5,0.000004804
8,"R_Date","SM9",,"posterior",-2749.5,0.000009171
8,"R_Date","SM9",,"posterior",-2744.5,0.00000709
8,"R_Date","SM9",,"posterior",-2739.5,0.00001978
8,"R_Date","SM9",,"posterior",-2734.5,0.000017494
8,"R_Date","SM9",,"posterior",-2729.5,0.000030621
8,"R_Date","SM9",,"posterior",-2724.5,0.000019164
8,"R_Date","SM9",,"posterior",-2719.5,0.000014797
8,"R_Date","SM9",,"posterior",-2714.5,0.000005009
8,"R_Date","SM9",,"posterior",-2709.5,0.000008554
8,"R_Date","SM9",,"posterior",-2704.5,0.000009787
8,"R_Date","SM9",,"posterior",-2699.5,0.00002145
8,"R_Date","SM9",,"posterior",-2694.5,0.000024789
8,"R_Date","SM9",,"posterior",-2689.5,0.00004668
8,"R_Date","SM9",,"posterior",-2684.5,0.00006854
8,"R_Date","SM9",,"posterior",-2679.5,0.00006499
8,"R_Date","SM9",,"posterior",-2674.5,0.00011437
8,"R_Date","SM9",,"posterior",-2669.5,0.00016166
8,"R_Date","SM9",,"posterior",-2664.5,0.00030957
8,"R_Date","SM9",,"posterior",-2659.5,0.0005963
8,"R_Date","SM9",,"posterior",-2654.5,0.0009898
8,"R_Date","SM9",,"posterior",-2649.5,0.0015263
8,"R_Date","SM9",,"posterior",-2644.5,0.0018775
8,"R_Date","SM9",,"posterior",-2639.5,0.0021639
8,"R_Date","SM9",,"posterior",-2634.5,0.0024394
8,"R_Date","SM9",,"posterior",-2629.5,0.0030494
8,"R_Date","SM9",,"posterior",-2624.5,0.00345
8,"R_Date","SM9",,"posterior",-2619.5,0.004065
8,"R_Date","SM9",,"posterior",-2614.5,0.004969
8,"R_Date","SM9",,"posterior",-2609.5,0.007477
8,"R_Date","SM9",,"posterior",-2604.5,0.011348
8,"R_Date","SM9",,"posterior",-2599.5,0.014933
8,"R_Date","SM9",,"posterior",-2594.5,0.019126
8,"R_Date","SM9",,"posterior",-2589.5,0.023908
8,"R_Date","SM9",,"posterior",-2584.5,0.025689
8,"R_Date","SM9",,"posterior",-2579.5,0.020119
8,"R_Date","SM9",,"posterior",-2574.5,0.009237
8,"R_Date","SM9",,"posterior",-2569.5,0.0020679
8,"R_Date","SM9",,"posterior",-2564.5,0.00029562
8,"R_Date","SM9",,"posterior",-2559.5,0.00007416
8,"R_Date","SM9",,"posterior",-2554.5,0.00003208
8,"R_Date","SM9",,"posterior",-2549.5,0.000031032
8,"R_Date","SM9",,"posterior",-2544.5,0.00003229
8,"R_Date","SM9",,"posterior",-2539.5,0.00004272
8,"R_Date","SM9",,"posterior",-2534.5,0.00013188
8,"R_Date","SM9",,"posterior",-2529.5,0.0004285
8,"R_Date","SM9",,"posterior",-2524.5,0.0010894
8,"R_Date","SM9",,"posterior",-2519.5,0.0020365
8,"R_Date","SM9",,"posterior",-2514.5,0.004775
8,"R_Date","SM9",,"posterior",-2509.5,0.01052
8,"R_Date","SM9",,"posterior",-2504.5,0.012484
8,"R_Date","SM9",,"posterior",-2499.5,0.006386
8,"R_Date","SM9",,"posterior",-2494.5,0.0012315
8,"R_Date","SM9",,"posterior",-2489.5,0.00017396
8,"R_Date","SM9",,"posterior",-2484.5,0.00006104
8,"R_Date","SM9",,"posterior",-2479.5,0.00006646
8,"R_Date","SM9",,"posterior",-2474.5,0.00004937
8,"R_Date","SM9",,"posterior",-2469.5,0.0000012587
8,"R_Date","SM9",,"posterior",-2464.5,0
8,"R_Date","SM9",,"posterior",-2459.5,0
9,"R_Date","SM17",,"likelihood",-2894.5,0
9,"R_Date","SM17",,"likelihood",-2889.5,0
9,"R_Date","SM17",,"likelihood",-2884.5,0
9,"R_Date","SM17",,"likelihood",-2879.5,2.8871e-8
9,"R_Date","SM17",,"likelihood",-2874.5,7.891e-7
9,"R_Date","SM17",,"likelihood",-2869.5,0.000011875
9,"R_Date","SM17",,"likelihood",-2864.5,0.0000424
9,"R_Date","SM17",,"likelihood",-2859.5,0.00010455
9,"R_Date","SM17",,"likelihood",-2854.5,0.0002498
9,"R_Date","SM17",,"likelihood",-2849.5,0.0005208
9,"R_Date","SM17",,"likelihood",-2844.5,0.0010145
9,"R_Date","SM17",,"likelihood",-2839.5,0.0018862
9,"R_Date","SM17",,"likelihood",-2834.5,0.0030148
9,"R_Date","SM17",,"likelihood",-2829.5,0.004076
9,"R_Date","SM17",,"likelihood",-2824.5,0.004542
9,"R_Date","SM17",,"likelihood",-2819.5,0.003951
9,"R_Date","SM17",,"likelihood",-2814.5,0.00254
9,"R_Date","SM17",,"likelihood",-2809.5,0.0008449
9,"R_Date","SM17",,"likelihood",-2804.5,0.0001601
9,"R_Date","SM17",,"likelihood",-2799.5,0.000020479
9,"R_Date","SM17",,"likelihood",-2794.5,0.000004331
9,"R_Date","SM17",,"likelihood",-2789.5,0.0000015013
9,"R_Date","SM17",,"likelihood",-2784.5,0.0000024829
9,"R_Date","SM17",,"likelihood",-2779.5,0.000008469
9,"R_Date","SM17",,"likelihood",-2774.5,0.00003334
9,"R_Date","SM17",,"likelihood",-2769.5,0.0000458
9,"R_Date","SM17",,"likelihood",-2764.5,0.00005592
9,"R_Date","SM17",,"likelihood",-2759.5,0.000068
9,"R_Date","SM17",,"likelihood",-2754.5,0.00009937
9,"R_Date","SM17",,"likelihood",-2749.5,0.00022731
9,"R_Date","SM17",,"likelihood",-2744.5,0.0006131
9,"R_Date","SM17",,"likelihood",-2739.5,0.0012889
9,"R_Date","SM17",,"likelihood",-2734.5,0.0016147
9,"R_Date","SM17",,"likelihood",-2729.5,0.0010922
9,"R_Date","SM17",,"likelihood",-2724.5,0.0005054
9,"R_Date","SM17",,"likelihood",-2719.5,0.00018212
9,"R_Date","SM17",,"likelihood",-2714.5,0.00005251
9,"R_Date","SM17",,"likelihood",-2709.5,0.000031132
9,"R_Date","SM17",,"likelihood",-2704.5,0.00005766
9,"R_Date","SM17",,"likelihood",-2699.5,0.00023152
9,"R_Date","SM17",,"likelihood",-2694.5,0.0008028
9,"R_Date","SM17",,"likelihood",-2689.5,0.0011204
9,"R_Date","SM17",,"likelihood",-2684.5,0.0009481
9,"R_Date","SM17",,"likelihood",-2679.5,0.0008461
9,"R_Date","SM17",,"likelihood",-2674.5,0.0009879
9,"R_Date","SM17",,"likelihood",-2669.5,0.0018512
9,"R_Date","SM17",,"likelihood",-2664.5,0.003315
9,"R_Date","SM17",,"likelihood",-2659.5,0.004957
9,"R_Date","SM17",,"likelihood",-2654.5,0.005295
9,"R_Date","SM17",,"likelihood",-2649.5,0.004329
9,"R_Date","SM17",,"likelihood",-2644.5,0.003356
9,"R_Date","SM17",,"likelihood",-2639.5,0.0027667
9,"R_Date","SM17",,"likelihood",-2634.5,0.003253
9,"R_Date","SM17",,"likelihood",-2629.5,0.004626
9,"R_Date","SM17",,"likelihood",-2624.5,0.007138
9,"R_Date","SM17",,"likelihood",-2619.5,0.009232
9,"R_Date","SM17",,"likelihood",-2614.5,0.009624
9,"R_Date","SM17",,"likelihood",-2609.5,0.009602
9,"R_Date","SM17",,"likelihood",-2604.5,0.009217
9,"R_Date","SM17",,"likelihood",-2599.5,0.009062
9,"R_Date","SM17",,"likelihood",-2594.5,0.008987
9,"R_Date","SM17",,"likelihood",-2589.5,0.008678
9,"R_Date","SM17",,"likelihood",-2584.5,0.008645
9,"R_Date","SM17",,"likelihood",-2579.5,0.009544
9,"R_Date","SM17",,"likelihood",-2574.5,0.008401
9,"R_Date","SM17",,"likelihood",-2569.5,0.003903
9,"R_Date","SM17",,"likelihood",-2564.5,0.0011373
9,"R_Date","SM17",,"likelihood",-2559.5,0.0004395
9,"R_Date","SM17",,"likelihood",-2554.5,0.00027013
9,"R_Date","SM17",,"likelihood",-2549.5,0.00022815
9,"R_Date","SM17",,"likelihood",-2544.5,0.00024111
9,"R_Date","SM17",,"likelihood",-2539.5,0.00029949
9,"R_Date","SM17",,"likelihood",-2534.5,0.0005432
9,"R_Date","SM17",,"likelihood",-2529.5,0.001154
9,"R_Date","SM17",,"likelihood",-2524.5,0.0019186
9,"R_Date","SM17",,"likelihood",-2519.5,0.002458
9,"R_Date","SM17",,"likelihood",-2514.5,0.003768
9,"R_Date","SM17",,"likelihood",-2509.5,0.005568
9,"R_Date","SM17",,"likelihood",-2504.5,0.005844
9,"R_Date","SM17",,"likelihood",-2499.5,0.003925
9,"R_Date","SM17",,"likelihood",-2494.5,0.0014136
9,"R_Date","SM17",,"likelihood",-2489.5,0.000383
9,"R_Date","SM17",,"likelihood",-2484.5,0.00021575
9,"R_Date","SM17",,"likelihood",-2479.5,0.00024574
9,"R_Date","SM17",,"likelihood",-2474.5,0.00023984
9,"R_Date","SM17",,"likelihood",-2469.5,0.000022942
9,"R_Date","SM17",,"likelihood",-2464.5,4.427e-7
9,"R_Date","SM17",,"likelihood",-2459.5,1.9247e-8
9,"R_Date","SM17",,"likelihood",-2454.5,0
9,"R_Date","SM17",,"likelihood",-2449.5,0
9,"R_Date","SM17",,"likelihood",-2444.5,0
9,"R_Date","SM17",,"posterior",-2874.5,0
9,"R_Date","SM17",,"posterior",-2869.5,0
9,"R_Date","SM17",,"posterior",-2864.5,0
9,"R_Date","SM17",,"posterior",-2859.5,0.0000010388
9,"R_Date","SM17",,"posterior",-2854.5,6.206e-7
9,"R_Date","SM17",,"posterior",-2849.5,0.0000016728
9,"R_Date","SM17",,"posterior",-2844.5,0.000003953
9,"R_Date","SM17",,"posterior",-2839.5,0.000009794
9,"R_Date","SM17",,"posterior",-2834.5,0.000021247
9,"R_Date","SM17",,"posterior",-2829.5,0.00002833
9,"R_Date","SM17",,"posterior",-2824.5,0.00003667
9,"R_Date","SM17",,"posterior",-2819.5,0.00003521
9,"R_Date","SM17",,"posterior",-2814.5,0.000018536
9,"R_Date","SM17",,"posterior",-2809.5,0.000009578
9,"R_Date","SM17",,"posterior",-2804.5,0.0000022934
9,"R_Date","SM17",,"posterior",-2799.5,2.0236e-7
9,"R_Date","SM17",,"posterior",-2794.5,2.0236e-7
9,"R_Date","SM17",,"posterior",-2789.5,0
9,"R_Date","SM17",,"posterior",-2784.5,0
9,"R_Date","SM17",,"posterior",-2779.5,2.0236e-7
9,"R_Date","SM17",,"posterior",-2774.5,0.0000010388
9,"R_Date","SM17",,"posterior",-2769.5,4.182e-7
9,"R_Date","SM17",,"posterior",-2764.5,0.0000010388
9,"R_Date","SM17",,"posterior",-2759.5,0.0000027116
9,"R_Date","SM17",,"posterior",-2754.5,0.000004169
9,"R_Date","SM17",,"posterior",-2749.5,0.000008539
9,"R_Date","SM17",,"posterior",-2744.5,0.000027709
9,"R_Date","SM17",,"posterior",-2739.5,0.00005833
9,"R_Date","SM17",,"posterior",-2734.5,0.00009312
9,"R_Date","SM17",,"posterior",-2729.5,0.00007437
9,"R_Date","SM17",,"posterior",-2724.5,0.00003188
9,"R_Date","SM17",,"posterior",-2719.5,0.000015622
9,"R_Date","SM17",,"posterior",-2714.5,0.000006664
9,"R_Date","SM17",,"posterior",-2709.5,0.000003548
9,"R_Date","SM17",,"posterior",-2704.5,0.000009376
9,"R_Date","SM17",,"posterior",-2699.5,0.00004291
9,"R_Date","SM17",,"posterior",-2694.5,0.00013833
9,"R_Date","SM17",,"posterior",-2689.5,0.00024604
9,"R_Date","SM17",,"posterior",-2684.5,0.00023666
9,"R_Date","SM17",,"posterior",-2679.5,0.0002625
9,"R_Date","SM17",,"posterior",-2674.5,0.0003738
9,"R_Date","SM17",,"posterior",-2669.5,0.0007285
9,"R_Date","SM17",,"posterior",-2664.5,0.0014177
9,"R_Date","SM17",,"posterior",-2659.5,0.0023494
9,"R_Date","SM17",,"posterior",-2654.5,0.0029656
9,"R_Date","SM17",,"posterior",-2649.5,0.0027515
9,"R_Date","SM17",,"posterior",-2644.5,0.0024469
9,"R_Date","SM17",,"posterior",-2639.5,0.002341
9,"R_Date","SM17",,"posterior",-2634.5,0.0029831
9,"R_Date","SM17",,"posterior",-2629.5,0.004595
9,"R_Date","SM17",,"posterior",-2624.5,0.007301
9,"R_Date","SM17",,"posterior",-2619.5,0.010112
9,"R_Date","SM17",,"posterior",-2614.5,0.01133
9,"R_Date","SM17",,"posterior",-2609.5,0.011794
9,"R_Date","SM17",,"posterior",-2604.5,0.01192
9,"R_Date","SM17",,"posterior",-2599.5,0.011989
9,"R_Date","SM17",,"posterior",-2594.5,0.012431
9,"R_Date","SM17",,"posterior",-2589.5,0.012175
9,"R_Date","SM17",,"posterior",-2584.5,0.012669
9,"R_Date","SM17",,"posterior",-2579.5,0.01349
9,"R_Date","SM17",,"posterior",-2574.5,0.011675
9,"R_Date","SM17",,"posterior",-2569.5,0.005755
9,"R_Date","SM17",,"posterior",-2564.5,0.0018287
9,"R_Date","SM17",,"posterior",-2559.5,0.0006817
9,"R_Date","SM17",,"posterior",-2554.5,0.000425
9,"R_Date","SM17",,"posterior",-2549.5,0.0003492
9,"R_Date","SM17",,"posterior",-2544.5,0.0003485
9,"R_Date","SM17",,"posterior",-2539.5,0.0004481
9,"R_Date","SM17",,"posterior",-2534.5,0.0008308
9,"R_Date","SM17",,"posterior",-2529.5,0.0016367
9,"R_Date","SM17",,"posterior",-2524.5,0.0026527
9,"R_Date","SM17",,"posterior",-2519.5,0.003592
9,"R_Date","SM17",,"posterior",-2514.5,0.005499
9,"R_Date","SM17",,"posterior",-2509.5,0.007664
9,"R_Date","SM17",,"posterior",-2504.5,0.00793
9,"R_Date","SM17",,"posterior",-2499.5,0.005348
9,"R_Date","SM17",,"posterior",-2494.5,0.0020977
9,"R_Date","SM17",,"posterior",-2489.5,0.0006248
9,"R_Date","SM17",,"posterior",-2484.5,0.00034
9,"R_Date","SM17",,"posterior",-2479.5,0.0003525
9,"R_Date","SM17",,"posterior",-2474.5,0.00028292
9,"R_Date","SM17",,"posterior",-2469.5,0.00003938
9,"R_Date","SM17",,"posterior",-2464.5,8.364e-7
9,"R_Date","SM17",,"posterior",-2459.5,0
9,"R_Date","SM17",,"posterior",-2454.5,0
9,"R_Date","SM17",,"posterior",-2449.5,0
10,"R_Date","SM15",,"likelihood",-2889.5,0
10,"R_Date","SM15",,"likelihood",-2884.5,0
10,"R_Date","SM15",,"likelihood",-2879.5,0
10,"R_Date","SM15",,"likelihood",-2874.5,1.1591e-8
10,"R_Date","SM15",,"likelihood",-2869.5,4.405e-7
10,"R_Date","SM15",,"likelihood",-2864.5,0.0000020285
10,"R_Date","SM15",,"likelihood",-2859.5,0.000006398
10,"R_Date","SM15",,"likelihood",-2854.5,0.000020992
10,"R_Date","SM15",,"likelihood",-2849.5,0.00005581
10,"R_Date","SM15",,"likelihood",-2844.5,0.00013249
10,"R_Date","SM15",,"likelihood",-2839.5,0.0003228
10,"R_Date","SM15",,"likelihood",-2834.5,0.0006563
10,"R_Date","SM15",,"likelihood",-2829.5,0.0010634
10,"R_Date","SM15",,"likelihood",-2824.5,0.0012742
10,"R_Date","SM15",,"likelihood",-2819.5,0.0010116
10,"R_Date","SM15",,"likelihood",-2814.5,0.0005276
10,"R_Date","SM15",,"likelihood",-2809.5,0.00010268
10,"R_Date","SM15",,"likelihood",-2804.5,0.00001107
10,"R_Date","SM15",,"likelihood",-2799.5,8.114e-7
10,"R_Date","SM15",,"likelihood",-2794.5,1.275e-7
10,"R_Date","SM15",,"likelihood",-2789.5,3.477e-8
10,"R_Date","SM15",,"likelihood",-2784.5,5.796e-8
10,"R_Date","SM15",,"likelihood",-2779.5,2.7819e-7
10,"R_Date","SM15",,"likelihood",-2774.5,0.0000017039
10,"R_Date","SM15",,"likelihood",-2769.5,0.0000023878
10,"R_Date","SM15",,"likelihood",-2764.5,0.0000030601
10,"R_Date","SM15",,"likelihood",-2759.5,0.000003929
10,"R_Date","SM15",,"likelihood",-2754.5,0.000006364
10,"R_Date","SM15",,"likelihood",-2749.5,0.000018546
10,"R_Date","SM15",,"likelihood",-2744.5,0.00006958
10,"R_Date","SM15",,"likelihood",-2739.5,0.00019532
10,"R_Date","SM15",,"likelihood",-2734.5,0.00026993
10,"R_Date","SM15",,"likelihood",-2729.5,0.00014707
10,"R_Date","SM15",,"likelihood",-2724.5,0.00005368
10,"R_Date","SM15",,"likelihood",-2719.5,0.000014721
10,"R_Date","SM15",,"likelihood",-2714.5,0.0000028283
10,"R_Date","SM15",,"likelihood",-2709.5,0.0000014721
10,"R_Date","SM15",,"likelihood",-2704.5,0.000003188
10,"R_Date","SM15",,"likelihood",-2699.5,0.00001901
10,"R_Date","SM15",,"likelihood",-2694.5,0.000106
10,"R_Date","SM15",,"likelihood",-2689.5,0.00016034
10,"R_Date","SM15",,"likelihood",-2684.5,0.00012695
10,"R_Date","SM15",,"likelihood",-2679.5,0.00011408
10,"R_Date","SM15",,"likelihood",-2674.5,0.00013434
10,"R_Date","SM15",,"likelihood",-2669.5,0.0003454
10,"R_Date","SM15",,"likelihood",-2664.5,0.0007972
10,"R_Date","SM15",,"likelihood",-2659.5,0.0016133
10,"R_Date","SM15",,"likelihood",-2654.5,0.0018888
10,"R_Date","SM15",,"likelihood",-2649.5,0.0012834
10,"R_Date","SM15",,"likelihood",-2644.5,0.0009289
10,"R_Date","SM15",,"likelihood",-2639.5,0.0006301
10,"R_Date","SM15",,"likelihood",-2634.5,0.0008088
10,"R_Date","SM15",,"likelihood",-2629.5,0.0013721
10,"R_Date","SM15",,"likelihood",-2624.5,0.003188
10,"R_Date","SM15",,"likelihood",-2619.5,0.006188
10,"R_Date","SM15",,"likelihood",-2614.5,0.008085
10,"R_Date","SM15",,"likelihood",-2609.5,0.00777
10,"R_Date","SM15",,"likelihood",-2604.5,0.006638
10,"R_Date","SM15",,"likelihood",-2599.5,0.00618
10,"R_Date","SM15",,"likelihood",-2594.5,0.005635
10,"R_Date","SM15",,"likelihood",-2589.5,0.00481
10,"R_Date","SM15",,"likelihood",-2584.5,0.005008
10,"R_Date","SM15",,"likelihood",-2579.5,0.007303
10,"R_Date","SM15",,"likelihood",-2574.5,0.011146
10,"R_Date","SM15",,"likelihood",-2569.5,0.010357
10,"R_Date","SM15",,"likelihood",-2564.5,0.00556
10,"R_Date","SM15",,"likelihood",-2559.5,0.0030601
10,"R_Date","SM15",,"likelihood",-2554.5,0.0022064
10,"R_Date","SM15",,"likelihood",-2549.5,0.0019648
10,"R_Date","SM15",,"likelihood",-2544.5,0.002041
10,"R_Date","SM15",,"likelihood",-2539.5,0.0023672
10,"R_Date","SM15",,"likelihood",-2534.5,0.003514
10,"R_Date","SM15",,"likelihood",-2529.5,0.005607
10,"R_Date","SM15",,"likelihood",-2524.5,0.007459
10,"R_Date","SM15",,"likelihood",-2519.5,0.008462
10,"R_Date","SM15",,"likelihood",-2514.5,0.010218
10,"R_Date","SM15",,"likelihood",-2509.5,0.011494
10,"R_Date","SM15",,"likelihood",-2504.5,0.011591
10,"R_Date","SM15",,"likelihood",-2499.5,0.01018
10,"R_Date","SM15",,"likelihood",-2494.5,0.006303
10,"R_Date","SM15",,"likelihood",-2489.5,0.0027937
10,"R_Date","SM15",,"likelihood",-2484.5,0.0018904
10,"R_Date","SM15",,"likelihood",-2479.5,0.0021398
10,"R_Date","SM15",,"likelihood",-2474.5,0.0021058
10,"R_Date","SM15",,"likelihood",-2469.5,0.0004047
10,"R_Date","SM15",,"likelihood",-2464.5,0.000017816
10,"R_Date","SM15",,"likelihood",-2459.5,9.969e-7
10,"R_Date","SM15",,"likelihood",-2454.5,5.796e-8
10,"R_Date","SM15",,"likelihood",-2449.5,1.1591e-8
10,"R_Date","SM15",,"likelihood",-2444.5,1.1591e-8
10,"R_Date","SM15",,"likelihood",-2439.5,1.1591e-8
10,"R_Date","SM15",,"likelihood",-2434.5,0
10,"R_Date","SM15",,"likelihood",-2429.5,0
10,"R_Date","SM15",,"likelihood",-2424.5,0
10,"R_Date","SM15",,"likelihood",-2419.5,1.1591e-8
10,"R_Date","SM15",,"likelihood",-2414.5,4.637e-8
10,"R_Date","SM15",,"likelihood",-2409.5,5.796e-8
10,"R_Date","SM15",,"likelihood",-2404.5,1.1591e-8
10,"R_Date","SM15",,"likelihood",-2399.5,1.1591e-8
10,"R_Date","SM15",,"likelihood",-2394.5,0
10,"R_Date","SM15",,"likelihood",-2389.5,0
10,"R_Date","SM15",,"likelihood",-2384.5,0
10,"R_Date","SM15",,"likelihood",-2379.5,0
10,"R_Date","SM15",,"likelihood",-2374.5,1.1591e-8
10,"R_Date","SM15",,"likelihood",-2369.5,3.477e-8
10,"R_Date","SM15",,"likelihood",-2364.5,3.477e-8
10,"R_Date","SM15",,"likelihood",-2359.5,4.637e-8
10,"R_Date","SM15",,"likelihood",-2354.5,4.637e-8
10,"R_Date","SM15",,"likelihood",-2349.5,1.1591e-8
10,"R_Date","SM15",,"likelihood",-2344.5,0
10,"R_Date","SM15",,"likelihood",-2339.5,0
10,"R_Date","SM15",,"likelihood",-2334.5,0
10,"R_Date","SM15",,"posterior",-2844.5,0
10,"R_Date","SM15",,"posterior",-2839.5,0.0000016723
10,"R_Date","SM15",,"posterior",-2834.5,0.000004794
10,"R_Date","SM15",,"posterior",-2829.5,0.000003964
10,"R_Date","SM15",,"posterior",-2824.5,0.000012709
10,"R_Date","SM15",,"posterior",-2819.5,0.000009588
10,"R_Date","SM15",,"posterior",-2814.5,0.000004162
10,"R_Date","SM15",,"posterior",-2809.5,0.0000018705
10,"R_Date","SM15",,"posterior",-2804.5,0
10,"R_Date","SM15",,"posterior",-2799.5,0
10,"R_Date","SM15",,"posterior",-2794.5,0
10,"R_Date","SM15",,"posterior",-2789.5,0
10,"R_Date","SM15",,"posterior",-2784.5,0
10,"R_Date","SM15",,"posterior",-2779.5,0
10,"R_Date","SM15",,"posterior",-2774.5,0
10,"R_Date","SM15",,"posterior",-2769.5,2.1058e-7
10,"R_Date","SM15",,"posterior",-2764.5,0
10,"R_Date","SM15",,"posterior",-2759.5,0
10,"R_Date","SM15",,"posterior",-2754.5,8.299e-7
10,"R_Date","SM15",,"posterior",-2749.5,0.0000010405
10,"R_Date","SM15",,"posterior",-2744.5,0.000003753
10,"R_Date","SM15",,"posterior",-2739.5,0.000008745
10,"R_Date","SM15",,"posterior",-2734.5,0.000017292
10,"R_Date","SM15",,"posterior",-2729.5,0.000010628
10,"R_Date","SM15",,"posterior",-2724.5,0.000004373
10,"R_Date","SM15",,"posterior",-2719.5,0.0000018705
10,"R_Date","SM15",,"posterior",-2714.5,2.1058e-7
10,"R_Date","SM15",,"posterior",-2709.5,0
10,"R_Date","SM15",,"posterior",-2704.5,2.1058e-7
10,"R_Date","SM15",,"posterior",-2699.5,0.000004162
10,"R_Date","SM15",,"posterior",-2694.5,0.000011879
10,"R_Date","SM15",,"posterior",-2689.5,0.00003354
10,"R_Date","SM15",,"posterior",-2684.5,0.000024787
10,"R_Date","SM15",,"posterior",-2679.5,0.000029791
10,"R_Date","SM15",,"posterior",-2674.5,0.00004396
10,"R_Date","SM15",,"posterior",-2669.5,0.00012105
10,"R_Date","SM15",,"posterior",-2664.5,0.00030584
10,"R_Date","SM15",,"posterior",-2659.5,0.0006817
10,"R_Date","SM15",,"posterior",-2654.5,0.0008552
10,"R_Date","SM15",,"posterior",-2649.5,0.0007342
10,"R_Date","SM15",,"posterior",-2644.5,0.0005746
10,"R_Date","SM15",,"posterior",-2639.5,0.0004854
10,"R_Date","SM15",,"posterior",-2634.5,0.0006187
10,"R_Date","SM15",,"posterior",-2629.5,0.0011615
10,"R_Date","SM15",,"posterior",-2624.5,0.0027781
10,"R_Date","SM15",,"posterior",-2619.5,0.005386
10,"R_Date","SM15",,"posterior",-2614.5,0.007309
10,"R_Date","SM15",,"posterior",-2609.5,0.007475
10,"R_Date","SM15",,"posterior",-2604.5,0.006761
10,"R_Date","SM15",,"posterior",-2599.5,0.006426
10,"R_Date","SM15",,"posterior",-2594.5,0.006024
10,"R_Date","SM15",,"posterior",-2589.5,0.005294
10,"R_Date","SM15",,"posterior",-2584.5,0.005716
10,"R_Date","SM15",,"posterior",-2579.5,0.008288
10,"R_Date","SM15",,"posterior",-2574.5,0.011635
10,"R_Date","SM15",,"posterior",-2569.5,0.011007
10,"R_Date","SM15",,"posterior",-2564.5,0.006288
10,"R_Date","SM15",,"posterior",-2559.5,0.003539
10,"R_Date","SM15",,"posterior",-2554.5,0.0024608
10,"R_Date","SM15",,"posterior",-2549.5,0.0022119
10,"R_Date","SM15",,"posterior",-2544.5,0.0022835
10,"R_Date","SM15",,"posterior",-2539.5,0.0026602
10,"R_Date","SM15",,"posterior",-2534.5,0.003857
10,"R_Date","SM15",,"posterior",-2529.5,0.006083
10,"R_Date","SM15",,"posterior",-2524.5,0.008056
10,"R_Date","SM15",,"posterior",-2519.5,0.009225
10,"R_Date","SM15",,"posterior",-2514.5,0.011122
10,"R_Date","SM15",,"posterior",-2509.5,0.012387
10,"R_Date","SM15",,"posterior",-2504.5,0.01217
10,"R_Date","SM15",,"posterior",-2499.5,0.010755
10,"R_Date","SM15",,"posterior",-2494.5,0.006836
10,"R_Date","SM15",,"posterior",-2489.5,0.003301
10,"R_Date","SM15",,"posterior",-2484.5,0.0021827
10,"R_Date","SM15",,"posterior",-2479.5,0.0022623
10,"R_Date","SM15",,"posterior",-2474.5,0.0019119
10,"R_Date","SM15",,"posterior",-2469.5,0.0004981
10,"R_Date","SM15",,"posterior",-2464.5,0.0000348
10,"R_Date","SM15",,"posterior",-2459.5,0.0000016723
10,"R_Date","SM15",,"posterior",-2454.5,0
10,"R_Date","SM15",,"posterior",-2449.5,0
11,"R_Date","SM3",,"likelihood",-2884.5,0
11,"R_Date","SM3",,"likelihood",-2879.5,0
11,"R_Date","SM3",,"likelihood",-2874.5,0
11,"R_Date","SM3",,"likelihood",-2869.5,9.244e-8
11,"R_Date","SM3",,"likelihood",-2864.5,4.507e-7
11,"R_Date","SM3",,"likelihood",-2859.5,0.00000156
11,"R_Date","SM3",,"likelihood",-2854.5,0.000005847
11,"R_Date","SM3",,"likelihood",-2849.5,0.000017125
11,"R_Date","SM3",,"likelihood",-2844.5,0.00004368
11,"R_Date","SM3",,"likelihood",-2839.5,0.00011853
11,"R_Date","SM3",,"likelihood",-2834.5,0.00026529
11,"R_Date","SM3",,"likelihood",-2829.5,0.000462
11,"R_Date","SM3",,"likelihood",-2824.5,0.0005698
11,"R_Date","SM3",,"likelihood",-2819.5,0.0004362
11,"R_Date","SM3",,"likelihood",-2814.5,0.00021073
11,"R_Date","SM3",,"likelihood",-2809.5,0.0000329
11,"R_Date","SM3",,"likelihood",-2804.5,0.000002831
11,"R_Date","SM3",,"likelihood",-2799.5,1.6177e-7
11,"R_Date","SM3",,"likelihood",-2794.5,2.3111e-8
11,"R_Date","SM3",,"likelihood",-2789.5,0
11,"R_Date","SM3",,"likelihood",-2784.5,1.1555e-8
11,"R_Date","SM3",,"likelihood",-2779.5,4.622e-8
11,"R_Date","SM3",,"likelihood",-2774.5,3.929e-7
11,"R_Date","SM3",,"likelihood",-2769.5,5.431e-7
11,"R_Date","SM3",,"likelihood",-2764.5,7.164e-7
11,"R_Date","SM3",,"likelihood",-2759.5,9.36e-7
11,"R_Date","SM3",,"likelihood",-2754.5,0.0000015946
11,"R_Date","SM3",,"likelihood",-2749.5,0.000005107
11,"R_Date","SM3",,"likelihood",-2744.5,0.00002184
11,"R_Date","SM3",,"likelihood",-2739.5,0.00006881
11,"R_Date","SM3",,"likelihood",-2734.5,0.00009889
11,"R_Date","SM3",,"likelihood",-2729.5,0.00004909
11,"R_Date","SM3",,"likelihood",-2724.5,0.000016409
11,"R_Date","SM3",,"likelihood",-2719.5,0.000004067
11,"R_Date","SM3",,"likelihood",-2714.5,6.587e-7
11,"R_Date","SM3",,"likelihood",-2709.5,3.235e-7
11,"R_Date","SM3",,"likelihood",-2704.5,7.511e-7
11,"R_Date","SM3",,"likelihood",-2699.5,0.000005246
11,"R_Date","SM3",,"likelihood",-2694.5,0.00003559
11,"R_Date","SM3",,"likelihood",-2689.5,0.00005521
11,"R_Date","SM3",,"likelihood",-2684.5,0.00004257
11,"R_Date","SM3",,"likelihood",-2679.5,0.00003863
11,"R_Date","SM3",,"likelihood",-2674.5,0.00004533
11,"R_Date","SM3",,"likelihood",-2669.5,0.00013314
11,"R_Date","SM3",,"likelihood",-2664.5,0.0003377
11,"R_Date","SM3",,"likelihood",-2659.5,0.0007763
11,"R_Date","SM3",,"likelihood",-2654.5,0.0009493
11,"R_Date","SM3",,"likelihood",-2649.5,0.0005951
11,"R_Date","SM3",,"likelihood",-2644.5,0.0004248
11,"R_Date","SM3",,"likelihood",-2639.5,0.00026299
11,"R_Date","SM3",,"likelihood",-2634.5,0.0003495
11,"R_Date","SM3",,"likelihood",-2629.5,0.0006318
11,"R_Date","SM3",,"likelihood",-2624.5,0.0017402
11,"R_Date","SM3",,"likelihood",-2619.5,0.003972
11,"R_Date","SM3",,"likelihood",-2614.5,0.005679
11,"R_Date","SM3",,"likelihood",-2609.5,0.005377
11,"R_Date","SM3",,"likelihood",-2604.5,0.004416
11,"R_Date","SM3",,"likelihood",-2599.5,0.004023
11,"R_Date","SM3",,"likelihood",-2594.5,0.003522
11,"R_Date","SM3",,"likelihood",-2589.5,0.0028418
11,"R_Date","SM3",,"likelihood",-2584.5,0.0030332
11,"R_Date","SM3",,"likelihood",-2579.5,0.004942
11,"R_Date","SM3",,"likelihood",-2574.5,0.009394
11,"R_Date","SM3",,"likelihood",-2569.5,0.011509
11,"R_Date","SM3",,"likelihood",-2564.5,0.007884
11,"R_Date","SM3",,"likelihood",-2559.5,0.004997
11,"R_Date","SM3",,"likelihood",-2554.5,0.00384
11,"R_Date","SM3",,"likelihood",-2549.5,0.003492
11,"R_Date","SM3",,"likelihood",-2544.5,0.003603
11,"R_Date","SM3",,"likelihood",-2539.5,0.004066
11,"R_Date","SM3",,"likelihood",-2534.5,0.005572
11,"R_Date","SM3",,"likelihood",-2529.5,0.007932
11,"R_Date","SM3",,"likelihood",-2524.5,0.009653
11,"R_Date","SM3",,"likelihood",-2519.5,0.010433
11,"R_Date","SM3",,"likelihood",-2514.5,0.011454
11,"R_Date","SM3",,"likelihood",-2509.5,0.011555
11,"R_Date","SM3",,"likelihood",-2504.5,0.01147
11,"R_Date","SM3",,"likelihood",-2499.5,0.011291
11,"R_Date","SM3",,"likelihood",-2494.5,0.008617
11,"R_Date","SM3",,"likelihood",-2489.5,0.004647
11,"R_Date","SM3",,"likelihood",-2484.5,0.003383
11,"R_Date","SM3",,"likelihood",-2479.5,0.003792
11,"R_Date","SM3",,"likelihood",-2474.5,0.003744
11,"R_Date","SM3",,"likelihood",-2469.5,0.0009433
11,"R_Date","SM3",,"likelihood",-2464.5,0.00005792
11,"R_Date","SM3",,"likelihood",-2459.5,0.000004067
11,"R_Date","SM3",,"likelihood",-2454.5,3.1199e-7
11,"R_Date","SM3",,"likelihood",-2449.5,6.933e-8
11,"R_Date","SM3",,"likelihood",-2444.5,4.622e-8
11,"R_Date","SM3",,"likelihood",-2439.5,4.622e-8
11,"R_Date","SM3",,"likelihood",-2434.5,2.3111e-8
11,"R_Date","SM3",,"likelihood",-2429.5,1.1555e-8
11,"R_Date","SM3",,"likelihood",-2424.5,2.3111e-8
11,"R_Date","SM3",,"likelihood",-2419.5,6.933e-8
11,"R_Date","SM3",,"likelihood",-2414.5,2.6577e-7
11,"R_Date","SM3",,"likelihood",-2409.5,3.1199e-7
11,"R_Date","SM3",,"likelihood",-2404.5,8.089e-8
11,"R_Date","SM3",,"likelihood",-2399.5,3.467e-8
11,"R_Date","SM3",,"likelihood",-2394.5,0
11,"R_Date","SM3",,"likelihood",-2389.5,0
11,"R_Date","SM3",,"likelihood",-2384.5,1.1555e-8
11,"R_Date","SM3",,"likelihood",-2379.5,2.3111e-8
11,"R_Date","SM3",,"likelihood",-2374.5,8.089e-8
11,"R_Date","SM3",,"likelihood",-2369.5,1.7333e-7
11,"R_Date","SM3",,"likelihood",-2364.5,1.7333e-7
11,"R_Date","SM3",,"likelihood",-2359.5,2.3111e-7
11,"R_Date","SM3",,"likelihood",-2354.5,2.1955e-7
11,"R_Date","SM3",,"likelihood",-2349.5,6.933e-8
11,"R_Date","SM3",,"likelihood",-2344.5,1.1555e-8
11,"R_Date","SM3",,"likelihood",-2339.5,0
11,"R_Date","SM3",,"likelihood",-2334.5,0
11,"R_Date","SM3",,"posterior",-2834.5,0
11,"R_Date","SM3",,"posterior",-2829.5,0.0000020833
11,"R_Date","SM3",,"posterior",-2824.5,0.0000022869
11,"R_Date","SM3",,"posterior",-2819.5,0.00000437
11,"R_Date","SM3",,"posterior",-2814.5,0.0000029214
11,"R_Date","SM3",,"posterior",-2809.5,4.191e-7
11,"R_Date","SM3",,"posterior",-2804.5,0
11,"R_Date","SM3",,"posterior",-2799.5,0
11,"R_Date","SM3",,"posterior",-2794.5,0
11,"R_Date","SM3",,"posterior",-2789.5,0
11,"R_Date","SM3",,"posterior",-2784.5,0
11,"R_Date","SM3",,"posterior",-2779.5,0
11,"R_Date","SM3",,"posterior",-2774.5,0
11,"R_Date","SM3",,"posterior",-2769.5,0
11,"R_Date","SM3",,"posterior",-2764.5,0
11,"R_Date","SM3",,"posterior",-2759.5,0
11,"R_Date","SM3",,"posterior",-2754.5,0
11,"R_Date","SM3",,"posterior",-2749.5,0
11,"R_Date","SM3",,"posterior",-2744.5,0.0000010417
11,"R_Date","SM3",,"posterior",-2739.5,0.000003544
11,"R_Date","SM3",,"posterior",-2734.5,0.0000027059
11,"R_Date","SM3",,"posterior",-2729.5,0.0000025024
11,"R_Date","SM3",,"posterior",-2724.5,4.191e-7
11,"R_Date","SM3",,"posterior",-2719.5,4.191e-7
11,"R_Date","SM3",,"posterior",-2714.5,0
11,"R_Date","SM3",,"posterior",-2709.5,0
11,"R_Date","SM3",,"posterior",-2704.5,0
11,"R_Date","SM3",,"posterior",-2699.5,0.0000010417
11,"R_Date","SM3",,"posterior",-2694.5,0.000007088
11,"R_Date","SM3",,"posterior",-2689.5,0.000009375
11,"R_Date","SM3",,"posterior",-2684.5,0.000007711
11,"R_Date","SM3",,"posterior",-2679.5,0.000011458
11,"R_Date","SM3",,"posterior",-2674.5,0.000018127
11,"R_Date","SM3",,"posterior",-2669.5,0.00005146
11,"R_Date","SM3",,"posterior",-2664.5,0.00012812
11,"R_Date","SM3",,"posterior",-2659.5,0.000315
11,"R_Date","SM3",,"posterior",-2654.5,0.000429
11,"R_Date","SM3",,"posterior",-2649.5,0.0003273
11,"R_Date","SM3",,"posterior",-2644.5,0.00024896
11,"R_Date","SM3",,"posterior",-2639.5,0.000185
11,"R_Date","SM3",,"posterior",-2634.5,0.00026146
11,"R_Date","SM3",,"posterior",-2629.5,0.000534
11,"R_Date","SM3",,"posterior",-2624.5,0.0014469
11,"R_Date","SM3",,"posterior",-2619.5,0.003313
11,"R_Date","SM3",,"posterior",-2614.5,0.004927
11,"R_Date","SM3",,"posterior",-2609.5,0.004963
11,"R_Date","SM3",,"posterior",-2604.5,0.004317
11,"R_Date","SM3",,"posterior",-2599.5,0.003989
11,"R_Date","SM3",,"posterior",-2594.5,0.003527
11,"R_Date","SM3",,"posterior",-2589.5,0.0029873
11,"R_Date","SM3",,"posterior",-2584.5,0.003325
11,"R_Date","SM3",,"posterior",-2579.5,0.005397
11,"R_Date","SM3",,"posterior",-2574.5,0.009725
11,"R_Date","SM3",,"posterior",-2569.5,0.011703
11,"R_Date","SM3",,"posterior",-2564.5,0.008485
11,"R_Date","SM3",,"posterior",-2559.5,0.005381
11,"R_Date","SM3",,"posterior",-2554.5,0.004076
11,"R_Date","SM3",,"posterior",-2549.5,0.00361
11,"R_Date","SM3",,"posterior",-2544.5,0.003792
11,"R_Date","SM3",,"posterior",-2539.5,0.004385
11,"R_Date","SM3",,"posterior",-2534.5,0.00598
11,"R_Date","SM3",,"posterior",-2529.5,0.008209
11,"R_Date","SM3",,"posterior",-2524.5,0.009872
11,"R_Date","SM3",,"posterior",-2519.5,0.01097
11,"R_Date","SM3",,"posterior",-2514.5,0.011912
11,"R_Date","SM3",,"posterior",-2509.5,0.011973
11,"R_Date","SM3",,"posterior",-2504.5,0.011764
11,"R_Date","SM3",,"posterior",-2499.5,0.011546
11,"R_Date","SM3",,"posterior",-2494.5,0.008759
11,"R_Date","SM3",,"posterior",-2489.5,0.005099
11,"R_Date","SM3",,"posterior",-2484.5,0.003675
11,"R_Date","SM3",,"posterior",-2479.5,0.003847
11,"R_Date","SM3",,"posterior",-2474.5,0.003376
11,"R_Date","SM3",,"posterior",-2469.5,0.0010017
11,"R_Date","SM3",,"posterior",-2464.5,0.00009938
11,"R_Date","SM3",,"posterior",-2459.5,0.000008333
11,"R_Date","SM3",,"posterior",-2454.5,6.226e-7
11,"R_Date","SM3",,"posterior",-2449.5,0
11,"R_Date","SM3",,"posterior",-2444.5,2.0354e-7
12,"R_Date","SM12",,"likelihood",-2884.5,0
12,"R_Date","SM12",,"likelihood",-2879.5,0
12,"R_Date","SM12",,"likelihood",-2874.5,0
12,"R_Date","SM12",,"likelihood",-2869.5,4.957e-8
12,"R_Date","SM12",,"likelihood",-2864.5,2.0818e-7
12,"R_Date","SM12",,"likelihood",-2859.5,6.146e-7
12,"R_Date","SM12",,"likelihood",-2854.5,0.0000020124
12,"R_Date","SM12",,"likelihood",-2849.5,0.000005413
12,"R_Date","SM12",,"likelihood",-2844.5,0.000013095
12,"R_Date","SM12",,"likelihood",-2839.5,0.00003373
12,"R_Date","SM12",,"likelihood",-2834.5,0.00007363
12,"R_Date","SM12",,"likelihood",-2829.5,0.00012749
12,"R_Date","SM12",,"likelihood",-2824.5,0.00015737
12,"R_Date","SM12",,"likelihood",-2819.5,0.0001204
12,"R_Date","SM12",,"likelihood",-2814.5,0.00005884
12,"R_Date","SM12",,"likelihood",-2809.5,0.000010042
12,"R_Date","SM12",,"likelihood",-2804.5,0.0000010607
12,"R_Date","SM12",,"likelihood",-2799.5,8.922e-8
12,"R_Date","SM12",,"likelihood",-2794.5,9.913e-9
12,"R_Date","SM12",,"likelihood",-2789.5,0
12,"R_Date","SM12",,"likelihood",-2784.5,9.913e-9
12,"R_Date","SM12",,"likelihood",-2779.5,2.9739e-8
12,"R_Date","SM12",,"likelihood",-2774.5,1.6852e-7
12,"R_Date","SM12",,"likelihood",-2769.5,2.3791e-7
12,"R_Date","SM12",,"likelihood",-2764.5,2.9739e-7
12,"R_Date","SM12",,"likelihood",-2759.5,3.866e-7
12,"R_Date","SM12",,"likelihood",-2754.5,6.146e-7
12,"R_Date","SM12",,"likelihood",-2749.5,0.0000017744
12,"R_Date","SM12",,"likelihood",-2744.5,0.00000679
12,"R_Date","SM12",,"likelihood",-2739.5,0.000019995
12,"R_Date","SM12",,"likelihood",-2734.5,0.000028272
12,"R_Date","SM12",,"likelihood",-2729.5,0.000014612
12,"R_Date","SM12",,"likelihood",-2724.5,0.000005204
12,"R_Date","SM12",,"likelihood",-2719.5,0.0000014176
12,"R_Date","SM12",,"likelihood",-2714.5,2.7757e-7
12,"R_Date","SM12",,"likelihood",-2709.5,1.487e-7
12,"R_Date","SM12",,"likelihood",-2704.5,3.172e-7
12,"R_Date","SM12",,"likelihood",-2699.5,0.0000018141
12,"R_Date","SM12",,"likelihood",-2694.5,0.000010637
12,"R_Date","SM12",,"likelihood",-2689.5,0.000016218
12,"R_Date","SM12",,"likelihood",-2684.5,0.000012689
12,"R_Date","SM12",,"likelihood",-2679.5,0.000011489
12,"R_Date","SM12",,"likelihood",-2674.5,0.000013462
12,"R_Date","SM12",,"likelihood",-2669.5,0.00003762
12,"R_Date","SM12",,"likelihood",-2664.5,0.00009365
12,"R_Date","SM12",,"likelihood",-2659.5,0.0002187
12,"R_Date","SM12",,"likelihood",-2654.5,0.00027205
12,"R_Date","SM12",,"likelihood",-2649.5,0.00016649
12,"R_Date","SM12",,"likelihood",-2644.5,0.0001197
12,"R_Date","SM12",,"likelihood",-2639.5,0.00007332
12,"R_Date","SM12",,"likelihood",-2634.5,0.0000973
12,"R_Date","SM12",,"likelihood",-2629.5,0.00017576
12,"R_Date","SM12",,"likelihood",-2624.5,0.0005133
12,"R_Date","SM12",,"likelihood",-2619.5,0.0013073
12,"R_Date","SM12",,"likelihood",-2614.5,0.0020357
12,"R_Date","SM12",,"likelihood",-2609.5,0.0018984
12,"R_Date","SM12",,"likelihood",-2604.5,0.0015123
12,"R_Date","SM12",,"likelihood",-2599.5,0.0013505
12,"R_Date","SM12",,"likelihood",-2594.5,0.0011344
12,"R_Date","SM12",,"likelihood",-2589.5,0.0008725
12,"R_Date","SM12",,"likelihood",-2584.5,0.0009536
12,"R_Date","SM12",,"likelihood",-2579.5,0.0017061
12,"R_Date","SM12",,"likelihood",-2574.5,0.00422
12,"R_Date","SM12",,"likelihood",-2569.5,0.008321
12,"R_Date","SM12",,"likelihood",-2564.5,0.009912
12,"R_Date","SM12",,"likelihood",-2559.5,0.009155
12,"R_Date","SM12",,"likelihood",-2554.5,0.008455
12,"R_Date","SM12",,"likelihood",-2549.5,0.008187
12,"R_Date","SM12",,"likelihood",-2544.5,0.008276
12,"R_Date","SM12",,"likelihood",-2539.5,0.008614
12,"R_Date","SM12",,"likelihood",-2534.5,0.009409
12,"R_Date","SM12",,"likelihood",-2529.5,0.009913
12,"R_Date","SM12",,"likelihood",-2524.5,0.009723
12,"R_Date","SM12",,"likelihood",-2519.5,0.00941
12,"R_Date","SM12",,"likelihood",-2514.5,0.00843
12,"R_Date","SM12",,"likelihood",-2509.5,0.006903
12,"R_Date","SM12",,"likelihood",-2504.5,0.00666
12,"R_Date","SM12",,"likelihood",-2499.5,0.008272
12,"R_Date","SM12",,"likelihood",-2494.5,0.009899
12,"R_Date","SM12",,"likelihood",-2489.5,0.008972
12,"R_Date","SM12",,"likelihood",-2484.5,0.008097
12,"R_Date","SM12",,"likelihood",-2479.5,0.008561
12,"R_Date","SM12",,"likelihood",-2474.5,0.008527
12,"R_Date","SM12",,"likelihood",-2469.5,0.004971
12,"R_Date","SM12",,"likelihood",-2464.5,0.001137
12,"R_Date","SM12",,"likelihood",-2459.5,0.00022879
12,"R_Date","SM12",,"likelihood",-2454.5,0.00004708
12,"R_Date","SM12",,"likelihood",-2449.5,0.00001823
12,"R_Date","SM12",,"likelihood",-2444.5,0.000013749
12,"R_Date","SM12",,"likelihood",-2439.5,0.000013462
12,"R_Date","SM12",,"likelihood",-2434.5,0.000009685
12,"R_Date","SM12",,"likelihood",-2429.5,0.000008277
12,"R_Date","SM12",,"likelihood",-2424.5,0.000008724
12,"R_Date","SM12",,"likelihood",-2419.5,0.000017764
12,"R_Date","SM12",,"likelihood",-2414.5,0.00004252
12,"R_Date","SM12",,"likelihood",-2409.5,0.00004689
12,"R_Date","SM12",,"likelihood",-2404.5,0.00001943
12,"R_Date","SM12",,"likelihood",-2399.5,0.00000913
12,"R_Date","SM12",,"likelihood",-2394.5,0.0000030334
12,"R_Date","SM12",,"likelihood",-2389.5,0.000001715
12,"R_Date","SM12",,"likelihood",-2384.5,0.000003638
12,"R_Date","SM12",,"likelihood",-2379.5,0.000009358
12,"R_Date","SM12",,"likelihood",-2374.5,0.000019687
12,"R_Date","SM12",,"likelihood",-2369.5,0.00003224
12,"R_Date","SM12",,"likelihood",-2364.5,0.00003303
12,"R_Date","SM12",,"likelihood",-2359.5,0.00003595
12,"R_Date","SM12",,"likelihood",-2354.5,0.00003457
12,"R_Date","SM12",,"likelihood",-2349.5,0.000018062
12,"R_Date","SM12",,"likelihood",-2344.5,0.000004907
12,"R_Date","SM12",,"likelihood",-2339.5,8.327e-7
12,"R_Date","SM12",,"likelihood",-2334.5,1.5861e-7
12,"R_Date","SM12",,"likelihood",-2329.5,1.3878e-7
12,"R_Date","SM12",,"likelihood",-2324.5,1.8835e-7
12,"R_Date","SM12",,"likelihood",-2319.5,7.831e-7
12,"R_Date","SM12",,"likelihood",-2314.5,0.0000011697
12,"R_Date","SM12",,"likelihood",-2309.5,0.000001259
12,"R_Date","SM12",,"likelihood",-2304.5,9.616e-7
12,"R_Date","SM12",,"likelihood",-2299.5,3.866e-7
12,"R_Date","SM12",,"likelihood",-2294.5,8.922e-8
12,"R_Date","SM12",,"likelihood",-2289.5,9.913e-9
12,"R_Date","SM12",,"likelihood",-2284.5,0
12,"R_Date","SM12",,"likelihood",-2279.5,0
12,"R_Date","SM12",,"likelihood",-2274.5,0
12,"R_Date","SM12",,"posterior",-2839.5,0
12,"R_Date","SM12",,"posterior",-2834.5,8.363e-7
12,"R_Date","SM12",,"posterior",-2829.5,0.0000010453
12,"R_Date","SM12",,"posterior",-2824.5,0.0000010453
12,"R_Date","SM12",,"posterior",-2819.5,0.0000024989
12,"R_Date","SM12",,"posterior",-2814.5,0
12,"R_Date","SM12",,"posterior",-2809.5,0
12,"R_Date","SM12",,"posterior",-2804.5,0
12,"R_Date","SM12",,"posterior",-2799.5,0
12,"R_Date","SM12",,"posterior",-2794.5,0
12,"R_Date","SM12",,"posterior",-2789.5,0
12,"R_Date","SM12",,"posterior",-2784.5,0
12,"R_Date","SM12",,"posterior",-2779.5,0
12,"R_Date","SM12",,"posterior",-2774.5,0
12,"R_Date","SM12",,"posterior",-2769.5,0
12,"R_Date","SM12",,"posterior",-2764.5,0
12,"R_Date","SM12",,"posterior",-2759.5,0
12,"R_Date","SM12",,"posterior",-2754.5,0
12,"R_Date","SM12",,"posterior",-2749.5,2.0907e-7
12,"R_Date","SM12",,"posterior",-2744.5,2.0907e-7
12,"R_Date","SM12",,"posterior",-2739.5,2.0907e-7
12,"R_Date","SM12",,"posterior",-2734.5,0.0000012544
12,"R_Date","SM12",,"posterior",-2729.5,6.272e-7
12,"R_Date","SM12",,"posterior",-2724.5,0
12,"R_Date","SM12",,"posterior",-2719.5,0
12,"R_Date","SM12",,"posterior",-2714.5,0
12,"R_Date","SM12",,"posterior",-2709.5,0
12,"R_Date","SM12",,"posterior",-2704.5,0
12,"R_Date","SM12",,"posterior",-2699.5,0
12,"R_Date","SM12",,"posterior",-2694.5,0.0000012544
12,"R_Date","SM12",,"posterior",-2689.5,0.0000020807
12,"R_Date","SM12",,"posterior",-2684.5,0.0000014535
12,"R_Date","SM12",,"posterior",-2679.5,0.0000031261
12,"R_Date","SM12",,"posterior",-2674.5,0.000003335
12,"R_Date","SM12",,"posterior",-2669.5,0.000013331
12,"R_Date","SM12",,"posterior",-2664.5,0.00003875
12,"R_Date","SM12",,"posterior",-2659.5,0.0000825
12,"R_Date","SM12",,"posterior",-2654.5,0.00012146
12,"R_Date","SM12",,"posterior",-2649.5,0.00009833
12,"R_Date","SM12",,"posterior",-2644.5,0.00006666
12,"R_Date","SM12",,"posterior",-2639.5,0.00005291
12,"R_Date","SM12",,"posterior",-2634.5,0.00006625
12,"R_Date","SM12",,"posterior",-2629.5,0.00014312
12,"R_Date","SM12",,"posterior",-2624.5,0.0004217
12,"R_Date","SM12",,"posterior",-2619.5,0.0010823
12,"R_Date","SM12",,"posterior",-2614.5,0.0017546
12,"R_Date","SM12",,"posterior",-2609.5,0.0017656
12,"R_Date","SM12",,"posterior",-2604.5,0.0014808
12,"R_Date","SM12",,"posterior",-2599.5,0.0013388
12,"R_Date","SM12",,"posterior",-2594.5,0.0011219
12,"R_Date","SM12",,"posterior",-2589.5,0.0009098
12,"R_Date","SM12",,"posterior",-2584.5,0.0010371
12,"R_Date","SM12",,"posterior",-2579.5,0.0018425
12,"R_Date","SM12",,"posterior",-2574.5,0.004346
12,"R_Date","SM12",,"posterior",-2569.5,0.008292
12,"R_Date","SM12",,"posterior",-2564.5,0.009956
12,"R_Date","SM12",,"posterior",-2559.5,0.009366
12,"R_Date","SM12",,"posterior",-2554.5,0.008548
12,"R_Date","SM12",,"posterior",-2549.5,0.008393
12,"R_Date","SM12",,"posterior",-2544.5,0.008335
12,"R_Date","SM12",,"posterior",-2539.5,0.008778
12,"R_Date","SM12",,"posterior",-2534.5,0.009539
12,"R_Date","SM12",,"posterior",-2529.5,0.009938
12,"R_Date","SM12",,"posterior",-2524.5,0.009818
12,"R_Date","SM12",,"posterior",-2519.5,0.009446
12,"R_Date","SM12",,"posterior",-2514.5,0.008494
12,"R_Date","SM12",,"posterior",-2509.5,0.007224
12,"R_Date","SM12",,"posterior",-2504.5,0.007009
12,"R_Date","SM12",,"posterior",-2499.5,0.008544
12,"R_Date","SM12",,"posterior",-2494.5,0.009826
12,"R_Date","SM12",,"posterior",-2489.5,0.009145
12,"R_Date","SM12",,"posterior",-2484.5,0.008322
12,"R_Date","SM12",,"posterior",-2479.5,0.008567
12,"R_Date","SM12",,"posterior",-2474.5,0.008129
12,"R_Date","SM12",,"posterior",-2469.5,0.004795
12,"R_Date","SM12",,"posterior",-2464.5,0.00131
12,"R_Date","SM12",,"posterior",-2459.5,0.00027333
12,"R_Date","SM12",,"posterior",-2454.5,0.00005604
12,"R_Date","SM12",,"posterior",-2449.5,0.000016457
12,"R_Date","SM12",,"posterior",-2444.5,0.000010205
12,"R_Date","SM12",,"posterior",-2439.5,0.000008542
12,"R_Date","SM12",,"posterior",-2434.5,0.000005207
12,"R_Date","SM12",,"posterior",-2429.5,0.000004789
12,"R_Date","SM12",,"posterior",-2424.5,0.00000458
12,"R_Date","SM12",,"posterior",-2419.5,0.000006879
12,"R_Date","SM12",,"posterior",-2414.5,0.000016039
12,"R_Date","SM12",,"posterior",-2409.5,0.000012504
12,"R_Date","SM12",,"posterior",-2404.5,0.000005625
12,"R_Date","SM12",,"posterior",-2399.5,0.0000020807
12,"R_Date","SM12",,"posterior",-2394.5,6.272e-7
12,"R_Date","SM12",,"posterior",-2389.5,0
13,"R_Date","SM6",,"likelihood",-2879.5,0
13,"R_Date","SM6",,"likelihood",-2874.5,0
13,"R_Date","SM6",,"likelihood",-2869.5,0
13,"R_Date","SM6",,"likelihood",-2864.5,2.1246e-8
13,"R_Date","SM6",,"likelihood",-2859.5,8.498e-8
13,"R_Date","SM6",,"likelihood",-2854.5,3.0807e-7
13,"R_Date","SM6",,"likelihood",-2849.5,9.348e-7
13,"R_Date","SM6",,"likelihood",-2844.5,0.0000024539
13,"R_Date","SM6",,"likelihood",-2839.5,0.000007128
13,"R_Date","SM6",,"likelihood",-2834.5,0.000017305
13,"R_Date","SM6",,"likelihood",-2829.5,0.00003245
13,"R_Date","SM6",,"likelihood",-2824.5,0.00004137
13,"R_Date","SM6",,"likelihood",-2819.5,0.000030403
13,"R_Date","SM6",,"likelihood",-2814.5,0.000013704
13,"R_Date","SM6",,"likelihood",-2809.5,0.0000018272
13,"R_Date","SM6",,"likelihood",-2804.5,1.4872e-7
13,"R_Date","SM6",,"likelihood",-2799.5,1.0623e-8
13,"R_Date","SM6",,"likelihood",-2794.5,0
13,"R_Date","SM6",,"likelihood",-2789.5,0
13,"R_Date","SM6",,"likelihood",-2784.5,0
13,"R_Date","SM6",,"likelihood",-2779.5,0
13,"R_Date","SM6",,"likelihood",-2774.5,2.1246e-8
13,"R_Date","SM6",,"likelihood",-2769.5,3.187e-8
13,"R_Date","SM6",,"likelihood",-2764.5,4.249e-8
13,"R_Date","SM6",,"likelihood",-2759.5,5.312e-8
13,"R_Date","SM6",,"likelihood",-2754.5,8.498e-8
13,"R_Date","SM6",,"likelihood",-2749.5,2.762e-7
13,"R_Date","SM6",,"likelihood",-2744.5,0.000001211
13,"R_Date","SM6",,"likelihood",-2739.5,0.000004047
13,"R_Date","SM6",,"likelihood",-2734.5,0.000005981
13,"R_Date","SM6",,"likelihood",-2729.5,0.0000027726
13,"R_Date","SM6",,"likelihood",-2724.5,9.03e-7
13,"R_Date","SM6",,"likelihood",-2719.5,2.2308e-7
13,"R_Date","SM6",,"likelihood",-2714.5,3.187e-8
13,"R_Date","SM6",,"likelihood",-2709.5,2.1246e-8
13,"R_Date","SM6",,"likelihood",-2704.5,4.249e-8
13,"R_Date","SM6",,"likelihood",-2699.5,2.762e-7
13,"R_Date","SM6",,"likelihood",-2694.5,0.0000020396
13,"R_Date","SM6",,"likelihood",-2689.5,0.000003198
13,"R_Date","SM6",,"likelihood",-2684.5,0.0000024327
13,"R_Date","SM6",,"likelihood",-2679.5,0.0000022308
13,"R_Date","SM6",,"likelihood",-2674.5,0.000002592
13,"R_Date","SM6",,"likelihood",-2669.5,0.000008445
13,"R_Date","SM6",,"likelihood",-2664.5,0.000023286
13,"R_Date","SM6",,"likelihood",-2659.5,0.00006309
13,"R_Date","SM6",,"likelihood",-2654.5,0.00008294
13,"R_Date","SM6",,"likelihood",-2649.5,0.00004606
13,"R_Date","SM6",,"likelihood",-2644.5,0.00003294
13,"R_Date","SM6",,"likelihood",-2639.5,0.000018006
13,"R_Date","SM6",,"likelihood",-2634.5,0.000024858
13,"R_Date","SM6",,"likelihood",-2629.5,0.00004798
13,"R_Date","SM6",,"likelihood",-2624.5,0.00017073
13,"R_Date","SM6",,"likelihood",-2619.5,0.0005223
13,"R_Date","SM6",,"likelihood",-2614.5,0.0009008
13,"R_Date","SM6",,"likelihood",-2609.5,0.0008262
13,"R_Date","SM6",,"likelihood",-2604.5,0.000635
13,"R_Date","SM6",,"likelihood",-2599.5,0.0005532
13,"R_Date","SM6",,"likelihood",-2594.5,0.0004399
13,"R_Date","SM6",,"likelihood",-2589.5,0.00031496
13,"R_Date","SM6",,"likelihood",-2584.5,0.0003568
13,"R_Date","SM6",,"likelihood",-2579.5,0.0007236
13,"R_Date","SM6",,"likelihood",-2574.5,0.0022954
13,"R_Date","SM6",,"likelihood",-2569.5,0.006191
13,"R_Date","SM6",,"likelihood",-2564.5,0.009728
13,"R_Date","SM6",,"likelihood",-2559.5,0.010548
13,"R_Date","SM6",,"likelihood",-2554.5,0.010476
13,"R_Date","SM6",,"likelihood",-2549.5,0.010391
13,"R_Date","SM6",,"likelihood",-2544.5,0.010422
13,"R_Date","SM6",,"likelihood",-2539.5,0.010514
13,"R_Date","SM6",,"likelihood",-2534.5,0.010485
13,"R_Date","SM6",,"likelihood",-2529.5,0.009703
13,"R_Date","SM6",,"likelihood",-2524.5,0.008603
13,"R_Date","SM6",,"likelihood",-2519.5,0.007881
13,"R_Date","SM6",,"likelihood",-2514.5,0.006336
13,"R_Date","SM6",,"likelihood",-2509.5,0.004586
13,"R_Date","SM6",,"likelihood",-2504.5,0.004346
13,"R_Date","SM6",,"likelihood",-2499.5,0.006232
13,"R_Date","SM6",,"likelihood",-2494.5,0.009324
13,"R_Date","SM6",,"likelihood",-2489.5,0.010557
13,"R_Date","SM6",,"likelihood",-2484.5,0.010357
13,"R_Date","SM6",,"likelihood",-2479.5,0.010623
13,"R_Date","SM6",,"likelihood",-2474.5,0.010616
13,"R_Date","SM6",,"likelihood",-2469.5,0.008222
13,"R_Date","SM6",,"likelihood",-2464.5,0.0027961
13,"R_Date","SM6",,"likelihood",-2459.5,0.0007466
13,"R_Date","SM6",,"likelihood",-2454.5,0.00019424
13,"R_Date","SM6",,"likelihood",-2449.5,0.0000852
13,"R_Date","SM6",,"likelihood",-2444.5,0.00006653
13,"R_Date","SM6",,"likelihood",-2439.5,0.0000653
13,"R_Date","SM6",,"likelihood",-2434.5,0.00005002
13,"R_Date","SM6",,"likelihood",-2429.5,0.00004358
13,"R_Date","SM6",,"likelihood",-2424.5,0.00004563
13,"R_Date","SM6",,"likelihood",-2419.5,0.00008332
13,"R_Date","SM6",,"likelihood",-2414.5,0.00017788
13,"R_Date","SM6",,"likelihood",-2409.5,0.00019354
13,"R_Date","SM6",,"likelihood",-2404.5,0.00009
13,"R_Date","SM6",,"likelihood",-2399.5,0.00004435
13,"R_Date","SM6",,"likelihood",-2394.5,0.000017114
13,"R_Date","SM6",,"likelihood",-2389.5,0.000010549
13,"R_Date","SM6",,"likelihood",-2384.5,0.000020088
13,"R_Date","SM6",,"likelihood",-2379.5,0.0000464
13,"R_Date","SM6",,"likelihood",-2374.5,0.0000911
13,"R_Date","SM6",,"likelihood",-2369.5,0.00013994
13,"R_Date","SM6",,"likelihood",-2364.5,0.00014287
13,"R_Date","SM6",,"likelihood",-2359.5,0.0001507
13,"R_Date","SM6",,"likelihood",-2354.5,0.00014564
13,"R_Date","SM6",,"likelihood",-2349.5,0.00008444
13,"R_Date","SM6",,"likelihood",-2344.5,0.000026866
13,"R_Date","SM6",,"likelihood",-2339.5,0.000005503
13,"R_Date","SM6",,"likelihood",-2334.5,0.0000012748
13,"R_Date","SM6",,"likelihood",-2329.5,0.0000011048
13,"R_Date","SM6",,"likelihood",-2324.5,0.0000014978
13,"R_Date","SM6",,"likelihood",-2319.5,0.000005099
13,"R_Date","SM6",,"likelihood",-2314.5,0.00000733
13,"R_Date","SM6",,"likelihood",-2309.5,0.000007829
13,"R_Date","SM6",,"likelihood",-2304.5,0.000006119
13,"R_Date","SM6",,"likelihood",-2299.5,0.000002762
13,"R_Date","SM6",,"likelihood",-2294.5,7.33e-7
13,"R_Date","SM6",,"likelihood",-2289.5,1.2748e-7
13,"R_Date","SM6",,"likelihood",-2284.5,2.1246e-8
13,"R_Date","SM6",,"likelihood",-2279.5,0
13,"R_Date","SM6",,"likelihood",-2274.5,0
13,"R_Date","SM6",,"likelihood",-2269.5,0
13,"R_Date","SM6",,"likelihood",-2264.5,0
13,"R_Date","SM6",,"likelihood",-2259.5,0
13,"R_Date","SM6",,"likelihood",-2254.5,0
13,"R_Date","SM6",,"likelihood",-2249.5,0
13,"R_Date","SM6",,"likelihood",-2244.5,2.1246e-8
13,"R_Date","SM6",,"likelihood",-2239.5,3.187e-8
13,"R_Date","SM6",,"likelihood",-2234.5,1.0623e-8
13,"R_Date","SM6",,"likelihood",-2229.5,0
13,"R_Date","SM6",,"likelihood",-2224.5,0
13,"R_Date","SM6",,"posterior",-2684.5,0
13,"R_Date","SM6",,"posterior",-2679.5,2.0326e-7
13,"R_Date","SM6",,"posterior",-2674.5,0.0000012517
13,"R_Date","SM6",,"posterior",-2669.5,0.0000027066
13,"R_Date","SM6",,"posterior",-2664.5,0.00000812
13,"R_Date","SM6",,"posterior",-2659.5,0.000028542
13,"R_Date","SM6",,"posterior",-2654.5,0.00004125
13,"R_Date","SM6",,"posterior",-2649.5,0.000023332
13,"R_Date","SM6",,"posterior",-2644.5,0.000021043
13,"R_Date","SM6",,"posterior",-2639.5,0.000013544
13,"R_Date","SM6",,"posterior",-2634.5,0.000018539
13,"R_Date","SM6",,"posterior",-2629.5,0.00004292
13,"R_Date","SM6",,"posterior",-2624.5,0.00014396
13,"R_Date","SM6",,"posterior",-2619.5,0.0004123
13,"R_Date","SM6",,"posterior",-2614.5,0.0007444
13,"R_Date","SM6",,"posterior",-2609.5,0.0007675
13,"R_Date","SM6",,"posterior",-2604.5,0.0006235
13,"R_Date","SM6",,"posterior",-2599.5,0.000546
13,"R_Date","SM6",,"posterior",-2594.5,0.0004313
13,"R_Date","SM6",,"posterior",-2589.5,0.0003377
13,"R_Date","SM6",,"posterior",-2584.5,0.0003823
13,"R_Date","SM6",,"posterior",-2579.5,0.0008085
13,"R_Date","SM6",,"posterior",-2574.5,0.0024319
13,"R_Date","SM6",,"posterior",-2569.5,0.006174
13,"R_Date","SM6",,"posterior",-2564.5,0.009705
13,"R_Date","SM6",,"posterior",-2559.5,0.010658
13,"R_Date","SM6",,"posterior",-2554.5,0.010569
13,"R_Date","SM6",,"posterior",-2549.5,0.010469
13,"R_Date","SM6",,"posterior",-2544.5,0.010591
13,"R_Date","SM6",,"posterior",-2539.5,0.010536
13,"R_Date","SM6",,"posterior",-2534.5,0.010698
13,"R_Date","SM6",,"posterior",-2529.5,0.009926
13,"R_Date","SM6",,"posterior",-2524.5,0.008668
13,"R_Date","SM6",,"posterior",-2519.5,0.007934
13,"R_Date","SM6",,"posterior",-2514.5,0.006356
13,"R_Date","SM6",,"posterior",-2509.5,0.004808
13,"R_Date","SM6",,"posterior",-2504.5,0.004637
13,"R_Date","SM6",,"posterior",-2499.5,0.006449
13,"R_Date","SM6",,"posterior",-2494.5,0.00921
13,"R_Date","SM6",,"posterior",-2489.5,0.010623
13,"R_Date","SM6",,"posterior",-2484.5,0.010554
13,"R_Date","SM6",,"posterior",-2479.5,0.010634
13,"R_Date","SM6",,"posterior",-2474.5,0.010429
13,"R_Date","SM6",,"posterior",-2469.5,0.007898
13,"R_Date","SM6",,"posterior",-2464.5,0.0030556
13,"R_Date","SM6",,"posterior",-2459.5,0.0008158
13,"R_Date","SM6",,"posterior",-2454.5,0.00020917
13,"R_Date","SM6",,"posterior",-2449.5,0.00008604
13,"R_Date","SM6",,"posterior",-2444.5,0.0000575
13,"R_Date","SM6",,"posterior",-2439.5,0.00004813
13,"R_Date","SM6",,"posterior",-2434.5,0.00003167
13,"R_Date","SM6",,"posterior",-2429.5,0.00002958
13,"R_Date","SM6",,"posterior",-2424.5,0.00002667
13,"R_Date","SM6",,"posterior",-2419.5,0.00004021
13,"R_Date","SM6",,"posterior",-2414.5,0.00005854
13,"R_Date","SM6",,"posterior",-2409.5,0.00005563
13,"R_Date","SM6",,"posterior",-2404.5,0.00003167
13,"R_Date","SM6",,"posterior",-2399.5,0.00000812
13,"R_Date","SM6",,"posterior",-2394.5,0.000003338
13,"R_Date","SM6",,"posterior",-2389.5,0.0000025033
13,"R_Date","SM6",,"posterior",-2384.5,0.000003541
13,"R_Date","SM6",,"posterior",-2379.5,0.000005413
13,"R_Date","SM6",,"posterior",-2374.5,0.000013961
13,"R_Date","SM6",,"posterior",-2369.5,0.000016047
13,"R_Date","SM6",,"posterior",-2364.5,0.000013961
13,"R_Date","SM6",,"posterior",-2359.5,0.000012495
13,"R_Date","SM6",,"posterior",-2354.5,0.000009371
13,"R_Date","SM6",,"posterior",-2349.5,0.000005627
13,"R_Date","SM6",,"posterior",-2344.5,0.0000010377
13,"R_Date","SM6",,"posterior",-2339.5,0
13,"R_Date","SM6",,"posterior",-2334.5,0
14,"R_Date","SM2",,"likelihood",-2889.5,0
14,"R_Date","SM2",,"likelihood",-2884.5,0
14,"R_Date","SM2",,"likelihood",-2879.5,0
14,"R_Date","SM2",,"likelihood",-2874.5,9.782e-8
14,"R_Date","SM2",,"likelihood",-2869.5,0.0000013793
14,"R_Date","SM2",,"likelihood",-2864.5,0.000004921
14,"R_Date","SM2",,"likelihood",-2859.5,0.000012492
14,"R_Date","SM2",,"likelihood",-2854.5,0.00003198
14,"R_Date","SM2",,"likelihood",-2849.5,0.00007187
14,"R_Date","SM2",,"likelihood",-2844.5,0.00015088
14,"R_Date","SM2",,"likelihood",-2839.5,0.0003182
14,"R_Date","SM2",,"likelihood",-2834.5,0.0005811
14,"R_Date","SM2",,"likelihood",-2829.5,0.0008799
14,"R_Date","SM2",,"likelihood",-2824.5,0.0010293
14,"R_Date","SM2",,"likelihood",-2819.5,0.0008426
14,"R_Date","SM2",,"likelihood",-2814.5,0.0004769
14,"R_Date","SM2",,"likelihood",-2809.5,0.00012202
14,"R_Date","SM2",,"likelihood",-2804.5,0.000019545
14,"R_Date","SM2",,"likelihood",-2799.5,0.0000023575
14,"R_Date","SM2",,"likelihood",-2794.5,5.087e-7
14,"R_Date","SM2",,"likelihood",-2789.5,1.8586e-7
14,"R_Date","SM2",,"likelihood",-2784.5,2.9347e-7
14,"R_Date","SM2",,"likelihood",-2779.5,9.782e-7
14,"R_Date","SM2",,"likelihood",-2774.5,0.000003923
14,"R_Date","SM2",,"likelihood",-2769.5,0.00000537
14,"R_Date","SM2",,"likelihood",-2764.5,0.000006603
14,"R_Date","SM2",,"likelihood",-2759.5,0.00000808
14,"R_Date","SM2",,"likelihood",-2754.5,0.000011993
14,"R_Date","SM2",,"likelihood",-2749.5,0.000028877
14,"R_Date","SM2",,"likelihood",-2744.5,0.00008638
14,"R_Date","SM2",,"likelihood",-2739.5,0.00020507
14,"R_Date","SM2",,"likelihood",-2734.5,0.0002695
14,"R_Date","SM2",,"likelihood",-2729.5,0.00016457
14,"R_Date","SM2",,"likelihood",-2724.5,0.00006952
14,"R_Date","SM2",,"likelihood",-2719.5,0.000023135
14,"R_Date","SM2",,"likelihood",-2714.5,0.000006182
14,"R_Date","SM2",,"likelihood",-2709.5,0.000003629
14,"R_Date","SM2",,"likelihood",-2704.5,0.000006808
14,"R_Date","SM2",,"likelihood",-2699.5,0.000029464
14,"R_Date","SM2",,"likelihood",-2694.5,0.00012025
14,"R_Date","SM2",,"likelihood",-2689.5,0.00017363
14,"R_Date","SM2",,"likelihood",-2684.5,0.00014269
14,"R_Date","SM2",,"likelihood",-2679.5,0.00012787
14,"R_Date","SM2",,"likelihood",-2674.5,0.00014967
14,"R_Date","SM2",,"likelihood",-2669.5,0.0003277
14,"R_Date","SM2",,"likelihood",-2664.5,0.0006801
14,"R_Date","SM2",,"likelihood",-2659.5,0.0012522
14,"R_Date","SM2",,"likelihood",-2654.5,0.0014359
14,"R_Date","SM2",,"likelihood",-2649.5,0.0010226
14,"R_Date","SM2",,"likelihood",-2644.5,0.0007584
14,"R_Date","SM2",,"likelihood",-2639.5,0.0005495
14,"R_Date","SM2",,"likelihood",-2634.5,0.0006826
14,"R_Date","SM2",,"likelihood",-2629.5,0.0010912
14,"R_Date","SM2",,"likelihood",-2624.5,0.0023149
14,"R_Date","SM2",,"likelihood",-2619.5,0.004338
14,"R_Date","SM2",,"likelihood",-2614.5,0.005695
14,"R_Date","SM2",,"likelihood",-2609.5,0.005462
14,"R_Date","SM2",,"likelihood",-2604.5,0.004673
14,"R_Date","SM2",,"likelihood",-2599.5,0.00435
14,"R_Date","SM2",,"likelihood",-2594.5,0.003958
14,"R_Date","SM2",,"likelihood",-2589.5,0.003393
14,"R_Date","SM2",,"likelihood",-2584.5,0.003533
14,"R_Date","SM2",,"likelihood",-2579.5,0.005123
14,"R_Date","SM2",,"likelihood",-2574.5,0.008355
14,"R_Date","SM2",,"likelihood",-2569.5,0.009752
14,"R_Date","SM2",,"likelihood",-2564.5,0.007309
14,"R_Date","SM2",,"likelihood",-2559.5,0.005162
14,"R_Date","SM2",,"likelihood",-2554.5,0.004222
14,"R_Date","SM2",,"likelihood",-2549.5,0.003927
14,"R_Date","SM2",,"likelihood",-2544.5,0.004022
14,"R_Date","SM2",,"likelihood",-2539.5,0.00441
14,"R_Date","SM2",,"likelihood",-2534.5,0.005609
14,"R_Date","SM2",,"likelihood",-2529.5,0.007343
14,"R_Date","SM2",,"likelihood",-2524.5,0.008528
14,"R_Date","SM2",,"likelihood",-2519.5,0.009049
14,"R_Date","SM2",,"likelihood",-2514.5,0.009717
14,"R_Date","SM2",,"likelihood",-2509.5,0.009782
14,"R_Date","SM2",,"likelihood",-2504.5,0.009727
14,"R_Date","SM2",,"likelihood",-2499.5,0.00961
14,"R_Date","SM2",,"likelihood",-2494.5,0.007821
14,"R_Date","SM2",,"likelihood",-2489.5,0.004884
14,"R_Date","SM2",,"likelihood",-2484.5,0.003833
14,"R_Date","SM2",,"likelihood",-2479.5,0.004213
14,"R_Date","SM2",,"likelihood",-2474.5,0.004173
14,"R_Date","SM2",,"likelihood",-2469.5,0.0014945
14,"R_Date","SM2",,"likelihood",-2464.5,0.00017798
14,"R_Date","SM2",,"likelihood",-2459.5,0.000022587
14,"R_Date","SM2",,"likelihood",-2454.5,0.0000031401
14,"R_Date","SM2",,"likelihood",-2449.5,9.88e-7
14,"R_Date","SM2",,"likelihood",-2444.5,7.043e-7
14,"R_Date","SM2",,"likelihood",-2439.5,6.848e-7
14,"R_Date","SM2",,"likelihood",-2434.5,4.402e-7
14,"R_Date","SM2",,"likelihood",-2429.5,3.619e-7
14,"R_Date","SM2",,"likelihood",-2424.5,3.913e-7
14,"R_Date","SM2",,"likelihood",-2419.5,9.587e-7
14,"R_Date","SM2",,"likelihood",-2414.5,0.0000027684
14,"R_Date","SM2",,"likelihood",-2409.5,0.0000031206
14,"R_Date","SM2",,"likelihood",-2404.5,0.0000010663
14,"R_Date","SM2",,"likelihood",-2399.5,4.793e-7
14,"R_Date","SM2",,"likelihood",-2394.5,1.1739e-7
14,"R_Date","SM2",,"likelihood",-2389.5,5.869e-8
14,"R_Date","SM2",,"likelihood",-2384.5,1.4673e-7
14,"R_Date","SM2",,"likelihood",-2379.5,4.696e-7
14,"R_Date","SM2",,"likelihood",-2374.5,0.0000010858
14,"R_Date","SM2",,"likelihood",-2369.5,0.000001976
14,"R_Date","SM2",,"likelihood",-2364.5,0.0000020347
14,"R_Date","SM2",,"likelihood",-2359.5,0.0000023673
14,"R_Date","SM2",,"likelihood",-2354.5,0.0000022499
14,"R_Date","SM2",,"likelihood",-2349.5,9.782e-7
14,"R_Date","SM2",,"likelihood",-2344.5,2.0543e-7
14,"R_Date","SM2",,"likelihood",-2339.5,2.9347e-8
14,"R_Date","SM2",,"likelihood",-2334.5,0
14,"R_Date","SM2",,"likelihood",-2329.5,0
14,"R_Date","SM2",,"likelihood",-2324.5,0
14,"R_Date","SM2",,"likelihood",-2319.5,2.9347e-8
14,"R_Date","SM2",,"likelihood",-2314.5,3.913e-8
14,"R_Date","SM2",,"likelihood",-2309.5,3.913e-8
14,"R_Date","SM2",,"likelihood",-2304.5,2.9347e-8
14,"R_Date","SM2",,"likelihood",-2299.5,9.782e-9
14,"R_Date","SM2",,"likelihood",-2294.5,0
14,"R_Date","SM2",,"likelihood",-2289.5,0
14,"R_Date","SM2",,"likelihood",-2284.5,0
14,"R_Date","SM2",,"posterior",-2854.5,0
14,"R_Date","SM2",,"posterior",-2849.5,0
14,"R_Date","SM2",,"posterior",-2844.5,6.267e-7
14,"R_Date","SM2",,"posterior",-2839.5,6.267e-7
14,"R_Date","SM2",,"posterior",-2834.5,0.000003541
14,"R_Date","SM2",,"posterior",-2829.5,0.000011667
14,"R_Date","SM2",,"posterior",-2824.5,0.000005421
14,"R_Date","SM2",,"posterior",-2819.5,0.000006037
14,"R_Date","SM2",,"posterior",-2814.5,0.000005212
14,"R_Date","SM2",,"posterior",-2809.5,0.0000024963
14,"R_Date","SM2",,"posterior",-2804.5,2.0889e-7
14,"R_Date","SM2",,"posterior",-2799.5,0
14,"R_Date","SM2",,"posterior",-2794.5,0
14,"R_Date","SM2",,"posterior",-2789.5,0
14,"R_Date","SM2",,"posterior",-2784.5,0
14,"R_Date","SM2",,"posterior",-2779.5,0
14,"R_Date","SM2",,"posterior",-2774.5,0
14,"R_Date","SM2",,"posterior",-2769.5,0
14,"R_Date","SM2",,"posterior",-2764.5,0
14,"R_Date","SM2",,"posterior",-2759.5,6.267e-7
14,"R_Date","SM2",,"posterior",-2754.5,6.267e-7
14,"R_Date","SM2",,"posterior",-2749.5,0.00000188
14,"R_Date","SM2",,"posterior",-2744.5,0.000003959
14,"R_Date","SM2",,"posterior",-2739.5,0.000010204
14,"R_Date","SM2",,"posterior",-2734.5,0.000019375
14,"R_Date","SM2",,"posterior",-2729.5,0.000008126
14,"R_Date","SM2",,"posterior",-2724.5,0.0000027052
14,"R_Date","SM2",,"posterior",-2719.5,0.0000022874
14,"R_Date","SM2",,"posterior",-2714.5,4.178e-7
14,"R_Date","SM2",,"posterior",-2709.5,2.0889e-7
14,"R_Date","SM2",,"posterior",-2704.5,6.267e-7
14,"R_Date","SM2",,"posterior",-2699.5,0.000003959
14,"R_Date","SM2",,"posterior",-2694.5,0.00001833
14,"R_Date","SM2",,"posterior",-2689.5,0.00003209
14,"R_Date","SM2",,"posterior",-2684.5,0.0000325
14,"R_Date","SM2",,"posterior",-2679.5,0.00003646
14,"R_Date","SM2",,"posterior",-2674.5,0.00004813
14,"R_Date","SM2",,"posterior",-2669.5,0.00011583
14,"R_Date","SM2",,"posterior",-2664.5,0.00026833
14,"R_Date","SM2",,"posterior",-2659.5,0.000534
14,"R_Date","SM2",,"posterior",-2654.5,0.0006471
14,"R_Date","SM2",,"posterior",-2649.5,0.0005579
14,"R_Date","SM2",,"posterior",-2644.5,0.000454
14,"R_Date","SM2",,"posterior",-2639.5,0.0003881
14,"R_Date","SM2",,"posterior",-2634.5,0.0005131
14,"R_Date","SM2",,"posterior",-2629.5,0.0009075
14,"R_Date","SM2",,"posterior",-2624.5,0.0019738
14,"R_Date","SM2",,"posterior",-2619.5,0.003757
14,"R_Date","SM2",,"posterior",-2614.5,0.005193
14,"R_Date","SM2",,"posterior",-2609.5,0.005183
14,"R_Date","SM2",,"posterior",-2604.5,0.004744
14,"R_Date","SM2",,"posterior",-2599.5,0.004399
14,"R_Date","SM2",,"posterior",-2594.5,0.004094
14,"R_Date","SM2",,"posterior",-2589.5,0.003721
14,"R_Date","SM2",,"posterior",-2584.5,0.003934
14,"R_Date","SM2",,"posterior",-2579.5,0.005628
14,"R_Date","SM2",,"posterior",-2574.5,0.008906
14,"R_Date","SM2",,"posterior",-2569.5,0.010071
14,"R_Date","SM2",,"posterior",-2564.5,0.007967
14,"R_Date","SM2",,"posterior",-2559.5,0.005676
14,"R_Date","SM2",,"posterior",-2554.5,0.004597
14,"R_Date","SM2",,"posterior",-2549.5,0.004245
14,"R_Date","SM2",,"posterior",-2544.5,0.004248
14,"R_Date","SM2",,"posterior",-2539.5,0.004779
14,"R_Date","SM2",,"posterior",-2534.5,0.006098
14,"R_Date","SM2",,"posterior",-2529.5,0.007825
14,"R_Date","SM2",,"posterior",-2524.5,0.00889
14,"R_Date","SM2",,"posterior",-2519.5,0.009819
14,"R_Date","SM2",,"posterior",-2514.5,0.010327
14,"R_Date","SM2",,"posterior",-2509.5,0.010445
14,"R_Date","SM2",,"posterior",-2504.5,0.0103
14,"R_Date","SM2",,"posterior",-2499.5,0.010192
14,"R_Date","SM2",,"posterior",-2494.5,0.00835
14,"R_Date","SM2",,"posterior",-2489.5,0.005414
14,"R_Date","SM2",,"posterior",-2484.5,0.004248
14,"R_Date","SM2",,"posterior",-2479.5,0.004448
14,"R_Date","SM2",,"posterior",-2474.5,0.004014
14,"R_Date","SM2",,"posterior",-2469.5,0.0015954
14,"R_Date","SM2",,"posterior",-2464.5,0.00023917
14,"R_Date","SM2",,"posterior",-2459.5,0.000028545
14,"R_Date","SM2",,"posterior",-2454.5,0.000003959
14,"R_Date","SM2",,"posterior",-2449.5,0.0000010445
14,"R_Date","SM2",,"posterior",-2444.5,4.178e-7
14,"R_Date","SM2",,"posterior",-2439.5,6.267e-7
14,"R_Date","SM2",,"posterior",-2434.5,4.178e-7
14,"R_Date","SM2",,"posterior",-2429.5,0
14,"R_Date","SM2",,"posterior",-2424.5,0
14,"R_Date","SM2",,"posterior",-2419.5,6.267e-7
14,"R_Date","SM2",,"posterior",-2414.5,6.267e-7
14,"R_Date","SM2",,"posterior",-2409.5,0.0000012534
14,"R_Date","SM2",,"posterior",-2404.5,2.0889e-7
14,"R_Date","SM2",,"posterior",-2399.5,0
14,"R_Date","SM2",,"posterior",-2394.5,0
15,"Combine","SM1",,"likelihood",-2639.5,0
15,"Combine","SM1",,"likelihood",-2634.5,0
15,"Combine","SM1",,"likelihood",-2629.5,0
15,"Combine","SM1",,"likelihood",-2624.5,2.8709e-8
15,"Combine","SM1",,"likelihood",-2619.5,0.0000011196
15,"Combine","SM1",,"likelihood",-2614.5,0.000006933
15,"Combine","SM1",,"likelihood",-2609.5,0.000005211
15,"Combine","SM1",,"likelihood",-2604.5,0.0000022249
15,"Combine","SM1",,"likelihood",-2599.5,0.0000013924
15,"Combine","SM1",,"likelihood",-2594.5,6.316e-7
15,"Combine","SM1",,"likelihood",-2589.5,2.0096e-7
15,"Combine","SM1",,"likelihood",-2584.5,3.1579e-7
15,"Combine","SM1",,"likelihood",-2579.5,0.000003345
15,"Combine","SM1",,"likelihood",-2574.5,0.0001515
15,"Combine","SM1",,"likelihood",-2569.5,0.003563
15,"Combine","SM1",,"likelihood",-2564.5,0.012793
15,"Combine","SM1",,"likelihood",-2559.5,0.014088
15,"Combine","SM1",,"likelihood",-2554.5,0.012608
15,"Combine","SM1",,"likelihood",-2549.5,0.011898
15,"Combine","SM1",,"likelihood",-2544.5,0.012138
15,"Combine","SM1",,"likelihood",-2539.5,0.013002
15,"Combine","SM1",,"likelihood",-2534.5,0.014354
15,"Combine","SM1",,"likelihood",-2529.5,0.012722
15,"Combine","SM1",,"likelihood",-2524.5,0.009353
15,"Combine","SM1",,"likelihood",-2519.5,0.007312
15,"Combine","SM1",,"likelihood",-2514.5,0.003825
15,"Combine","SM1",,"likelihood",-2509.5,0.0014027
15,"Combine","SM1",,"likelihood",-2504.5,0.0011833
15,"Combine","SM1",,"likelihood",-2499.5,0.003784
15,"Combine","SM1",,"likelihood",-2494.5,0.01157
15,"Combine","SM1",,"likelihood",-2489.5,0.013779
15,"Combine","SM1",,"likelihood",-2484.5,0.01165
15,"Combine","SM1",,"likelihood",-2479.5,0.012663
15,"Combine","SM1",,"likelihood",-2474.5,0.012576
15,"Combine","SM1",,"likelihood",-2469.5,0.003513
15,"Combine","SM1",,"likelihood",-2464.5,0.00004925
15,"Combine","SM1",,"likelihood",-2459.5,3.1579e-7
15,"Combine","SM1",,"likelihood",-2454.5,0
15,"Combine","SM1",,"likelihood",-2449.5,0
15,"Combine","SM1",,"likelihood",-2444.5,0
15,"Combine","SM1",,"posterior",-2624.5,0
15,"Combine","SM1",,"posterior",-2619.5,2.1358e-7
15,"Combine","SM1",,"posterior",-2614.5,0.000005411
15,"Combine","SM1",,"posterior",-2609.5,0.000005211
15,"Combine","SM1",,"posterior",-2604.5,0.0000020789
15,"Combine","SM1",,"posterior",-2599.5,0.0000010394
15,"Combine","SM1",,"posterior",-2594.5,4.129e-7
15,"Combine","SM1",,"posterior",-2589.5,0
15,"Combine","SM1",,"posterior",-2584.5,8.401e-7
15,"Combine","SM1",,"posterior",-2579.5,0.000007077
15,"Combine","SM1",,"posterior",-2574.5,0.00025333
15,"Combine","SM1",,"posterior",-2569.5,0.003821
15,"Combine","SM1",,"posterior",-2564.5,0.011912
15,"Combine","SM1",,"posterior",-2559.5,0.014024
15,"Combine","SM1",,"posterior",-2554.5,0.012663
15,"Combine","SM1",,"posterior",-2549.5,0.012069
15,"Combine","SM1",,"posterior",-2544.5,0.012286
15,"Combine","SM1",,"posterior",-2539.5,0.013306
15,"Combine","SM1",,"posterior",-2534.5,0.014239
15,"Combine","SM1",,"posterior",-2529.5,0.012677
15,"Combine","SM1",,"posterior",-2524.5,0.009565
15,"Combine","SM1",,"posterior",-2519.5,0.007124
15,"Combine","SM1",,"posterior",-2514.5,0.003806
15,"Combine","SM1",,"posterior",-2509.5,0.0015504
15,"Combine","SM1",,"posterior",-2504.5,0.0014381
15,"Combine","SM1",,"posterior",-2499.5,0.00427
15,"Combine","SM1",,"posterior",-2494.5,0.011301
15,"Combine","SM1",,"posterior",-2489.5,0.013682
15,"Combine","SM1",,"posterior",-2484.5,0.012108
15,"Combine","SM1",,"posterior",-2479.5,0.012496
15,"Combine","SM1",,"posterior",-2474.5,0.011595
15,"Combine","SM1",,"posterior",-2469.5,0.003661
15,"Combine","SM1",,"posterior",-2464.5,0.00012916
15,"Combine","SM1",,"posterior",-2459.5,0.0000010394
15,"Combine","SM1",,"posterior",-2454.5,0
15,"Combine","SM1",,"posterior",-2449.5,0
15,"Combine","SM1",,"posterior",-2444.5,0
16,"R_Date","SM1R1",,"likelihood",-2889.5,0
16,"R_Date","SM1R1",,"likelihood",-2884.5,0
16,"R_Date","SM1R1",,"likelihood",-2879.5,0
16,"R_Date","SM1R1",,"likelihood",-2874.5,6.318e-8
16,"R_Date","SM1R1",,"likelihood",-2869.5,6.86e-7
16,"R_Date","SM1R1",,"likelihood",-2864.5,0.0000022113
16,"R_Date","SM1R1",,"likelihood",-2859.5,0.000005208
16,"R_Date","SM1R1",,"likelihood",-2854.5,0.000012428
16,"R_Date","SM1R1",,"likelihood",-2849.5,0.000026761
16,"R_Date","SM1R1",,"likelihood",-2844.5,0.00005466
16,"R_Date","SM1R1",,"likelihood",-2839.5,0.00011327
16,"R_Date","SM1R1",,"likelihood",-2834.5,0.0002066
16,"R_Date","SM1R1",,"likelihood",-2829.5,0.0003153
16,"R_Date","SM1R1",,"likelihood",-2824.5,0.0003708
16,"R_Date","SM1R1",,"likelihood",-2819.5,0.00030159
16,"R_Date","SM1R1",,"likelihood",-2814.5,0.0001699
16,"R_Date","SM1R1",,"likelihood",-2809.5,0.00004454
16,"R_Date","SM1R1",,"likelihood",-2804.5,0.000007898
16,"R_Date","SM1R1",,"likelihood",-2799.5,0.0000011372
16,"R_Date","SM1R1",,"likelihood",-2794.5,2.798e-7
16,"R_Date","SM1R1",,"likelihood",-2789.5,1.1734e-7
16,"R_Date","SM1R1",,"likelihood",-2784.5,1.7149e-7
16,"R_Date","SM1R1",,"likelihood",-2779.5,5.145e-7
16,"R_Date","SM1R1",,"likelihood",-2774.5,0.000001751
16,"R_Date","SM1R1",,"likelihood",-2769.5,0.0000023648
16,"R_Date","SM1R1",,"likelihood",-2764.5,0.0000028612
16,"R_Date","SM1R1",,"likelihood",-2759.5,0.000003448
16,"R_Date","SM1R1",,"likelihood",-2754.5,0.000004973
16,"R_Date","SM1R1",,"likelihood",-2749.5,0.000011291
16,"R_Date","SM1R1",,"likelihood",-2744.5,0.00003191
16,"R_Date","SM1R1",,"likelihood",-2739.5,0.00007365
16,"R_Date","SM1R1",,"likelihood",-2734.5,0.00009631
16,"R_Date","SM1R1",,"likelihood",-2729.5,0.00005945
16,"R_Date","SM1R1",,"likelihood",-2724.5,0.000025931
16,"R_Date","SM1R1",,"likelihood",-2719.5,0.000009107
16,"R_Date","SM1R1",,"likelihood",-2714.5,0.0000026987
16,"R_Date","SM1R1",,"likelihood",-2709.5,0.0000016517
16,"R_Date","SM1R1",,"likelihood",-2704.5,0.0000029424
16,"R_Date","SM1R1",,"likelihood",-2699.5,0.000011508
16,"R_Date","SM1R1",,"likelihood",-2694.5,0.0000438
16,"R_Date","SM1R1",,"likelihood",-2689.5,0.0000626
16,"R_Date","SM1R1",,"likelihood",-2684.5,0.00005174
16,"R_Date","SM1R1",,"likelihood",-2679.5,0.00004649
16,"R_Date","SM1R1",,"likelihood",-2674.5,0.0000542
16,"R_Date","SM1R1",,"likelihood",-2669.5,0.00011711
16,"R_Date","SM1R1",,"likelihood",-2664.5,0.00024337
16,"R_Date","SM1R1",,"likelihood",-2659.5,0.0004613
16,"R_Date","SM1R1",,"likelihood",-2654.5,0.0005378
16,"R_Date","SM1R1",,"likelihood",-2649.5,0.0003729
16,"R_Date","SM1R1",,"likelihood",-2644.5,0.00027675
16,"R_Date","SM1R1",,"likelihood",-2639.5,0.00019683
16,"R_Date","SM1R1",,"likelihood",-2634.5,0.00024548
16,"R_Date","SM1R1",,"likelihood",-2629.5,0.0003964
16,"R_Date","SM1R1",,"likelihood",-2624.5,0.0008972
16,"R_Date","SM1R1",,"likelihood",-2619.5,0.0018592
16,"R_Date","SM1R1",,"likelihood",-2614.5,0.0026257
16,"R_Date","SM1R1",,"likelihood",-2609.5,0.0024864
16,"R_Date","SM1R1",,"likelihood",-2604.5,0.0020643
16,"R_Date","SM1R1",,"likelihood",-2599.5,0.0018889
16,"R_Date","SM1R1",,"likelihood",-2594.5,0.0016643
16,"R_Date","SM1R1",,"likelihood",-2589.5,0.0013716
16,"R_Date","SM1R1",,"likelihood",-2584.5,0.0014538
16,"R_Date","SM1R1",,"likelihood",-2579.5,0.0022881
16,"R_Date","SM1R1",,"likelihood",-2574.5,0.004636
16,"R_Date","SM1R1",,"likelihood",-2569.5,0.007873
16,"R_Date","SM1R1",,"likelihood",-2564.5,0.009025
16,"R_Date","SM1R1",,"likelihood",-2559.5,0.008482
16,"R_Date","SM1R1",,"likelihood",-2554.5,0.007972
16,"R_Date","SM1R1",,"likelihood",-2549.5,0.007774
16,"R_Date","SM1R1",,"likelihood",-2544.5,0.00784
16,"R_Date","SM1R1",,"likelihood",-2539.5,0.008089
16,"R_Date","SM1R1",,"likelihood",-2534.5,0.008665
16,"R_Date","SM1R1",,"likelihood",-2529.5,0.009026
16,"R_Date","SM1R1",,"likelihood",-2524.5,0.00889
16,"R_Date","SM1R1",,"likelihood",-2519.5,0.008666
16,"R_Date","SM1R1",,"likelihood",-2514.5,0.007954
16,"R_Date","SM1R1",,"likelihood",-2509.5,0.006806
16,"R_Date","SM1R1",,"likelihood",-2504.5,0.006618
16,"R_Date","SM1R1",,"likelihood",-2499.5,0.007831
16,"R_Date","SM1R1",,"likelihood",-2494.5,0.009016
16,"R_Date","SM1R1",,"likelihood",-2489.5,0.00835
16,"R_Date","SM1R1",,"likelihood",-2484.5,0.007707
16,"R_Date","SM1R1",,"likelihood",-2479.5,0.008055
16,"R_Date","SM1R1",,"likelihood",-2474.5,0.00803
16,"R_Date","SM1R1",,"likelihood",-2469.5,0.005299
16,"R_Date","SM1R1",,"likelihood",-2464.5,0.0016802
16,"R_Date","SM1R1",,"likelihood",-2459.5,0.0004749
16,"R_Date","SM1R1",,"likelihood",-2454.5,0.0001379
16,"R_Date","SM1R1",,"likelihood",-2449.5,0.00006565
16,"R_Date","SM1R1",,"likelihood",-2444.5,0.00005264
16,"R_Date","SM1R1",,"likelihood",-2439.5,0.00005177
16,"R_Date","SM1R1",,"likelihood",-2434.5,0.00004138
16,"R_Date","SM1R1",,"likelihood",-2429.5,0.00003663
16,"R_Date","SM1R1",,"likelihood",-2424.5,0.00003813
16,"R_Date","SM1R1",,"likelihood",-2419.5,0.00006438
16,"R_Date","SM1R1",,"likelihood",-2414.5,0.00012734
16,"R_Date","SM1R1",,"likelihood",-2409.5,0.00013744
16,"R_Date","SM1R1",,"likelihood",-2404.5,0.00006895
16,"R_Date","SM1R1",,"likelihood",-2399.5,0.00003569
16,"R_Date","SM1R1",,"likelihood",-2394.5,0.000015515
16,"R_Date","SM1R1",,"likelihood",-2389.5,0.000010325
16,"R_Date","SM1R1",,"likelihood",-2384.5,0.000017889
16,"R_Date","SM1R1",,"likelihood",-2379.5,0.00003767
16,"R_Date","SM1R1",,"likelihood",-2374.5,0.00006972
16,"R_Date","SM1R1",,"likelihood",-2369.5,0.00010254
16,"R_Date","SM1R1",,"likelihood",-2364.5,0.00010446
16,"R_Date","SM1R1",,"likelihood",-2359.5,0.00010865
16,"R_Date","SM1R1",,"likelihood",-2354.5,0.00010534
16,"R_Date","SM1R1",,"likelihood",-2349.5,0.00006512
16,"R_Date","SM1R1",,"likelihood",-2344.5,0.00002353
16,"R_Date","SM1R1",,"likelihood",-2339.5,0.00000584
16,"R_Date","SM1R1",,"likelihood",-2334.5,0.0000016878
16,"R_Date","SM1R1",,"likelihood",-2329.5,0.0000014532
16,"R_Date","SM1R1",,"likelihood",-2324.5,0.0000019315
16,"R_Date","SM1R1",,"likelihood",-2319.5,0.000005352
16,"R_Date","SM1R1",,"likelihood",-2314.5,0.000007347
16,"R_Date","SM1R1",,"likelihood",-2309.5,0.00000778
16,"R_Date","SM1R1",,"likelihood",-2304.5,0.000006273
16,"R_Date","SM1R1",,"likelihood",-2299.5,0.000003213
16,"R_Date","SM1R1",,"likelihood",-2294.5,0.000001056
16,"R_Date","SM1R1",,"likelihood",-2289.5,2.2564e-7
16,"R_Date","SM1R1",,"likelihood",-2284.5,4.513e-8
16,"R_Date","SM1R1",,"likelihood",-2279.5,9.026e-9
16,"R_Date","SM1R1",,"likelihood",-2274.5,0
16,"R_Date","SM1R1",,"likelihood",-2269.5,0
16,"R_Date","SM1R1",,"likelihood",-2264.5,0
16,"R_Date","SM1R1",,"likelihood",-2259.5,0
16,"R_Date","SM1R1",,"likelihood",-2254.5,0
16,"R_Date","SM1R1",,"likelihood",-2249.5,9.026e-9
16,"R_Date","SM1R1",,"likelihood",-2244.5,5.415e-8
16,"R_Date","SM1R1",,"likelihood",-2239.5,6.318e-8
16,"R_Date","SM1R1",,"likelihood",-2234.5,2.7077e-8
16,"R_Date","SM1R1",,"likelihood",-2229.5,9.026e-9
16,"R_Date","SM1R1",,"likelihood",-2224.5,9.026e-9
16,"R_Date","SM1R1",,"likelihood",-2219.5,9.026e-9
16,"R_Date","SM1R1",,"likelihood",-2214.5,2.7077e-8
16,"R_Date","SM1R1",,"likelihood",-2209.5,2.7077e-8
16,"R_Date","SM1R1",,"likelihood",-2204.5,0
16,"R_Date","SM1R1",,"likelihood",-2199.5,0
16,"R_Date","SM1R1",,"likelihood",-2194.5,0
16,"R_Date","SM1R1",,"posterior",-2624.5,0
16,"R_Date","SM1R1",,"posterior",-2619.5,2.1358e-7
16,"R_Date","SM1R1",,"posterior",-2614.5,0.000005411
16,"R_Date","SM1R1",,"posterior",-2609.5,0.000005211
16,"R_Date","SM1R1",,"posterior",-2604.5,0.0000020789
16,"R_Date","SM1R1",,"posterior",-2599.5,0.0000010394
16,"R_Date","SM1R1",,"posterior",-2594.5,4.129e-7
16,"R_Date","SM1R1",,"posterior",-2589.5,0
16,"R_Date","SM1R1",,"posterior",-2584.5,8.401e-7
16,"R_Date","SM1R1",,"posterior",-2579.5,0.000007077
16,"R_Date","SM1R1",,"posterior",-2574.5,0.00025333
16,"R_Date","SM1R1",,"posterior",-2569.5,0.003821
16,"R_Date","SM1R1",,"posterior",-2564.5,0.011912
16,"R_Date","SM1R1",,"posterior",-2559.5,0.014024
16,"R_Date","SM1R1",,"posterior",-2554.5,0.012663
16,"R_Date","SM1R1",,"posterior",-2549.5,0.012069
16,"R_Date","SM1R1",,"posterior",-2544.5,0.012286
16,"R_Date","SM1R1",,"posterior",-2539.5,0.013306
16,"R_Date","SM1R1",,"posterior",-2534.5,0.014239
16,"R_Date","SM1R1",,"posterior",-2529.5,0.012677
16,"R_Date","SM1R1",,"posterior",-2524.5,0.009565
16,"R_Date","SM1R1",,"posterior",-2519.5,0.007124
16,"R_Date","SM1R1",,"posterior",-2514.5,0.003806
16,"R_Date","SM1R1",,"posterior",-2509.5,0.0015504
16,"R_Date","SM1R1",,"posterior",-2504.5,0.0014381
16,"R_Date","SM1R1",,"posterior",-2499.5,0.00427
16,"R_Date","SM1R1",,"posterior",-2494.5,0.011301
16,"R_Date","SM1R1",,"posterior",-2489.5,0.013682
16,"R_Date","SM1R1",,"posterior",-2484.5,0.012108
16,"R_Date","SM1R1",,"posterior",-2479.5,0.012496
16,"R_Date","SM1R1",,"posterior",-2474.5,0.011595
16,"R_Date","SM1R1",,"posterior",-2469.5,0.003661
16,"R_Date","SM1R1",,"posterior",-2464.5,0.00012916
16,"R_Date","SM1R1",,"posterior",-2459.5,0.0000010394
16,"R_Date","SM1R1",,"posterior",-2454.5,0
16,"R_Date","SM1R1",,"posterior",-2449.5,0
16,"R_Date","SM1R1",,"posterior",-2444.5,0
17,"R_Date","SM1R2",,"likelihood",-2904.5,0
17,"R_Date","SM1R2",,"likelihood",-2899.5,0
17,"R_Date","SM1R2",,"likelihood",-2894.5,0
17,"R_Date","SM1R2",,"likelihood",-2889.5,2.2008e-8
17,"R_Date","SM1R2",,"likelihood",-2884.5,2.054e-7
17,"R_Date","SM1R2",,"likelihood",-2879.5,0.0000017533
17,"R_Date","SM1R2",,"likelihood",-2874.5,0.00001341
17,"R_Date","SM1R2",,"likelihood",-2869.5,0.00006897
17,"R_Date","SM1R2",,"likelihood",-2864.5,0.00016225
17,"R_Date","SM1R2",,"likelihood",-2859.5,0.00028876
17,"R_Date","SM1R2",,"likelihood",-2854.5,0.0004931
17,"R_Date","SM1R2",,"likelihood",-2849.5,0.0008018
17,"R_Date","SM1R2",,"likelihood",-2844.5,0.0012743
17,"R_Date","SM1R2",,"likelihood",-2839.5,0.001939
17,"R_Date","SM1R2",,"likelihood",-2834.5,0.0026861
17,"R_Date","SM1R2",,"likelihood",-2829.5,0.003333
17,"R_Date","SM1R2",,"likelihood",-2824.5,0.003607
17,"R_Date","SM1R2",,"likelihood",-2819.5,0.003258
17,"R_Date","SM1R2",,"likelihood",-2814.5,0.0023637
17,"R_Date","SM1R2",,"likelihood",-2809.5,0.0011276
17,"R_Date","SM1R2",,"likelihood",-2804.5,0.0003801
17,"R_Date","SM1R2",,"likelihood",-2799.5,0.00010237
17,"R_Date","SM1R2",,"likelihood",-2794.5,0.00003633
17,"R_Date","SM1R2",,"likelihood",-2789.5,0.00001991
17,"R_Date","SM1R2",,"likelihood",-2784.5,0.000027253
17,"R_Date","SM1R2",,"likelihood",-2779.5,0.00005863
17,"R_Date","SM1R2",,"likelihood",-2774.5,0.00012767
17,"R_Date","SM1R2",,"likelihood",-2769.5,0.0001636
17,"R_Date","SM1R2",,"likelihood",-2764.5,0.00018618
17,"R_Date","SM1R2",,"likelihood",-2759.5,0.00021124
17,"R_Date","SM1R2",,"likelihood",-2754.5,0.00027011
17,"R_Date","SM1R2",,"likelihood",-2749.5,0.0004635
17,"R_Date","SM1R2",,"likelihood",-2744.5,0.000894
17,"R_Date","SM1R2",,"likelihood",-2739.5,0.0014766
17,"R_Date","SM1R2",,"likelihood",-2734.5,0.0017235
17,"R_Date","SM1R2",,"likelihood",-2729.5,0.0013386
17,"R_Date","SM1R2",,"likelihood",-2724.5,0.0007853
17,"R_Date","SM1R2",,"likelihood",-2719.5,0.0003891
17,"R_Date","SM1R2",,"likelihood",-2714.5,0.00017872
17,"R_Date","SM1R2",,"likelihood",-2709.5,0.00012771
17,"R_Date","SM1R2",,"likelihood",-2704.5,0.0001899
17,"R_Date","SM1R2",,"likelihood",-2699.5,0.0004691
17,"R_Date","SM1R2",,"likelihood",-2694.5,0.0010528
17,"R_Date","SM1R2",,"likelihood",-2689.5,0.0013418
17,"R_Date","SM1R2",,"likelihood",-2684.5,0.0011981
17,"R_Date","SM1R2",,"likelihood",-2679.5,0.0010907
17,"R_Date","SM1R2",,"likelihood",-2674.5,0.0012321
17,"R_Date","SM1R2",,"likelihood",-2669.5,0.0018748
17,"R_Date","SM1R2",,"likelihood",-2664.5,0.0028574
17,"R_Date","SM1R2",,"likelihood",-2659.5,0.003838
17,"R_Date","SM1R2",,"likelihood",-2654.5,0.004037
17,"R_Date","SM1R2",,"likelihood",-2649.5,0.003463
17,"R_Date","SM1R2",,"likelihood",-2644.5,0.0028413
17,"R_Date","SM1R2",,"likelihood",-2639.5,0.0024936
17,"R_Date","SM1R2",,"likelihood",-2634.5,0.0028042
17,"R_Date","SM1R2",,"likelihood",-2629.5,0.003648
17,"R_Date","SM1R2",,"likelihood",-2624.5,0.005139
17,"R_Date","SM1R2",,"likelihood",-2619.5,0.006595
17,"R_Date","SM1R2",,"likelihood",-2614.5,0.007133
17,"R_Date","SM1R2",,"likelihood",-2609.5,0.00706
17,"R_Date","SM1R2",,"likelihood",-2604.5,0.006681
17,"R_Date","SM1R2",,"likelihood",-2599.5,0.006526
17,"R_Date","SM1R2",,"likelihood",-2594.5,0.006388
17,"R_Date","SM1R2",,"likelihood",-2589.5,0.006105
17,"R_Date","SM1R2",,"likelihood",-2584.5,0.006126
17,"R_Date","SM1R2",,"likelihood",-2579.5,0.006942
17,"R_Date","SM1R2",,"likelihood",-2574.5,0.007336
17,"R_Date","SM1R2",,"likelihood",-2569.5,0.005484
17,"R_Date","SM1R2",,"likelihood",-2564.5,0.0030429
17,"R_Date","SM1R2",,"likelihood",-2559.5,0.001878
17,"R_Date","SM1R2",,"likelihood",-2554.5,0.0014591
17,"R_Date","SM1R2",,"likelihood",-2549.5,0.001336
17,"R_Date","SM1R2",,"likelihood",-2544.5,0.0013751
17,"R_Date","SM1R2",,"likelihood",-2539.5,0.0015397
17,"R_Date","SM1R2",,"likelihood",-2534.5,0.0020938
17,"R_Date","SM1R2",,"likelihood",-2529.5,0.0030647
17,"R_Date","SM1R2",,"likelihood",-2524.5,0.003934
17,"R_Date","SM1R2",,"likelihood",-2519.5,0.004429
17,"R_Date","SM1R2",,"likelihood",-2514.5,0.005397
17,"R_Date","SM1R2",,"likelihood",-2509.5,0.006381
17,"R_Date","SM1R2",,"likelihood",-2504.5,0.006505
17,"R_Date","SM1R2",,"likelihood",-2499.5,0.005437
17,"R_Date","SM1R2",,"likelihood",-2494.5,0.003388
17,"R_Date","SM1R2",,"likelihood",-2489.5,0.0017495
17,"R_Date","SM1R2",,"likelihood",-2484.5,0.0012975
17,"R_Date","SM1R2",,"likelihood",-2479.5,0.0014373
17,"R_Date","SM1R2",,"likelihood",-2474.5,0.0014203
17,"R_Date","SM1R2",,"likelihood",-2469.5,0.0004394
17,"R_Date","SM1R2",,"likelihood",-2464.5,0.00005024
17,"R_Date","SM1R2",,"likelihood",-2459.5,0.00000683
17,"R_Date","SM1R2",,"likelihood",-2454.5,0.000001071
17,"R_Date","SM1R2",,"likelihood",-2449.5,3.668e-7
17,"R_Date","SM1R2",,"likelihood",-2444.5,2.7143e-7
17,"R_Date","SM1R2",,"likelihood",-2439.5,2.6409e-7
17,"R_Date","SM1R2",,"likelihood",-2434.5,1.7606e-7
17,"R_Date","SM1R2",,"likelihood",-2429.5,1.4672e-7
17,"R_Date","SM1R2",,"likelihood",-2424.5,1.6139e-7
17,"R_Date","SM1R2",,"likelihood",-2419.5,3.595e-7
17,"R_Date","SM1R2",,"likelihood",-2414.5,9.537e-7
17,"R_Date","SM1R2",,"likelihood",-2409.5,0.0000010637
17,"R_Date","SM1R2",,"likelihood",-2404.5,3.961e-7
17,"R_Date","SM1R2",,"likelihood",-2399.5,1.834e-7
17,"R_Date","SM1R2",,"likelihood",-2394.5,5.135e-8
17,"R_Date","SM1R2",,"likelihood",-2389.5,2.9344e-8
17,"R_Date","SM1R2",,"likelihood",-2384.5,6.602e-8
17,"R_Date","SM1R2",,"likelihood",-2379.5,1.834e-7
17,"R_Date","SM1R2",,"likelihood",-2374.5,4.035e-7
17,"R_Date","SM1R2",,"likelihood",-2369.5,6.969e-7
17,"R_Date","SM1R2",,"likelihood",-2364.5,7.189e-7
17,"R_Date","SM1R2",,"likelihood",-2359.5,8.143e-7
17,"R_Date","SM1R2",,"likelihood",-2354.5,7.776e-7
17,"R_Date","SM1R2",,"likelihood",-2349.5,3.668e-7
17,"R_Date","SM1R2",,"likelihood",-2344.5,8.803e-8
17,"R_Date","SM1R2",,"likelihood",-2339.5,1.4672e-8
17,"R_Date","SM1R2",,"likelihood",-2334.5,0
17,"R_Date","SM1R2",,"likelihood",-2329.5,0
17,"R_Date","SM1R2",,"likelihood",-2324.5,0
17,"R_Date","SM1R2",,"likelihood",-2319.5,1.4672e-8
17,"R_Date","SM1R2",,"likelihood",-2314.5,2.2008e-8
17,"R_Date","SM1R2",,"likelihood",-2309.5,2.2008e-8
17,"R_Date","SM1R2",,"likelihood",-2304.5,1.4672e-8
17,"R_Date","SM1R2",,"likelihood",-2299.5,7.336e-9
17,"R_Date","SM1R2",,"likelihood",-2294.5,0
17,"R_Date","SM1R2",,"likelihood",-2289.5,0
17,"R_Date","SM1R2",,"posterior",-2624.5,0
17,"R_Date","SM1R2",,"posterior",-2619.5,2.1358e-7
17,"R_Date","SM1R2",,"posterior",-2614.5,0.000005411
17,"R_Date","SM1R2",,"posterior",-2609.5,0.000005211
17,"R_Date","SM1R2",,"posterior",-2604.5,0.0000020789
17,"R_Date","SM1R2",,"posterior",-2599.5,0.0000010394
17,"R_Date","SM1R2",,"posterior",-2594.5,4.129e-7
17,"R_Date","SM1R2",,"posterior",-2589.5,0
17,"R_Date","SM1R2",,"posterior",-2584.5,8.401e-7
17,"R_Date","SM1R2",,"posterior",-2579.5,0.000007077
17,"R_Date","SM1R2",,"posterior",-2574.5,0.00025333
17,"R_Date","SM1R2",,"posterior",-2569.5,0.003821
17,"R_Date","SM1R2",,"posterior",-2564.5,0.011912
17,"R_Date","SM1R2",,"posterior",-2559.5,0.014024
17,"R_Date","SM1R2",,"posterior",-2554.5,0.012663
17,"R_Date","SM1R2",,"posterior",-2549.5,0.012069
17,"R_Date","SM1R2",,"posterior",-2544.5,0.012286
17,"R_Date","SM1R2",,"posterior",-2539.5,0.013306
17,"R_Date","SM1R2",,"posterior",-2534.5,0.014239
17,"R_Date","SM1R2",,"posterior",-2529.5,0.012677
17,"R_Date","SM1R2",,"posterior",-2524.5,0.009565
17,"R_Date","SM1R2",,"posterior",-2519.5,0.007124
17,"R_Date","SM1R2",,"posterior",-2514.5,0.003806
17,"R_Date","SM1R2",,"posterior",-2509.5,0.0015504
17,"R_Date","SM1R2",,"posterior",-2504.5,0.0014381
17,"R_Date","SM1R2",,"posterior",-2499.5,0.00427
17,"R_Date","SM1R2",,"posterior",-2494.5,0.011301
17,"R_Date","SM1R2",,"posterior",-2489.5,0.013682
17,"R_Date","SM1R2",,"posterior",-2484.5,0.012108
17,"R_Date","SM1R2",,"posterior",-2479.5,0.012496
17,"R_Date","SM1R2",,"posterior",-2474.5,0.011595
17,"R_Date","SM1R2",,"posterior",-2469.5,0.003661
17,"R_Date","SM1R2",,"posterior",-2464.5,0.00012916
17,"R_Date","SM1R2",,"posterior",-2459.5,0.0000010394
17,"R_Date","SM1R2",,"posterior",-2454.5,0
17,"R_Date","SM1R2",,"posterior",-2449.5,0
17,"R_Date","SM1R2",,"posterior",-2444.5,0
18,"R_Date","SM1R3",,"likelihood",-2859.5,0
18,"R_Date","SM1R3",,"likelihood",-2854.5,0
18,"R_Date","SM1R3",,"likelihood",-2849.5,1.4562e-8
18,"R_Date","SM1R3",,"likelihood",-2844.5,2.9123e-8
18,"R_Date","SM1R3",,"likelihood",-2839.5,1.0193e-7
18,"R_Date","SM1R3",,"likelihood",-2834.5,3.349e-7
18,"R_Date","SM1R3",,"likelihood",-2829.5,7.426e-7
18,"R_Date","SM1R3",,"likelihood",-2824.5,0.0000010339
18,"R_Date","SM1R3",,"likelihood",-2819.5,6.844e-7
18,"R_Date","SM1R3",,"likelihood",-2814.5,2.6211e-7
18,"R_Date","SM1R3",,"likelihood",-2809.5,1.4562e-8
18,"R_Date","SM1R3",,"likelihood",-2804.5,0
18,"R_Date","SM1R3",,"likelihood",-2799.5,0
18,"R_Date","SM1R3",,"likelihood",-2794.5,0
18,"R_Date","SM1R3",,"likelihood",-2789.5,0
18,"R_Date","SM1R3",,"likelihood",-2784.5,0
18,"R_Date","SM1R3",,"likelihood",-2779.5,0
18,"R_Date","SM1R3",,"likelihood",-2774.5,0
18,"R_Date","SM1R3",,"likelihood",-2769.5,0
18,"R_Date","SM1R3",,"likelihood",-2764.5,0
18,"R_Date","SM1R3",,"likelihood",-2759.5,0
18,"R_Date","SM1R3",,"likelihood",-2754.5,0
18,"R_Date","SM1R3",,"likelihood",-2749.5,0
18,"R_Date","SM1R3",,"likelihood",-2744.5,1.4562e-8
18,"R_Date","SM1R3",,"likelihood",-2739.5,5.825e-8
18,"R_Date","SM1R3",,"likelihood",-2734.5,8.737e-8
18,"R_Date","SM1R3",,"likelihood",-2729.5,2.9123e-8
18,"R_Date","SM1R3",,"likelihood",-2724.5,1.4562e-8
18,"R_Date","SM1R3",,"likelihood",-2719.5,0
18,"R_Date","SM1R3",,"likelihood",-2714.5,0
18,"R_Date","SM1R3",,"likelihood",-2709.5,0
18,"R_Date","SM1R3",,"likelihood",-2704.5,0
18,"R_Date","SM1R3",,"likelihood",-2699.5,0
18,"R_Date","SM1R3",,"likelihood",-2694.5,2.9123e-8
18,"R_Date","SM1R3",,"likelihood",-2689.5,4.369e-8
18,"R_Date","SM1R3",,"likelihood",-2684.5,2.9123e-8
18,"R_Date","SM1R3",,"likelihood",-2679.5,2.9123e-8
18,"R_Date","SM1R3",,"likelihood",-2674.5,2.9123e-8
18,"R_Date","SM1R3",,"likelihood",-2669.5,1.4562e-7
18,"R_Date","SM1R3",,"likelihood",-2664.5,5.242e-7
18,"R_Date","SM1R3",,"likelihood",-2659.5,0.0000020241
18,"R_Date","SM1R3",,"likelihood",-2654.5,0.0000030871
18,"R_Date","SM1R3",,"likelihood",-2649.5,0.0000013397
18,"R_Date","SM1R3",,"likelihood",-2644.5,9.902e-7
18,"R_Date","SM1R3",,"likelihood",-2639.5,3.932e-7
18,"R_Date","SM1R3",,"likelihood",-2634.5,5.97e-7
18,"R_Date","SM1R3",,"likelihood",-2629.5,0.0000013251
18,"R_Date","SM1R3",,"likelihood",-2624.5,0.000007616
18,"R_Date","SM1R3",,"likelihood",-2619.5,0.00003565
18,"R_Date","SM1R3",,"likelihood",-2614.5,0.00007795
18,"R_Date","SM1R3",,"likelihood",-2609.5,0.00006879
18,"R_Date","SM1R3",,"likelihood",-2604.5,0.00004963
18,"R_Date","SM1R3",,"likelihood",-2599.5,0.0000408
18,"R_Date","SM1R3",,"likelihood",-2594.5,0.000028031
18,"R_Date","SM1R3",,"likelihood",-2589.5,0.000016659
18,"R_Date","SM1R3",,"likelihood",-2584.5,0.000020911
18,"R_Date","SM1R3",,"likelihood",-2579.5,0.00005673
18,"R_Date","SM1R3",,"likelihood",-2574.5,0.0003207
18,"R_Date","SM1R3",,"likelihood",-2569.5,0.0017887
18,"R_Date","SM1R3",,"likelihood",-2564.5,0.005345
18,"R_Date","SM1R3",,"likelihood",-2559.5,0.008412
18,"R_Date","SM1R3",,"likelihood",-2554.5,0.009891
18,"R_Date","SM1R3",,"likelihood",-2549.5,0.010373
18,"R_Date","SM1R3",,"likelihood",-2544.5,0.010217
18,"R_Date","SM1R3",,"likelihood",-2539.5,0.009587
18,"R_Date","SM1R3",,"likelihood",-2534.5,0.00774
18,"R_Date","SM1R3",,"likelihood",-2529.5,0.0053
18,"R_Date","SM1R3",,"likelihood",-2524.5,0.003717
18,"R_Date","SM1R3",,"likelihood",-2519.5,0.002998
18,"R_Date","SM1R3",,"likelihood",-2514.5,0.0018745
18,"R_Date","SM1R3",,"likelihood",-2509.5,0.001019
18,"R_Date","SM1R3",,"likelihood",-2504.5,0.0009261
18,"R_Date","SM1R3",,"likelihood",-2499.5,0.0018921
18,"R_Date","SM1R3",,"likelihood",-2494.5,0.00466
18,"R_Date","SM1R3",,"likelihood",-2489.5,0.00884
18,"R_Date","SM1R3",,"likelihood",-2484.5,0.010528
18,"R_Date","SM1R3",,"likelihood",-2479.5,0.009861
18,"R_Date","SM1R3",,"likelihood",-2474.5,0.009926
18,"R_Date","SM1R3",,"likelihood",-2469.5,0.014562
18,"R_Date","SM1R3",,"likelihood",-2464.5,0.012682
18,"R_Date","SM1R3",,"likelihood",-2459.5,0.006672
18,"R_Date","SM1R3",,"likelihood",-2454.5,0.0029937
18,"R_Date","SM1R3",,"likelihood",-2449.5,0.0017523
18,"R_Date","SM1R3",,"likelihood",-2444.5,0.0014853
18,"R_Date","SM1R3",,"likelihood",-2439.5,0.0014667
18,"R_Date","SM1R3",,"likelihood",-2434.5,0.0012704
18,"R_Date","SM1R3",,"likelihood",-2429.5,0.0011566
18,"R_Date","SM1R3",,"likelihood",-2424.5,0.0011927
18,"R_Date","SM1R3",,"likelihood",-2419.5,0.0017277
18,"R_Date","SM1R3",,"likelihood",-2414.5,0.0028307
18,"R_Date","SM1R3",,"likelihood",-2409.5,0.0029861
18,"R_Date","SM1R3",,"likelihood",-2404.5,0.0018156
18,"R_Date","SM1R3",,"likelihood",-2399.5,0.001044
18,"R_Date","SM1R3",,"likelihood",-2394.5,0.000556
18,"R_Date","SM1R3",,"likelihood",-2389.5,0.0004107
18,"R_Date","SM1R3",,"likelihood",-2384.5,0.0006236
18,"R_Date","SM1R3",,"likelihood",-2379.5,0.0011199
18,"R_Date","SM1R3",,"likelihood",-2374.5,0.0018318
18,"R_Date","SM1R3",,"likelihood",-2369.5,0.0024266
18,"R_Date","SM1R3",,"likelihood",-2364.5,0.0024581
18,"R_Date","SM1R3",,"likelihood",-2359.5,0.0024628
18,"R_Date","SM1R3",,"likelihood",-2354.5,0.0024089
18,"R_Date","SM1R3",,"likelihood",-2349.5,0.0017409
18,"R_Date","SM1R3",,"likelihood",-2344.5,0.0007975
18,"R_Date","SM1R3",,"likelihood",-2339.5,0.00025601
18,"R_Date","SM1R3",,"likelihood",-2334.5,0.00009091
18,"R_Date","SM1R3",,"likelihood",-2329.5,0.00007761
18,"R_Date","SM1R3",,"likelihood",-2324.5,0.00010231
18,"R_Date","SM1R3",,"likelihood",-2319.5,0.00023137
18,"R_Date","SM1R3",,"likelihood",-2314.5,0.00030159
18,"R_Date","SM1R3",,"likelihood",-2309.5,0.0003164
18,"R_Date","SM1R3",,"likelihood",-2304.5,0.00026446
18,"R_Date","SM1R3",,"likelihood",-2299.5,0.00015419
18,"R_Date","SM1R3",,"likelihood",-2294.5,0.00006013
18,"R_Date","SM1R3",,"likelihood",-2289.5,0.000015246
18,"R_Date","SM1R3",,"likelihood",-2284.5,0.000003451
18,"R_Date","SM1R3",,"likelihood",-2279.5,8.446e-7
18,"R_Date","SM1R3",,"likelihood",-2274.5,2.0386e-7
18,"R_Date","SM1R3",,"likelihood",-2269.5,8.737e-8
18,"R_Date","SM1R3",,"likelihood",-2264.5,2.9123e-8
18,"R_Date","SM1R3",,"likelihood",-2259.5,4.369e-8
18,"R_Date","SM1R3",,"likelihood",-2254.5,1.6018e-7
18,"R_Date","SM1R3",,"likelihood",-2249.5,9.611e-7
18,"R_Date","SM1R3",,"likelihood",-2244.5,0.000003801
18,"R_Date","SM1R3",,"likelihood",-2239.5,0.000004616
18,"R_Date","SM1R3",,"likelihood",-2234.5,0.0000021988
18,"R_Date","SM1R3",,"likelihood",-2229.5,7.718e-7
18,"R_Date","SM1R3",,"likelihood",-2224.5,6.116e-7
18,"R_Date","SM1R3",,"likelihood",-2219.5,9.319e-7
18,"R_Date","SM1R3",,"likelihood",-2214.5,0.0000018348
18,"R_Date","SM1R3",,"likelihood",-2209.5,0.0000018639
18,"R_Date","SM1R3",,"likelihood",-2204.5,1.893e-7
18,"R_Date","SM1R3",,"likelihood",-2199.5,0
18,"R_Date","SM1R3",,"likelihood",-2194.5,0
18,"R_Date","SM1R3",,"likelihood",-2189.5,0
18,"R_Date","SM1R3",,"posterior",-2624.5,0
18,"R_Date","SM1R3",,"posterior",-2619.5,2.1358e-7
18,"R_Date","SM1R3",,"posterior",-2614.5,0.000005411
18,"R_Date","SM1R3",,"posterior",-2609.5,0.000005211
18,"R_Date","SM1R3",,"posterior",-2604.5,0.0000020789
18,"R_Date","SM1R3",,"posterior",-2599.5,0.0000010394
18,"R_Date","SM1R3",,"posterior",-2594.5,4.129e-7
18,"R_Date","SM1R3",,"posterior",-2589.5,0
18,"R_Date","SM1R3",,"posterior",-2584.5,8.401e-7
18,"R_Date","SM1R3",,"posterior",-2579.5,0.000007077
18,"R_Date","SM1R3",,"posterior",-2574.5,0.00025333
18,"R_Date","SM1R3",,"posterior",-2569.5,0.003821
18,"R_Date","SM1R3",,"posterior",-2564.5,0.011912
18,"R_Date","SM1R3",,"posterior",-2559.5,0.014024
18,"R_Date","SM1R3",,"posterior",-2554.5,0.012663
18,"R_Date","SM1R3",,"posterior",-2549.5,0.012069
18,"R_Date","SM1R3",,"posterior",-2544.5,0.012286
18,"R_Date","SM1R3",,"posterior",-2539.5,0.013306
18,"R_Date","SM1R3",,"posterior",-2534.5,0.014239
18,"R_Date","SM1R3",,"posterior",-2529.5,0.012677
18,"R_Date","SM1R3",,"posterior",-2524.5,0.009565
18,"R_Date","SM1R3",,"posterior",-2519.5,0.007124
18,"R_Date","SM1R3",,"posterior",-2514.5,0.003806
18,"R_Date","SM1R3",,"posterior",-2509.5,0.0015504
18,"R_Date","SM1R3",,"posterior",-2504.5,0.0014381
18,"R_Date","SM1R3",,"posterior",-2499.5,0.00427
18,"R_Date","SM1R3",,"posterior",-2494.5,0.011301
18,"R_Date","SM1R3",,"posterior",-2489.5,0.013682
18,"R_Date","SM1R3",,"posterior",-2484.5,0.012108
18,"R_Date","SM1R3",,"posterior",-2479.5,0.012496
18,"R_Date","SM1R3",,"posterior",-2474.5,0.011595
18,"R_Date","SM1R3",,"posterior",-2469.5,0.003661
18,"R_Date","SM1R3",,"posterior",-2464.5,0.00012916
18,"R_Date","SM1R3",,"posterior",-2459.5,0.0000010394
18,"R_Date","SM1R3",,"posterior",-2454.5,0
18,"R_Date","SM1R3",,"posterior",-2449.5,0
18,"R_Date","SM1R3",,"posterior",-2444.5,0
19,"R_Date","SM1R4",,"likelihood",-2874.5,0
19,"R_Date","SM1R4",,"likelihood",-2869.5,0
19,"R_Date","SM1R4",,"likelihood",-2864.5,0
19,"R_Date","SM1R4",,"likelihood",-2859.5,2.2935e-8
19,"R_Date","SM1R4",,"likelihood",-2854.5,8.027e-8
19,"R_Date","SM1R4",,"likelihood",-2849.5,2.7522e-7
19,"R_Date","SM1R4",,"likelihood",-2844.5,7.454e-7
19,"R_Date","SM1R4",,"likelihood",-2839.5,0.0000023623
19,"R_Date","SM1R4",,"likelihood",-2834.5,0.000006147
19,"R_Date","SM1R4",,"likelihood",-2829.5,0.000012167
19,"R_Date","SM1R4",,"likelihood",-2824.5,0.000015848
19,"R_Date","SM1R4",,"likelihood",-2819.5,0.000011341
19,"R_Date","SM1R4",,"likelihood",-2814.5,0.000004851
19,"R_Date","SM1R4",,"likelihood",-2809.5,5.504e-7
19,"R_Date","SM1R4",,"likelihood",-2804.5,3.44e-8
19,"R_Date","SM1R4",,"likelihood",-2799.5,0
19,"R_Date","SM1R4",,"likelihood",-2794.5,0
19,"R_Date","SM1R4",,"likelihood",-2789.5,0
19,"R_Date","SM1R4",,"likelihood",-2784.5,0
19,"R_Date","SM1R4",,"likelihood",-2779.5,0
19,"R_Date","SM1R4",,"likelihood",-2774.5,0
19,"R_Date","SM1R4",,"likelihood",-2769.5,1.1468e-8
19,"R_Date","SM1R4",,"likelihood",-2764.5,1.1468e-8
19,"R_Date","SM1R4",,"likelihood",-2759.5,1.1468e-8
19,"R_Date","SM1R4",,"likelihood",-2754.5,2.2935e-8
19,"R_Date","SM1R4",,"likelihood",-2749.5,6.881e-8
19,"R_Date","SM1R4",,"likelihood",-2744.5,3.555e-7
19,"R_Date","SM1R4",,"likelihood",-2739.5,0.0000013073
19,"R_Date","SM1R4",,"likelihood",-2734.5,0.0000019839
19,"R_Date","SM1R4",,"likelihood",-2729.5,8.601e-7
19,"R_Date","SM1R4",,"likelihood",-2724.5,2.6375e-7
19,"R_Date","SM1R4",,"likelihood",-2719.5,5.734e-8
19,"R_Date","SM1R4",,"likelihood",-2714.5,1.1468e-8
19,"R_Date","SM1R4",,"likelihood",-2709.5,0
19,"R_Date","SM1R4",,"likelihood",-2704.5,1.1468e-8
19,"R_Date","SM1R4",,"likelihood",-2699.5,8.027e-8
19,"R_Date","SM1R4",,"likelihood",-2694.5,6.422e-7
19,"R_Date","SM1R4",,"likelihood",-2689.5,0.0000010206
19,"R_Date","SM1R4",,"likelihood",-2684.5,7.569e-7
19,"R_Date","SM1R4",,"likelihood",-2679.5,6.995e-7
19,"R_Date","SM1R4",,"likelihood",-2674.5,8.142e-7
19,"R_Date","SM1R4",,"likelihood",-2669.5,0.0000029242
19,"R_Date","SM1R4",,"likelihood",-2664.5,0.000008624
19,"R_Date","SM1R4",,"likelihood",-2659.5,0.000025859
19,"R_Date","SM1R4",,"likelihood",-2654.5,0.00003537
19,"R_Date","SM1R4",,"likelihood",-2649.5,0.00001836
19,"R_Date","SM1R4",,"likelihood",-2644.5,0.000013165
19,"R_Date","SM1R4",,"likelihood",-2639.5,0.000006628
19,"R_Date","SM1R4",,"likelihood",-2634.5,0.000009392
19,"R_Date","SM1R4",,"likelihood",-2629.5,0.000018899
19,"R_Date","SM1R4",,"likelihood",-2624.5,0.00007691
19,"R_Date","SM1R4",,"likelihood",-2619.5,0.00026578
19,"R_Date","SM1R4",,"likelihood",-2614.5,0.0004906
19,"R_Date","SM1R4",,"likelihood",-2609.5,0.000445
19,"R_Date","SM1R4",,"likelihood",-2604.5,0.0003349
19,"R_Date","SM1R4",,"likelihood",-2599.5,0.000287
19,"R_Date","SM1R4",,"likelihood",-2594.5,0.00021949
19,"R_Date","SM1R4",,"likelihood",-2589.5,0.0001494
19,"R_Date","SM1R4",,"likelihood",-2584.5,0.00017379
19,"R_Date","SM1R4",,"likelihood",-2579.5,0.0003831
19,"R_Date","SM1R4",,"likelihood",-2574.5,0.0014341
19,"R_Date","SM1R4",,"likelihood",-2569.5,0.004763
19,"R_Date","SM1R4",,"likelihood",-2564.5,0.008997
19,"R_Date","SM1R4",,"likelihood",-2559.5,0.010854
19,"R_Date","SM1R4",,"likelihood",-2554.5,0.011314
19,"R_Date","SM1R4",,"likelihood",-2549.5,0.011403
19,"R_Date","SM1R4",,"likelihood",-2544.5,0.011378
19,"R_Date","SM1R4",,"likelihood",-2539.5,0.011243
19,"R_Date","SM1R4",,"likelihood",-2534.5,0.010553
19,"R_Date","SM1R4",,"likelihood",-2529.5,0.008959
19,"R_Date","SM1R4",,"likelihood",-2524.5,0.007427
19,"R_Date","SM1R4",,"likelihood",-2519.5,0.00656
19,"R_Date","SM1R4",,"likelihood",-2514.5,0.004908
19,"R_Date","SM1R4",,"likelihood",-2509.5,0.003273
19,"R_Date","SM1R4",,"likelihood",-2504.5,0.0030641
19,"R_Date","SM1R4",,"likelihood",-2499.5,0.004849
19,"R_Date","SM1R4",,"likelihood",-2494.5,0.008392
19,"R_Date","SM1R4",,"likelihood",-2489.5,0.011016
19,"R_Date","SM1R4",,"likelihood",-2484.5,0.011425
19,"R_Date","SM1R4",,"likelihood",-2479.5,0.011451
19,"R_Date","SM1R4",,"likelihood",-2474.5,0.011468
19,"R_Date","SM1R4",,"likelihood",-2469.5,0.010696
19,"R_Date","SM1R4",,"likelihood",-2464.5,0.004749
19,"R_Date","SM1R4",,"likelihood",-2459.5,0.0015351
19,"R_Date","SM1R4",,"likelihood",-2454.5,0.0004669
19,"R_Date","SM1R4",,"likelihood",-2449.5,0.0002224
19,"R_Date","SM1R4",,"likelihood",-2444.5,0.00017782
19,"R_Date","SM1R4",,"likelihood",-2439.5,0.00017482
19,"R_Date","SM1R4",,"likelihood",-2434.5,0.00013917
19,"R_Date","SM1R4",,"likelihood",-2429.5,0.00012276
19,"R_Date","SM1R4",,"likelihood",-2424.5,0.00012798
19,"R_Date","SM1R4",,"likelihood",-2419.5,0.00021803
19,"R_Date","SM1R4",,"likelihood",-2414.5,0.0004315
19,"R_Date","SM1R4",,"likelihood",-2409.5,0.0004653
19,"R_Date","SM1R4",,"likelihood",-2404.5,0.00023364
19,"R_Date","SM1R4",,"likelihood",-2399.5,0.00011958
19,"R_Date","SM1R4",,"likelihood",-2394.5,0.00005077
19,"R_Date","SM1R4",,"likelihood",-2389.5,0.00003306
19,"R_Date","SM1R4",,"likelihood",-2384.5,0.00005881
19,"R_Date","SM1R4",,"likelihood",-2379.5,0.00012642
19,"R_Date","SM1R4",,"likelihood",-2374.5,0.00023628
19,"R_Date","SM1R4",,"likelihood",-2369.5,0.0003479
19,"R_Date","SM1R4",,"likelihood",-2364.5,0.0003544
19,"R_Date","SM1R4",,"likelihood",-2359.5,0.0003672
19,"R_Date","SM1R4",,"likelihood",-2354.5,0.0003561
19,"R_Date","SM1R4",,"likelihood",-2349.5,0.00022057
19,"R_Date","SM1R4",,"likelihood",-2344.5,0.00007791
19,"R_Date","SM1R4",,"likelihood",-2339.5,0.000018142
19,"R_Date","SM1R4",,"likelihood",-2334.5,0.000004771
19,"R_Date","SM1R4",,"likelihood",-2329.5,0.000004105
19,"R_Date","SM1R4",,"likelihood",-2324.5,0.000005527
19,"R_Date","SM1R4",,"likelihood",-2319.5,0.000016651
19,"R_Date","SM1R4",,"likelihood",-2314.5,0.000023256
19,"R_Date","SM1R4",,"likelihood",-2309.5,0.000024713
19,"R_Date","SM1R4",,"likelihood",-2304.5,0.000019701
19,"R_Date","SM1R4",,"likelihood",-2299.5,0.00000961
19,"R_Date","SM1R4",,"likelihood",-2294.5,0.0000028669
19,"R_Date","SM1R4",,"likelihood",-2289.5,5.39e-7
19,"R_Date","SM1R4",,"likelihood",-2284.5,9.174e-8
19,"R_Date","SM1R4",,"likelihood",-2279.5,2.2935e-8
19,"R_Date","SM1R4",,"likelihood",-2274.5,0
19,"R_Date","SM1R4",,"likelihood",-2269.5,0
19,"R_Date","SM1R4",,"likelihood",-2264.5,0
19,"R_Date","SM1R4",,"likelihood",-2259.5,0
19,"R_Date","SM1R4",,"likelihood",-2254.5,0
19,"R_Date","SM1R4",,"likelihood",-2249.5,2.2935e-8
19,"R_Date","SM1R4",,"likelihood",-2244.5,1.0321e-7
19,"R_Date","SM1R4",,"likelihood",-2239.5,1.2614e-7
19,"R_Date","SM1R4",,"likelihood",-2234.5,5.734e-8
19,"R_Date","SM1R4",,"likelihood",-2229.5,1.1468e-8
19,"R_Date","SM1R4",,"likelihood",-2224.5,1.1468e-8
19,"R_Date","SM1R4",,"likelihood",-2219.5,2.2935e-8
19,"R_Date","SM1R4",,"likelihood",-2214.5,4.587e-8
19,"R_Date","SM1R4",,"likelihood",-2209.5,4.587e-8
19,"R_Date","SM1R4",,"likelihood",-2204.5,0
19,"R_Date","SM1R4",,"likelihood",-2199.5,0
19,"R_Date","SM1R4",,"likelihood",-2194.5,0
19,"R_Date","SM1R4",,"posterior",-2624.5,0
19,"R_Date","SM1R4",,"posterior",-2619.5,2.1358e-7
19,"R_Date","SM1R4",,"posterior",-2614.5,0.000005411
19,"R_Date","SM1R4",,"posterior",-2609.5,0.000005211
19,"R_Date","SM1R4",,"posterior",-2604.5,0.0000020789
19,"R_Date","SM1R4",,"posterior",-2599.5,0.0000010394
19,"R_Date","SM1R4",,"posterior",-2594.5,4.129e-7
19,"R_Date","SM1R4",,"posterior",-2589.5,0
19,"R_Date","SM1R4",,"posterior",-2584.5,8.401e-7
19,"R_Date","SM1R4",,"posterior",-2579.5,0.000007077
19,"R_Date","SM1R4",,"posterior",-2574.5,0.00025333
19,"R_Date","SM1R4",,"posterior",-2569.5,0.003821
19,"R_Date","SM1R4",,"posterior",-2564.5,0.011912
19,"R_Date","SM1R4",,"posterior",-2559.5,0.014024
19,"R_Date","SM1R4",,"posterior",-2554.5,0.012663
19,"R_Date","SM1R4",,"posterior",-2549.5,0.012069
19,"R_Date","SM1R4",,"posterior",-2544.5,0.012286
19,"R_Date","SM1R4",,"posterior",-2539.5,0.013306
19,"R_Date","SM1R4",,"posterior",-2534.5,0.014239
19,"R_Date","SM1R4",,"posterior",-2529.5,0.012677
19,"R_Date","SM1R4",,"posterior",-2524.5,0.009565
19,"R_Date","SM1R4",,"posterior",-2519.5,0.007124
19,"R_Date","SM1R4",,"posterior",-2514.5,0.003806
19,"R_Date","SM1R4",,"posterior",-2509.5,0.0015504
19,"R_Date","SM1R4",,"posterior",-2504.5,0.0014381
19,"R_Date","SM1R4",,"posterior",-2499.5,0.00427
19,"R_Date","SM1R4",,"posterior",-2494.5,0.011301
19,"R_Date","SM1R4",,"posterior",-2489.5,0.013682
19,"R_Date","SM1R4",,"posterior",-2484.5,0.012108
19,"R_Date","SM1R4",,"posterior",-2479.5,0.012496
19,"R_Date","SM1R4",,"posterior",-2474.5,0.011595
19,"R_Date","SM1R4",,"posterior",-2469.5,0.003661
19,"R_Date","SM1R4",,"posterior",-2464.5,0.00012916
19,"R_Date","SM1R4",,"posterior",-2459.5,0.0000010394
19,"R_Date","SM1R4",,"posterior",-2454.5,0
19,"R_Date","SM1R4",,"posterior",-2449.5,0
19,"R_Date","SM1R4",,"posterior",-2444.5,0
20,"R_Date","SM8",,"likelihood",-2869.5,0
20,"R_Date","SM8",,"likelihood",-2864.5,0
20,"R_Date","SM8",,"likelihood",-2859.5,0
20,"R_Date","SM8",,"likelihood",-2854.5,2.6055e-8
20,"R_Date","SM8",,"likelihood",-2849.5,7.817e-8
20,"R_Date","SM8",,"likelihood",-2844.5,2.2147e-7
20,"R_Date","SM8",,"likelihood",-2839.5,7.295e-7
20,"R_Date","SM8",,"likelihood",-2834.5,0.0000020583
20,"R_Date","SM8",,"likelihood",-2829.5,0.000004286
20,"R_Date","SM8",,"likelihood",-2824.5,0.000005706
20,"R_Date","SM8",,"likelihood",-2819.5,0.000003973
20,"R_Date","SM8",,"likelihood",-2814.5,0.0000016154
20,"R_Date","SM8",,"likelihood",-2809.5,1.5633e-7
20,"R_Date","SM8",,"likelihood",-2804.5,1.3027e-8
20,"R_Date","SM8",,"likelihood",-2799.5,0
20,"R_Date","SM8",,"likelihood",-2794.5,0
20,"R_Date","SM8",,"likelihood",-2789.5,0
20,"R_Date","SM8",,"likelihood",-2784.5,0
20,"R_Date","SM8",,"likelihood",-2779.5,0
20,"R_Date","SM8",,"likelihood",-2774.5,0
20,"R_Date","SM8",,"likelihood",-2769.5,0
20,"R_Date","SM8",,"likelihood",-2764.5,0
20,"R_Date","SM8",,"likelihood",-2759.5,0
20,"R_Date","SM8",,"likelihood",-2754.5,0
20,"R_Date","SM8",,"likelihood",-2749.5,1.3027e-8
20,"R_Date","SM8",,"likelihood",-2744.5,1.0422e-7
20,"R_Date","SM8",,"likelihood",-2739.5,3.908e-7
20,"R_Date","SM8",,"likelihood",-2734.5,6.253e-7
20,"R_Date","SM8",,"likelihood",-2729.5,2.4752e-7
20,"R_Date","SM8",,"likelihood",-2724.5,6.514e-8
20,"R_Date","SM8",,"likelihood",-2719.5,1.3027e-8
20,"R_Date","SM8",,"likelihood",-2714.5,0
20,"R_Date","SM8",,"likelihood",-2709.5,0
20,"R_Date","SM8",,"likelihood",-2704.5,0
20,"R_Date","SM8",,"likelihood",-2699.5,1.3027e-8
20,"R_Date","SM8",,"likelihood",-2694.5,1.8238e-7
20,"R_Date","SM8",,"likelihood",-2689.5,2.9963e-7
20,"R_Date","SM8",,"likelihood",-2684.5,2.2147e-7
20,"R_Date","SM8",,"likelihood",-2679.5,2.0844e-7
20,"R_Date","SM8",,"likelihood",-2674.5,2.345e-7
20,"R_Date","SM8",,"likelihood",-2669.5,9.64e-7
20,"R_Date","SM8",,"likelihood",-2664.5,0.0000030094
20,"R_Date","SM8",,"likelihood",-2659.5,0.000009992
20,"R_Date","SM8",,"likelihood",-2654.5,0.000014252
20,"R_Date","SM8",,"likelihood",-2649.5,0.000006905
20,"R_Date","SM8",,"likelihood",-2644.5,0.000004977
20,"R_Date","SM8",,"likelihood",-2639.5,0.0000023059
20,"R_Date","SM8",,"likelihood",-2634.5,0.000003348
20,"R_Date","SM8",,"likelihood",-2629.5,0.000007009
20,"R_Date","SM8",,"likelihood",-2624.5,0.00003266
20,"R_Date","SM8",,"likelihood",-2619.5,0.00012747
20,"R_Date","SM8",,"likelihood",-2614.5,0.00025183
20,"R_Date","SM8",,"likelihood",-2609.5,0.00022591
20,"R_Date","SM8",,"likelihood",-2604.5,0.00016688
20,"R_Date","SM8",,"likelihood",-2599.5,0.00014067
20,"R_Date","SM8",,"likelihood",-2594.5,0.00010323
20,"R_Date","SM8",,"likelihood",-2589.5,0.00006666
20,"R_Date","SM8",,"likelihood",-2584.5,0.00007981
20,"R_Date","SM8",,"likelihood",-2579.5,0.00019119
20,"R_Date","SM8",,"likelihood",-2574.5,0.0008442
20,"R_Date","SM8",,"likelihood",-2569.5,0.003451
20,"R_Date","SM8",,"likelihood",-2564.5,0.007834
20,"R_Date","SM8",,"likelihood",-2559.5,0.010512
20,"R_Date","SM8",,"likelihood",-2554.5,0.011499
20,"R_Date","SM8",,"likelihood",-2549.5,0.011776
20,"R_Date","SM8",,"likelihood",-2544.5,0.011689
20,"R_Date","SM8",,"likelihood",-2539.5,0.011313
20,"R_Date","SM8",,"likelihood",-2534.5,0.009997
20,"R_Date","SM8",,"likelihood",-2529.5,0.007787
20,"R_Date","SM8",,"likelihood",-2524.5,0.006037
20,"R_Date","SM8",,"likelihood",-2519.5,0.005142
20,"R_Date","SM8",,"likelihood",-2514.5,0.00358
20,"R_Date","SM8",,"likelihood",-2509.5,0.0021995
20,"R_Date","SM8",,"likelihood",-2504.5,0.0020349
20,"R_Date","SM8",,"likelihood",-2499.5,0.003561
20,"R_Date","SM8",,"likelihood",-2494.5,0.007112
20,"R_Date","SM8",,"likelihood",-2489.5,0.010819
20,"R_Date","SM8",,"likelihood",-2484.5,0.011859
20,"R_Date","SM8",,"likelihood",-2479.5,0.011589
20,"R_Date","SM8",,"likelihood",-2474.5,0.01163
20,"R_Date","SM8",,"likelihood",-2469.5,0.013028
20,"R_Date","SM8",,"likelihood",-2464.5,0.007564
20,"R_Date","SM8",,"likelihood",-2459.5,0.0029665
20,"R_Date","SM8",,"likelihood",-2454.5,0.0010543
20,"R_Date","SM8",,"likelihood",-2449.5,0.0005454
20,"R_Date","SM8",,"likelihood",-2444.5,0.0004464
20,"R_Date","SM8",,"likelihood",-2439.5,0.0004397
20,"R_Date","SM8",,"likelihood",-2434.5,0.0003627
20,"R_Date","SM8",,"likelihood",-2429.5,0.000324
20,"R_Date","SM8",,"likelihood",-2424.5,0.0003363
20,"R_Date","SM8",,"likelihood",-2419.5,0.0005359
20,"R_Date","SM8",,"likelihood",-2414.5,0.0009833
20,"R_Date","SM8",,"likelihood",-2409.5,0.0010511
20,"R_Date","SM8",,"likelihood",-2404.5,0.0005698
20,"R_Date","SM8",,"likelihood",-2399.5,0.00030441
20,"R_Date","SM8",,"likelihood",-2394.5,0.00014178
20,"R_Date","SM8",,"likelihood",-2389.5,0.0000973
20,"R_Date","SM8",,"likelihood",-2384.5,0.00016213
20,"R_Date","SM8",,"likelihood",-2379.5,0.0003243
20,"R_Date","SM8",,"likelihood",-2374.5,0.0005757
20,"R_Date","SM8",,"likelihood",-2369.5,0.0008125
20,"R_Date","SM8",,"likelihood",-2364.5,0.0008258
20,"R_Date","SM8",,"likelihood",-2359.5,0.0008426
20,"R_Date","SM8",,"likelihood",-2354.5,0.00082
20,"R_Date","SM8",,"likelihood",-2349.5,0.0005413
20,"R_Date","SM8",,"likelihood",-2344.5,0.0002122
20,"R_Date","SM8",,"likelihood",-2339.5,0.0000562
20,"R_Date","SM8",,"likelihood",-2334.5,0.000016688
20,"R_Date","SM8",,"likelihood",-2329.5,0.000014291
20,"R_Date","SM8",,"likelihood",-2324.5,0.000019124
20,"R_Date","SM8",,"likelihood",-2319.5,0.00005117
20,"R_Date","SM8",,"likelihood",-2314.5,0.0000695
20,"R_Date","SM8",,"likelihood",-2309.5,0.00007346
20,"R_Date","SM8",,"likelihood",-2304.5,0.00005971
20,"R_Date","SM8",,"likelihood",-2299.5,0.000031331
20,"R_Date","SM8",,"likelihood",-2294.5,0.000010422
20,"R_Date","SM8",,"likelihood",-2289.5,0.0000022147
20,"R_Date","SM8",,"likelihood",-2284.5,4.299e-7
20,"R_Date","SM8",,"likelihood",-2279.5,9.119e-8
20,"R_Date","SM8",,"likelihood",-2274.5,1.3027e-8
20,"R_Date","SM8",,"likelihood",-2269.5,1.3027e-8
20,"R_Date","SM8",,"likelihood",-2264.5,0
20,"R_Date","SM8",,"likelihood",-2259.5,0
20,"R_Date","SM8",,"likelihood",-2254.5,1.3027e-8
20,"R_Date","SM8",,"likelihood",-2249.5,1.0422e-7
20,"R_Date","SM8",,"likelihood",-2244.5,4.82e-7
20,"R_Date","SM8",,"likelihood",-2239.5,5.862e-7
20,"R_Date","SM8",,"likelihood",-2234.5,2.6055e-7
20,"R_Date","SM8",,"likelihood",-2229.5,7.817e-8
20,"R_Date","SM8",,"likelihood",-2224.5,6.514e-8
20,"R_Date","SM8",,"likelihood",-2219.5,1.0422e-7
20,"R_Date","SM8",,"likelihood",-2214.5,2.0844e-7
20,"R_Date","SM8",,"likelihood",-2209.5,2.2147e-7
20,"R_Date","SM8",,"likelihood",-2204.5,1.3027e-8
20,"R_Date","SM8",,"likelihood",-2199.5,0
20,"R_Date","SM8",,"likelihood",-2194.5,0
20,"R_Date","SM8",,"likelihood",-2189.5,0
20,"R_Date","SM8",,"posterior",-2679.5,0
20,"R_Date","SM8",,"posterior",-2674.5,2.0845e-7
20,"R_Date","SM8",,"posterior",-2669.5,0
20,"R_Date","SM8",,"posterior",-2664.5,8.338e-7
20,"R_Date","SM8",,"posterior",-2659.5,0.000005003
20,"R_Date","SM8",,"posterior",-2654.5,0.000005628
20,"R_Date","SM8",,"posterior",-2649.5,0.000003544
20,"R_Date","SM8",,"posterior",-2644.5,0.0000025014
20,"R_Date","SM8",,"posterior",-2639.5,0.0000020845
20,"R_Date","SM8",,"posterior",-2634.5,0.0000025014
20,"R_Date","SM8",,"posterior",-2629.5,0.000005003
20,"R_Date","SM8",,"posterior",-2624.5,0.000028128
20,"R_Date","SM8",,"posterior",-2619.5,0.00011667
20,"R_Date","SM8",,"posterior",-2614.5,0.00021855
20,"R_Date","SM8",,"posterior",-2609.5,0.00021104
20,"R_Date","SM8",,"posterior",-2604.5,0.00018312
20,"R_Date","SM8",,"posterior",-2599.5,0.0001375
20,"R_Date","SM8",,"posterior",-2594.5,0.00010459
20,"R_Date","SM8",,"posterior",-2589.5,0.00007771
20,"R_Date","SM8",,"posterior",-2584.5,0.00009688
20,"R_Date","SM8",,"posterior",-2579.5,0.00023062
20,"R_Date","SM8",,"posterior",-2574.5,0.0009835
20,"R_Date","SM8",,"posterior",-2569.5,0.003667
20,"R_Date","SM8",,"posterior",-2564.5,0.00782
20,"R_Date","SM8",,"posterior",-2559.5,0.010698
20,"R_Date","SM8",,"posterior",-2554.5,0.011956
20,"R_Date","SM8",,"posterior",-2549.5,0.012042
20,"R_Date","SM8",,"posterior",-2544.5,0.01226
20,"R_Date","SM8",,"posterior",-2539.5,0.011826
20,"R_Date","SM8",,"posterior",-2534.5,0.010204
20,"R_Date","SM8",,"posterior",-2529.5,0.008256
20,"R_Date","SM8",,"posterior",-2524.5,0.006374
20,"R_Date","SM8",,"posterior",-2519.5,0.005257
20,"R_Date","SM8",,"posterior",-2514.5,0.003767
20,"R_Date","SM8",,"posterior",-2509.5,0.0024706
20,"R_Date","SM8",,"posterior",-2504.5,0.0023331
20,"R_Date","SM8",,"posterior",-2499.5,0.003879
20,"R_Date","SM8",,"posterior",-2494.5,0.007422
20,"R_Date","SM8",,"posterior",-2489.5,0.010935
20,"R_Date","SM8",,"posterior",-2484.5,0.012216
20,"R_Date","SM8",,"posterior",-2479.5,0.012296
20,"R_Date","SM8",,"posterior",-2474.5,0.012558
20,"R_Date","SM8",,"posterior",-2469.5,0.013028
20,"R_Date","SM8",,"posterior",-2464.5,0.008166
20,"R_Date","SM8",,"posterior",-2459.5,0.003293
20,"R_Date","SM8",,"posterior",-2454.5,0.0011698
20,"R_Date","SM8",,"posterior",-2449.5,0.0005898
20,"R_Date","SM8",,"posterior",-2444.5,0.0004019
20,"R_Date","SM8",,"posterior",-2439.5,0.0003529
20,"R_Date","SM8",,"posterior",-2434.5,0.00025187
20,"R_Date","SM8",,"posterior",-2429.5,0.00021167
20,"R_Date","SM8",,"posterior",-2424.5,0.00017146
20,"R_Date","SM8",,"posterior",-2419.5,0.00025291
20,"R_Date","SM8",,"posterior",-2414.5,0.0003646
20,"R_Date","SM8",,"posterior",-2409.5,0.0003275
20,"R_Date","SM8",,"posterior",-2404.5,0.00016667
20,"R_Date","SM8",,"posterior",-2399.5,0.0000798
20,"R_Date","SM8",,"posterior",-2394.5,0.00003833
20,"R_Date","SM8",,"posterior",-2389.5,0.000023959
20,"R_Date","SM8",,"posterior",-2384.5,0.000024792
20,"R_Date","SM8",,"posterior",-2379.5,0.00004125
20,"R_Date","SM8",,"posterior",-2374.5,0.000065
20,"R_Date","SM8",,"posterior",-2369.5,0.00007813
20,"R_Date","SM8",,"posterior",-2364.5,0.00007584
20,"R_Date","SM8",,"posterior",-2359.5,0.00006416
20,"R_Date","SM8",,"posterior",-2354.5,0.00006062
20,"R_Date","SM8",,"posterior",-2349.5,0.000031254
20,"R_Date","SM8",,"posterior",-2344.5,0.000010631
20,"R_Date","SM8",,"posterior",-2339.5,0.0000016676
20,"R_Date","SM8",,"posterior",-2334.5,6.253e-7
20,"R_Date","SM8",,"posterior",-2329.5,4.169e-7
20,"R_Date","SM8",,"posterior",-2324.5,0.0000010422
20,"R_Date","SM8",,"posterior",-2319.5,8.338e-7
20,"R_Date","SM8",,"posterior",-2314.5,8.338e-7
21,"R_Date","SM11",,"likelihood",-2884.5,0
21,"R_Date","SM11",,"likelihood",-2879.5,0
21,"R_Date","SM11",,"likelihood",-2874.5,0
21,"R_Date","SM11",,"likelihood",-2869.5,1.0521e-8
21,"R_Date","SM11",,"likelihood",-2864.5,2.6303e-8
21,"R_Date","SM11",,"likelihood",-2859.5,5.787e-8
21,"R_Date","SM11",,"likelihood",-2854.5,1.2626e-7
21,"R_Date","SM11",,"likelihood",-2849.5,2.5251e-7
21,"R_Date","SM11",,"likelihood",-2844.5,4.998e-7
21,"R_Date","SM11",,"likelihood",-2839.5,0.0000010206
21,"R_Date","SM11",,"likelihood",-2834.5,0.0000018833
21,"R_Date","SM11",,"likelihood",-2829.5,0.0000029407
21,"R_Date","SM11",,"likelihood",-2824.5,0.000003498
21,"R_Date","SM11",,"likelihood",-2819.5,0.0000028039
21,"R_Date","SM11",,"likelihood",-2814.5,0.0000015519
21,"R_Date","SM11",,"likelihood",-2809.5,4.103e-7
21,"R_Date","SM11",,"likelihood",-2804.5,8.417e-8
21,"R_Date","SM11",,"likelihood",-2799.5,1.5782e-8
21,"R_Date","SM11",,"likelihood",-2794.5,5.261e-9
21,"R_Date","SM11",,"likelihood",-2789.5,0
21,"R_Date","SM11",,"likelihood",-2784.5,5.261e-9
21,"R_Date","SM11",,"likelihood",-2779.5,5.261e-9
21,"R_Date","SM11",,"likelihood",-2774.5,2.1043e-8
21,"R_Date","SM11",,"likelihood",-2769.5,2.6303e-8
21,"R_Date","SM11",,"likelihood",-2764.5,3.1564e-8
21,"R_Date","SM11",,"likelihood",-2759.5,3.682e-8
21,"R_Date","SM11",,"likelihood",-2754.5,5.261e-8
21,"R_Date","SM11",,"likelihood",-2749.5,1.1573e-7
21,"R_Date","SM11",,"likelihood",-2744.5,2.9986e-7
21,"R_Date","SM11",,"likelihood",-2739.5,6.681e-7
21,"R_Date","SM11",,"likelihood",-2734.5,8.733e-7
21,"R_Date","SM11",,"likelihood",-2729.5,5.418e-7
21,"R_Date","SM11",,"likelihood",-2724.5,2.4725e-7
21,"R_Date","SM11",,"likelihood",-2719.5,9.469e-8
21,"R_Date","SM11",,"likelihood",-2714.5,3.1564e-8
21,"R_Date","SM11",,"likelihood",-2709.5,2.1043e-8
21,"R_Date","SM11",,"likelihood",-2704.5,3.682e-8
21,"R_Date","SM11",,"likelihood",-2699.5,1.1573e-7
21,"R_Date","SM11",,"likelihood",-2694.5,4.051e-7
21,"R_Date","SM11",,"likelihood",-2689.5,5.734e-7
21,"R_Date","SM11",,"likelihood",-2684.5,4.735e-7
21,"R_Date","SM11",,"likelihood",-2679.5,4.261e-7
21,"R_Date","SM11",,"likelihood",-2674.5,4.945e-7
21,"R_Date","SM11",,"likelihood",-2669.5,0.0000010679
21,"R_Date","SM11",,"likelihood",-2664.5,0.0000022568
21,"R_Date","SM11",,"likelihood",-2659.5,0.000004566
21,"R_Date","SM11",,"likelihood",-2654.5,0.000005508
21,"R_Date","SM11",,"likelihood",-2649.5,0.000003609
21,"R_Date","SM11",,"likelihood",-2644.5,0.0000026777
21,"R_Date","SM11",,"likelihood",-2639.5,0.0000018202
21,"R_Date","SM11",,"likelihood",-2634.5,0.0000022989
21,"R_Date","SM11",,"likelihood",-2629.5,0.000003809
21,"R_Date","SM11",,"likelihood",-2624.5,0.000009822
21,"R_Date","SM11",,"likelihood",-2619.5,0.000024567
21,"R_Date","SM11",,"likelihood",-2614.5,0.00003964
21,"R_Date","SM11",,"likelihood",-2609.5,0.00003668
21,"R_Date","SM11",,"likelihood",-2604.5,0.000029018
21,"R_Date","SM11",,"likelihood",-2599.5,0.000025719
21,"R_Date","SM11",,"likelihood",-2594.5,0.000021232
21,"R_Date","SM11",,"likelihood",-2589.5,0.000016213
21,"R_Date","SM11",,"likelihood",-2584.5,0.000017823
21,"R_Date","SM11",,"likelihood",-2579.5,0.00003261
21,"R_Date","SM11",,"likelihood",-2574.5,0.00009745
21,"R_Date","SM11",,"likelihood",-2569.5,0.0003196
21,"R_Date","SM11",,"likelihood",-2564.5,0.0007658
21,"R_Date","SM11",,"likelihood",-2559.5,0.0011788
21,"R_Date","SM11",,"likelihood",-2554.5,0.0014075
21,"R_Date","SM11",,"likelihood",-2549.5,0.0014888
21,"R_Date","SM11",,"likelihood",-2544.5,0.0014621
21,"R_Date","SM11",,"likelihood",-2539.5,0.0013581
21,"R_Date","SM11",,"likelihood",-2534.5,0.0010826
21,"R_Date","SM11",,"likelihood",-2529.5,0.0007601
21,"R_Date","SM11",,"likelihood",-2524.5,0.0005629
21,"R_Date","SM11",,"likelihood",-2519.5,0.0004738
21,"R_Date","SM11",,"likelihood",-2514.5,0.0003309
21,"R_Date","SM11",,"likelihood",-2509.5,0.00021312
21,"R_Date","SM11",,"likelihood",-2504.5,0.00019931
21,"R_Date","SM11",,"likelihood",-2499.5,0.0003312
21,"R_Date","SM11",,"likelihood",-2494.5,0.0006799
21,"R_Date","SM11",,"likelihood",-2489.5,0.0012421
21,"R_Date","SM11",,"likelihood",-2484.5,0.0015158
21,"R_Date","SM11",,"likelihood",-2479.5,0.0013865
21,"R_Date","SM11",,"likelihood",-2474.5,0.0013966
21,"R_Date","SM11",,"likelihood",-2469.5,0.0024336
21,"R_Date","SM11",,"likelihood",-2464.5,0.004245
21,"R_Date","SM11",,"likelihood",-2459.5,0.005157
21,"R_Date","SM11",,"likelihood",-2454.5,0.005261
21,"R_Date","SM11",,"likelihood",-2449.5,0.005075
21,"R_Date","SM11",,"likelihood",-2444.5,0.004995
21,"R_Date","SM11",,"likelihood",-2439.5,0.004989
21,"R_Date","SM11",,"likelihood",-2434.5,0.004966
21,"R_Date","SM11",,"likelihood",-2429.5,0.004914
21,"R_Date","SM11",,"likelihood",-2424.5,0.004931
21,"R_Date","SM11",,"likelihood",-2419.5,0.00507
21,"R_Date","SM11",,"likelihood",-2414.5,0.005248
21,"R_Date","SM11",,"likelihood",-2409.5,0.00526
21,"R_Date","SM11",,"likelihood",-2404.5,0.00509
21,"R_Date","SM11",,"likelihood",-2399.5,0.004678
21,"R_Date","SM11",,"likelihood",-2394.5,0.004324
21,"R_Date","SM11",,"likelihood",-2389.5,0.004189
21,"R_Date","SM11",,"likelihood",-2384.5,0.004404
21,"R_Date","SM11",,"likelihood",-2379.5,0.004783
21,"R_Date","SM11",,"likelihood",-2374.5,0.005095
21,"R_Date","SM11",,"likelihood",-2369.5,0.005204
21,"R_Date","SM11",,"likelihood",-2364.5,0.005207
21,"R_Date","SM11",,"likelihood",-2359.5,0.005167
21,"R_Date","SM11",,"likelihood",-2354.5,0.005159
21,"R_Date","SM11",,"likelihood",-2349.5,0.005072
21,"R_Date","SM11",,"likelihood",-2344.5,0.004634
21,"R_Date","SM11",,"likelihood",-2339.5,0.00386
21,"R_Date","SM11",,"likelihood",-2334.5,0.003242
21,"R_Date","SM11",,"likelihood",-2329.5,0.003058
21,"R_Date","SM11",,"likelihood",-2324.5,0.003317
21,"R_Date","SM11",,"likelihood",-2319.5,0.00371
21,"R_Date","SM11",,"likelihood",-2314.5,0.003897
21,"R_Date","SM11",,"likelihood",-2309.5,0.00393
21,"R_Date","SM11",,"likelihood",-2304.5,0.003804
21,"R_Date","SM11",,"likelihood",-2299.5,0.00351
21,"R_Date","SM11",,"likelihood",-2294.5,0.0029809
21,"R_Date","SM11",,"likelihood",-2289.5,0.0022068
21,"R_Date","SM11",,"likelihood",-2284.5,0.0014808
21,"R_Date","SM11",,"likelihood",-2279.5,0.0010261
21,"R_Date","SM11",,"likelihood",-2274.5,0.0007008
21,"R_Date","SM11",,"likelihood",-2269.5,0.0005104
21,"R_Date","SM11",,"likelihood",-2264.5,0.0004041
21,"R_Date","SM11",,"likelihood",-2259.5,0.000437
21,"R_Date","SM11",,"likelihood",-2254.5,0.0006525
21,"R_Date","SM11",,"likelihood",-2249.5,0.0010623
21,"R_Date","SM11",,"likelihood",-2244.5,0.0015174
21,"R_Date","SM11",,"likelihood",-2239.5,0.0016632
21,"R_Date","SM11",,"likelihood",-2234.5,0.0013863
21,"R_Date","SM11",,"likelihood",-2229.5,0.0010588
21,"R_Date","SM11",,"likelihood",-2224.5,0.000943
21,"R_Date","SM11",,"likelihood",-2219.5,0.0010551
21,"R_Date","SM11",,"likelihood",-2214.5,0.0013221
21,"R_Date","SM11",,"likelihood",-2209.5,0.0012644
21,"R_Date","SM11",,"likelihood",-2204.5,0.0006837
21,"R_Date","SM11",,"likelihood",-2199.5,0.00022748
21,"R_Date","SM11",,"likelihood",-2194.5,0.00006304
21,"R_Date","SM11",,"likelihood",-2189.5,0.000024741
21,"R_Date","SM11",,"likelihood",-2184.5,0.000018812
21,"R_Date","SM11",,"likelihood",-2179.5,0.000025646
21,"R_Date","SM11",,"likelihood",-2174.5,0.00004375
21,"R_Date","SM11",,"likelihood",-2169.5,0.00007657
21,"R_Date","SM11",,"likelihood",-2164.5,0.00011741
21,"R_Date","SM11",,"likelihood",-2159.5,0.00015809
21,"R_Date","SM11",,"likelihood",-2154.5,0.00018444
21,"R_Date","SM11",,"likelihood",-2149.5,0.00014116
21,"R_Date","SM11",,"likelihood",-2144.5,0.0000645
21,"R_Date","SM11",,"likelihood",-2139.5,0.000021048
21,"R_Date","SM11",,"likelihood",-2134.5,0.000005892
21,"R_Date","SM11",,"likelihood",-2129.5,0.0000017676
21,"R_Date","SM11",,"likelihood",-2124.5,7.786e-7
21,"R_Date","SM11",,"likelihood",-2119.5,4.787e-7
21,"R_Date","SM11",,"likelihood",-2114.5,3.1038e-7
21,"R_Date","SM11",,"likelihood",-2109.5,1.999e-7
21,"R_Date","SM11",,"likelihood",-2104.5,1.736e-7
21,"R_Date","SM11",,"likelihood",-2099.5,2.5777e-7
21,"R_Date","SM11",,"likelihood",-2094.5,4.314e-7
21,"R_Date","SM11",,"likelihood",-2089.5,9.206e-7
21,"R_Date","SM11",,"likelihood",-2084.5,0.0000019412
21,"R_Date","SM11",,"likelihood",-2079.5,0.000003609
21,"R_Date","SM11",,"likelihood",-2074.5,0.000004829
21,"R_Date","SM11",,"likelihood",-2069.5,0.000005687
21,"R_Date","SM11",,"likelihood",-2064.5,0.000005334
21,"R_Date","SM11",,"likelihood",-2059.5,0.000003725
21,"R_Date","SM11",,"likelihood",-2054.5,0.000002846
21,"R_Date","SM11",,"likelihood",-2049.5,0.0000021674
21,"R_Date","SM11",,"likelihood",-2044.5,0.0000016624
21,"R_Date","SM11",,"likelihood",-2039.5,8.68e-7
21,"R_Date","SM11",,"likelihood",-2034.5,2.1043e-7
21,"R_Date","SM11",,"likelihood",-2029.5,5.261e-8
21,"R_Date","SM11",,"likelihood",-2024.5,1.5782e-8
21,"R_Date","SM11",,"likelihood",-2019.5,5.261e-9
21,"R_Date","SM11",,"likelihood",-2014.5,0
21,"R_Date","SM11",,"likelihood",-2009.5,0
21,"R_Date","SM11",,"likelihood",-2004.5,0
21,"R_Date","SM11",,"likelihood",-1999.5,0
21,"R_Date","SM11",,"likelihood",-1994.5,5.261e-9
21,"R_Date","SM11",,"likelihood",-1989.5,1.5782e-8
21,"R_Date","SM11",,"likelihood",-1984.5,1.5782e-8
21,"R_Date","SM11",,"likelihood",-1979.5,5.261e-9
21,"R_Date","SM11",,"likelihood",-1974.5,0
21,"R_Date","SM11",,"likelihood",-1969.5,0
21,"R_Date","SM11",,"posterior",-2674.5,0
21,"R_Date","SM11",,"posterior",-2669.5,6.185e-7
21,"R_Date","SM11",,"posterior",-2664.5,0.0000018717
21,"R_Date","SM11",,"posterior",-2659.5,0.000005631
21,"R_Date","SM11",,"posterior",-2654.5,0.000008545
21,"R_Date","SM11",,"posterior",-2649.5,0.000003743
21,"R_Date","SM11",,"posterior",-2644.5,0.000005631
21,"R_Date","SM11",,"posterior",-2639.5,0.000003548
21,"R_Date","SM11",,"posterior",-2634.5,0.00000459
21,"R_Date","SM11",,"posterior",-2629.5,0.000007715
21,"R_Date","SM11",,"posterior",-2624.5,0.000027913
21,"R_Date","SM11",,"posterior",-2619.5,0.00007104
21,"R_Date","SM11",,"posterior",-2614.5,0.00010875
21,"R_Date","SM11",,"posterior",-2609.5,0.00010229
21,"R_Date","SM11",,"posterior",-2604.5,0.00008542
21,"R_Date","SM11",,"posterior",-2599.5,0.00007542
21,"R_Date","SM11",,"posterior",-2594.5,0.00007209
21,"R_Date","SM11",,"posterior",-2589.5,0.00005999
21,"R_Date","SM11",,"posterior",-2584.5,0.00005999
21,"R_Date","SM11",,"posterior",-2579.5,0.00011875
21,"R_Date","SM11",,"posterior",-2574.5,0.0003558
21,"R_Date","SM11",,"posterior",-2569.5,0.001055
21,"R_Date","SM11",,"posterior",-2564.5,0.0024379
21,"R_Date","SM11",,"posterior",-2559.5,0.003841
21,"R_Date","SM11",,"posterior",-2554.5,0.004545
21,"R_Date","SM11",,"posterior",-2549.5,0.004902
21,"R_Date","SM11",,"posterior",-2544.5,0.004822
21,"R_Date","SM11",,"posterior",-2539.5,0.004369
21,"R_Date","SM11",,"posterior",-2534.5,0.00356
21,"R_Date","SM11",,"posterior",-2529.5,0.0025777
21,"R_Date","SM11",,"posterior",-2524.5,0.0018683
21,"R_Date","SM11",,"posterior",-2519.5,0.0015289
21,"R_Date","SM11",,"posterior",-2514.5,0.0010646
21,"R_Date","SM11",,"posterior",-2509.5,0.0007464
21,"R_Date","SM11",,"posterior",-2504.5,0.0006946
21,"R_Date","SM11",,"posterior",-2499.5,0.0011194
21,"R_Date","SM11",,"posterior",-2494.5,0.00222
21,"R_Date","SM11",,"posterior",-2489.5,0.003942
21,"R_Date","SM11",,"posterior",-2484.5,0.004801
21,"R_Date","SM11",,"posterior",-2479.5,0.004699
21,"R_Date","SM11",,"posterior",-2474.5,0.004938
21,"R_Date","SM11",,"posterior",-2469.5,0.008215
21,"R_Date","SM11",,"posterior",-2464.5,0.013506
21,"R_Date","SM11",,"posterior",-2459.5,0.016276
21,"R_Date","SM11",,"posterior",-2454.5,0.016212
21,"R_Date","SM11",,"posterior",-2449.5,0.014162
21,"R_Date","SM11",,"posterior",-2444.5,0.012016
21,"R_Date","SM11",,"posterior",-2439.5,0.010251
21,"R_Date","SM11",,"posterior",-2434.5,0.008545
21,"R_Date","SM11",,"posterior",-2429.5,0.006971
21,"R_Date","SM11",,"posterior",-2424.5,0.005658
21,"R_Date","SM11",,"posterior",-2419.5,0.004937
21,"R_Date","SM11",,"posterior",-2414.5,0.004098
21,"R_Date","SM11",,"posterior",-2409.5,0.003391
21,"R_Date","SM11",,"posterior",-2404.5,0.0026793
21,"R_Date","SM11",,"posterior",-2399.5,0.0021591
21,"R_Date","SM11",,"posterior",-2394.5,0.0015998
21,"R_Date","SM11",,"posterior",-2389.5,0.0012702
21,"R_Date","SM11",,"posterior",-2384.5,0.0011158
21,"R_Date","SM11",,"posterior",-2379.5,0.0010073
21,"R_Date","SM11",,"posterior",-2374.5,0.0009039
21,"R_Date","SM11",,"posterior",-2369.5,0.0007498
21,"R_Date","SM11",,"posterior",-2364.5,0.0006292
21,"R_Date","SM11",,"posterior",-2359.5,0.0005362
21,"R_Date","SM11",,"posterior",-2354.5,0.0004375
21,"R_Date","SM11",,"posterior",-2349.5,0.0003752
21,"R_Date","SM11",,"posterior",-2344.5,0.00028063
21,"R_Date","SM11",,"posterior",-2339.5,0.00019957
21,"R_Date","SM11",,"posterior",-2334.5,0.00016041
21,"R_Date","SM11",,"posterior",-2329.5,0.0001375
21,"R_Date","SM11",,"posterior",-2324.5,0.00012687
21,"R_Date","SM11",,"posterior",-2319.5,0.00010459
21,"R_Date","SM11",,"posterior",-2314.5,0.00008854
21,"R_Date","SM11",,"posterior",-2309.5,0.00007604
21,"R_Date","SM11",,"posterior",-2304.5,0.00006479
21,"R_Date","SM11",,"posterior",-2299.5,0.00005438
21,"R_Date","SM11",,"posterior",-2294.5,0.00003459
21,"R_Date","SM11",,"posterior",-2289.5,0.00002666
21,"R_Date","SM11",,"posterior",-2284.5,0.000015836
21,"R_Date","SM11",,"posterior",-2279.5,0.000012288
21,"R_Date","SM11",,"posterior",-2274.5,0.000003743
22,"R_Date","SM5",,"likelihood",-2584.5,0
22,"R_Date","SM5",,"likelihood",-2579.5,0
22,"R_Date","SM5",,"likelihood",-2574.5,0
22,"R_Date","SM5",,"likelihood",-2569.5,1.2431e-8
22,"R_Date","SM5",,"likelihood",-2564.5,2.4862e-7
22,"R_Date","SM5",,"likelihood",-2559.5,0.0000011685
22,"R_Date","SM5",,"likelihood",-2554.5,0.0000022687
22,"R_Date","SM5",,"likelihood",-2549.5,0.0000028032
22,"R_Date","SM5",,"likelihood",-2544.5,0.0000026168
22,"R_Date","SM5",,"likelihood",-2539.5,0.0000019828
22,"R_Date","SM5",,"likelihood",-2534.5,8.577e-7
22,"R_Date","SM5",,"likelihood",-2529.5,2.4241e-7
22,"R_Date","SM5",,"likelihood",-2524.5,8.702e-8
22,"R_Date","SM5",,"likelihood",-2519.5,4.972e-8
22,"R_Date","SM5",,"likelihood",-2514.5,1.2431e-8
22,"R_Date","SM5",,"likelihood",-2509.5,6.216e-9
22,"R_Date","SM5",,"likelihood",-2504.5,0
22,"R_Date","SM5",,"likelihood",-2499.5,1.8647e-8
22,"R_Date","SM5",,"likelihood",-2494.5,1.616e-7
22,"R_Date","SM5",,"likelihood",-2489.5,0.0000014171
22,"R_Date","SM5",,"likelihood",-2484.5,0.0000030021
22,"R_Date","SM5",,"likelihood",-2479.5,0.0000018212
22,"R_Date","SM5",,"likelihood",-2474.5,0.0000018709
22,"R_Date","SM5",,"likelihood",-2469.5,0.000015359
22,"R_Date","SM5",,"likelihood",-2464.5,0.00025223
22,"R_Date","SM5",,"likelihood",-2459.5,0.0011733
22,"R_Date","SM5",,"likelihood",-2454.5,0.00264
22,"R_Date","SM5",,"likelihood",-2449.5,0.003636
22,"R_Date","SM5",,"likelihood",-2444.5,0.003925
22,"R_Date","SM5",,"likelihood",-2439.5,0.003947
22,"R_Date","SM5",,"likelihood",-2434.5,0.004109
22,"R_Date","SM5",,"likelihood",-2429.5,0.004263
22,"R_Date","SM5",,"likelihood",-2424.5,0.004215
22,"R_Date","SM5",,"likelihood",-2419.5,0.00366
22,"R_Date","SM5",,"likelihood",-2414.5,0.0027468
22,"R_Date","SM5",,"likelihood",-2409.5,0.0026454
22,"R_Date","SM5",,"likelihood",-2404.5,0.003575
22,"R_Date","SM5",,"likelihood",-2399.5,0.004625
22,"R_Date","SM5",,"likelihood",-2394.5,0.005358
22,"R_Date","SM5",,"likelihood",-2389.5,0.005626
22,"R_Date","SM5",,"likelihood",-2384.5,0.005235
22,"R_Date","SM5",,"likelihood",-2379.5,0.004458
22,"R_Date","SM5",,"likelihood",-2374.5,0.003557
22,"R_Date","SM5",,"likelihood",-2369.5,0.003038
22,"R_Date","SM5",,"likelihood",-2364.5,0.003015
22,"R_Date","SM5",,"likelihood",-2359.5,0.0030959
22,"R_Date","SM5",,"likelihood",-2354.5,0.0031374
22,"R_Date","SM5",,"likelihood",-2349.5,0.003649
22,"R_Date","SM5",,"likelihood",-2344.5,0.004885
22,"R_Date","SM5",,"likelihood",-2339.5,0.005951
22,"R_Date","SM5",,"likelihood",-2334.5,0.00621
22,"R_Date","SM5",,"likelihood",-2329.5,0.006074
22,"R_Date","SM5",,"likelihood",-2324.5,0.006216
22,"R_Date","SM5",,"likelihood",-2319.5,0.00596
22,"R_Date","SM5",,"likelihood",-2314.5,0.00584
22,"R_Date","SM5",,"likelihood",-2309.5,0.005813
22,"R_Date","SM5",,"likelihood",-2304.5,0.005906
22,"R_Date","SM5",,"likelihood",-2299.5,0.006117
22,"R_Date","SM5",,"likelihood",-2294.5,0.006119
22,"R_Date","SM5",,"likelihood",-2289.5,0.005294
22,"R_Date","SM5",,"likelihood",-2284.5,0.003779
22,"R_Date","SM5",,"likelihood",-2279.5,0.0025849
22,"R_Date","SM5",,"likelihood",-2274.5,0.0016493
22,"R_Date","SM5",,"likelihood",-2269.5,0.0011059
22,"R_Date","SM5",,"likelihood",-2264.5,0.000805
22,"R_Date","SM5",,"likelihood",-2259.5,0.000895
22,"R_Date","SM5",,"likelihood",-2254.5,0.0015088
22,"R_Date","SM5",,"likelihood",-2249.5,0.0026859
22,"R_Date","SM5",,"likelihood",-2244.5,0.003867
22,"R_Date","SM5",,"likelihood",-2239.5,0.004243
22,"R_Date","SM5",,"likelihood",-2234.5,0.003575
22,"R_Date","SM5",,"likelihood",-2229.5,0.0026897
22,"R_Date","SM5",,"likelihood",-2224.5,0.0023495
22,"R_Date","SM5",,"likelihood",-2219.5,0.0026658
22,"R_Date","SM5",,"likelihood",-2214.5,0.003409
22,"R_Date","SM5",,"likelihood",-2209.5,0.003233
22,"R_Date","SM5",,"likelihood",-2204.5,0.0015995
22,"R_Date","SM5",,"likelihood",-2199.5,0.0003578
22,"R_Date","SM5",,"likelihood",-2194.5,0.00004784
22,"R_Date","SM5",,"likelihood",-2189.5,0.000010194
22,"R_Date","SM5",,"likelihood",-2184.5,0.000006408
22,"R_Date","SM5",,"likelihood",-2179.5,0.000010828
22,"R_Date","SM5",,"likelihood",-2174.5,0.000026373
22,"R_Date","SM5",,"likelihood",-2169.5,0.00006823
22,"R_Date","SM5",,"likelihood",-2164.5,0.00013276
22,"R_Date","SM5",,"likelihood",-2159.5,0.00020322
22,"R_Date","SM5",,"likelihood",-2154.5,0.00025655
22,"R_Date","SM5",,"likelihood",-2149.5,0.00017081
22,"R_Date","SM5",,"likelihood",-2144.5,0.00004966
22,"R_Date","SM5",,"likelihood",-2139.5,0.000008329
22,"R_Date","SM5",,"likelihood",-2134.5,0.0000010504
22,"R_Date","SM5",,"likelihood",-2129.5,1.3053e-7
22,"R_Date","SM5",,"likelihood",-2124.5,3.1078e-8
22,"R_Date","SM5",,"likelihood",-2119.5,1.2431e-8
22,"R_Date","SM5",,"likelihood",-2114.5,6.216e-9
22,"R_Date","SM5",,"likelihood",-2109.5,0
22,"R_Date","SM5",,"likelihood",-2104.5,0
22,"R_Date","SM5",,"likelihood",-2099.5,6.216e-9
22,"R_Date","SM5",,"likelihood",-2094.5,6.216e-9
22,"R_Date","SM5",,"likelihood",-2089.5,3.729e-8
22,"R_Date","SM5",,"likelihood",-2084.5,1.3674e-7
22,"R_Date","SM5",,"likelihood",-2079.5,4.04e-7
22,"R_Date","SM5",,"likelihood",-2074.5,6.029e-7
22,"R_Date","SM5",,"likelihood",-2069.5,8.95e-7
22,"R_Date","SM5",,"likelihood",-2064.5,8.826e-7
22,"R_Date","SM5",,"likelihood",-2059.5,4.227e-7
22,"R_Date","SM5",,"likelihood",-2054.5,2.6727e-7
22,"R_Date","SM5",,"likelihood",-2049.5,1.616e-7
22,"R_Date","SM5",,"likelihood",-2044.5,1.181e-7
22,"R_Date","SM5",,"likelihood",-2039.5,3.729e-8
22,"R_Date","SM5",,"likelihood",-2034.5,0
22,"R_Date","SM5",,"likelihood",-2029.5,0
22,"R_Date","SM5",,"likelihood",-2024.5,0
22,"R_Date","SM5",,"posterior",-2574.5,0
22,"R_Date","SM5",,"posterior",-2569.5,0.0000010331
22,"R_Date","SM5",,"posterior",-2564.5,0.000013548
22,"R_Date","SM5",,"posterior",-2559.5,0.00006293
22,"R_Date","SM5",,"posterior",-2554.5,0.0001173
22,"R_Date","SM5",,"posterior",-2549.5,0.00015458
22,"R_Date","SM5",,"posterior",-2544.5,0.00012625
22,"R_Date","SM5",,"posterior",-2539.5,0.00009791
22,"R_Date","SM5",,"posterior",-2534.5,0.00003728
22,"R_Date","SM5",,"posterior",-2529.5,0.000011039
22,"R_Date","SM5",,"posterior",-2524.5,0.000004575
22,"R_Date","SM5",,"posterior",-2519.5,0.0000014463
22,"R_Date","SM5",,"posterior",-2514.5,0
22,"R_Date","SM5",,"posterior",-2509.5,0
22,"R_Date","SM5",,"posterior",-2504.5,0
22,"R_Date","SM5",,"posterior",-2499.5,8.265e-7
22,"R_Date","SM5",,"posterior",-2494.5,0.000013755
22,"R_Date","SM5",,"posterior",-2489.5,0.00006438
22,"R_Date","SM5",,"posterior",-2484.5,0.00011937
22,"R_Date","SM5",,"posterior",-2479.5,0.00007707
22,"R_Date","SM5",,"posterior",-2474.5,0.00007146
22,"R_Date","SM5",,"posterior",-2469.5,0.0004475
22,"R_Date","SM5",,"posterior",-2464.5,0.00474
22,"R_Date","SM5",,"posterior",-2459.5,0.016193
22,"R_Date","SM5",,"posterior",-2454.5,0.027476
22,"R_Date","SM5",,"posterior",-2449.5,0.029517
22,"R_Date","SM5",,"posterior",-2444.5,0.024894
22,"R_Date","SM5",,"posterior",-2439.5,0.019762
22,"R_Date","SM5",,"posterior",-2434.5,0.015788
22,"R_Date","SM5",,"posterior",-2429.5,0.0128
22,"R_Date","SM5",,"posterior",-2424.5,0.010114
22,"R_Date","SM5",,"posterior",-2419.5,0.006808
22,"R_Date","SM5",,"posterior",-2414.5,0.00422
22,"R_Date","SM5",,"posterior",-2409.5,0.003317
22,"R_Date","SM5",,"posterior",-2404.5,0.003387
22,"R_Date","SM5",,"posterior",-2399.5,0.003545
22,"R_Date","SM5",,"posterior",-2394.5,0.003305
22,"R_Date","SM5",,"posterior",-2389.5,0.0028329
22,"R_Date","SM5",,"posterior",-2384.5,0.0020704
22,"R_Date","SM5",,"posterior",-2379.5,0.0015433
22,"R_Date","SM5",,"posterior",-2374.5,0.0009304
22,"R_Date","SM5",,"posterior",-2369.5,0.0007096
22,"R_Date","SM5",,"posterior",-2364.5,0.0005604
22,"R_Date","SM5",,"posterior",-2359.5,0.0004654
22,"R_Date","SM5",,"posterior",-2354.5,0.0003948
22,"R_Date","SM5",,"posterior",-2349.5,0.0003929
22,"R_Date","SM5",,"posterior",-2344.5,0.0004265
22,"R_Date","SM5",,"posterior",-2339.5,0.0003913
22,"R_Date","SM5",,"posterior",-2334.5,0.0003817
22,"R_Date","SM5",,"posterior",-2329.5,0.00029771
22,"R_Date","SM5",,"posterior",-2324.5,0.00025813
22,"R_Date","SM5",,"posterior",-2319.5,0.00021311
22,"R_Date","SM5",,"posterior",-2314.5,0.00017188
22,"R_Date","SM5",,"posterior",-2309.5,0.00015207
22,"R_Date","SM5",,"posterior",-2304.5,0.00011042
22,"R_Date","SM5",,"posterior",-2299.5,0.00010145
22,"R_Date","SM5",,"posterior",-2294.5,0.00008814
22,"R_Date","SM5",,"posterior",-2289.5,0.00005874
22,"R_Date","SM5",,"posterior",-2284.5,0.0000402
22,"R_Date","SM5",,"posterior",-2279.5,0.000020219
22,"R_Date","SM5",,"posterior",-2274.5,0.000014375
22,"R_Date","SM5",,"posterior",-2269.5,0.00000853
22,"R_Date","SM5",,"posterior",-2264.5,0.000002509
22,"R_Date","SM5",,"posterior",-2259.5,0.000002509
22,"R_Date","SM5",,"posterior",-2254.5,0.000004782
22,"R_Date","SM5",,"posterior",-2249.5,0.000006051
22,"R_Date","SM5",,"posterior",-2244.5,0.00001042
22,"R_Date","SM5",,"posterior",-2239.5,0.000011866
22,"R_Date","SM5",,"posterior",-2234.5,0.000007911
22,"R_Date","SM5",,"posterior",-2229.5,0.000006051
22,"R_Date","SM5",,"posterior",-2224.5,0.000006671
22,"R_Date","SM5",,"posterior",-2219.5,0.000005638
22,"R_Date","SM5",,"posterior",-2214.5,0.000007911
22,"R_Date","SM5",,"posterior",-2209.5,0.000003335
22,"R_Date","SM5",,"posterior",-2204.5,0.0000012397
23,"Interval","Cemetery Duration",,"posterior",102.5,0
23,"Interval","Cemetery Duration",,"posterior",107.5,0.000011252
23,"Interval","Cemetery Duration",,"posterior",112.5,0.00004667
23,"Interval","Cemetery Duration",,"posterior",117.5,0.00007312
23,"Interval","Cemetery Duration",,"posterior",122.5,0.00005792
23,"Interval","Cemetery Duration",,"posterior",127.5,0.000125
23,"Interval","Cemetery Duration",,"posterior",132.5,0.00028833
23,"Interval","Cemetery Duration",,"posterior",137.5,0.0006231
23,"Interval","Cemetery Duration",,"posterior",142.5,0.0008594
23,"Interval","Cemetery Duration",,"posterior",147.5,0.0011858
23,"Interval","Cemetery Duration",,"posterior",152.5,0.0016966
23,"Interval","Cemetery Duration",,"posterior",157.5,0.0022646
23,"Interval","Cemetery Duration",,"posterior",162.5,0.003185
23,"Interval","Cemetery Duration",,"posterior",167.5,0.003663
23,"Interval","Cemetery Duration",,"posterior",172.5,0.004375
23,"Interval","Cemetery Duration",,"posterior",177.5,0.005006
23,"Interval","Cemetery Duration",,"posterior",182.5,0.005455
23,"Interval","Cemetery Duration",,"posterior",187.5,0.006296
23,"Interval","Cemetery Duration",,"posterior",192.5,0.006458
23,"Interval","Cemetery Duration",,"posterior",197.5,0.007233
23,"Interval","Cemetery Duration",,"posterior",202.5,0.007399
23,"Interval","Cemetery Duration",,"posterior",207.5,0.007579
23,"Interval","Cemetery Duration",,"posterior",212.5,0.007868
23,"Interval","Cemetery Duration",,"posterior",217.5,0.007403
23,"Interval","Cemetery Duration",,"posterior",222.5,0.007642
23,"Interval","Cemetery Duration",,"posterior",227.5,0.007628
23,"Interval","Cemetery Duration",,"posterior",232.5,0.007288
23,"Interval","Cemetery Duration",,"posterior",237.5,0.007238
23,"Interval","Cemetery Duration",,"posterior",242.5,0.006985
23,"Interval","Cemetery Duration",,"posterior",247.5,0.006716
23,"Interval","Cemetery Duration",,"posterior",252.5,0.00613
23,"Interval","Cemetery Duration",,"posterior",257.5,0.005927
23,"Interval","Cemetery Duration",,"posterior",262.5,0.005532
23,"Interval","Cemetery Duration",,"posterior",267.5,0.00527
23,"Interval","Cemetery Duration",,"posterior",272.5,0.004641
23,"Interval","Cemetery Duration",,"posterior",277.5,0.00435
23,"Interval","Cemetery Duration",,"posterior",282.5,0.00378
23,"Interval","Cemetery Duration",,"posterior",287.5,0.003575
23,"Interval","Cemetery Duration",,"posterior",292.5,0.003309
23,"Interval","Cemetery Duration",,"posterior",297.5,0.0029337
23,"Interval","Cemetery Duration",,"posterior",302.5,0.0028127
23,"Interval","Cemetery Duration",,"posterior",307.5,0.0025727
23,"Interval","Cemetery Duration",,"posterior",312.5,0.0023116
23,"Interval","Cemetery Duration",,"posterior",317.5,0.0021883
23,"Interval","Cemetery Duration",,"posterior",322.5,0.0019302
23,"Interval","Cemetery Duration",,"posterior",327.5,0.0017762
23,"Interval","Cemetery Duration",,"posterior",332.5,0.0017129
23,"Interval","Cemetery Duration",,"posterior",337.5,0.0015037
23,"Interval","Cemetery Duration",,"posterior",342.5,0.0013112
23,"Interval","Cemetery Duration",,"posterior",347.5,0.0011914
23,"Interval","Cemetery Duration",,"posterior",352.5,0.00115
23,"Interval","Cemetery Duration",,"posterior",357.5,0.001035
23,"Interval","Cemetery Duration",,"posterior",362.5,0.0008598
23,"Interval","Cemetery Duration",,"posterior",367.5,0.0007792
23,"Interval","Cemetery Duration",,"posterior",372.5,0.0007123
23,"Interval","Cemetery Duration",,"posterior",377.5,0.0007556
23,"Interval","Cemetery Duration",,"posterior",382.5,0.000605
23,"Interval","Cemetery Duration",,"posterior",387.5,0.000554
23,"Interval","Cemetery Duration",,"posterior",392.5,0.0005162
23,"Interval","Cemetery Duration",,"posterior",397.5,0.0004658
23,"Interval","Cemetery Duration",,"posterior",402.5,0.0004558
23,"Interval","Cemetery Duration",,"posterior",407.5,0.0003875
23,"Interval","Cemetery Duration",,"posterior",412.5,0.0003396
23,"Interval","Cemetery Duration",,"posterior",417.5,0.00031062
23,"Interval","Cemetery Duration",,"posterior",422.5,0.00030604
23,"Interval","Cemetery Duration",,"posterior",427.5,0.00027791
23,"Interval","Cemetery Duration",,"posterior",432.5,0.00023854
23,"Interval","Cemetery Duration",,"posterior",437.5,0.00023916
23,"Interval","Cemetery Duration",,"posterior",442.5,0.00019146
23,"Interval","Cemetery Duration",,"posterior",447.5,0.00018541
23,"Interval","Cemetery Duration",,"posterior",452.5,0.00018104
23,"Interval","Cemetery Duration",,"posterior",457.5,0.00015916
23,"Interval","Cemetery Duration",,"posterior",462.5,0.00014083
23,"Interval","Cemetery Duration",,"posterior",467.5,0.00014083
23,"Interval","Cemetery Duration",,"posterior",472.5,0.00013916
23,"Interval","Cemetery Duration",,"posterior",477.5,0.00013125
23,"Interval","Cemetery Duration",,"posterior",482.5,0.00010979
23,"Interval","Cemetery Duration",,"posterior",487.5,0.00010083
23,"Interval","Cemetery Duration",,"posterior",492.5,0.00008791
23,"Interval","Cemetery Duration",,"posterior",497.5,0.00008375
23,"Interval","Cemetery Duration",,"posterior",502.5,0.00007583
23,"Interval","Cemetery Duration",,"posterior",507.5,0.00005875
23,"Interval","Cemetery Duration",,"posterior",512.5,0.00006479
23,"Interval","Cemetery Duration",,"posterior",517.5,0.00006229
23,"Interval","Cemetery Duration",,"posterior",522.5,0.00005833
23,"Interval","Cemetery Duration",,"posterior",527.5,0.00004896
23,"Interval","Cemetery Duration",,"posterior",532.5,0.000045
23,"Interval","Cemetery Duration",,"posterior",537.5,0.00003333
23,"Interval","Cemetery Duration",,"posterior",542.5,0.00003854
23,"Interval","Cemetery Duration",,"posterior",547.5,0.0000425
23,"Interval","Cemetery Duration",,"posterior",552.5,0.000028334
23,"Interval","Cemetery Duration",,"posterior",557.5,0.000026879
23,"Interval","Cemetery Duration",,"posterior",562.5,0.000021253
23,"Interval","Cemetery Duration",,"posterior",567.5,0.000024376
23,"Interval","Cemetery Duration",,"posterior",572.5,0.000028956
23,"Interval","Cemetery Duration",,"posterior",577.5,0.000022913
23,"Interval","Cemetery Duration",,"posterior",582.5,0.000016665
23,"Interval","Cemetery Duration",,"posterior",587.5,0.000020002
23,"Interval","Cemetery Duration",,"posterior",592.5,0.000012086
23,"Interval","Cemetery Duration",,"posterior",597.5,0.000015831
23,"Interval","Cemetery Duration",,"posterior",602.5,0.000014163
23,"Interval","Cemetery Duration",,"posterior",607.5,0.000016665
23,"Interval","Cemetery Duration",,"posterior",612.5,0.000011252
23,"Interval","Cemetery Duration",,"posterior",617.5,0.000008545
23,"Interval","Cemetery Duration",,"posterior",622.5,0.000012291
23,"Interval","Cemetery Duration",,"posterior",627.5,0.000011669
23,"Interval","Cemetery Duration",,"posterior",632.5,0.000008545
23,"Interval","Cemetery Duration",,"posterior",637.5,0.000008545
23,"Interval","Cemetery Duration",,"posterior",642.5,0.000005831
23,"Interval","Cemetery Duration",,"posterior",647.5,0.000006043
23,"Interval","Cemetery Duration",,"posterior",652.5,0.000004579
23,"Interval","Cemetery Duration",,"posterior",657.5,0.000004996
23,"Interval","Cemetery Duration",,"posterior",662.5,0.000006665
23,"Interval","Cemetery Duration",,"posterior",667.5,0.000007082
23,"Interval","Cemetery Duration",,"posterior",672.5,0.000005626
23,"Interval","Cemetery Duration",,"posterior",677.5,0.000004996
23,"Interval","Cemetery Duration",,"posterior",682.5,0.000006877
23,"Interval","Cemetery Duration",,"posterior",687.5,0.000003753
23,"Interval","Cemetery Duration",,"posterior",692.5,0.000004792
23,"Interval","Cemetery Duration",,"posterior",697.5,0.0000027067
23,"Interval","Cemetery Duration",,"posterior",702.5,0.0000025022
23,"Interval","Cemetery Duration",,"posterior",707.5,0.000004579
23,"Interval","Cemetery Duration",,"posterior",712.5,0.000003753
23,"Interval","Cemetery Duration",,"posterior",717.5,0.0000016681
23,"Interval","Cemetery Duration",,"posterior",722.5,0.0000020851
23,"Interval","Cemetery Duration",,"posterior",727.5,0.0000022897
23,"Interval","Cemetery Duration",,"posterior",732.5,0.0000012511
23,"Interval","Cemetery Duration",,"posterior",737.5,0.0000020851
23,"Interval","Cemetery Duration",,"posterior",742.5,0.0000027067
23,"Interval","Cemetery Duration",,"posterior",747.5,0.0000018727
23,"Interval","Cemetery Duration",,"posterior",752.5,0.0000027067
23,"Interval","Cemetery Duration",,"posterior",757.5,8.341e-7
23,"Interval","Cemetery Duration",,"posterior",762.5,0.0000012511
23,"Interval","Cemetery Duration",,"posterior",767.5,8.341e-7
23,"Interval","Cemetery Duration",,"posterior",772.5,0.0000018727
23,"Interval","Cemetery Duration",,"posterior",777.5,8.341e-7
23,"Interval","Cemetery Duration",,"posterior",782.5,4.17e-7
23,"Interval","Cemetery Duration",,"posterior",787.5,0.0000016681
23,"Interval","Cemetery Duration",,"posterior",792.5,0.0000012511
23,"Interval","Cemetery Duration",,"posterior",797.5,0.0000010386
23,"Interval","Cemetery Duration",,"posterior",802.5,0.0000010386
23,"Interval","Cemetery Duration",,"posterior",807.5,4.17e-7
23,"Interval","Cemetery Duration",,"posterior",812.5,8.341e-7
23,"Interval","Cemetery Duration",,"posterior",817.5,4.17e-7
23,"Interval","Cemetery Duration",,"posterior",822.5,0.0000010386
23,"Interval","Cemetery Duration",,"posterior",827.5,2.0458e-7
23,"Interval","Cemetery Duration",,"posterior",832.5,0
23,"Interval","Cemetery Duration",,"posterior",837.5,8.341e-7
23,"Interval","Cemetery Duration",,"posterior",842.5,4.17e-7
23,"Interval","Cemetery Duration",,"posterior",847.5,8.341e-7
23,"Interval","Cemetery Duration",,"posterior",852.5,4.17e-7
23,"Interval","Cemetery Duration",,"posterior",857.5,4.17e-7
23,"Interval","Cemetery Duration",,"posterior",862.5,6.216e-7
23,"Interval","Cemetery Duration",,"posterior",867.5,2.0458e-7
23,"Interval","Cemetery Duration",,"posterior",872.5,6.216e-7
23,"Interval","Cemetery Duration",,"posterior",877.5,2.0458e-7
23,"Interval","Cemetery Duration",,"posterior",882.5,6.216e-7
23,"Interval","Cemetery Duration",,"posterior",887.5,6.216e-7
23,"Interval","Cemetery Duration",,"posterior",892.5,6.216e-7
23,"Interval","Cemetery Duration",,"posterior",897.5,0
23,"Interval","Cemetery Duration",,"posterior",902.5,2.0458e-7
23,"Interval","Cemetery Duration",,"posterior",907.5,0
23,"Interval","Cemetery Duration",,"posterior",912.5,0
23,"Interval","Cemetery Duration",,"posterior",917.5,0
23,"Interval","Cemetery Duration",,"posterior",922.5,2.0458e-7
23,"Interval","Cemetery Duration",,"posterior",927.5,2.0458e-7
23,"Interval","Cemetery Duration",,"posterior",932.5,0
23,"Interval","Cemetery Duration",,"posterior",937.5,0
23,"Interval","Cemetery Duration",,"posterior",942.5,0
23,"Interval","Cemetery Duration",,"posterior",947.5,0
23,"Interval","Cemetery Duration",,"posterior",952.5,8.341e-7
23,"Interval","Cemetery Duration",,"posterior",957.5,4.17e-7
23,"Interval","Cemetery Duration",,"posterior",962.5,6.216e-7
23,"Interval","Cemetery Duration",,"posterior",967.5,2.0458e-7
23,"Interval","Cemetery Duration",,"posterior",972.5,2.0458e-7
23,"Interval","Cemetery Duration",,"posterior",977.5,4.17e-7
23,"Interval","Cemetery Duration",,"posterior",982.5,2.0458e-7
23,"Interval","Cemetery Duration",,"posterior",987.5,2.0458e-7
23,"Interval","Cemetery Duration",,"posterior",992.5,2.0458e-7
23,"Interval","Cemetery Duration",,"posterior",997.5,2.0458e-7
23,"Interval","Cemetery Duration",,"posterior",1002.5,4.17e-7
23,"Interval","Cemetery Duration",,"posterior",1007.5,2.0458e-7
23,"Interval","Cemetery Duration",,"posterior",1012.5,2.0458e-7
23,"Interval","Cemetery Duration",,"posterior",1017.5,2.0458e-7
24,"Boundary","Cemetery End",,"posterior",-2494.5,0
24,"Boundary","Cemetery End",,"posterior",-2489.5,0.00007813
24,"Boundary","Cemetery End",,"posterior",-2484.5,0.00009209
24,"Boundary","Cemetery End",,"posterior",-2479.5,0.00008333
24,"Boundary","Cemetery End",,"posterior",-2474.5,0.00018271
24,"Boundary","Cemetery End",,"posterior",-2469.5,0.00010875
24,"Boundary","Cemetery End",,"posterior",-2464.5,0.000631
24,"Boundary","Cemetery End",,"posterior",-2459.5,0.0028225
24,"Boundary","Cemetery End",,"posterior",-2454.5,0.00737
24,"Boundary","Cemetery End",,"posterior",-2449.5,0.012523
24,"Boundary","Cemetery End",,"posterior",-2444.5,0.015575
24,"Boundary","Cemetery End",,"posterior",-2439.5,0.016885
24,"Boundary","Cemetery End",,"posterior",-2434.5,0.016386
24,"Boundary","Cemetery End",,"posterior",-2429.5,0.016182
24,"Boundary","Cemetery End",,"posterior",-2424.5,0.014847
24,"Boundary","Cemetery End",,"posterior",-2419.5,0.013233
24,"Boundary","Cemetery End",,"posterior",-2414.5,0.011103
24,"Boundary","Cemetery End",,"posterior",-2409.5,0.009538
24,"Boundary","Cemetery End",,"posterior",-2404.5,0.008164
24,"Boundary","Cemetery End",,"posterior",-2399.5,0.006833
24,"Boundary","Cemetery End",,"posterior",-2394.5,0.006388
24,"Boundary","Cemetery End",,"posterior",-2389.5,0.005724
24,"Boundary","Cemetery End",,"posterior",-2384.5,0.005069
24,"Boundary","Cemetery End",,"posterior",-2379.5,0.004157
24,"Boundary","Cemetery End",,"posterior",-2374.5,0.00358
24,"Boundary","Cemetery End",,"posterior",-2369.5,0.003178
24,"Boundary","Cemetery End",,"posterior",-2364.5,0.0026073
24,"Boundary","Cemetery End",,"posterior",-2359.5,0.0023706
24,"Boundary","Cemetery End",,"posterior",-2354.5,0.0019717
24,"Boundary","Cemetery End",,"posterior",-2349.5,0.0016015
24,"Boundary","Cemetery End",,"posterior",-2344.5,0.0013473
24,"Boundary","Cemetery End",,"posterior",-2339.5,0.0012465
24,"Boundary","Cemetery End",,"posterior",-2334.5,0.0010254
24,"Boundary","Cemetery End",,"posterior",-2329.5,0.0009417
24,"Boundary","Cemetery End",,"posterior",-2324.5,0.0007667
24,"Boundary","Cemetery End",,"posterior",-2319.5,0.0007548
24,"Boundary","Cemetery End",,"posterior",-2314.5,0.0006192
24,"Boundary","Cemetery End",,"posterior",-2309.5,0.0004965
24,"Boundary","Cemetery End",,"posterior",-2304.5,0.000474
24,"Boundary","Cemetery End",,"posterior",-2299.5,0.0004485
24,"Boundary","Cemetery End",,"posterior",-2294.5,0.0003537
24,"Boundary","Cemetery End",,"posterior",-2289.5,0.0003317
24,"Boundary","Cemetery End",,"posterior",-2284.5,0.00026001
24,"Boundary","Cemetery End",,"posterior",-2279.5,0.00020479
24,"Boundary","Cemetery End",,"posterior",-2274.5,0.00022583
24,"Boundary","Cemetery End",,"posterior",-2269.5,0.00016834
24,"Boundary","Cemetery End",,"posterior",-2264.5,0.00012417
24,"Boundary","Cemetery End",,"posterior",-2259.5,0.00012312
24,"Boundary","Cemetery End",,"posterior",-2254.5,0.00010188
24,"Boundary","Cemetery End",,"posterior",-2249.5,0.00008625
24,"Boundary","Cemetery End",,"posterior",-2244.5,0.00008647
24,"Boundary","Cemetery End",,"posterior",-2239.5,0.00006063
24,"Boundary","Cemetery End",,"posterior",-2234.5,0.00005209
24,"Boundary","Cemetery End",,"posterior",-2229.5,0.00004604
24,"Boundary","Cemetery End",,"posterior",-2224.5,0.00004312
24,"Boundary","Cemetery End",,"posterior",-2219.5,0.00004145
24,"Boundary","Cemetery End",,"posterior",-2214.5,0.00002916
24,"Boundary","Cemetery End",,"posterior",-2209.5,0.000026036
24,"Boundary","Cemetery End",,"posterior",-2204.5,0.000029379
24,"Boundary","Cemetery End",,"posterior",-2199.5,0.000020008
24,"Boundary","Cemetery End",,"posterior",-2194.5,0.000018337
24,"Boundary","Cemetery End",,"posterior",-2189.5,0.000023335
24,"Boundary","Cemetery End",,"posterior",-2184.5,0.000019164
24,"Boundary","Cemetery End",,"posterior",-2179.5,0.000011465
24,"Boundary","Cemetery End",,"posterior",-2174.5,0.000011043
24,"Boundary","Cemetery End",,"posterior",-2169.5,0.000008121
24,"Boundary","Cemetery End",,"posterior",-2164.5,0.000009371
24,"Boundary","Cemetery End",,"posterior",-2159.5,0.000010215
24,"Boundary","Cemetery End",,"posterior",-2154.5,0.000003951
24,"Boundary","Cemetery End",,"posterior",-2149.5,0.000007294
24,"Boundary","Cemetery End",,"posterior",-2144.5,0.000006669
24,"Boundary","Cemetery End",,"posterior",-2139.5,0.000004998
24,"Boundary","Cemetery End",,"posterior",-2134.5,0.000003326
24,"Boundary","Cemetery End",,"posterior",-2129.5,0.00000417
24,"Boundary","Cemetery End",,"posterior",-2124.5,0.0000031237
24,"Boundary","Cemetery End",,"posterior",-2119.5,0.0000027015
24,"Boundary","Cemetery End",,"posterior",-2114.5,0.0000031237
24,"Boundary","Cemetery End",,"posterior",-2109.5,0.0000031237
24,"Boundary","Cemetery End",,"posterior",-2104.5,0.0000020768
24,"Boundary","Cemetery End",,"posterior",-2099.5,0.0000022963
24,"Boundary","Cemetery End",,"posterior",-2094.5,0.0000012495
24,"Boundary","Cemetery End",,"posterior",-2089.5,0.0000022963
24,"Boundary","Cemetery End",,"posterior",-2084.5,0.0000018742
24,"Boundary","Cemetery End",,"posterior",-2079.5,0.0000014521
24,"Boundary","Cemetery End",,"posterior",-2074.5,0.0000020768
24,"Boundary","Cemetery End",,"posterior",-2069.5,4.221e-7
24,"Boundary","Cemetery End",,"posterior",-2064.5,0.0000016716
24,"Boundary","Cemetery End",,"posterior",-2059.5,0.0000016716
24,"Boundary","Cemetery End",,"posterior",-2054.5,0.0000018742
24,"Boundary","Cemetery End",,"posterior",-2049.5,6.247e-7
24,"Boundary","Cemetery End",,"posterior",-2044.5,6.247e-7
24,"Boundary","Cemetery End",,"posterior",-2039.5,4.221e-7
24,"Boundary","Cemetery End",,"posterior",-2034.5,0.0000010468
24,"Boundary","Cemetery End",,"posterior",-2029.5,2.0262e-7
24,"Boundary","Cemetery End",,"posterior",-2024.5,0
24,"Boundary","Cemetery End",,"posterior",-2019.5,0.0000010468
24,"Boundary","Cemetery End",,"posterior",-2014.5,6.247e-7
24,"Boundary","Cemetery End",,"posterior",-2009.5,2.0262e-7
24,"Boundary","Cemetery End",,"posterior",-2004.5,4.221e-7
24,"Boundary","Cemetery End",,"posterior",-1999.5,4.221e-7
24,"Boundary","Cemetery End",,"posterior",-1994.5,4.221e-7
24,"Boundary","Cemetery End",,"posterior",-1989.5,2.0262e-7
24,"Boundary","Cemetery End",,"posterior",-1984.5,0
24,"Boundary","Cemetery End",,"posterior",-1979.5,4.221e-7
24,"Boundary","Cemetery End",,"posterior",-1974.5,2.0262e-7
24,"Boundary","Cemetery End",,"posterior",-1969.5,2.0262e-7
24,"Boundary","Cemetery End",,"posterior",-1964.5,2.0262e-7
24,"Boundary","Cemetery End",,"posterior",-1959.5,2.0262e-7
24,"Boundary","Cemetery End",,"posterior",-1954.5,4.221e-7
24,"Boundary","Cemetery End",,"posterior",-1949.5,0
24,"Boundary","Cemetery End",,"posterior",-1944.5,0
24,"Boundary","Cemetery End",,"posterior",-1939.5,2.0262e-7
24,"Boundary","Cemetery End",,"posterior",-1934.5,2.0262e-7
24,"Boundary","Cemetery End",,"posterior",-1929.5,4.221e-7
24,"Boundary","Cemetery End",,"posterior",-1924.5,2.0262e-7
24,"Boundary","Cemetery End",,"posterior",-1919.5,0
24,"Boundary","Cemetery End",,"posterior",-1914.5,4.221e-7
24,"Boundary","Cemetery End",,"posterior",-1909.5,2.0262e-7
24,"Boundary","Cemetery End",,"posterior",-1904.5,0
