"index","op","name","z","type","value","probability"
2,"Boundary","Cemetery Start",,"posterior",-3404.5,0
2,"Boundary","Cemetery Start",,"posterior",-3399.5,5.915e-8
2,"Boundary","Cemetery Start",,"posterior",-3394.5,5.915e-8
2,"Boundary","Cemetery Start",,"posterior",-3389.5,3.1548e-7
2,"Boundary","Cemetery Start",,"posterior",-3384.5,3.549e-7
2,"Boundary","Cemetery Start",,"posterior",-3379.5,2.5632e-7
2,"Boundary","Cemetery Start",,"posterior",-3374.5,8.873e-7
2,"Boundary","Cemetery Start",,"posterior",-3369.5,9.859e-8
2,"Boundary","Cemetery Start",,"posterior",-3364.5,5.126e-7
2,"Boundary","Cemetery Start",,"posterior",-3359.5,3.549e-7
2,"Boundary","Cemetery Start",,"posterior",-3354.5,0.0000026618
2,"Boundary","Cemetery Start",,"posterior",-3349.5,0.00000209
2,"Boundary","Cemetery Start",,"posterior",-3344.5,0.0000024055
2,"Boundary","Cemetery Start",,"posterior",-3339.5,0.000006822
2,"Boundary","Cemetery Start",,"posterior",-3334.5,0.000006664
2,"Boundary","Cemetery Start",,"posterior",-3329.5,0.0000019323
2,"Boundary","Cemetery Start",,"posterior",-3324.5,0.000004949
2,"Boundary","Cemetery Start",,"posterior",-3319.5,0.000006724
2,"Boundary","Cemetery Start",,"posterior",-3314.5,0.000016089
2,"Boundary","Cemetery Start",,"posterior",-3309.5,0.000005521
2,"Boundary","Cemetery Start",,"posterior",-3304.5,0.000005994
2,"Boundary","Cemetery Start",,"posterior",-3299.5,0.000009011
2,"Boundary","Cemetery Start",,"posterior",-3294.5,0.000015675
2,"Boundary","Cemetery Start",,"posterior",-3289.5,0.00001047
2,"Boundary","Cemetery Start",,"posterior",-3284.5,0.000016148
2,"Boundary","Cemetery Start",,"posterior",-3279.5,0.000015103
2,"Boundary","Cemetery Start",,"posterior",-3274.5,0.000018495
2,"Boundary","Cemetery Start",,"posterior",-3269.5,0.00000907
2,"Boundary","Cemetery Start",,"posterior",-3264.5,0.000016661
2,"Boundary","Cemetery Start",,"posterior",-3259.5,0.000012185
2,"Boundary","Cemetery Start",,"posterior",-3254.5,0.000020407
2,"Boundary","Cemetery Start",,"posterior",-3249.5,0.000016622
2,"Boundary","Cemetery Start",,"posterior",-3244.5,0.000009839
2,"Boundary","Cemetery Start",,"posterior",-3239.5,0.000010095
2,"Boundary","Cemetery Start",,"posterior",-3234.5,0.000018495
2,"Boundary","Cemetery Start",,"posterior",-3229.5,0.000013802
2,"Boundary","Cemetery Start",,"posterior",-3224.5,0.000022241
2,"Boundary","Cemetery Start",,"posterior",-3219.5,0.000021511
2,"Boundary","Cemetery Start",,"posterior",-3214.5,0.000031193
2,"Boundary","Cemetery Start",,"posterior",-3209.5,0.00004369
2,"Boundary","Cemetery Start",,"posterior",-3204.5,0.0000528
2,"Boundary","Cemetery Start",,"posterior",-3199.5,0.000075
2,"Boundary","Cemetery Start",,"posterior",-3194.5,0.00013021
2,"Boundary","Cemetery Start",,"posterior",-3189.5,0.00018869
2,"Boundary","Cemetery Start",,"posterior",-3184.5,0.00026021
2,"Boundary","Cemetery Start",,"posterior",-3179.5,0.0003331
2,"Boundary","Cemetery Start",,"posterior",-3174.5,0.0004218
2,"Boundary","Cemetery Start",,"posterior",-3169.5,0.0004861
2,"Boundary","Cemetery Start",,"posterior",-3164.5,0.0005491
2,"Boundary","Cemetery Start",,"posterior",-3159.5,0.0006229
2,"Boundary","Cemetery Start",,"posterior",-3154.5,0.0006964
2,"Boundary","Cemetery Start",,"posterior",-3149.5,0.0009577
2,"Boundary","Cemetery Start",,"posterior",-3144.5,0.0015196
2,"Boundary","Cemetery Start",,"posterior",-3139.5,0.0024289
2,"Boundary","Cemetery Start",,"posterior",-3134.5,0.003633
2,"Boundary","Cemetery Start",,"posterior",-3129.5,0.005309
2,"Boundary","Cemetery Start",,"posterior",-3124.5,0.007866
2,"Boundary","Cemetery Start",,"posterior",-3119.5,0.011318
2,"Boundary","Cemetery Start",,"posterior",-3114.5,0.015305
2,"Boundary","Cemetery Start",,"posterior",-3109.5,0.019431
2,"Boundary","Cemetery Start",,"posterior",-3104.5,0.019717
2,"Boundary","Cemetery Start",,"posterior",-3099.5,0.014579
2,"Boundary","Cemetery Start",,"posterior",-3094.5,0.009182
2,"Boundary","Cemetery Start",,"posterior",-3089.5,0.005804
2,"Boundary","Cemetery Start",,"posterior",-3084.5,0.004419
2,"Boundary","Cemetery Start",,"posterior",-3079.5,0.004275
2,"Boundary","Cemetery Start",,"posterior",-3074.5,0.005374
2,"Boundary","Cemetery Start",,"posterior",-3069.5,0.007824
2,"Boundary","Cemetery Start",,"posterior",-3064.5,0.012173
2,"Boundary","Cemetery Start",,"posterior",-3059.5,0.016354
2,"Boundary","Cemetery Start",,"posterior",-3054.5,0.015247
2,"Boundary","Cemetery Start",,"posterior",-3049.5,0.009102
2,"Boundary","Cemetery Start",,"posterior",-3044.5,0.003174
2,"Boundary","Cemetery Start",,"posterior",-3039.5,0.000703
2,"Boundary","Cemetery Start",,"posterior",-3034.5,0.00009417
2,"Boundary","Cemetery Start",,"posterior",-3029.5,0
4,"R_Date","NM20",,"likelihood",-3504.5,0
4,"R_Date","NM20",,"likelihood",-3499.5,0
4,"R_Date","NM20",,"likelihood",-3494.5,0
4,"R_Date","NM20",,"likelihood",-3489.5,1.512e-8
4,"R_Date","NM20",,"likelihood",-3484.5,2.2176e-7
4,"R_Date","NM20",,"likelihood",-3479.5,7.258e-7
4,"R_Date","NM20",,"likelihood",-3474.5,5.443e-7
4,"R_Date","NM20",,"likelihood",-3469.5,1.4112e-7
4,"R_Date","NM20",,"likelihood",-3464.5,1.512e-8
4,"R_Date","NM20",,"likelihood",-3459.5,5.04e-9
4,"R_Date","NM20",,"likelihood",-3454.5,0
4,"R_Date","NM20",,"likelihood",-3449.5,0
4,"R_Date","NM20",,"likelihood",-3444.5,0
4,"R_Date","NM20",,"likelihood",-3439.5,0
4,"R_Date","NM20",,"likelihood",-3434.5,0
4,"R_Date","NM20",,"likelihood",-3429.5,0
4,"R_Date","NM20",,"likelihood",-3424.5,0
4,"R_Date","NM20",,"likelihood",-3419.5,0
4,"R_Date","NM20",,"likelihood",-3414.5,0
4,"R_Date","NM20",,"likelihood",-3409.5,0
4,"R_Date","NM20",,"likelihood",-3404.5,0
4,"R_Date","NM20",,"likelihood",-3399.5,0
4,"R_Date","NM20",,"likelihood",-3394.5,0
4,"R_Date","NM20",,"likelihood",-3389.5,0
4,"R_Date","NM20",,"likelihood",-3384.5,0
4,"R_Date","NM20",,"likelihood",-3379.5,0
4,"R_Date","NM20",,"likelihood",-3374.5,5.04e-9
4,"R_Date","NM20",,"likelihood",-3369.5,6.25e-7
4,"R_Date","NM20",,"likelihood",-3364.5,0.000025341
4,"R_Date","NM20",,"likelihood",-3359.5,0.00023847
4,"R_Date","NM20",,"likelihood",-3354.5,0.0008426
4,"R_Date","NM20",,"likelihood",-3349.5,0.0016292
4,"R_Date","NM20",,"likelihood",-3344.5,0.0023981
4,"R_Date","NM20",,"likelihood",-3339.5,0.003346
4,"R_Date","NM20",,"likelihood",-3334.5,0.004552
4,"R_Date","NM20",,"likelihood",-3329.5,0.004953
4,"R_Date","NM20",,"likelihood",-3324.5,0.004671
4,"R_Date","NM20",,"likelihood",-3319.5,0.004093
4,"R_Date","NM20",,"likelihood",-3314.5,0.003627
4,"R_Date","NM20",,"likelihood",-3309.5,0.003223
4,"R_Date","NM20",,"likelihood",-3304.5,0.0029134
4,"R_Date","NM20",,"likelihood",-3299.5,0.0029093
4,"R_Date","NM20",,"likelihood",-3294.5,0.003442
4,"R_Date","NM20",,"likelihood",-3289.5,0.003851
4,"R_Date","NM20",,"likelihood",-3284.5,0.003442
4,"R_Date","NM20",,"likelihood",-3279.5,0.0027077
4,"R_Date","NM20",,"likelihood",-3274.5,0.0029093
4,"R_Date","NM20",,"likelihood",-3269.5,0.003427
4,"R_Date","NM20",,"likelihood",-3264.5,0.0030162
4,"R_Date","NM20",,"likelihood",-3259.5,0.0018045
4,"R_Date","NM20",,"likelihood",-3254.5,0.0013446
4,"R_Date","NM20",,"likelihood",-3249.5,0.0018045
4,"R_Date","NM20",,"likelihood",-3244.5,0.0024047
4,"R_Date","NM20",,"likelihood",-3239.5,0.00323
4,"R_Date","NM20",,"likelihood",-3234.5,0.004226
4,"R_Date","NM20",,"likelihood",-3229.5,0.004671
4,"R_Date","NM20",,"likelihood",-3224.5,0.004894
4,"R_Date","NM20",,"likelihood",-3219.5,0.004933
4,"R_Date","NM20",,"likelihood",-3214.5,0.00504
4,"R_Date","NM20",,"likelihood",-3209.5,0.004489
4,"R_Date","NM20",,"likelihood",-3204.5,0.003859
4,"R_Date","NM20",,"likelihood",-3199.5,0.003555
4,"R_Date","NM20",,"likelihood",-3194.5,0.004011
4,"R_Date","NM20",,"likelihood",-3189.5,0.004651
4,"R_Date","NM20",,"likelihood",-3184.5,0.004944
4,"R_Date","NM20",,"likelihood",-3179.5,0.004598
4,"R_Date","NM20",,"likelihood",-3174.5,0.004093
4,"R_Date","NM20",,"likelihood",-3169.5,0.003627
4,"R_Date","NM20",,"likelihood",-3164.5,0.003601
4,"R_Date","NM20",,"likelihood",-3159.5,0.003963
4,"R_Date","NM20",,"likelihood",-3154.5,0.004724
4,"R_Date","NM20",,"likelihood",-3149.5,0.004858
4,"R_Date","NM20",,"likelihood",-3144.5,0.004727
4,"R_Date","NM20",,"likelihood",-3139.5,0.004651
4,"R_Date","NM20",,"likelihood",-3134.5,0.004801
4,"R_Date","NM20",,"likelihood",-3129.5,0.004866
4,"R_Date","NM20",,"likelihood",-3124.5,0.004866
4,"R_Date","NM20",,"likelihood",-3119.5,0.004857
4,"R_Date","NM20",,"likelihood",-3114.5,0.004799
4,"R_Date","NM20",,"likelihood",-3109.5,0.004769
4,"R_Date","NM20",,"likelihood",-3104.5,0.004207
4,"R_Date","NM20",,"likelihood",-3099.5,0.0024229
4,"R_Date","NM20",,"likelihood",-3094.5,0.0008853
4,"R_Date","NM20",,"likelihood",-3089.5,0.0003225
4,"R_Date","NM20",,"likelihood",-3084.5,0.00015153
4,"R_Date","NM20",,"likelihood",-3079.5,0.00008696
4,"R_Date","NM20",,"likelihood",-3074.5,0.0000369
4,"R_Date","NM20",,"likelihood",-3069.5,0.000021193
4,"R_Date","NM20",,"likelihood",-3064.5,0.000031435
4,"R_Date","NM20",,"likelihood",-3059.5,0.0000763
4,"R_Date","NM20",,"likelihood",-3054.5,0.00023322
4,"R_Date","NM20",,"likelihood",-3049.5,0.0003566
4,"R_Date","NM20",,"likelihood",-3044.5,0.0003957
4,"R_Date","NM20",,"likelihood",-3039.5,0.000366
4,"R_Date","NM20",,"likelihood",-3034.5,0.000317
4,"R_Date","NM20",,"likelihood",-3029.5,0.0001598
4,"R_Date","NM20",,"likelihood",-3024.5,0.00002963
4,"R_Date","NM20",,"likelihood",-3019.5,0.000008815
4,"R_Date","NM20",,"likelihood",-3014.5,0.000003261
4,"R_Date","NM20",,"likelihood",-3009.5,7.963e-7
4,"R_Date","NM20",,"likelihood",-3004.5,1.3608e-7
4,"R_Date","NM20",,"likelihood",-2999.5,5.544e-8
4,"R_Date","NM20",,"likelihood",-2994.5,4.032e-8
4,"R_Date","NM20",,"likelihood",-2989.5,1.008e-7
4,"R_Date","NM20",,"likelihood",-2984.5,3.931e-7
4,"R_Date","NM20",,"likelihood",-2979.5,5.292e-7
4,"R_Date","NM20",,"likelihood",-2974.5,7.812e-7
4,"R_Date","NM20",,"likelihood",-2969.5,0.0000014717
4,"R_Date","NM20",,"likelihood",-2964.5,6.955e-7
4,"R_Date","NM20",,"likelihood",-2959.5,5.292e-7
4,"R_Date","NM20",,"likelihood",-2954.5,4.687e-7
4,"R_Date","NM20",,"likelihood",-2949.5,5.292e-7
4,"R_Date","NM20",,"likelihood",-2944.5,7.308e-7
4,"R_Date","NM20",,"likelihood",-2939.5,0.000001129
4,"R_Date","NM20",,"likelihood",-2934.5,8.316e-7
4,"R_Date","NM20",,"likelihood",-2929.5,2.4192e-7
4,"R_Date","NM20",,"likelihood",-2924.5,5.04e-8
4,"R_Date","NM20",,"likelihood",-2919.5,1.008e-8
4,"R_Date","NM20",,"likelihood",-2914.5,0
4,"R_Date","NM20",,"likelihood",-2909.5,0
4,"R_Date","NM20",,"likelihood",-2904.5,0
4,"R_Date","NM20",,"posterior",-3364.5,0
4,"R_Date","NM20",,"posterior",-3359.5,0
4,"R_Date","NM20",,"posterior",-3354.5,0
4,"R_Date","NM20",,"posterior",-3349.5,2.0154e-7
4,"R_Date","NM20",,"posterior",-3344.5,0
4,"R_Date","NM20",,"posterior",-3339.5,4.479e-8
4,"R_Date","NM20",,"posterior",-3334.5,3.1351e-7
4,"R_Date","NM20",,"posterior",-3329.5,0.0000010525
4,"R_Date","NM20",,"posterior",-3324.5,9.853e-7
4,"R_Date","NM20",,"posterior",-3319.5,6.27e-7
4,"R_Date","NM20",,"posterior",-3314.5,5.822e-7
4,"R_Date","NM20",,"posterior",-3309.5,8.286e-7
4,"R_Date","NM20",,"posterior",-3304.5,5.15e-7
4,"R_Date","NM20",,"posterior",-3299.5,0.000001254
4,"R_Date","NM20",,"posterior",-3294.5,0.000001254
4,"R_Date","NM20",,"posterior",-3289.5,0.0000014556
4,"R_Date","NM20",,"posterior",-3284.5,0.0000020826
4,"R_Date","NM20",,"posterior",-3279.5,0.0000019706
4,"R_Date","NM20",,"posterior",-3274.5,0.0000025081
4,"R_Date","NM20",,"posterior",-3269.5,0.0000023513
4,"R_Date","NM20",,"posterior",-3264.5,0.00000318
4,"R_Date","NM20",,"posterior",-3259.5,0.0000022841
4,"R_Date","NM20",,"posterior",-3254.5,0.0000011421
4,"R_Date","NM20",,"posterior",-3249.5,0.000003852
4,"R_Date","NM20",,"posterior",-3244.5,0.0000030231
4,"R_Date","NM20",,"posterior",-3239.5,0.000004479
4,"R_Date","NM20",,"posterior",-3234.5,0.000006516
4,"R_Date","NM20",,"posterior",-3229.5,0.000009383
4,"R_Date","NM20",,"posterior",-3224.5,0.000007771
4,"R_Date","NM20",,"posterior",-3219.5,0.000009786
4,"R_Date","NM20",,"posterior",-3214.5,0.000011712
4,"R_Date","NM20",,"posterior",-3209.5,0.000013862
4,"R_Date","NM20",,"posterior",-3204.5,0.000013906
4,"R_Date","NM20",,"posterior",-3199.5,0.000015563
4,"R_Date","NM20",,"posterior",-3194.5,0.000020669
4,"R_Date","NM20",,"posterior",-3189.5,0.000029537
4,"R_Date","NM20",,"posterior",-3184.5,0.00004808
4,"R_Date","NM20",,"posterior",-3179.5,0.00006501
4,"R_Date","NM20",,"posterior",-3174.5,0.00006859
4,"R_Date","NM20",,"posterior",-3169.5,0.00009719
4,"R_Date","NM20",,"posterior",-3164.5,0.00012186
4,"R_Date","NM20",,"posterior",-3159.5,0.00017469
4,"R_Date","NM20",,"posterior",-3154.5,0.00024068
4,"R_Date","NM20",,"posterior",-3149.5,0.0003365
4,"R_Date","NM20",,"posterior",-3144.5,0.0004434
4,"R_Date","NM20",,"posterior",-3139.5,0.0006439
4,"R_Date","NM20",,"posterior",-3134.5,0.0010373
4,"R_Date","NM20",,"posterior",-3129.5,0.0016947
4,"R_Date","NM20",,"posterior",-3124.5,0.0028409
4,"R_Date","NM20",,"posterior",-3119.5,0.004744
4,"R_Date","NM20",,"posterior",-3114.5,0.007964
4,"R_Date","NM20",,"posterior",-3109.5,0.013482
4,"R_Date","NM20",,"posterior",-3104.5,0.020035
4,"R_Date","NM20",,"posterior",-3099.5,0.018633
4,"R_Date","NM20",,"posterior",-3094.5,0.010267
4,"R_Date","NM20",,"posterior",-3089.5,0.004726
4,"R_Date","NM20",,"posterior",-3084.5,0.0025166
4,"R_Date","NM20",,"posterior",-3079.5,0.0015517
4,"R_Date","NM20",,"posterior",-3074.5,0.0008122
4,"R_Date","NM20",,"posterior",-3069.5,0.0005687
4,"R_Date","NM20",,"posterior",-3064.5,0.0010096
4,"R_Date","NM20",,"posterior",-3059.5,0.0030737
4,"R_Date","NM20",,"posterior",-3054.5,0.010232
4,"R_Date","NM20",,"posterior",-3049.5,0.018463
4,"R_Date","NM20",,"posterior",-3044.5,0.022393
4,"R_Date","NM20",,"posterior",-3039.5,0.021456
4,"R_Date","NM20",,"posterior",-3034.5,0.017899
4,"R_Date","NM20",,"posterior",-3029.5,0.009168
4,"R_Date","NM20",,"posterior",-3024.5,0.0021225
4,"R_Date","NM20",,"posterior",-3019.5,0.0005775
4,"R_Date","NM20",,"posterior",-3014.5,0.0001989
4,"R_Date","NM20",,"posterior",-3009.5,0.00004447
4,"R_Date","NM20",,"posterior",-3004.5,0.000009786
4,"R_Date","NM20",,"posterior",-2999.5,0.0000025528
4,"R_Date","NM20",,"posterior",-2994.5,0.0000015004
4,"R_Date","NM20",,"posterior",-2989.5,0.000003695
4,"R_Date","NM20",,"posterior",-2984.5,0.000007771
4,"R_Date","NM20",,"posterior",-2979.5,0.000009069
4,"R_Date","NM20",,"posterior",-2974.5,0.000010055
4,"R_Date","NM20",,"posterior",-2969.5,0.000012809
4,"R_Date","NM20",,"posterior",-2964.5,0.000004949
4,"R_Date","NM20",,"posterior",-2959.5,0.0000030679
4,"R_Date","NM20",,"posterior",-2954.5,0.0000018139
4,"R_Date","NM20",,"posterior",-2949.5,0.0000016123
4,"R_Date","NM20",,"posterior",-2944.5,0.0000015004
4,"R_Date","NM20",,"posterior",-2939.5,0.0000019258
4,"R_Date","NM20",,"posterior",-2934.5,6.718e-7
5,"R_Date","NM28",,"likelihood",-3499.5,0
5,"R_Date","NM28",,"likelihood",-3494.5,0
5,"R_Date","NM28",,"likelihood",-3489.5,0
5,"R_Date","NM28",,"likelihood",-3484.5,2.7358e-8
5,"R_Date","NM28",,"likelihood",-3479.5,7.752e-8
5,"R_Date","NM28",,"likelihood",-3474.5,5.928e-8
5,"R_Date","NM28",,"likelihood",-3469.5,1.8239e-8
5,"R_Date","NM28",,"likelihood",-3464.5,0
5,"R_Date","NM28",,"likelihood",-3459.5,0
5,"R_Date","NM28",,"likelihood",-3454.5,0
5,"R_Date","NM28",,"likelihood",-3449.5,0
5,"R_Date","NM28",,"likelihood",-3444.5,0
5,"R_Date","NM28",,"likelihood",-3439.5,0
5,"R_Date","NM28",,"likelihood",-3434.5,0
5,"R_Date","NM28",,"likelihood",-3429.5,0
5,"R_Date","NM28",,"likelihood",-3424.5,0
5,"R_Date","NM28",,"likelihood",-3419.5,0
5,"R_Date","NM28",,"likelihood",-3414.5,0
5,"R_Date","NM28",,"likelihood",-3409.5,0
5,"R_Date","NM28",,"likelihood",-3404.5,0
5,"R_Date","NM28",,"likelihood",-3399.5,0
5,"R_Date","NM28",,"likelihood",-3394.5,0
5,"R_Date","NM28",,"likelihood",-3389.5,0
5,"R_Date","NM28",,"likelihood",-3384.5,0
5,"R_Date","NM28",,"likelihood",-3379.5,0
5,"R_Date","NM28",,"likelihood",-3374.5,0
5,"R_Date","NM28",,"likelihood",-3369.5,6.84e-8
5,"R_Date","NM28",,"likelihood",-3364.5,0.0000026857
5,"R_Date","NM28",,"likelihood",-3359.5,0.000029315
5,"R_Date","NM28",,"likelihood",-3354.5,0.0001277
5,"R_Date","NM28",,"likelihood",-3349.5,0.00030712
5,"R_Date","NM28",,"likelihood",-3344.5,0.0005002
5,"R_Date","NM28",,"likelihood",-3339.5,0.0008527
5,"R_Date","NM28",,"likelihood",-3334.5,0.0016202
5,"R_Date","NM28",,"likelihood",-3329.5,0.002565
5,"R_Date","NM28",,"likelihood",-3324.5,0.003452
5,"R_Date","NM28",,"likelihood",-3319.5,0.004005
5,"R_Date","NM28",,"likelihood",-3314.5,0.004271
5,"R_Date","NM28",,"likelihood",-3309.5,0.004425
5,"R_Date","NM28",,"likelihood",-3304.5,0.004502
5,"R_Date","NM28",,"likelihood",-3299.5,0.00456
5,"R_Date","NM28",,"likelihood",-3294.5,0.004407
5,"R_Date","NM28",,"likelihood",-3289.5,0.004219
5,"R_Date","NM28",,"likelihood",-3284.5,0.004407
5,"R_Date","NM28",,"likelihood",-3279.5,0.004534
5,"R_Date","NM28",,"likelihood",-3274.5,0.00456
5,"R_Date","NM28",,"likelihood",-3269.5,0.004355
5,"R_Date","NM28",,"likelihood",-3264.5,0.004537
5,"R_Date","NM28",,"likelihood",-3259.5,0.004536
5,"R_Date","NM28",,"likelihood",-3254.5,0.004268
5,"R_Date","NM28",,"likelihood",-3249.5,0.004536
5,"R_Date","NM28",,"likelihood",-3244.5,0.004552
5,"R_Date","NM28",,"likelihood",-3239.5,0.00448
5,"R_Date","NM28",,"likelihood",-3234.5,0.00398
5,"R_Date","NM28",,"likelihood",-3229.5,0.003452
5,"R_Date","NM28",,"likelihood",-3224.5,0.003229
5,"R_Date","NM28",,"likelihood",-3219.5,0.0031469
5,"R_Date","NM28",,"likelihood",-3214.5,0.0025595
5,"R_Date","NM28",,"likelihood",-3209.5,0.0016427
5,"R_Date","NM28",,"likelihood",-3204.5,0.0011113
5,"R_Date","NM28",,"likelihood",-3199.5,0.0009506
5,"R_Date","NM28",,"likelihood",-3194.5,0.0012537
5,"R_Date","NM28",,"likelihood",-3189.5,0.0019509
5,"R_Date","NM28",,"likelihood",-3184.5,0.0028109
5,"R_Date","NM28",,"likelihood",-3179.5,0.003431
5,"R_Date","NM28",,"likelihood",-3174.5,0.004005
5,"R_Date","NM28",,"likelihood",-3169.5,0.004271
5,"R_Date","NM28",,"likelihood",-3164.5,0.004221
5,"R_Date","NM28",,"likelihood",-3159.5,0.004022
5,"R_Date","NM28",,"likelihood",-3154.5,0.003375
5,"R_Date","NM28",,"likelihood",-3149.5,0.0024901
5,"R_Date","NM28",,"likelihood",-3144.5,0.0019328
5,"R_Date","NM28",,"likelihood",-3139.5,0.0019509
5,"R_Date","NM28",,"likelihood",-3134.5,0.0022544
5,"R_Date","NM28",,"likelihood",-3129.5,0.0025696
5,"R_Date","NM28",,"likelihood",-3124.5,0.0025696
5,"R_Date","NM28",,"likelihood",-3119.5,0.0028091
5,"R_Date","NM28",,"likelihood",-3114.5,0.0030473
5,"R_Date","NM28",,"likelihood",-3109.5,0.0031258
5,"R_Date","NM28",,"likelihood",-3104.5,0.003844
5,"R_Date","NM28",,"likelihood",-3099.5,0.00449
5,"R_Date","NM28",,"likelihood",-3094.5,0.003874
5,"R_Date","NM28",,"likelihood",-3089.5,0.0027177
5,"R_Date","NM28",,"likelihood",-3084.5,0.0020109
5,"R_Date","NM28",,"likelihood",-3079.5,0.0015817
5,"R_Date","NM28",,"likelihood",-3074.5,0.0011213
5,"R_Date","NM28",,"likelihood",-3069.5,0.000863
5,"R_Date","NM28",,"likelihood",-3064.5,0.0009886
5,"R_Date","NM28",,"likelihood",-3059.5,0.0015578
5,"R_Date","NM28",,"likelihood",-3054.5,0.002398
5,"R_Date","NM28",,"likelihood",-3049.5,0.0028906
5,"R_Date","NM28",,"likelihood",-3044.5,0.0030134
5,"R_Date","NM28",,"likelihood",-3039.5,0.0029314
5,"R_Date","NM28",,"likelihood",-3034.5,0.0027831
5,"R_Date","NM28",,"likelihood",-3029.5,0.0021332
5,"R_Date","NM28",,"likelihood",-3024.5,0.0010639
5,"R_Date","NM28",,"likelihood",-3019.5,0.0005619
5,"R_Date","NM28",,"likelihood",-3014.5,0.0003389
5,"R_Date","NM28",,"likelihood",-3009.5,0.00016098
5,"R_Date","NM28",,"likelihood",-3004.5,0.00006158
5,"R_Date","NM28",,"likelihood",-2999.5,0.0000341
5,"R_Date","NM28",,"likelihood",-2994.5,0.000030906
5,"R_Date","NM28",,"likelihood",-2989.5,0.00005158
5,"R_Date","NM28",,"likelihood",-2984.5,0.00010039
5,"R_Date","NM28",,"likelihood",-2979.5,0.00012929
5,"R_Date","NM28",,"likelihood",-2974.5,0.00015879
5,"R_Date","NM28",,"likelihood",-2969.5,0.00019078
5,"R_Date","NM28",,"likelihood",-2964.5,0.00014922
5,"R_Date","NM28",,"likelihood",-2959.5,0.00012917
5,"R_Date","NM28",,"likelihood",-2954.5,0.00012121
5,"R_Date","NM28",,"likelihood",-2949.5,0.00012945
5,"R_Date","NM28",,"likelihood",-2944.5,0.00015371
5,"R_Date","NM28",,"likelihood",-2939.5,0.00017906
5,"R_Date","NM28",,"likelihood",-2934.5,0.0001514
5,"R_Date","NM28",,"likelihood",-2929.5,0.00008405
5,"R_Date","NM28",,"likelihood",-2924.5,0.00003504
5,"R_Date","NM28",,"likelihood",-2919.5,0.000012147
5,"R_Date","NM28",,"likelihood",-2914.5,0.000001906
5,"R_Date","NM28",,"likelihood",-2909.5,1.8239e-7
5,"R_Date","NM28",,"likelihood",-2904.5,2.2799e-8
5,"R_Date","NM28",,"likelihood",-2899.5,0
5,"R_Date","NM28",,"likelihood",-2894.5,0
5,"R_Date","NM28",,"likelihood",-2889.5,0
5,"R_Date","NM28",,"posterior",-3359.5,0
5,"R_Date","NM28",,"posterior",-3354.5,0
5,"R_Date","NM28",,"posterior",-3349.5,0
5,"R_Date","NM28",,"posterior",-3344.5,1.0345e-7
5,"R_Date","NM28",,"posterior",-3339.5,6.207e-8
5,"R_Date","NM28",,"posterior",-3334.5,3.1034e-7
5,"R_Date","NM28",,"posterior",-3329.5,1.6551e-7
5,"R_Date","NM28",,"posterior",-3324.5,7.241e-7
5,"R_Date","NM28",,"posterior",-3319.5,6.207e-7
5,"R_Date","NM28",,"posterior",-3314.5,6.827e-7
5,"R_Date","NM28",,"posterior",-3309.5,0.0000016138
5,"R_Date","NM28",,"posterior",-3304.5,0.0000016138
5,"R_Date","NM28",,"posterior",-3299.5,0.0000011379
5,"R_Date","NM28",,"posterior",-3294.5,0.0000016138
5,"R_Date","NM28",,"posterior",-3289.5,0.0000023379
5,"R_Date","NM28",,"posterior",-3284.5,0.0000019241
5,"R_Date","NM28",,"posterior",-3279.5,0.0000029172
5,"R_Date","NM28",,"posterior",-3274.5,0.0000030827
5,"R_Date","NM28",,"posterior",-3269.5,0.000003807
5,"R_Date","NM28",,"posterior",-3264.5,0.0000030206
5,"R_Date","NM28",,"posterior",-3259.5,0.000004262
5,"R_Date","NM28",,"posterior",-3254.5,0.000005007
5,"R_Date","NM28",,"posterior",-3249.5,0.000004903
5,"R_Date","NM28",,"posterior",-3244.5,0.000006827
5,"R_Date","NM28",,"posterior",-3239.5,0.000006103
5,"R_Date","NM28",,"posterior",-3234.5,0.000006972
5,"R_Date","NM28",,"posterior",-3229.5,0.000006869
5,"R_Date","NM28",,"posterior",-3224.5,0.000007552
5,"R_Date","NM28",,"posterior",-3219.5,0.000005731
5,"R_Date","NM28",,"posterior",-3214.5,0.000006517
5,"R_Date","NM28",,"posterior",-3209.5,0.000005048
5,"R_Date","NM28",,"posterior",-3204.5,0.0000030827
5,"R_Date","NM28",,"posterior",-3199.5,0.000003496
5,"R_Date","NM28",,"posterior",-3194.5,0.000007241
5,"R_Date","NM28",,"posterior",-3189.5,0.000013655
5,"R_Date","NM28",,"posterior",-3184.5,0.000025055
5,"R_Date","NM28",,"posterior",-3179.5,0.00004322
5,"R_Date","NM28",,"posterior",-3174.5,0.00006807
5,"R_Date","NM28",,"posterior",-3169.5,0.00010043
5,"R_Date","NM28",,"posterior",-3164.5,0.00011859
5,"R_Date","NM28",,"posterior",-3159.5,0.00015569
5,"R_Date","NM28",,"posterior",-3154.5,0.00015782
5,"R_Date","NM28",,"posterior",-3149.5,0.00014584
5,"R_Date","NM28",,"posterior",-3144.5,0.00015672
5,"R_Date","NM28",,"posterior",-3139.5,0.00022578
5,"R_Date","NM28",,"posterior",-3134.5,0.0003823
5,"R_Date","NM28",,"posterior",-3129.5,0.0006097
5,"R_Date","NM28",,"posterior",-3124.5,0.0009335
5,"R_Date","NM28",,"posterior",-3119.5,0.0015654
5,"R_Date","NM28",,"posterior",-3114.5,0.0024902
5,"R_Date","NM28",,"posterior",-3109.5,0.003943
5,"R_Date","NM28",,"posterior",-3104.5,0.006651
5,"R_Date","NM28",,"posterior",-3099.5,0.00955
5,"R_Date","NM28",,"posterior",-3094.5,0.009599
5,"R_Date","NM28",,"posterior",-3089.5,0.007585
5,"R_Date","NM28",,"posterior",-3084.5,0.00598
5,"R_Date","NM28",,"posterior",-3079.5,0.004834
5,"R_Date","NM28",,"posterior",-3074.5,0.003763
5,"R_Date","NM28",,"posterior",-3069.5,0.003262
5,"R_Date","NM28",,"posterior",-3064.5,0.004225
5,"R_Date","NM28",,"posterior",-3059.5,0.00761
5,"R_Date","NM28",,"posterior",-3054.5,0.013421
5,"R_Date","NM28",,"posterior",-3049.5,0.018475
5,"R_Date","NM28",,"posterior",-3044.5,0.020689
5,"R_Date","NM28",,"posterior",-3039.5,0.020603
5,"R_Date","NM28",,"posterior",-3034.5,0.019317
5,"R_Date","NM28",,"posterior",-3029.5,0.014668
5,"R_Date","NM28",,"posterior",-3024.5,0.007882
5,"R_Date","NM28",,"posterior",-3019.5,0.004154
5,"R_Date","NM28",,"posterior",-3014.5,0.0023788
5,"R_Date","NM28",,"posterior",-3009.5,0.0011437
5,"R_Date","NM28",,"posterior",-3004.5,0.0004556
5,"R_Date","NM28",,"posterior",-2999.5,0.00023426
5,"R_Date","NM28",,"posterior",-2994.5,0.00017673
5,"R_Date","NM28",,"posterior",-2989.5,0.00021645
5,"R_Date","NM28",,"posterior",-2984.5,0.00029772
5,"R_Date","NM28",,"posterior",-2979.5,0.00030552
5,"R_Date","NM28",,"posterior",-2974.5,0.00030568
5,"R_Date","NM28",,"posterior",-2969.5,0.00028255
5,"R_Date","NM28",,"posterior",-2964.5,0.00019723
5,"R_Date","NM28",,"posterior",-2959.5,0.0001314
5,"R_Date","NM28",,"posterior",-2954.5,0.00009656
5,"R_Date","NM28",,"posterior",-2949.5,0.00008365
5,"R_Date","NM28",,"posterior",-2944.5,0.00007651
5,"R_Date","NM28",,"posterior",-2939.5,0.00006083
5,"R_Date","NM28",,"posterior",-2934.5,0.00003319
5,"R_Date","NM28",,"posterior",-2929.5,0.000012393
5,"R_Date","NM28",,"posterior",-2924.5,0.0000025034
5,"R_Date","NM28",,"posterior",-2919.5,4.138e-7
5,"R_Date","NM28",,"posterior",-2914.5,0
6,"R_Date","NM25",,"likelihood",-3379.5,0
6,"R_Date","NM25",,"likelihood",-3374.5,0
6,"R_Date","NM25",,"likelihood",-3369.5,0
6,"R_Date","NM25",,"likelihood",-3364.5,1.2986e-7
6,"R_Date","NM25",,"likelihood",-3359.5,0.000003501
6,"R_Date","NM25",,"likelihood",-3354.5,0.000027205
6,"R_Date","NM25",,"likelihood",-3349.5,0.00009728
6,"R_Date","NM25",,"likelihood",-3344.5,0.00017948
6,"R_Date","NM25",,"likelihood",-3339.5,0.0003866
6,"R_Date","NM25",,"likelihood",-3334.5,0.0009859
6,"R_Date","NM25",,"likelihood",-3329.5,0.0019869
6,"R_Date","NM25",,"likelihood",-3324.5,0.0031398
6,"R_Date","NM25",,"likelihood",-3319.5,0.004007
6,"R_Date","NM25",,"likelihood",-3314.5,0.004492
6,"R_Date","NM25",,"likelihood",-3309.5,0.00482
6,"R_Date","NM25",,"likelihood",-3304.5,0.005019
6,"R_Date","NM25",,"likelihood",-3299.5,0.005096
6,"R_Date","NM25",,"likelihood",-3294.5,0.004724
6,"R_Date","NM25",,"likelihood",-3289.5,0.004349
6,"R_Date","NM25",,"likelihood",-3284.5,0.004724
6,"R_Date","NM25",,"likelihood",-3279.5,0.005126
6,"R_Date","NM25",,"likelihood",-3274.5,0.005096
6,"R_Date","NM25",,"likelihood",-3269.5,0.004664
6,"R_Date","NM25",,"likelihood",-3264.5,0.005031
6,"R_Date","NM25",,"likelihood",-3259.5,0.005411
6,"R_Date","NM25",,"likelihood",-3254.5,0.005169
6,"R_Date","NM25",,"likelihood",-3249.5,0.005411
6,"R_Date","NM25",,"likelihood",-3244.5,0.005244
6,"R_Date","NM25",,"likelihood",-3239.5,0.004887
6,"R_Date","NM25",,"likelihood",-3234.5,0.003928
6,"R_Date","NM25",,"likelihood",-3229.5,0.0031398
6,"R_Date","NM25",,"likelihood",-3224.5,0.002796
6,"R_Date","NM25",,"likelihood",-3219.5,0.0026847
6,"R_Date","NM25",,"likelihood",-3214.5,0.0019527
6,"R_Date","NM25",,"likelihood",-3209.5,0.0010265
6,"R_Date","NM25",,"likelihood",-3204.5,0.0005676
6,"R_Date","NM25",,"likelihood",-3199.5,0.0004524
6,"R_Date","NM25",,"likelihood",-3194.5,0.0006928
6,"R_Date","NM25",,"likelihood",-3189.5,0.0013449
6,"R_Date","NM25",,"likelihood",-3184.5,0.0022828
6,"R_Date","NM25",,"likelihood",-3179.5,0.003142
6,"R_Date","NM25",,"likelihood",-3174.5,0.004007
6,"R_Date","NM25",,"likelihood",-3169.5,0.004492
6,"R_Date","NM25",,"likelihood",-3164.5,0.004439
6,"R_Date","NM25",,"likelihood",-3159.5,0.004073
6,"R_Date","NM25",,"likelihood",-3154.5,0.0030295
6,"R_Date","NM25",,"likelihood",-3149.5,0.0019277
6,"R_Date","NM25",,"likelihood",-3144.5,0.0013034
6,"R_Date","NM25",,"likelihood",-3139.5,0.0013449
6,"R_Date","NM25",,"likelihood",-3134.5,0.0016633
6,"R_Date","NM25",,"likelihood",-3129.5,0.0020203
6,"R_Date","NM25",,"likelihood",-3124.5,0.0020203
6,"R_Date","NM25",,"likelihood",-3119.5,0.0023099
6,"R_Date","NM25",,"likelihood",-3114.5,0.0026144
6,"R_Date","NM25",,"likelihood",-3109.5,0.0027185
6,"R_Date","NM25",,"likelihood",-3104.5,0.003774
6,"R_Date","NM25",,"likelihood",-3099.5,0.005154
6,"R_Date","NM25",,"likelihood",-3094.5,0.004739
6,"R_Date","NM25",,"likelihood",-3089.5,0.003237
6,"R_Date","NM25",,"likelihood",-3084.5,0.0022961
6,"R_Date","NM25",,"likelihood",-3079.5,0.0017348
6,"R_Date","NM25",,"likelihood",-3074.5,0.001145
6,"R_Date","NM25",,"likelihood",-3069.5,0.0008345
6,"R_Date","NM25",,"likelihood",-3064.5,0.0009922
6,"R_Date","NM25",,"likelihood",-3059.5,0.0016963
6,"R_Date","NM25",,"likelihood",-3054.5,0.0028107
6,"R_Date","NM25",,"likelihood",-3049.5,0.003471
6,"R_Date","NM25",,"likelihood",-3044.5,0.003636
6,"R_Date","NM25",,"likelihood",-3039.5,0.003526
6,"R_Date","NM25",,"likelihood",-3034.5,0.003327
6,"R_Date","NM25",,"likelihood",-3029.5,0.0024543
6,"R_Date","NM25",,"likelihood",-3024.5,0.001066
6,"R_Date","NM25",,"likelihood",-3019.5,0.0004946
6,"R_Date","NM25",,"likelihood",-3014.5,0.00026562
6,"R_Date","NM25",,"likelihood",-3009.5,0.00010558
6,"R_Date","NM25",,"likelihood",-3004.5,0.00003181
6,"R_Date","NM25",,"likelihood",-2999.5,0.00001581
6,"R_Date","NM25",,"likelihood",-2994.5,0.000013402
6,"R_Date","NM25",,"likelihood",-2989.5,0.00002549
6,"R_Date","NM25",,"likelihood",-2984.5,0.00006047
6,"R_Date","NM25",,"likelihood",-2979.5,0.0000804
6,"R_Date","NM25",,"likelihood",-2974.5,0.00010389
6,"R_Date","NM25",,"likelihood",-2969.5,0.00013695
6,"R_Date","NM25",,"likelihood",-2964.5,0.00009616
6,"R_Date","NM25",,"likelihood",-2959.5,0.00008029
6,"R_Date","NM25",,"likelihood",-2954.5,0.00007418
6,"R_Date","NM25",,"likelihood",-2949.5,0.00008051
6,"R_Date","NM25",,"likelihood",-2944.5,0.00009971
6,"R_Date","NM25",,"likelihood",-2939.5,0.00012365
6,"R_Date","NM25",,"likelihood",-2934.5,0.00010053
6,"R_Date","NM25",,"likelihood",-2929.5,0.00004699
6,"R_Date","NM25",,"likelihood",-2924.5,0.00001568
6,"R_Date","NM25",,"likelihood",-2919.5,0.000004356
6,"R_Date","NM25",,"likelihood",-2914.5,3.95e-7
6,"R_Date","NM25",,"likelihood",-2909.5,1.6232e-8
6,"R_Date","NM25",,"likelihood",-2904.5,0
6,"R_Date","NM25",,"likelihood",-2899.5,0
6,"R_Date","NM25",,"likelihood",-2894.5,0
6,"R_Date","NM25",,"posterior",-3344.5,0
6,"R_Date","NM25",,"posterior",-3339.5,4.417e-8
6,"R_Date","NM25",,"posterior",-3334.5,0
6,"R_Date","NM25",,"posterior",-3329.5,1.1043e-7
6,"R_Date","NM25",,"posterior",-3324.5,2.6504e-7
6,"R_Date","NM25",,"posterior",-3319.5,7.289e-7
6,"R_Date","NM25",,"posterior",-3314.5,8.835e-7
6,"R_Date","NM25",,"posterior",-3309.5,9.939e-7
6,"R_Date","NM25",,"posterior",-3304.5,0.0000023412
6,"R_Date","NM25",,"posterior",-3299.5,0.000002032
6,"R_Date","NM25",,"posterior",-3294.5,0.0000027608
6,"R_Date","NM25",,"posterior",-3289.5,0.0000027608
6,"R_Date","NM25",,"posterior",-3284.5,0.000003335
6,"R_Date","NM25",,"posterior",-3279.5,0.000003379
6,"R_Date","NM25",,"posterior",-3274.5,0.000004064
6,"R_Date","NM25",,"posterior",-3269.5,0.000004064
6,"R_Date","NM25",,"posterior",-3264.5,0.000005367
6,"R_Date","NM25",,"posterior",-3259.5,0.000005787
6,"R_Date","NM25",,"posterior",-3254.5,0.000007863
6,"R_Date","NM25",,"posterior",-3249.5,0.000008592
6,"R_Date","NM25",,"posterior",-3244.5,0.00000572
6,"R_Date","NM25",,"posterior",-3239.5,0.000008128
6,"R_Date","NM25",,"posterior",-3234.5,0.000006604
6,"R_Date","NM25",,"posterior",-3229.5,0.00000614
6,"R_Date","NM25",,"posterior",-3224.5,0.000005257
6,"R_Date","NM25",,"posterior",-3219.5,0.000004903
6,"R_Date","NM25",,"posterior",-3214.5,0.000004373
6,"R_Date","NM25",,"posterior",-3209.5,0.0000026504
6,"R_Date","NM25",,"posterior",-3204.5,0.0000019878
6,"R_Date","NM25",,"posterior",-3199.5,0.0000021866
6,"R_Date","NM25",,"posterior",-3194.5,0.0000029154
6,"R_Date","NM25",,"posterior",-3189.5,0.000009365
6,"R_Date","NM25",,"posterior",-3184.5,0.000021049
6,"R_Date","NM25",,"posterior",-3179.5,0.00003792
6,"R_Date","NM25",,"posterior",-3174.5,0.00007114
6,"R_Date","NM25",,"posterior",-3169.5,0.00009464
6,"R_Date","NM25",,"posterior",-3164.5,0.00012978
6,"R_Date","NM25",,"posterior",-3159.5,0.00015275
6,"R_Date","NM25",,"posterior",-3154.5,0.00014078
6,"R_Date","NM25",,"posterior",-3149.5,0.00011381
6,"R_Date","NM25",,"posterior",-3144.5,0.00011006
6,"R_Date","NM25",,"posterior",-3139.5,0.0001486
6,"R_Date","NM25",,"posterior",-3134.5,0.0002722
6,"R_Date","NM25",,"posterior",-3129.5,0.0004595
6,"R_Date","NM25",,"posterior",-3124.5,0.0007153
6,"R_Date","NM25",,"posterior",-3119.5,0.0012312
6,"R_Date","NM25",,"posterior",-3114.5,0.0020149
6,"R_Date","NM25",,"posterior",-3109.5,0.003238
6,"R_Date","NM25",,"posterior",-3104.5,0.006065
6,"R_Date","NM25",,"posterior",-3099.5,0.009973
6,"R_Date","NM25",,"posterior",-3094.5,0.010608
6,"R_Date","NM25",,"posterior",-3089.5,0.008183
6,"R_Date","NM25",,"posterior",-3084.5,0.006113
6,"R_Date","NM25",,"posterior",-3079.5,0.004806
6,"R_Date","NM25",,"posterior",-3074.5,0.003495
6,"R_Date","NM25",,"posterior",-3069.5,0.0028548
6,"R_Date","NM25",,"posterior",-3064.5,0.003888
6,"R_Date","NM25",,"posterior",-3059.5,0.007494
6,"R_Date","NM25",,"posterior",-3054.5,0.014006
6,"R_Date","NM25",,"posterior",-3049.5,0.019726
6,"R_Date","NM25",,"posterior",-3044.5,0.022087
6,"R_Date","NM25",,"posterior",-3039.5,0.021985
6,"R_Date","NM25",,"posterior",-3034.5,0.02044
6,"R_Date","NM25",,"posterior",-3029.5,0.014888
6,"R_Date","NM25",,"posterior",-3024.5,0.007122
6,"R_Date","NM25",,"posterior",-3019.5,0.003256
6,"R_Date","NM25",,"posterior",-3014.5,0.0016745
6,"R_Date","NM25",,"posterior",-3009.5,0.000678
6,"R_Date","NM25",,"posterior",-3004.5,0.00021437
6,"R_Date","NM25",,"posterior",-2999.5,0.00009568
6,"R_Date","NM25",,"posterior",-2994.5,0.00007026
6,"R_Date","NM25",,"posterior",-2989.5,0.00010021
6,"R_Date","NM25",,"posterior",-2984.5,0.00016103
6,"R_Date","NM25",,"posterior",-2979.5,0.00018074
6,"R_Date","NM25",,"posterior",-2974.5,0.00018427
6,"R_Date","NM25",,"posterior",-2969.5,0.00017879
6,"R_Date","NM25",,"posterior",-2964.5,0.00011417
6,"R_Date","NM25",,"posterior",-2959.5,0.00007562
6,"R_Date","NM25",,"posterior",-2954.5,0.00005937
6,"R_Date","NM25",,"posterior",-2949.5,0.00004755
6,"R_Date","NM25",,"posterior",-2944.5,0.00004256
6,"R_Date","NM25",,"posterior",-2939.5,0.00003819
6,"R_Date","NM25",,"posterior",-2934.5,0.000022352
6,"R_Date","NM25",,"posterior",-2929.5,0.00000614
6,"R_Date","NM25",,"posterior",-2924.5,0.0000013031
6,"R_Date","NM25",,"posterior",-2919.5,1.5461e-7
6,"R_Date","NM25",,"posterior",-2914.5,4.417e-8
6,"R_Date","NM25",,"posterior",-2909.5,0
6,"R_Date","NM25",,"posterior",-2904.5,0
7,"R_Date","NM18",,"likelihood",-3379.5,0
7,"R_Date","NM18",,"likelihood",-3374.5,0
7,"R_Date","NM18",,"likelihood",-3369.5,0
7,"R_Date","NM18",,"likelihood",-3364.5,1.2986e-7
7,"R_Date","NM18",,"likelihood",-3359.5,0.000003501
7,"R_Date","NM18",,"likelihood",-3354.5,0.000027205
7,"R_Date","NM18",,"likelihood",-3349.5,0.00009728
7,"R_Date","NM18",,"likelihood",-3344.5,0.00017948
7,"R_Date","NM18",,"likelihood",-3339.5,0.0003866
7,"R_Date","NM18",,"likelihood",-3334.5,0.0009859
7,"R_Date","NM18",,"likelihood",-3329.5,0.0019869
7,"R_Date","NM18",,"likelihood",-3324.5,0.0031398
7,"R_Date","NM18",,"likelihood",-3319.5,0.004007
7,"R_Date","NM18",,"likelihood",-3314.5,0.004492
7,"R_Date","NM18",,"likelihood",-3309.5,0.00482
7,"R_Date","NM18",,"likelihood",-3304.5,0.005019
7,"R_Date","NM18",,"likelihood",-3299.5,0.005096
7,"R_Date","NM18",,"likelihood",-3294.5,0.004724
7,"R_Date","NM18",,"likelihood",-3289.5,0.004349
7,"R_Date","NM18",,"likelihood",-3284.5,0.004724
7,"R_Date","NM18",,"likelihood",-3279.5,0.005126
7,"R_Date","NM18",,"likelihood",-3274.5,0.005096
7,"R_Date","NM18",,"likelihood",-3269.5,0.004664
7,"R_Date","NM18",,"likelihood",-3264.5,0.005031
7,"R_Date","NM18",,"likelihood",-3259.5,0.005411
7,"R_Date","NM18",,"likelihood",-3254.5,0.005169
7,"R_Date","NM18",,"likelihood",-3249.5,0.005411
7,"R_Date","NM18",,"likelihood",-3244.5,0.005244
7,"R_Date","NM18",,"likelihood",-3239.5,0.004887
7,"R_Date","NM18",,"likelihood",-3234.5,0.003928
7,"R_Date","NM18",,"likelihood",-3229.5,0.0031398
7,"R_Date","NM18",,"likelihood",-3224.5,0.002796
7,"R_Date","NM18",,"likelihood",-3219.5,0.0026847
7,"R_Date","NM18",,"likelihood",-3214.5,0.0019527
7,"R_Date","NM18",,"likelihood",-3209.5,0.0010265
7,"R_Date","NM18",,"likelihood",-3204.5,0.0005676
7,"R_Date","NM18",,"likelihood",-3199.5,0.0004524
7,"R_Date","NM18",,"likelihood",-3194.5,0.0006928
7,"R_Date","NM18",,"likelihood",-3189.5,0.0013449
7,"R_Date","NM18",,"likelihood",-3184.5,0.0022828
7,"R_Date","NM18",,"likelihood",-3179.5,0.003142
7,"R_Date","NM18",,"likelihood",-3174.5,0.004007
7,"R_Date","NM18",,"likelihood",-3169.5,0.004492
7,"R_Date","NM18",,"likelihood",-3164.5,0.004439
7,"R_Date","NM18",,"likelihood",-3159.5,0.004073
7,"R_Date","NM18",,"likelihood",-3154.5,0.0030295
7,"R_Date","NM18",,"likelihood",-3149.5,0.0019277
7,"R_Date","NM18",,"likelihood",-3144.5,0.0013034
7,"R_Date","NM18",,"likelihood",-3139.5,0.0013449
7,"R_Date","NM18",,"likelihood",-3134.5,0.0016633
7,"R_Date","NM18",,"likelihood",-3129.5,0.0020203
7,"R_Date","NM18",,"likelihood",-3124.5,0.0020203
7,"R_Date","NM18",,"likelihood",-3119.5,0.0023099
7,"R_Date","NM18",,"likelihood",-3114.5,0.0026144
7,"R_Date","NM18",,"likelihood",-3109.5,0.0027185
7,"R_Date","NM18",,"likelihood",-3104.5,0.003774
7,"R_Date","NM18",,"likelihood",-3099.5,0.005154
7,"R_Date","NM18",,"likelihood",-3094.5,0.004739
7,"R_Date","NM18",,"likelihood",-3089.5,0.003237
7,"R_Date","NM18",,"likelihood",-3084.5,0.0022961
7,"R_Date","NM18",,"likelihood",-3079.5,0.0017348
7,"R_Date","NM18",,"likelihood",-3074.5,0.001145
7,"R_Date","NM18",,"likelihood",-3069.5,0.0008345
7,"R_Date","NM18",,"likelihood",-3064.5,0.0009922
7,"R_Date","NM18",,"likelihood",-3059.5,0.0016963
7,"R_Date","NM18",,"likelihood",-3054.5,0.0028107
7,"R_Date","NM18",,"likelihood",-3049.5,0.003471
7,"R_Date","NM18",,"likelihood",-3044.5,0.003636
7,"R_Date","NM18",,"likelihood",-3039.5,0.003526
7,"R_Date","NM18",,"likelihood",-3034.5,0.003327
7,"R_Date","NM18",,"likelihood",-3029.5,0.0024543
7,"R_Date","NM18",,"likelihood",-3024.5,0.001066
7,"R_Date","NM18",,"likelihood",-3019.5,0.0004946
7,"R_Date","NM18",,"likelihood",-3014.5,0.00026562
7,"R_Date","NM18",,"likelihood",-3009.5,0.00010558
7,"R_Date","NM18",,"likelihood",-3004.5,0.00003181
7,"R_Date","NM18",,"likelihood",-2999.5,0.00001581
7,"R_Date","NM18",,"likelihood",-2994.5,0.000013402
7,"R_Date","NM18",,"likelihood",-2989.5,0.00002549
7,"R_Date","NM18",,"likelihood",-2984.5,0.00006047
7,"R_Date","NM18",,"likelihood",-2979.5,0.0000804
7,"R_Date","NM18",,"likelihood",-2974.5,0.00010389
7,"R_Date","NM18",,"likelihood",-2969.5,0.00013695
7,"R_Date","NM18",,"likelihood",-2964.5,0.00009616
7,"R_Date","NM18",,"likelihood",-2959.5,0.00008029
7,"R_Date","NM18",,"likelihood",-2954.5,0.00007418
7,"R_Date","NM18",,"likelihood",-2949.5,0.00008051
7,"R_Date","NM18",,"likelihood",-2944.5,0.00009971
7,"R_Date","NM18",,"likelihood",-2939.5,0.00012365
7,"R_Date","NM18",,"likelihood",-2934.5,0.00010053
7,"R_Date","NM18",,"likelihood",-2929.5,0.00004699
7,"R_Date","NM18",,"likelihood",-2924.5,0.00001568
7,"R_Date","NM18",,"likelihood",-2919.5,0.000004356
7,"R_Date","NM18",,"likelihood",-2914.5,3.95e-7
7,"R_Date","NM18",,"likelihood",-2909.5,1.6232e-8
7,"R_Date","NM18",,"likelihood",-2904.5,0
7,"R_Date","NM18",,"likelihood",-2899.5,0
7,"R_Date","NM18",,"likelihood",-2894.5,0
7,"R_Date","NM18",,"posterior",-3349.5,0
7,"R_Date","NM18",,"posterior",-3344.5,0
7,"R_Date","NM18",,"posterior",-3339.5,0
7,"R_Date","NM18",,"posterior",-3334.5,4.209e-7
7,"R_Date","NM18",,"posterior",-3329.5,1.1076e-7
7,"R_Date","NM18",,"posterior",-3324.5,5.76e-7
7,"R_Date","NM18",,"posterior",-3319.5,0.0000010412
7,"R_Date","NM18",,"posterior",-3314.5,0.0000017722
7,"R_Date","NM18",,"posterior",-3309.5,7.753e-7
7,"R_Date","NM18",,"posterior",-3304.5,0.0000010855
7,"R_Date","NM18",,"posterior",-3299.5,0.0000016171
7,"R_Date","NM18",,"posterior",-3294.5,0.0000017279
7,"R_Date","NM18",,"posterior",-3289.5,0.0000023924
7,"R_Date","NM18",,"posterior",-3284.5,0.0000019272
7,"R_Date","NM18",,"posterior",-3279.5,0.000003389
7,"R_Date","NM18",,"posterior",-3274.5,0.000005937
7,"R_Date","NM18",,"posterior",-3269.5,0.0000023481
7,"R_Date","NM18",,"posterior",-3264.5,0.000005161
7,"R_Date","NM18",,"posterior",-3259.5,0.000006468
7,"R_Date","NM18",,"posterior",-3254.5,0.000005361
7,"R_Date","NM18",,"posterior",-3249.5,0.000006867
7,"R_Date","NM18",,"posterior",-3244.5,0.000007554
7,"R_Date","NM18",,"posterior",-3239.5,0.000008063
7,"R_Date","NM18",,"posterior",-3234.5,0.000005937
7,"R_Date","NM18",,"posterior",-3229.5,0.000005937
7,"R_Date","NM18",,"posterior",-3224.5,0.000005427
7,"R_Date","NM18",,"posterior",-3219.5,0.000005937
7,"R_Date","NM18",,"posterior",-3214.5,0.000004696
7,"R_Date","NM18",,"posterior",-3209.5,0.0000028576
7,"R_Date","NM18",,"posterior",-3204.5,0.0000018829
7,"R_Date","NM18",,"posterior",-3199.5,0.0000019715
7,"R_Date","NM18",,"posterior",-3194.5,0.000003589
7,"R_Date","NM18",,"posterior",-3189.5,0.000008285
7,"R_Date","NM18",,"posterior",-3184.5,0.000021355
7,"R_Date","NM18",,"posterior",-3179.5,0.00004005
7,"R_Date","NM18",,"posterior",-3174.5,0.00007343
7,"R_Date","NM18",,"posterior",-3169.5,0.00010655
7,"R_Date","NM18",,"posterior",-3164.5,0.00013114
7,"R_Date","NM18",,"posterior",-3159.5,0.00014749
7,"R_Date","NM18",,"posterior",-3154.5,0.00014567
7,"R_Date","NM18",,"posterior",-3149.5,0.00011298
7,"R_Date","NM18",,"posterior",-3144.5,0.0001101
7,"R_Date","NM18",,"posterior",-3139.5,0.00014598
7,"R_Date","NM18",,"posterior",-3134.5,0.00026589
7,"R_Date","NM18",,"posterior",-3129.5,0.0004561
7,"R_Date","NM18",,"posterior",-3124.5,0.0007224
7,"R_Date","NM18",,"posterior",-3119.5,0.0012149
7,"R_Date","NM18",,"posterior",-3114.5,0.0020078
7,"R_Date","NM18",,"posterior",-3109.5,0.003198
7,"R_Date","NM18",,"posterior",-3104.5,0.006081
7,"R_Date","NM18",,"posterior",-3099.5,0.009894
7,"R_Date","NM18",,"posterior",-3094.5,0.010572
7,"R_Date","NM18",,"posterior",-3089.5,0.008238
7,"R_Date","NM18",,"posterior",-3084.5,0.006156
7,"R_Date","NM18",,"posterior",-3079.5,0.004786
7,"R_Date","NM18",,"posterior",-3074.5,0.003498
7,"R_Date","NM18",,"posterior",-3069.5,0.0028746
7,"R_Date","NM18",,"posterior",-3064.5,0.003826
7,"R_Date","NM18",,"posterior",-3059.5,0.007494
7,"R_Date","NM18",,"posterior",-3054.5,0.01407
7,"R_Date","NM18",,"posterior",-3049.5,0.019715
7,"R_Date","NM18",,"posterior",-3044.5,0.022152
7,"R_Date","NM18",,"posterior",-3039.5,0.021973
7,"R_Date","NM18",,"posterior",-3034.5,0.020394
7,"R_Date","NM18",,"posterior",-3029.5,0.014921
7,"R_Date","NM18",,"posterior",-3024.5,0.007141
7,"R_Date","NM18",,"posterior",-3019.5,0.003265
7,"R_Date","NM18",,"posterior",-3014.5,0.0016637
7,"R_Date","NM18",,"posterior",-3009.5,0.000675
7,"R_Date","NM18",,"posterior",-3004.5,0.00022272
7,"R_Date","NM18",,"posterior",-2999.5,0.00009302
7,"R_Date","NM18",,"posterior",-2994.5,0.00006911
7,"R_Date","NM18",,"posterior",-2989.5,0.00009599
7,"R_Date","NM18",,"posterior",-2984.5,0.0001602
7,"R_Date","NM18",,"posterior",-2979.5,0.00018167
7,"R_Date","NM18",,"posterior",-2974.5,0.00019501
7,"R_Date","NM18",,"posterior",-2969.5,0.00018136
7,"R_Date","NM18",,"posterior",-2964.5,0.0001097
7,"R_Date","NM18",,"posterior",-2959.5,0.00007802
7,"R_Date","NM18",,"posterior",-2954.5,0.00005266
7,"R_Date","NM18",,"posterior",-2949.5,0.00004579
7,"R_Date","NM18",,"posterior",-2944.5,0.00004411
7,"R_Date","NM18",,"posterior",-2939.5,0.00003928
7,"R_Date","NM18",,"posterior",-2934.5,0.00002089
7,"R_Date","NM18",,"posterior",-2929.5,0.000006978
7,"R_Date","NM18",,"posterior",-2924.5,0.0000011962
7,"R_Date","NM18",,"posterior",-2919.5,2.6583e-7
7,"R_Date","NM18",,"posterior",-2914.5,0
7,"R_Date","NM18",,"posterior",-2909.5,0
7,"R_Date","NM18",,"posterior",-2904.5,0
8,"R_Date","NM26",,"likelihood",-3499.5,0
8,"R_Date","NM26",,"likelihood",-3494.5,0
8,"R_Date","NM26",,"likelihood",-3489.5,0
8,"R_Date","NM26",,"likelihood",-3484.5,4.948e-9
8,"R_Date","NM26",,"likelihood",-3479.5,1.9791e-8
8,"R_Date","NM26",,"likelihood",-3474.5,1.4843e-8
8,"R_Date","NM26",,"likelihood",-3469.5,4.948e-9
8,"R_Date","NM26",,"likelihood",-3464.5,0
8,"R_Date","NM26",,"likelihood",-3459.5,0
8,"R_Date","NM26",,"likelihood",-3454.5,0
8,"R_Date","NM26",,"likelihood",-3449.5,0
8,"R_Date","NM26",,"likelihood",-3444.5,0
8,"R_Date","NM26",,"likelihood",-3439.5,0
8,"R_Date","NM26",,"likelihood",-3434.5,0
8,"R_Date","NM26",,"likelihood",-3429.5,0
8,"R_Date","NM26",,"likelihood",-3424.5,0
8,"R_Date","NM26",,"likelihood",-3419.5,0
8,"R_Date","NM26",,"likelihood",-3414.5,0
8,"R_Date","NM26",,"likelihood",-3409.5,0
8,"R_Date","NM26",,"likelihood",-3404.5,0
8,"R_Date","NM26",,"likelihood",-3399.5,0
8,"R_Date","NM26",,"likelihood",-3394.5,0
8,"R_Date","NM26",,"likelihood",-3389.5,0
8,"R_Date","NM26",,"likelihood",-3384.5,0
8,"R_Date","NM26",,"likelihood",-3379.5,0
8,"R_Date","NM26",,"likelihood",-3374.5,0
8,"R_Date","NM26",,"likelihood",-3369.5,1.9791e-8
8,"R_Date","NM26",,"likelihood",-3364.5,8.906e-7
8,"R_Date","NM26",,"likelihood",-3359.5,0.00001186
8,"R_Date","NM26",,"likelihood",-3354.5,0.00005986
8,"R_Date","NM26",,"likelihood",-3349.5,0.00016155
8,"R_Date","NM26",,"likelihood",-3344.5,0.00027441
8,"R_Date","NM26",,"likelihood",-3339.5,0.0005071
8,"R_Date","NM26",,"likelihood",-3334.5,0.0010831
8,"R_Date","NM26",,"likelihood",-3329.5,0.001929
8,"R_Date","NM26",,"likelihood",-3324.5,0.0028603
8,"R_Date","NM26",,"likelihood",-3319.5,0.003562
8,"R_Date","NM26",,"likelihood",-3314.5,0.00397
8,"R_Date","NM26",,"likelihood",-3309.5,0.004262
8,"R_Date","NM26",,"likelihood",-3304.5,0.004453
8,"R_Date","NM26",,"likelihood",-3299.5,0.004499
8,"R_Date","NM26",,"likelihood",-3294.5,0.004155
8,"R_Date","NM26",,"likelihood",-3289.5,0.003836
8,"R_Date","NM26",,"likelihood",-3284.5,0.004155
8,"R_Date","NM26",,"likelihood",-3279.5,0.004565
8,"R_Date","NM26",,"likelihood",-3274.5,0.004499
8,"R_Date","NM26",,"likelihood",-3269.5,0.004121
8,"R_Date","NM26",,"likelihood",-3264.5,0.004436
8,"R_Date","NM26",,"likelihood",-3259.5,0.004948
8,"R_Date","NM26",,"likelihood",-3254.5,0.00491
8,"R_Date","NM26",,"likelihood",-3249.5,0.004948
8,"R_Date","NM26",,"likelihood",-3244.5,0.004706
8,"R_Date","NM26",,"likelihood",-3239.5,0.004301
8,"R_Date","NM26",,"likelihood",-3234.5,0.00349
8,"R_Date","NM26",,"likelihood",-3229.5,0.0028603
8,"R_Date","NM26",,"likelihood",-3224.5,0.0025863
8,"R_Date","NM26",,"likelihood",-3219.5,0.0024975
8,"R_Date","NM26",,"likelihood",-3214.5,0.0019067
8,"R_Date","NM26",,"likelihood",-3209.5,0.0011117
8,"R_Date","NM26",,"likelihood",-3204.5,0.0006913
8,"R_Date","NM26",,"likelihood",-3199.5,0.0005756
8,"R_Date","NM26",,"likelihood",-3194.5,0.0008049
8,"R_Date","NM26",,"likelihood",-3189.5,0.0013833
8,"R_Date","NM26",,"likelihood",-3184.5,0.0021706
8,"R_Date","NM26",,"likelihood",-3179.5,0.0028631
8,"R_Date","NM26",,"likelihood",-3174.5,0.003562
8,"R_Date","NM26",,"likelihood",-3169.5,0.00397
8,"R_Date","NM26",,"likelihood",-3164.5,0.00394
8,"R_Date","NM26",,"likelihood",-3159.5,0.003627
8,"R_Date","NM26",,"likelihood",-3154.5,0.0027719
8,"R_Date","NM26",,"likelihood",-3149.5,0.0018747
8,"R_Date","NM26",,"likelihood",-3144.5,0.0013548
8,"R_Date","NM26",,"likelihood",-3139.5,0.0013833
8,"R_Date","NM26",,"likelihood",-3134.5,0.0016542
8,"R_Date","NM26",,"likelihood",-3129.5,0.0019512
8,"R_Date","NM26",,"likelihood",-3124.5,0.0019512
8,"R_Date","NM26",,"likelihood",-3119.5,0.0021887
8,"R_Date","NM26",,"likelihood",-3114.5,0.0024363
8,"R_Date","NM26",,"likelihood",-3109.5,0.0025205
8,"R_Date","NM26",,"likelihood",-3104.5,0.003378
8,"R_Date","NM26",,"likelihood",-3099.5,0.004648
8,"R_Date","NM26",,"likelihood",-3094.5,0.004744
8,"R_Date","NM26",,"likelihood",-3089.5,0.003778
8,"R_Date","NM26",,"likelihood",-3084.5,0.0030237
8,"R_Date","NM26",,"likelihood",-3079.5,0.0025062
8,"R_Date","NM26",,"likelihood",-3074.5,0.0019122
8,"R_Date","NM26",,"likelihood",-3069.5,0.0015394
8,"R_Date","NM26",,"likelihood",-3064.5,0.0017093
8,"R_Date","NM26",,"likelihood",-3059.5,0.0024946
8,"R_Date","NM26",,"likelihood",-3054.5,0.003452
8,"R_Date","NM26",,"likelihood",-3049.5,0.003967
8,"R_Date","NM26",,"likelihood",-3044.5,0.004085
8,"R_Date","NM26",,"likelihood",-3039.5,0.00401
8,"R_Date","NM26",,"likelihood",-3034.5,0.003869
8,"R_Date","NM26",,"likelihood",-3029.5,0.003186
8,"R_Date","NM26",,"likelihood",-3024.5,0.001846
8,"R_Date","NM26",,"likelihood",-3019.5,0.0010715
8,"R_Date","NM26",,"likelihood",-3014.5,0.0006933
8,"R_Date","NM26",,"likelihood",-3009.5,0.0003612
8,"R_Date","NM26",,"likelihood",-3004.5,0.00015349
8,"R_Date","NM26",,"likelihood",-2999.5,0.00008897
8,"R_Date","NM26",,"likelihood",-2994.5,0.00008246
8,"R_Date","NM26",,"likelihood",-2989.5,0.00013089
8,"R_Date","NM26",,"likelihood",-2984.5,0.0002348
8,"R_Date","NM26",,"likelihood",-2979.5,0.00029744
8,"R_Date","NM26",,"likelihood",-2974.5,0.0003567
8,"R_Date","NM26",,"likelihood",-2969.5,0.0004104
8,"R_Date","NM26",,"likelihood",-2964.5,0.0003377
8,"R_Date","NM26",,"likelihood",-2959.5,0.00029723
8,"R_Date","NM26",,"likelihood",-2954.5,0.00028091
8,"R_Date","NM26",,"likelihood",-2949.5,0.00029779
8,"R_Date","NM26",,"likelihood",-2944.5,0.0003467
8,"R_Date","NM26",,"likelihood",-2939.5,0.0003924
8,"R_Date","NM26",,"likelihood",-2934.5,0.0003383
8,"R_Date","NM26",,"likelihood",-2929.5,0.00020273
8,"R_Date","NM26",,"likelihood",-2924.5,0.0000924
8,"R_Date","NM26",,"likelihood",-2919.5,0.00003482
8,"R_Date","NM26",,"likelihood",-2914.5,0.000006457
8,"R_Date","NM26",,"likelihood",-2909.5,7.422e-7
8,"R_Date","NM26",,"likelihood",-2904.5,1.039e-7
8,"R_Date","NM26",,"likelihood",-2899.5,9.895e-9
8,"R_Date","NM26",,"likelihood",-2894.5,0
8,"R_Date","NM26",,"likelihood",-2889.5,0
8,"R_Date","NM26",,"likelihood",-2884.5,0
8,"R_Date","NM26",,"posterior",-3354.5,0
8,"R_Date","NM26",,"posterior",-3349.5,0
8,"R_Date","NM26",,"posterior",-3344.5,0
8,"R_Date","NM26",,"posterior",-3339.5,1.5757e-7
8,"R_Date","NM26",,"posterior",-3334.5,2.5604e-7
8,"R_Date","NM26",,"posterior",-3329.5,2.1665e-7
8,"R_Date","NM26",,"posterior",-3324.5,3.1513e-7
8,"R_Date","NM26",,"posterior",-3319.5,6.697e-7
8,"R_Date","NM26",,"posterior",-3314.5,7.287e-7
8,"R_Date","NM26",,"posterior",-3309.5,9.454e-7
8,"R_Date","NM26",,"posterior",-3304.5,0.0000017135
8,"R_Date","NM26",,"posterior",-3299.5,0.000001556
8,"R_Date","NM26",,"posterior",-3294.5,0.0000014575
8,"R_Date","NM26",,"posterior",-3289.5,0.0000017726
8,"R_Date","NM26",,"posterior",-3284.5,0.0000027574
8,"R_Date","NM26",,"posterior",-3279.5,0.000002718
8,"R_Date","NM26",,"posterior",-3274.5,0.00000453
8,"R_Date","NM26",,"posterior",-3269.5,0.00000323
8,"R_Date","NM26",,"posterior",-3264.5,0.000003585
8,"R_Date","NM26",,"posterior",-3259.5,0.000004589
8,"R_Date","NM26",,"posterior",-3254.5,0.000006933
8,"R_Date","NM26",,"posterior",-3249.5,0.000008548
8,"R_Date","NM26",,"posterior",-3244.5,0.000006519
8,"R_Date","NM26",,"posterior",-3239.5,0.000005928
8,"R_Date","NM26",,"posterior",-3234.5,0.000005672
8,"R_Date","NM26",,"posterior",-3229.5,0.00000516
8,"R_Date","NM26",,"posterior",-3224.5,0.00000453
8,"R_Date","NM26",,"posterior",-3219.5,0.000004786
8,"R_Date","NM26",,"posterior",-3214.5,0.000003742
8,"R_Date","NM26",,"posterior",-3209.5,0.000003644
8,"R_Date","NM26",,"posterior",-3204.5,0.0000025014
8,"R_Date","NM26",,"posterior",-3199.5,0.0000019302
8,"R_Date","NM26",,"posterior",-3194.5,0.000004057
8,"R_Date","NM26",,"posterior",-3189.5,0.00000969
8,"R_Date","NM26",,"posterior",-3184.5,0.000019893
8,"R_Date","NM26",,"posterior",-3179.5,0.00003303
8,"R_Date","NM26",,"posterior",-3174.5,0.00005796
8,"R_Date","NM26",,"posterior",-3169.5,0.00008327
8,"R_Date","NM26",,"posterior",-3164.5,0.00010807
8,"R_Date","NM26",,"posterior",-3159.5,0.00012546
8,"R_Date","NM26",,"posterior",-3154.5,0.00011479
8,"R_Date","NM26",,"posterior",-3149.5,0.00009828
8,"R_Date","NM26",,"posterior",-3144.5,0.00009594
8,"R_Date","NM26",,"posterior",-3139.5,0.00013864
8,"R_Date","NM26",,"posterior",-3134.5,0.00023296
8,"R_Date","NM26",,"posterior",-3129.5,0.0003941
8,"R_Date","NM26",,"posterior",-3124.5,0.0005893
8,"R_Date","NM26",,"posterior",-3119.5,0.0009673
8,"R_Date","NM26",,"posterior",-3114.5,0.0015774
8,"R_Date","NM26",,"posterior",-3109.5,0.0024785
8,"R_Date","NM26",,"posterior",-3104.5,0.0045
8,"R_Date","NM26",,"posterior",-3099.5,0.007433
8,"R_Date","NM26",,"posterior",-3094.5,0.008692
8,"R_Date","NM26",,"posterior",-3089.5,0.007689
8,"R_Date","NM26",,"posterior",-3084.5,0.006535
8,"R_Date","NM26",,"posterior",-3079.5,0.005592
8,"R_Date","NM26",,"posterior",-3074.5,0.004622
8,"R_Date","NM26",,"posterior",-3069.5,0.004128
8,"R_Date","NM26",,"posterior",-3064.5,0.005179
8,"R_Date","NM26",,"posterior",-3059.5,0.008558
8,"R_Date","NM26",,"posterior",-3054.5,0.013614
8,"R_Date","NM26",,"posterior",-3049.5,0.017849
8,"R_Date","NM26",,"posterior",-3044.5,0.019663
8,"R_Date","NM26",,"posterior",-3039.5,0.019696
8,"R_Date","NM26",,"posterior",-3034.5,0.018693
8,"R_Date","NM26",,"posterior",-3029.5,0.015302
8,"R_Date","NM26",,"posterior",-3024.5,0.009429
8,"R_Date","NM26",,"posterior",-3019.5,0.005435
8,"R_Date","NM26",,"posterior",-3014.5,0.003395
8,"R_Date","NM26",,"posterior",-3009.5,0.0017756
8,"R_Date","NM26",,"posterior",-3004.5,0.0007769
8,"R_Date","NM26",,"posterior",-2999.5,0.0004257
8,"R_Date","NM26",,"posterior",-2994.5,0.0003216
8,"R_Date","NM26",,"posterior",-2989.5,0.0003821
8,"R_Date","NM26",,"posterior",-2984.5,0.0005016
8,"R_Date","NM26",,"posterior",-2979.5,0.0005148
8,"R_Date","NM26",,"posterior",-2974.5,0.0004945
8,"R_Date","NM26",,"posterior",-2969.5,0.0004385
8,"R_Date","NM26",,"posterior",-2964.5,0.00031354
8,"R_Date","NM26",,"posterior",-2959.5,0.00022323
8,"R_Date","NM26",,"posterior",-2954.5,0.00016651
8,"R_Date","NM26",,"posterior",-2949.5,0.00013708
8,"R_Date","NM26",,"posterior",-2944.5,0.00011697
8,"R_Date","NM26",,"posterior",-2939.5,0.00009958
8,"R_Date","NM26",,"posterior",-2934.5,0.00005704
8,"R_Date","NM26",,"posterior",-2929.5,0.000022552
8,"R_Date","NM26",,"posterior",-2924.5,0.000005889
8,"R_Date","NM26",,"posterior",-2919.5,9.454e-7
8,"R_Date","NM26",,"posterior",-2914.5,1.5757e-7
8,"R_Date","NM26",,"posterior",-2909.5,0
8,"R_Date","NM26",,"posterior",-2904.5,0
9,"R_Date","NM22",,"likelihood",-3494.5,0
9,"R_Date","NM22",,"likelihood",-3489.5,0
9,"R_Date","NM22",,"likelihood",-3484.5,5.124e-9
9,"R_Date","NM22",,"likelihood",-3479.5,1.0248e-8
9,"R_Date","NM22",,"likelihood",-3474.5,5.124e-9
9,"R_Date","NM22",,"likelihood",-3469.5,0
9,"R_Date","NM22",,"likelihood",-3464.5,0
9,"R_Date","NM22",,"likelihood",-3459.5,0
9,"R_Date","NM22",,"likelihood",-3454.5,0
9,"R_Date","NM22",,"likelihood",-3449.5,0
9,"R_Date","NM22",,"likelihood",-3444.5,0
9,"R_Date","NM22",,"likelihood",-3439.5,0
9,"R_Date","NM22",,"likelihood",-3434.5,0
9,"R_Date","NM22",,"likelihood",-3429.5,0
9,"R_Date","NM22",,"likelihood",-3424.5,0
9,"R_Date","NM22",,"likelihood",-3419.5,0
9,"R_Date","NM22",,"likelihood",-3414.5,0
9,"R_Date","NM22",,"likelihood",-3409.5,0
9,"R_Date","NM22",,"likelihood",-3404.5,0
9,"R_Date","NM22",,"likelihood",-3399.5,0
9,"R_Date","NM22",,"likelihood",-3394.5,0
9,"R_Date","NM22",,"likelihood",-3389.5,0
9,"R_Date","NM22",,"likelihood",-3384.5,0
9,"R_Date","NM22",,"likelihood",-3379.5,0
9,"R_Date","NM22",,"likelihood",-3374.5,0
9,"R_Date","NM22",,"likelihood",-3369.5,1.0248e-8
9,"R_Date","NM22",,"likelihood",-3364.5,5.021e-7
9,"R_Date","NM22",,"likelihood",-3359.5,0.000007343
9,"R_Date","NM22",,"likelihood",-3354.5,0.00003991
9,"R_Date","NM22",,"likelihood",-3349.5,0.00011418
9,"R_Date","NM22",,"likelihood",-3344.5,0.00019772
9,"R_Date","NM22",,"likelihood",-3339.5,0.0003804
9,"R_Date","NM22",,"likelihood",-3334.5,0.0008613
9,"R_Date","NM22",,"likelihood",-3329.5,0.0016283
9,"R_Date","NM22",,"likelihood",-3324.5,0.0025341
9,"R_Date","NM22",,"likelihood",-3319.5,0.003269
9,"R_Date","NM22",,"likelihood",-3314.5,0.003725
9,"R_Date","NM22",,"likelihood",-3309.5,0.00407
9,"R_Date","NM22",,"likelihood",-3304.5,0.004309
9,"R_Date","NM22",,"likelihood",-3299.5,0.004346
9,"R_Date","NM22",,"likelihood",-3294.5,0.003923
9,"R_Date","NM22",,"likelihood",-3289.5,0.003556
9,"R_Date","NM22",,"likelihood",-3284.5,0.003923
9,"R_Date","NM22",,"likelihood",-3279.5,0.004457
9,"R_Date","NM22",,"likelihood",-3274.5,0.004346
9,"R_Date","NM22",,"likelihood",-3269.5,0.003901
9,"R_Date","NM22",,"likelihood",-3264.5,0.004265
9,"R_Date","NM22",,"likelihood",-3259.5,0.005024
9,"R_Date","NM22",,"likelihood",-3254.5,0.005124
9,"R_Date","NM22",,"likelihood",-3249.5,0.005024
9,"R_Date","NM22",,"likelihood",-3244.5,0.004657
9,"R_Date","NM22",,"likelihood",-3239.5,0.004098
9,"R_Date","NM22",,"likelihood",-3234.5,0.003178
9,"R_Date","NM22",,"likelihood",-3229.5,0.0025341
9,"R_Date","NM22",,"likelihood",-3224.5,0.0022507
9,"R_Date","NM22",,"likelihood",-3219.5,0.0021636
9,"R_Date","NM22",,"likelihood",-3214.5,0.0016004
9,"R_Date","NM22",,"likelihood",-3209.5,0.0008902
9,"R_Date","NM22",,"likelihood",-3204.5,0.0005304
9,"R_Date","NM22",,"likelihood",-3199.5,0.0004357
9,"R_Date","NM22",,"likelihood",-3194.5,0.0006278
9,"R_Date","NM22",,"likelihood",-3189.5,0.0011347
9,"R_Date","NM22",,"likelihood",-3184.5,0.0018565
9,"R_Date","NM22",,"likelihood",-3179.5,0.0025478
9,"R_Date","NM22",,"likelihood",-3174.5,0.003269
9,"R_Date","NM22",,"likelihood",-3169.5,0.003725
9,"R_Date","NM22",,"likelihood",-3164.5,0.003707
9,"R_Date","NM22",,"likelihood",-3159.5,0.003355
9,"R_Date","NM22",,"likelihood",-3154.5,0.002445
9,"R_Date","NM22",,"likelihood",-3149.5,0.0015846
9,"R_Date","NM22",,"likelihood",-3144.5,0.0011041
9,"R_Date","NM22",,"likelihood",-3139.5,0.0011347
9,"R_Date","NM22",,"likelihood",-3134.5,0.0013804
9,"R_Date","NM22",,"likelihood",-3129.5,0.0016564
9,"R_Date","NM22",,"likelihood",-3124.5,0.0016564
9,"R_Date","NM22",,"likelihood",-3119.5,0.001882
9,"R_Date","NM22",,"likelihood",-3114.5,0.002122
9,"R_Date","NM22",,"likelihood",-3109.5,0.0022048
9,"R_Date","NM22",,"likelihood",-3104.5,0.0030844
9,"R_Date","NM22",,"likelihood",-3099.5,0.004606
9,"R_Date","NM22",,"likelihood",-3094.5,0.005107
9,"R_Date","NM22",,"likelihood",-3089.5,0.004338
9,"R_Date","NM22",,"likelihood",-3084.5,0.00361
9,"R_Date","NM22",,"likelihood",-3079.5,0.0030714
9,"R_Date","NM22",,"likelihood",-3074.5,0.0024288
9,"R_Date","NM22",,"likelihood",-3069.5,0.0019997
9,"R_Date","NM22",,"likelihood",-3064.5,0.0021883
9,"R_Date","NM22",,"likelihood",-3059.5,0.0030707
9,"R_Date","NM22",,"likelihood",-3054.5,0.004033
9,"R_Date","NM22",,"likelihood",-3049.5,0.004521
9,"R_Date","NM22",,"likelihood",-3044.5,0.004627
9,"R_Date","NM22",,"likelihood",-3039.5,0.004562
9,"R_Date","NM22",,"likelihood",-3034.5,0.004437
9,"R_Date","NM22",,"likelihood",-3029.5,0.003787
9,"R_Date","NM22",,"likelihood",-3024.5,0.0023629
9,"R_Date","NM22",,"likelihood",-3019.5,0.001439
9,"R_Date","NM22",,"likelihood",-3014.5,0.0009645
9,"R_Date","NM22",,"likelihood",-3009.5,0.0005261
9,"R_Date","NM22",,"likelihood",-3004.5,0.00023563
9,"R_Date","NM22",,"likelihood",-2999.5,0.00013988
9,"R_Date","NM22",,"likelihood",-2994.5,0.00013097
9,"R_Date","NM22",,"likelihood",-2989.5,0.00020273
9,"R_Date","NM22",,"likelihood",-2984.5,0.0003495
9,"R_Date","NM22",,"likelihood",-2979.5,0.0004387
9,"R_Date","NM22",,"likelihood",-2974.5,0.00052
9,"R_Date","NM22",,"likelihood",-2969.5,0.0005865
9,"R_Date","NM22",,"likelihood",-2964.5,0.0004939
9,"R_Date","NM22",,"likelihood",-2959.5,0.0004384
9,"R_Date","NM22",,"likelihood",-2954.5,0.0004158
9,"R_Date","NM22",,"likelihood",-2949.5,0.0004392
9,"R_Date","NM22",,"likelihood",-2944.5,0.0005064
9,"R_Date","NM22",,"likelihood",-2939.5,0.0005655
9,"R_Date","NM22",,"likelihood",-2934.5,0.0004922
9,"R_Date","NM22",,"likelihood",-2929.5,0.00030615
9,"R_Date","NM22",,"likelihood",-2924.5,0.00014589
9,"R_Date","NM22",,"likelihood",-2919.5,0.00005736
9,"R_Date","NM22",,"likelihood",-2914.5,0.000011549
9,"R_Date","NM22",,"likelihood",-2909.5,0.0000014603
9,"R_Date","NM22",,"likelihood",-2904.5,2.152e-7
9,"R_Date","NM22",,"likelihood",-2899.5,2.5619e-8
9,"R_Date","NM22",,"likelihood",-2894.5,0
9,"R_Date","NM22",,"likelihood",-2889.5,0
9,"R_Date","NM22",,"likelihood",-2884.5,0
9,"R_Date","NM22",,"posterior",-3349.5,0
9,"R_Date","NM22",,"posterior",-3344.5,0
9,"R_Date","NM22",,"posterior",-3339.5,0
9,"R_Date","NM22",,"posterior",-3334.5,9.498e-8
9,"R_Date","NM22",,"posterior",-3329.5,1.5197e-7
9,"R_Date","NM22",,"posterior",-3324.5,2.0896e-7
9,"R_Date","NM22",,"posterior",-3319.5,7.219e-7
9,"R_Date","NM22",,"posterior",-3314.5,5.699e-7
9,"R_Date","NM22",,"posterior",-3309.5,0.0000011398
9,"R_Date","NM22",,"posterior",-3304.5,0.0000015577
9,"R_Date","NM22",,"posterior",-3299.5,0.0000014627
9,"R_Date","NM22",,"posterior",-3294.5,9.308e-7
9,"R_Date","NM22",,"posterior",-3289.5,0.0000022986
9,"R_Date","NM22",,"posterior",-3284.5,0.0000016717
9,"R_Date","NM22",,"posterior",-3279.5,0.0000027545
9,"R_Date","NM22",,"posterior",-3274.5,0.000003799
9,"R_Date","NM22",,"posterior",-3269.5,0.000004217
9,"R_Date","NM22",,"posterior",-3264.5,0.000003913
9,"R_Date","NM22",,"posterior",-3259.5,0.000003913
9,"R_Date","NM22",,"posterior",-3254.5,0.000005566
9,"R_Date","NM22",,"posterior",-3249.5,0.000005148
9,"R_Date","NM22",,"posterior",-3244.5,0.000007295
9,"R_Date","NM22",,"posterior",-3239.5,0.000005053
9,"R_Date","NM22",,"posterior",-3234.5,0.000004692
9,"R_Date","NM22",,"posterior",-3229.5,0.000004274
9,"R_Date","NM22",,"posterior",-3224.5,0.000004901
9,"R_Date","NM22",,"posterior",-3219.5,0.00000454
9,"R_Date","NM22",,"posterior",-3214.5,0.000003533
9,"R_Date","NM22",,"posterior",-3209.5,0.0000027545
9,"R_Date","NM22",,"posterior",-3204.5,0.0000020896
9,"R_Date","NM22",,"posterior",-3199.5,0.0000015577
9,"R_Date","NM22",,"posterior",-3194.5,0.0000029635
9,"R_Date","NM22",,"posterior",-3189.5,0.000007922
9,"R_Date","NM22",,"posterior",-3184.5,0.000016451
9,"R_Date","NM22",,"posterior",-3179.5,0.000029939
9,"R_Date","NM22",,"posterior",-3174.5,0.00004818
9,"R_Date","NM22",,"posterior",-3169.5,0.00007114
9,"R_Date","NM22",,"posterior",-3164.5,0.00009339
9,"R_Date","NM22",,"posterior",-3159.5,0.00010625
9,"R_Date","NM22",,"posterior",-3154.5,0.00009973
9,"R_Date","NM22",,"posterior",-3149.5,0.00008098
9,"R_Date","NM22",,"posterior",-3144.5,0.00007333
9,"R_Date","NM22",,"posterior",-3139.5,0.0001037
9,"R_Date","NM22",,"posterior",-3134.5,0.00017203
9,"R_Date","NM22",,"posterior",-3129.5,0.00029697
9,"R_Date","NM22",,"posterior",-3124.5,0.0004503
9,"R_Date","NM22",,"posterior",-3119.5,0.0007665
9,"R_Date","NM22",,"posterior",-3114.5,0.0012423
9,"R_Date","NM22",,"posterior",-3109.5,0.0019454
9,"R_Date","NM22",,"posterior",-3104.5,0.003619
9,"R_Date","NM22",,"posterior",-3099.5,0.00644
9,"R_Date","NM22",,"posterior",-3094.5,0.008136
9,"R_Date","NM22",,"posterior",-3089.5,0.007599
9,"R_Date","NM22",,"posterior",-3084.5,0.006679
9,"R_Date","NM22",,"posterior",-3079.5,0.005921
9,"R_Date","NM22",,"posterior",-3074.5,0.005022
9,"R_Date","NM22",,"posterior",-3069.5,0.004578
9,"R_Date","NM22",,"posterior",-3064.5,0.005634
9,"R_Date","NM22",,"posterior",-3059.5,0.008945
9,"R_Date","NM22",,"posterior",-3054.5,0.013643
9,"R_Date","NM22",,"posterior",-3049.5,0.017397
9,"R_Date","NM22",,"posterior",-3044.5,0.018895
9,"R_Date","NM22",,"posterior",-3039.5,0.018997
9,"R_Date","NM22",,"posterior",-3034.5,0.018311
9,"R_Date","NM22",,"posterior",-3029.5,0.015534
9,"R_Date","NM22",,"posterior",-3024.5,0.010096
9,"R_Date","NM22",,"posterior",-3019.5,0.00621
9,"R_Date","NM22",,"posterior",-3014.5,0.004017
9,"R_Date","NM22",,"posterior",-3009.5,0.0022161
9,"R_Date","NM22",,"posterior",-3004.5,0.001019
9,"R_Date","NM22",,"posterior",-2999.5,0.0005676
9,"R_Date","NM22",,"posterior",-2994.5,0.000432
9,"R_Date","NM22",,"posterior",-2989.5,0.0005031
9,"R_Date","NM22",,"posterior",-2984.5,0.0006435
9,"R_Date","NM22",,"posterior",-2979.5,0.0006592
9,"R_Date","NM22",,"posterior",-2974.5,0.0006166
9,"R_Date","NM22",,"posterior",-2969.5,0.000556
9,"R_Date","NM22",,"posterior",-2964.5,0.0003832
9,"R_Date","NM22",,"posterior",-2959.5,0.00027068
9,"R_Date","NM22",,"posterior",-2954.5,0.00021282
9,"R_Date","NM22",,"posterior",-2949.5,0.00017255
9,"R_Date","NM22",,"posterior",-2944.5,0.00014979
9,"R_Date","NM22",,"posterior",-2939.5,0.00012281
9,"R_Date","NM22",,"posterior",-2934.5,0.00007344
9,"R_Date","NM22",,"posterior",-2929.5,0.000030623
9,"R_Date","NM22",,"posterior",-2924.5,0.000008491
9,"R_Date","NM22",,"posterior",-2919.5,0.0000011398
9,"R_Date","NM22",,"posterior",-2914.5,9.498e-8
9,"R_Date","NM22",,"posterior",-2909.5,0
9,"R_Date","NM22",,"posterior",-2904.5,0
10,"R_Date","NM21",,"likelihood",-3379.5,0
10,"R_Date","NM21",,"likelihood",-3374.5,0
10,"R_Date","NM21",,"likelihood",-3369.5,0
10,"R_Date","NM21",,"likelihood",-3364.5,7.635e-8
10,"R_Date","NM21",,"likelihood",-3359.5,0.0000015329
10,"R_Date","NM21",,"likelihood",-3354.5,0.000010366
10,"R_Date","NM21",,"likelihood",-3349.5,0.00003543
10,"R_Date","NM21",,"likelihood",-3344.5,0.00006458
10,"R_Date","NM21",,"likelihood",-3339.5,0.00014018
10,"R_Date","NM21",,"likelihood",-3334.5,0.000378
10,"R_Date","NM21",,"likelihood",-3329.5,0.000857
10,"R_Date","NM21",,"likelihood",-3324.5,0.0015418
10,"R_Date","NM21",,"likelihood",-3319.5,0.0022107
10,"R_Date","NM21",,"likelihood",-3314.5,0.0026912
10,"R_Date","NM21",,"likelihood",-3309.5,0.0031002
10,"R_Date","NM21",,"likelihood",-3304.5,0.003416
10,"R_Date","NM21",,"likelihood",-3299.5,0.003411
10,"R_Date","NM21",,"likelihood",-3294.5,0.0028773
10,"R_Date","NM21",,"likelihood",-3289.5,0.0024705
10,"R_Date","NM21",,"likelihood",-3284.5,0.0028773
10,"R_Date","NM21",,"likelihood",-3279.5,0.003627
10,"R_Date","NM21",,"likelihood",-3274.5,0.003411
10,"R_Date","NM21",,"likelihood",-3269.5,0.0028936
10,"R_Date","NM21",,"likelihood",-3264.5,0.003303
10,"R_Date","NM21",,"likelihood",-3259.5,0.004581
10,"R_Date","NM21",,"likelihood",-3254.5,0.005089
10,"R_Date","NM21",,"likelihood",-3249.5,0.004581
10,"R_Date","NM21",,"likelihood",-3244.5,0.003944
10,"R_Date","NM21",,"likelihood",-3239.5,0.0030883
10,"R_Date","NM21",,"likelihood",-3234.5,0.0020908
10,"R_Date","NM21",,"likelihood",-3229.5,0.0015418
10,"R_Date","NM21",,"likelihood",-3224.5,0.0012934
10,"R_Date","NM21",,"likelihood",-3219.5,0.0012267
10,"R_Date","NM21",,"likelihood",-3214.5,0.0008255
10,"R_Date","NM21",,"likelihood",-3209.5,0.0004002
10,"R_Date","NM21",,"likelihood",-3204.5,0.000209
10,"R_Date","NM21",,"likelihood",-3199.5,0.00016491
10,"R_Date","NM21",,"likelihood",-3194.5,0.00026087
10,"R_Date","NM21",,"likelihood",-3189.5,0.0005502
10,"R_Date","NM21",,"likelihood",-3184.5,0.0010165
10,"R_Date","NM21",,"likelihood",-3179.5,0.0015762
10,"R_Date","NM21",,"likelihood",-3174.5,0.0022107
10,"R_Date","NM21",,"likelihood",-3169.5,0.0026912
10,"R_Date","NM21",,"likelihood",-3164.5,0.002711
10,"R_Date","NM21",,"likelihood",-3159.5,0.00233
10,"R_Date","NM21",,"likelihood",-3154.5,0.001468
10,"R_Date","NM21",,"likelihood",-3149.5,0.0008404
10,"R_Date","NM21",,"likelihood",-3144.5,0.0005231
10,"R_Date","NM21",,"likelihood",-3139.5,0.0005502
10,"R_Date","NM21",,"likelihood",-3134.5,0.0007045
10,"R_Date","NM21",,"likelihood",-3129.5,0.0008898
10,"R_Date","NM21",,"likelihood",-3124.5,0.0008898
10,"R_Date","NM21",,"likelihood",-3119.5,0.0010507
10,"R_Date","NM21",,"likelihood",-3114.5,0.0012311
10,"R_Date","NM21",,"likelihood",-3109.5,0.0012957
10,"R_Date","NM21",,"likelihood",-3104.5,0.0020612
10,"R_Date","NM21",,"likelihood",-3099.5,0.003932
10,"R_Date","NM21",,"likelihood",-3094.5,0.005568
10,"R_Date","NM21",,"likelihood",-3089.5,0.005754
10,"R_Date","NM21",,"likelihood",-3084.5,0.005384
10,"R_Date","NM21",,"likelihood",-3079.5,0.004953
10,"R_Date","NM21",,"likelihood",-3074.5,0.004344
10,"R_Date","NM21",,"likelihood",-3069.5,0.003825
10,"R_Date","NM21",,"likelihood",-3064.5,0.004021
10,"R_Date","NM21",,"likelihood",-3059.5,0.005
10,"R_Date","NM21",,"likelihood",-3054.5,0.005635
10,"R_Date","NM21",,"likelihood",-3049.5,0.005851
10,"R_Date","NM21",,"likelihood",-3044.5,0.005873
10,"R_Date","NM21",,"likelihood",-3039.5,0.005868
10,"R_Date","NM21",,"likelihood",-3034.5,0.005847
10,"R_Date","NM21",,"likelihood",-3029.5,0.005554
10,"R_Date","NM21",,"likelihood",-3024.5,0.004309
10,"R_Date","NM21",,"likelihood",-3019.5,0.0030412
10,"R_Date","NM21",,"likelihood",-3014.5,0.0022644
10,"R_Date","NM21",,"likelihood",-3009.5,0.0014178
10,"R_Date","NM21",,"likelihood",-3004.5,0.000743
10,"R_Date","NM21",,"likelihood",-2999.5,0.0004754
10,"R_Date","NM21",,"likelihood",-2994.5,0.0004573
10,"R_Date","NM21",,"likelihood",-2989.5,0.0006566
10,"R_Date","NM21",,"likelihood",-2984.5,0.0010088
10,"R_Date","NM21",,"likelihood",-2979.5,0.0012274
10,"R_Date","NM21",,"likelihood",-2974.5,0.0014042
10,"R_Date","NM21",,"likelihood",-2969.5,0.001504
10,"R_Date","NM21",,"likelihood",-2964.5,0.0013483
10,"R_Date","NM21",,"likelihood",-2959.5,0.0012269
10,"R_Date","NM21",,"likelihood",-2954.5,0.0011762
10,"R_Date","NM21",,"likelihood",-2949.5,0.0012287
10,"R_Date","NM21",,"likelihood",-2944.5,0.0013756
10,"R_Date","NM21",,"likelihood",-2939.5,0.0014809
10,"R_Date","NM21",,"likelihood",-2934.5,0.0013271
10,"R_Date","NM21",,"likelihood",-2929.5,0.0009192
10,"R_Date","NM21",,"likelihood",-2924.5,0.0005004
10,"R_Date","NM21",,"likelihood",-2919.5,0.00022435
10,"R_Date","NM21",,"likelihood",-2914.5,0.00005752
10,"R_Date","NM21",,"likelihood",-2909.5,0.000009556
10,"R_Date","NM21",,"likelihood",-2904.5,0.0000016739
10,"R_Date","NM21",,"likelihood",-2899.5,2.4081e-7
10,"R_Date","NM21",,"likelihood",-2894.5,2.9367e-8
10,"R_Date","NM21",,"likelihood",-2889.5,0
10,"R_Date","NM21",,"likelihood",-2884.5,0
10,"R_Date","NM21",,"likelihood",-2879.5,0
10,"R_Date","NM21",,"posterior",-3349.5,0
10,"R_Date","NM21",,"posterior",-3344.5,0
10,"R_Date","NM21",,"posterior",-3339.5,0
10,"R_Date","NM21",,"posterior",-3334.5,4.947e-8
10,"R_Date","NM21",,"posterior",-3329.5,9.893e-8
10,"R_Date","NM21",,"posterior",-3324.5,9.893e-8
10,"R_Date","NM21",,"posterior",-3319.5,6.266e-7
10,"R_Date","NM21",,"posterior",-3314.5,7.75e-7
10,"R_Date","NM21",,"posterior",-3309.5,0.0000011377
10,"R_Date","NM21",,"posterior",-3304.5,7.75e-7
10,"R_Date","NM21",,"posterior",-3299.5,9.893e-7
10,"R_Date","NM21",,"posterior",-3294.5,8.409e-7
10,"R_Date","NM21",,"posterior",-3289.5,0.0000010883
10,"R_Date","NM21",,"posterior",-3284.5,0.0000012532
10,"R_Date","NM21",,"posterior",-3279.5,0.0000026052
10,"R_Date","NM21",,"posterior",-3274.5,0.0000024404
10,"R_Date","NM21",,"posterior",-3269.5,0.000002968
10,"R_Date","NM21",,"posterior",-3264.5,0.000003182
10,"R_Date","NM21",,"posterior",-3259.5,0.000004419
10,"R_Date","NM21",,"posterior",-3254.5,0.000006299
10,"R_Date","NM21",,"posterior",-3249.5,0.0000062
10,"R_Date","NM21",,"posterior",-3244.5,0.000004732
10,"R_Date","NM21",,"posterior",-3239.5,0.00000432
10,"R_Date","NM21",,"posterior",-3234.5,0.00000338
10,"R_Date","NM21",,"posterior",-3229.5,0.0000029185
10,"R_Date","NM21",,"posterior",-3224.5,0.000002968
10,"R_Date","NM21",,"posterior",-3219.5,0.000002193
10,"R_Date","NM21",,"posterior",-3214.5,0.000001451
10,"R_Date","NM21",,"posterior",-3209.5,8.904e-7
10,"R_Date","NM21",,"posterior",-3204.5,8.409e-7
10,"R_Date","NM21",,"posterior",-3199.5,5.771e-7
10,"R_Date","NM21",,"posterior",-3194.5,0.0000011377
10,"R_Date","NM21",,"posterior",-3189.5,0.0000029185
10,"R_Date","NM21",,"posterior",-3184.5,0.000007915
10,"R_Date","NM21",,"posterior",-3179.5,0.000015879
10,"R_Date","NM21",,"posterior",-3174.5,0.000029581
10,"R_Date","NM21",,"posterior",-3169.5,0.0000414
10,"R_Date","NM21",,"posterior",-3164.5,0.0000525
10,"R_Date","NM21",,"posterior",-3159.5,0.00005786
10,"R_Date","NM21",,"posterior",-3154.5,0.0000476
10,"R_Date","NM21",,"posterior",-3149.5,0.00003402
10,"R_Date","NM21",,"posterior",-3144.5,0.000026564
10,"R_Date","NM21",,"posterior",-3139.5,0.00003839
10,"R_Date","NM21",,"posterior",-3134.5,0.00006775
10,"R_Date","NM21",,"posterior",-3129.5,0.00012156
10,"R_Date","NM21",,"posterior",-3124.5,0.00019089
10,"R_Date","NM21",,"posterior",-3119.5,0.0003188
10,"R_Date","NM21",,"posterior",-3114.5,0.000532
10,"R_Date","NM21",,"posterior",-3109.5,0.0008371
10,"R_Date","NM21",,"posterior",-3104.5,0.0017868
10,"R_Date","NM21",,"posterior",-3099.5,0.003917
10,"R_Date","NM21",,"posterior",-3094.5,0.006164
10,"R_Date","NM21",,"posterior",-3089.5,0.006974
10,"R_Date","NM21",,"posterior",-3084.5,0.006896
10,"R_Date","NM21",,"posterior",-3079.5,0.006599
10,"R_Date","NM21",,"posterior",-3074.5,0.006106
10,"R_Date","NM21",,"posterior",-3069.5,0.005916
10,"R_Date","NM21",,"posterior",-3064.5,0.006986
10,"R_Date","NM21",,"posterior",-3059.5,0.009778
10,"R_Date","NM21",,"posterior",-3054.5,0.012842
10,"R_Date","NM21",,"posterior",-3049.5,0.015249
10,"R_Date","NM21",,"posterior",-3044.5,0.016265
10,"R_Date","NM21",,"posterior",-3039.5,0.016489
10,"R_Date","NM21",,"posterior",-3034.5,0.016324
10,"R_Date","NM21",,"posterior",-3029.5,0.015378
10,"R_Date","NM21",,"posterior",-3024.5,0.012168
10,"R_Date","NM21",,"posterior",-3019.5,0.008686
10,"R_Date","NM21",,"posterior",-3014.5,0.006293
10,"R_Date","NM21",,"posterior",-3009.5,0.003964
10,"R_Date","NM21",,"posterior",-3004.5,0.00211
10,"R_Date","NM21",,"posterior",-2999.5,0.0012634
10,"R_Date","NM21",,"posterior",-2994.5,0.001001
10,"R_Date","NM21",,"posterior",-2989.5,0.0010861
10,"R_Date","NM21",,"posterior",-2984.5,0.0012587
10,"R_Date","NM21",,"posterior",-2979.5,0.0012487
10,"R_Date","NM21",,"posterior",-2974.5,0.0011242
10,"R_Date","NM21",,"posterior",-2969.5,0.0009667
10,"R_Date","NM21",,"posterior",-2964.5,0.0007198
10,"R_Date","NM21",,"posterior",-2959.5,0.0005201
10,"R_Date","NM21",,"posterior",-2954.5,0.0003979
10,"R_Date","NM21",,"posterior",-2949.5,0.0003202
10,"R_Date","NM21",,"posterior",-2944.5,0.00027833
10,"R_Date","NM21",,"posterior",-2939.5,0.00021584
10,"R_Date","NM21",,"posterior",-2934.5,0.0001374
10,"R_Date","NM21",,"posterior",-2929.5,0.00006271
10,"R_Date","NM21",,"posterior",-2924.5,0.000020215
10,"R_Date","NM21",,"posterior",-2919.5,0.00000343
10,"R_Date","NM21",,"posterior",-2914.5,4.122e-7
10,"R_Date","NM21",,"posterior",-2909.5,0
10,"R_Date","NM21",,"posterior",-2904.5,0
11,"R_Date","NM12",,"likelihood",-3499.5,0
11,"R_Date","NM12",,"likelihood",-3494.5,0
11,"R_Date","NM12",,"likelihood",-3489.5,0
11,"R_Date","NM12",,"likelihood",-3484.5,5.184e-9
11,"R_Date","NM12",,"likelihood",-3479.5,1.5551e-8
11,"R_Date","NM12",,"likelihood",-3474.5,1.5551e-8
11,"R_Date","NM12",,"likelihood",-3469.5,5.184e-9
11,"R_Date","NM12",,"likelihood",-3464.5,0
11,"R_Date","NM12",,"likelihood",-3459.5,0
11,"R_Date","NM12",,"likelihood",-3454.5,0
11,"R_Date","NM12",,"likelihood",-3449.5,0
11,"R_Date","NM12",,"likelihood",-3444.5,0
11,"R_Date","NM12",,"likelihood",-3439.5,0
11,"R_Date","NM12",,"likelihood",-3434.5,0
11,"R_Date","NM12",,"likelihood",-3429.5,0
11,"R_Date","NM12",,"likelihood",-3424.5,0
11,"R_Date","NM12",,"likelihood",-3419.5,0
11,"R_Date","NM12",,"likelihood",-3414.5,0
11,"R_Date","NM12",,"likelihood",-3409.5,0
11,"R_Date","NM12",,"likelihood",-3404.5,0
11,"R_Date","NM12",,"likelihood",-3399.5,0
11,"R_Date","NM12",,"likelihood",-3394.5,0
11,"R_Date","NM12",,"likelihood",-3389.5,0
11,"R_Date","NM12",,"likelihood",-3384.5,0
11,"R_Date","NM12",,"likelihood",-3379.5,0
11,"R_Date","NM12",,"likelihood",-3374.5,0
11,"R_Date","NM12",,"likelihood",-3369.5,1.5551e-8
11,"R_Date","NM12",,"likelihood",-3364.5,4.976e-7
11,"R_Date","NM12",,"likelihood",-3359.5,0.000005412
11,"R_Date","NM12",,"likelihood",-3354.5,0.000025193
11,"R_Date","NM12",,"likelihood",-3349.5,0.00006664
11,"R_Date","NM12",,"likelihood",-3344.5,0.00011257
11,"R_Date","NM12",,"likelihood",-3339.5,0.00021088
11,"R_Date","NM12",,"likelihood",-3334.5,0.0004734
11,"R_Date","NM12",,"likelihood",-3329.5,0.0009234
11,"R_Date","NM12",,"likelihood",-3324.5,0.001511
11,"R_Date","NM12",,"likelihood",-3319.5,0.0020531
11,"R_Date","NM12",,"likelihood",-3314.5,0.0024323
11,"R_Date","NM12",,"likelihood",-3309.5,0.0027516
11,"R_Date","NM12",,"likelihood",-3304.5,0.0029968
11,"R_Date","NM12",,"likelihood",-3299.5,0.0029934
11,"R_Date","NM12",,"likelihood",-3294.5,0.0025801
11,"R_Date","NM12",,"likelihood",-3289.5,0.0022624
11,"R_Date","NM12",,"likelihood",-3284.5,0.0025801
11,"R_Date","NM12",,"likelihood",-3279.5,0.0031614
11,"R_Date","NM12",,"likelihood",-3274.5,0.0029934
11,"R_Date","NM12",,"likelihood",-3269.5,0.0025906
11,"R_Date","NM12",,"likelihood",-3264.5,0.0029098
11,"R_Date","NM12",,"likelihood",-3259.5,0.003904
11,"R_Date","NM12",,"likelihood",-3254.5,0.004327
11,"R_Date","NM12",,"likelihood",-3249.5,0.003904
11,"R_Date","NM12",,"likelihood",-3244.5,0.003408
11,"R_Date","NM12",,"likelihood",-3239.5,0.0027438
11,"R_Date","NM12",,"likelihood",-3234.5,0.0019619
11,"R_Date","NM12",,"likelihood",-3229.5,0.001511
11,"R_Date","NM12",,"likelihood",-3224.5,0.0013088
11,"R_Date","NM12",,"likelihood",-3219.5,0.0012521
11,"R_Date","NM12",,"likelihood",-3214.5,0.0009008
11,"R_Date","NM12",,"likelihood",-3209.5,0.0004914
11,"R_Date","NM12",,"likelihood",-3204.5,0.0002918
11,"R_Date","NM12",,"likelihood",-3199.5,0.00024063
11,"R_Date","NM12",,"likelihood",-3194.5,0.0003457
11,"R_Date","NM12",,"likelihood",-3189.5,0.000634
11,"R_Date","NM12",,"likelihood",-3184.5,0.0010647
11,"R_Date","NM12",,"likelihood",-3179.5,0.001534
11,"R_Date","NM12",,"likelihood",-3174.5,0.0020531
11,"R_Date","NM12",,"likelihood",-3169.5,0.0024323
11,"R_Date","NM12",,"likelihood",-3164.5,0.0024451
11,"R_Date","NM12",,"likelihood",-3159.5,0.0021439
11,"R_Date","NM12",,"likelihood",-3154.5,0.0014497
11,"R_Date","NM12",,"likelihood",-3149.5,0.0009027
11,"R_Date","NM12",,"likelihood",-3144.5,0.000613
11,"R_Date","NM12",,"likelihood",-3139.5,0.000634
11,"R_Date","NM12",,"likelihood",-3134.5,0.0007789
11,"R_Date","NM12",,"likelihood",-3129.5,0.0009469
11,"R_Date","NM12",,"likelihood",-3124.5,0.0009469
11,"R_Date","NM12",,"likelihood",-3119.5,0.0010887
11,"R_Date","NM12",,"likelihood",-3114.5,0.0012443
11,"R_Date","NM12",,"likelihood",-3109.5,0.0012992
11,"R_Date","NM12",,"likelihood",-3104.5,0.0019291
11,"R_Date","NM12",,"likelihood",-3099.5,0.003402
11,"R_Date","NM12",,"likelihood",-3094.5,0.004753
11,"R_Date","NM12",,"likelihood",-3089.5,0.005133
11,"R_Date","NM12",,"likelihood",-3084.5,0.005024
11,"R_Date","NM12",,"likelihood",-3079.5,0.004804
11,"R_Date","NM12",,"likelihood",-3074.5,0.004454
11,"R_Date","NM12",,"likelihood",-3069.5,0.004106
11,"R_Date","NM12",,"likelihood",-3064.5,0.004223
11,"R_Date","NM12",,"likelihood",-3059.5,0.004848
11,"R_Date","NM12",,"likelihood",-3054.5,0.005119
11,"R_Date","NM12",,"likelihood",-3049.5,0.005163
11,"R_Date","NM12",,"likelihood",-3044.5,0.005152
11,"R_Date","NM12",,"likelihood",-3039.5,0.005167
11,"R_Date","NM12",,"likelihood",-3034.5,0.005184
11,"R_Date","NM12",,"likelihood",-3029.5,0.005121
11,"R_Date","NM12",,"likelihood",-3024.5,0.004449
11,"R_Date","NM12",,"likelihood",-3019.5,0.003526
11,"R_Date","NM12",,"likelihood",-3014.5,0.0028817
11,"R_Date","NM12",,"likelihood",-3009.5,0.002076
11,"R_Date","NM12",,"likelihood",-3004.5,0.0013089
11,"R_Date","NM12",,"likelihood",-2999.5,0.0009346
11,"R_Date","NM12",,"likelihood",-2994.5,0.0009217
11,"R_Date","NM12",,"likelihood",-2989.5,0.0011973
11,"R_Date","NM12",,"likelihood",-2984.5,0.0016125
11,"R_Date","NM12",,"likelihood",-2979.5,0.0018739
11,"R_Date","NM12",,"likelihood",-2974.5,0.0020614
11,"R_Date","NM12",,"likelihood",-2969.5,0.0021268
11,"R_Date","NM12",,"likelihood",-2964.5,0.0020029
11,"R_Date","NM12",,"likelihood",-2959.5,0.0018736
11,"R_Date","NM12",,"likelihood",-2954.5,0.0018182
11,"R_Date","NM12",,"likelihood",-2949.5,0.0018755
11,"R_Date","NM12",,"likelihood",-2944.5,0.0020319
11,"R_Date","NM12",,"likelihood",-2939.5,0.0021222
11,"R_Date","NM12",,"likelihood",-2934.5,0.0019626
11,"R_Date","NM12",,"likelihood",-2929.5,0.0015245
11,"R_Date","NM12",,"likelihood",-2924.5,0.0009841
11,"R_Date","NM12",,"likelihood",-2919.5,0.000539
11,"R_Date","NM12",,"likelihood",-2914.5,0.00020178
11,"R_Date","NM12",,"likelihood",-2909.5,0.0000551
11,"R_Date","NM12",,"likelihood",-2904.5,0.000014541
11,"R_Date","NM12",,"likelihood",-2899.5,0.000003359
11,"R_Date","NM12",,"likelihood",-2894.5,6.687e-7
11,"R_Date","NM12",,"likelihood",-2889.5,9.849e-8
11,"R_Date","NM12",,"likelihood",-2884.5,1.0368e-8
11,"R_Date","NM12",,"likelihood",-2879.5,0
11,"R_Date","NM12",,"likelihood",-2874.5,0
11,"R_Date","NM12",,"likelihood",-2869.5,0
11,"R_Date","NM12",,"posterior",-3354.5,0
11,"R_Date","NM12",,"posterior",-3349.5,0
11,"R_Date","NM12",,"posterior",-3344.5,0
11,"R_Date","NM12",,"posterior",-3339.5,1.0192e-7
11,"R_Date","NM12",,"posterior",-3334.5,1.6016e-7
11,"R_Date","NM12",,"posterior",-3329.5,0
11,"R_Date","NM12",,"posterior",-3324.5,5.824e-8
11,"R_Date","NM12",,"posterior",-3319.5,1.6016e-7
11,"R_Date","NM12",,"posterior",-3314.5,6.843e-7
11,"R_Date","NM12",,"posterior",-3309.5,0.0000014123
11,"R_Date","NM12",,"posterior",-3304.5,6.843e-7
11,"R_Date","NM12",,"posterior",-3299.5,6.843e-7
11,"R_Date","NM12",,"posterior",-3294.5,0.0000012959
11,"R_Date","NM12",,"posterior",-3289.5,8.299e-7
11,"R_Date","NM12",,"posterior",-3284.5,0.0000013541
11,"R_Date","NM12",,"posterior",-3279.5,0.0000013541
11,"R_Date","NM12",,"posterior",-3274.5,0.000002286
11,"R_Date","NM12",,"posterior",-3269.5,0.0000015143
11,"R_Date","NM12",,"posterior",-3264.5,0.000003232
11,"R_Date","NM12",,"posterior",-3259.5,0.000004062
11,"R_Date","NM12",,"posterior",-3254.5,0.000005416
11,"R_Date","NM12",,"posterior",-3249.5,0.000004586
11,"R_Date","NM12",,"posterior",-3244.5,0.000003698
11,"R_Date","NM12",,"posterior",-3239.5,0.000004121
11,"R_Date","NM12",,"posterior",-3234.5,0.000003334
11,"R_Date","NM12",,"posterior",-3229.5,0.0000017763
11,"R_Date","NM12",,"posterior",-3224.5,0.0000021403
11,"R_Date","NM12",,"posterior",-3219.5,0.0000016599
11,"R_Date","NM12",,"posterior",-3214.5,0.0000024461
11,"R_Date","NM12",,"posterior",-3209.5,0.0000014123
11,"R_Date","NM12",,"posterior",-3204.5,8.299e-7
11,"R_Date","NM12",,"posterior",-3199.5,0.0000010483
11,"R_Date","NM12",,"posterior",-3194.5,0.0000019802
11,"R_Date","NM12",,"posterior",-3189.5,0.00000364
11,"R_Date","NM12",,"posterior",-3184.5,0.000007819
11,"R_Date","NM12",,"posterior",-3179.5,0.000013861
11,"R_Date","NM12",,"posterior",-3174.5,0.000024796
11,"R_Date","NM12",,"posterior",-3169.5,0.00003547
11,"R_Date","NM12",,"posterior",-3164.5,0.00005141
11,"R_Date","NM12",,"posterior",-3159.5,0.00005641
11,"R_Date","NM12",,"posterior",-3154.5,0.000046
11,"R_Date","NM12",,"posterior",-3149.5,0.000035
11,"R_Date","NM12",,"posterior",-3144.5,0.000030984
11,"R_Date","NM12",,"posterior",-3139.5,0.00004281
11,"R_Date","NM12",,"posterior",-3134.5,0.00007708
11,"R_Date","NM12",,"posterior",-3129.5,0.00012771
11,"R_Date","NM12",,"posterior",-3124.5,0.00018765
11,"R_Date","NM12",,"posterior",-3119.5,0.0003172
11,"R_Date","NM12",,"posterior",-3114.5,0.0005226
11,"R_Date","NM12",,"posterior",-3109.5,0.0008168
11,"R_Date","NM12",,"posterior",-3104.5,0.0016649
11,"R_Date","NM12",,"posterior",-3099.5,0.003371
11,"R_Date","NM12",,"posterior",-3094.5,0.005265
11,"R_Date","NM12",,"posterior",-3089.5,0.006178
11,"R_Date","NM12",,"posterior",-3084.5,0.00639
11,"R_Date","NM12",,"posterior",-3079.5,0.006356
11,"R_Date","NM12",,"posterior",-3074.5,0.006245
11,"R_Date","NM12",,"posterior",-3069.5,0.006263
11,"R_Date","NM12",,"posterior",-3064.5,0.007199
11,"R_Date","NM12",,"posterior",-3059.5,0.009389
11,"R_Date","NM12",,"posterior",-3054.5,0.011701
11,"R_Date","NM12",,"posterior",-3049.5,0.013403
11,"R_Date","NM12",,"posterior",-3044.5,0.014206
11,"R_Date","NM12",,"posterior",-3039.5,0.014416
11,"R_Date","NM12",,"posterior",-3034.5,0.01456
11,"R_Date","NM12",,"posterior",-3029.5,0.01419
11,"R_Date","NM12",,"posterior",-3024.5,0.012406
11,"R_Date","NM12",,"posterior",-3019.5,0.009946
11,"R_Date","NM12",,"posterior",-3014.5,0.008017
11,"R_Date","NM12",,"posterior",-3009.5,0.005743
11,"R_Date","NM12",,"posterior",-3004.5,0.00365
11,"R_Date","NM12",,"posterior",-2999.5,0.002412
11,"R_Date","NM12",,"posterior",-2994.5,0.0019753
11,"R_Date","NM12",,"posterior",-2989.5,0.001941
11,"R_Date","NM12",,"posterior",-2984.5,0.0019964
11,"R_Date","NM12",,"posterior",-2979.5,0.0018438
11,"R_Date","NM12",,"posterior",-2974.5,0.0016154
11,"R_Date","NM12",,"posterior",-2969.5,0.0013224
11,"R_Date","NM12",,"posterior",-2964.5,0.0010203
11,"R_Date","NM12",,"posterior",-2959.5,0.0007679
11,"R_Date","NM12",,"posterior",-2954.5,0.0005894
11,"R_Date","NM12",,"posterior",-2949.5,0.0004811
11,"R_Date","NM12",,"posterior",-2944.5,0.0003977
11,"R_Date","NM12",,"posterior",-2939.5,0.00029652
11,"R_Date","NM12",,"posterior",-2934.5,0.00018949
11,"R_Date","NM12",,"posterior",-2929.5,0.00009527
11,"R_Date","NM12",,"posterior",-2924.5,0.00003464
11,"R_Date","NM12",,"posterior",-2919.5,0.000009173
11,"R_Date","NM12",,"posterior",-2914.5,0.0000015143
11,"R_Date","NM12",,"posterior",-2909.5,2.0384e-7
11,"R_Date","NM12",,"posterior",-2904.5,0
11,"R_Date","NM12",,"posterior",-2899.5,0
12,"Combine","NM23",,"likelihood",-3369.5,0
12,"Combine","NM23",,"likelihood",-3364.5,0
12,"Combine","NM23",,"likelihood",-3359.5,0
12,"Combine","NM23",,"likelihood",-3354.5,2.746e-8
12,"Combine","NM23",,"likelihood",-3349.5,4.119e-7
12,"Combine","NM23",,"likelihood",-3344.5,0.0000015195
12,"Combine","NM23",,"likelihood",-3339.5,0.000008769
12,"Combine","NM23",,"likelihood",-3334.5,0.00007796
12,"Combine","NM23",,"likelihood",-3329.5,0.0004391
12,"Combine","NM23",,"likelihood",-3324.5,0.001418
12,"Combine","NM23",,"likelihood",-3319.5,0.0027848
12,"Combine","NM23",,"likelihood",-3314.5,0.003935
12,"Combine","NM23",,"likelihood",-3309.5,0.004975
12,"Combine","NM23",,"likelihood",-3304.5,0.005788
12,"Combine","NM23",,"likelihood",-3299.5,0.005893
12,"Combine","NM23",,"likelihood",-3294.5,0.004485
12,"Combine","NM23",,"likelihood",-3289.5,0.003451
12,"Combine","NM23",,"likelihood",-3284.5,0.004485
12,"Combine","NM23",,"likelihood",-3279.5,0.006328
12,"Combine","NM23",,"likelihood",-3274.5,0.005893
12,"Combine","NM23",,"likelihood",-3269.5,0.004446
12,"Combine","NM23",,"likelihood",-3264.5,0.005607
12,"Combine","NM23",,"likelihood",-3259.5,0.008681
12,"Combine","NM23",,"likelihood",-3254.5,0.009153
12,"Combine","NM23",,"likelihood",-3249.5,0.008681
12,"Combine","NM23",,"likelihood",-3244.5,0.007107
12,"Combine","NM23",,"likelihood",-3239.5,0.005039
12,"Combine","NM23",,"likelihood",-3234.5,0.0025539
12,"Combine","NM23",,"likelihood",-3229.5,0.001418
12,"Combine","NM23",,"likelihood",-3224.5,0.0010161
12,"Combine","NM23",,"likelihood",-3219.5,0.0009144
12,"Combine","NM23",,"likelihood",-3214.5,0.0004085
12,"Combine","NM23",,"likelihood",-3209.5,0.00008861
12,"Combine","NM23",,"likelihood",-3204.5,0.000021318
12,"Combine","NM23",,"likelihood",-3199.5,0.000012595
12,"Combine","NM23",,"likelihood",-3194.5,0.0000351
12,"Combine","NM23",,"likelihood",-3189.5,0.00017446
12,"Combine","NM23",,"likelihood",-3184.5,0.0006217
12,"Combine","NM23",,"likelihood",-3179.5,0.0014612
12,"Combine","NM23",,"likelihood",-3174.5,0.0027848
12,"Combine","NM23",,"likelihood",-3169.5,0.003935
12,"Combine","NM23",,"likelihood",-3164.5,0.003913
12,"Combine","NM23",,"likelihood",-3159.5,0.0030099
12,"Combine","NM23",,"likelihood",-3154.5,0.0012896
12,"Combine","NM23",,"likelihood",-3149.5,0.0004196
12,"Combine","NM23",,"likelihood",-3144.5,0.00015681
12,"Combine","NM23",,"likelihood",-3139.5,0.00017446
12,"Combine","NM23",,"likelihood",-3134.5,0.00029199
12,"Combine","NM23",,"likelihood",-3129.5,0.0004714
12,"Combine","NM23",,"likelihood",-3124.5,0.0004714
12,"Combine","NM23",,"likelihood",-3119.5,0.0006594
12,"Combine","NM23",,"likelihood",-3114.5,0.0009038
12,"Combine","NM23",,"likelihood",-3109.5,0.0009994
12,"Combine","NM23",,"likelihood",-3104.5,0.0024141
12,"Combine","NM23",,"likelihood",-3099.5,0.006921
12,"Combine","NM23",,"likelihood",-3094.5,0.009074
12,"Combine","NM23",,"likelihood",-3089.5,0.005913
12,"Combine","NM23",,"likelihood",-3084.5,0.003653
12,"Combine","NM23",,"likelihood",-3079.5,0.0023911
12,"Combine","NM23",,"likelihood",-3074.5,0.0012705
12,"Combine","NM23",,"likelihood",-3069.5,0.0007599
12,"Combine","NM23",,"likelihood",-3064.5,0.0009831
12,"Combine","NM23",,"likelihood",-3059.5,0.0023621
12,"Combine","NM23",,"likelihood",-3054.5,0.004883
12,"Combine","NM23",,"likelihood",-3049.5,0.006577
12,"Combine","NM23",,"likelihood",-3044.5,0.006988
12,"Combine","NM23",,"likelihood",-3039.5,0.006731
12,"Combine","NM23",,"likelihood",-3034.5,0.006254
12,"Combine","NM23",,"likelihood",-3029.5,0.004112
12,"Combine","NM23",,"likelihood",-3024.5,0.0011602
12,"Combine","NM23",,"likelihood",-3019.5,0.0003183
12,"Combine","NM23",,"likelihood",-3014.5,0.00011053
12,"Combine","NM23",,"likelihood",-3009.5,0.00002227
12,"Combine","NM23",,"likelihood",-3004.5,0.0000026637
12,"Combine","NM23",,"likelihood",-2999.5,7.323e-7
12,"Combine","NM23",,"likelihood",-2994.5,5.675e-7
12,"Combine","NM23",,"likelihood",-2989.5,0.0000017941
12,"Combine","NM23",,"likelihood",-2984.5,0.000008037
12,"Combine","NM23",,"likelihood",-2979.5,0.000013794
12,"Combine","NM23",,"likelihood",-2974.5,0.00002163
12,"Combine","NM23",,"likelihood",-2969.5,0.00003277
12,"Combine","NM23",,"likelihood",-2964.5,0.000018884
12,"Combine","NM23",,"likelihood",-2959.5,0.000013767
12,"Combine","NM23",,"likelihood",-2954.5,0.000011964
12,"Combine","NM23",,"likelihood",-2949.5,0.000013831
12,"Combine","NM23",,"likelihood",-2944.5,0.000020138
12,"Combine","NM23",,"likelihood",-2939.5,0.000028357
12,"Combine","NM23",,"likelihood",-2934.5,0.000019717
12,"Combine","NM23",,"likelihood",-2929.5,0.000005336
12,"Combine","NM23",,"likelihood",-2924.5,7.506e-7
12,"Combine","NM23",,"likelihood",-2919.5,7.323e-8
12,"Combine","NM23",,"likelihood",-2914.5,0
12,"Combine","NM23",,"likelihood",-2909.5,0
12,"Combine","NM23",,"likelihood",-2904.5,0
12,"Combine","NM23",,"posterior",-3349.5,0
12,"Combine","NM23",,"posterior",-3344.5,0
12,"Combine","NM23",,"posterior",-3339.5,0
12,"Combine","NM23",,"posterior",-3334.5,5.261e-8
12,"Combine","NM23",,"posterior",-3329.5,1.0523e-7
12,"Combine","NM23",,"posterior",-3324.5,5.261e-8
12,"Combine","NM23",,"posterior",-3319.5,4.735e-7
12,"Combine","NM23",,"posterior",-3314.5,6.314e-7
12,"Combine","NM23",,"posterior",-3309.5,0.0000017625
12,"Combine","NM23",,"posterior",-3304.5,0.0000015521
12,"Combine","NM23",,"posterior",-3299.5,0.0000011049
12,"Combine","NM23",,"posterior",-3294.5,0.0000013942
12,"Combine","NM23",,"posterior",-3289.5,0.0000022887
12,"Combine","NM23",,"posterior",-3284.5,0.0000014469
12,"Combine","NM23",,"posterior",-3279.5,0.000004104
12,"Combine","NM23",,"posterior",-3274.5,0.000004314
12,"Combine","NM23",,"posterior",-3269.5,0.000004735
12,"Combine","NM23",,"posterior",-3264.5,0.00000605
12,"Combine","NM23",,"posterior",-3259.5,0.000009628
12,"Combine","NM23",,"posterior",-3254.5,0.000009576
12,"Combine","NM23",,"posterior",-3249.5,0.000011154
12,"Combine","NM23",,"posterior",-3244.5,0.000011654
12,"Combine","NM23",,"posterior",-3239.5,0.000007024
12,"Combine","NM23",,"posterior",-3234.5,0.000003551
12,"Combine","NM23",,"posterior",-3229.5,0.0000026569
12,"Combine","NM23",,"posterior",-3224.5,0.0000019204
12,"Combine","NM23",,"posterior",-3219.5,0.0000012627
12,"Combine","NM23",,"posterior",-3214.5,8.418e-7
12,"Combine","NM23",,"posterior",-3209.5,2.6306e-7
12,"Combine","NM23",,"posterior",-3204.5,1.0523e-7
12,"Combine","NM23",,"posterior",-3199.5,0
12,"Combine","NM23",,"posterior",-3194.5,3.1568e-7
12,"Combine","NM23",,"posterior",-3189.5,9.996e-7
12,"Combine","NM23",,"posterior",-3184.5,0.000005156
12,"Combine","NM23",,"posterior",-3179.5,0.000019572
12,"Combine","NM23",,"posterior",-3174.5,0.00004267
12,"Combine","NM23",,"posterior",-3169.5,0.00008723
12,"Combine","NM23",,"posterior",-3164.5,0.00010673
12,"Combine","NM23",,"posterior",-3159.5,0.00009615
12,"Combine","NM23",,"posterior",-3154.5,0.00005395
12,"Combine","NM23",,"posterior",-3149.5,0.000023544
12,"Combine","NM23",,"posterior",-3144.5,0.000012443
12,"Combine","NM23",,"posterior",-3139.5,0.000017757
12,"Combine","NM23",,"posterior",-3134.5,0.00003807
12,"Combine","NM23",,"posterior",-3129.5,0.00008397
12,"Combine","NM23",,"posterior",-3124.5,0.00013629
12,"Combine","NM23",,"posterior",-3119.5,0.00025678
12,"Combine","NM23",,"posterior",-3114.5,0.000518
12,"Combine","NM23",,"posterior",-3109.5,0.0009415
12,"Combine","NM23",,"posterior",-3104.5,0.0030229
12,"Combine","NM23",,"posterior",-3099.5,0.009223
12,"Combine","NM23",,"posterior",-3094.5,0.013466
12,"Combine","NM23",,"posterior",-3089.5,0.010096
12,"Combine","NM23",,"posterior",-3084.5,0.006579
12,"Combine","NM23",,"posterior",-3079.5,0.004405
12,"Combine","NM23",,"posterior",-3074.5,0.0025678
12,"Combine","NM23",,"posterior",-3069.5,0.0017834
12,"Combine","NM23",,"posterior",-3064.5,0.0026079
12,"Combine","NM23",,"posterior",-3059.5,0.006765
12,"Combine","NM23",,"posterior",-3054.5,0.015214
12,"Combine","NM23",,"posterior",-3049.5,0.023162
12,"Combine","NM23",,"posterior",-3044.5,0.026306
12,"Combine","NM23",,"posterior",-3039.5,0.026148
12,"Combine","NM23",,"posterior",-3034.5,0.023622
12,"Combine","NM23",,"posterior",-3029.5,0.015281
12,"Combine","NM23",,"posterior",-3024.5,0.005121
12,"Combine","NM23",,"posterior",-3019.5,0.0014038
12,"Combine","NM23",,"posterior",-3014.5,0.0004416
12,"Combine","NM23",,"posterior",-3009.5,0.00008999
12,"Combine","NM23",,"posterior",-3004.5,0.000013127
12,"Combine","NM23",,"posterior",-2999.5,0.000003551
12,"Combine","NM23",,"posterior",-2994.5,0.0000014469
12,"Combine","NM23",,"posterior",-2989.5,0.000003946
12,"Combine","NM23",,"posterior",-2984.5,0.000011522
12,"Combine","NM23",,"posterior",-2979.5,0.000022176
12,"Combine","NM23",,"posterior",-2974.5,0.000027595
12,"Combine","NM23",,"posterior",-2969.5,0.000028858
12,"Combine","NM23",,"posterior",-2964.5,0.000016047
12,"Combine","NM23",,"posterior",-2959.5,0.000009944
12,"Combine","NM23",,"posterior",-2954.5,0.000005051
12,"Combine","NM23",,"posterior",-2949.5,0.000005419
12,"Combine","NM23",,"posterior",-2944.5,0.000006103
12,"Combine","NM23",,"posterior",-2939.5,0.000005419
12,"Combine","NM23",,"posterior",-2934.5,0.0000023413
12,"Combine","NM23",,"posterior",-2929.5,8.944e-7
12,"Combine","NM23",,"posterior",-2924.5,0
12,"Combine","NM23",,"posterior",-2919.5,5.261e-8
13,"R_Date","NM23-1",,"likelihood",-3379.5,0
13,"R_Date","NM23-1",,"likelihood",-3374.5,0
13,"R_Date","NM23-1",,"likelihood",-3369.5,0
13,"R_Date","NM23-1",,"likelihood",-3364.5,2.9796e-8
13,"R_Date","NM23-1",,"likelihood",-3359.5,0.0000010071
13,"R_Date","NM23-1",,"likelihood",-3354.5,0.000009547
13,"R_Date","NM23-1",,"likelihood",-3349.5,0.00004018
13,"R_Date","NM23-1",,"likelihood",-3344.5,0.00007686
13,"R_Date","NM23-1",,"likelihood",-3339.5,0.00018443
13,"R_Date","NM23-1",,"likelihood",-3334.5,0.00055
13,"R_Date","NM23-1",,"likelihood",-3329.5,0.0013053
13,"R_Date","NM23-1",,"likelihood",-3324.5,0.0023455
13,"R_Date","NM23-1",,"likelihood",-3319.5,0.003287
13,"R_Date","NM23-1",,"likelihood",-3314.5,0.003907
13,"R_Date","NM23-1",,"likelihood",-3309.5,0.004394
13,"R_Date","NM23-1",,"likelihood",-3304.5,0.004739
13,"R_Date","NM23-1",,"likelihood",-3299.5,0.004782
13,"R_Date","NM23-1",,"likelihood",-3294.5,0.004171
13,"R_Date","NM23-1",,"likelihood",-3289.5,0.003659
13,"R_Date","NM23-1",,"likelihood",-3284.5,0.004171
13,"R_Date","NM23-1",,"likelihood",-3279.5,0.004955
13,"R_Date","NM23-1",,"likelihood",-3274.5,0.004782
13,"R_Date","NM23-1",,"likelihood",-3269.5,0.004153
13,"R_Date","NM23-1",,"likelihood",-3264.5,0.004664
13,"R_Date","NM23-1",,"likelihood",-3259.5,0.005804
13,"R_Date","NM23-1",,"likelihood",-3254.5,0.005959
13,"R_Date","NM23-1",,"likelihood",-3249.5,0.005804
13,"R_Date","NM23-1",,"likelihood",-3244.5,0.005251
13,"R_Date","NM23-1",,"likelihood",-3239.5,0.004422
13,"R_Date","NM23-1",,"likelihood",-3234.5,0.0031477
13,"R_Date","NM23-1",,"likelihood",-3229.5,0.0023455
13,"R_Date","NM23-1",,"likelihood",-3224.5,0.0019855
13,"R_Date","NM23-1",,"likelihood",-3219.5,0.0018835
13,"R_Date","NM23-1",,"likelihood",-3214.5,0.0012589
13,"R_Date","NM23-1",,"likelihood",-3209.5,0.0005863
13,"R_Date","NM23-1",,"likelihood",-3204.5,0.00028759
13,"R_Date","NM23-1",,"likelihood",-3199.5,0.00022109
13,"R_Date","NM23-1",,"likelihood",-3194.5,0.0003691
13,"R_Date","NM23-1",,"likelihood",-3189.5,0.0008227
13,"R_Date","NM23-1",,"likelihood",-3184.5,0.0015531
13,"R_Date","NM23-1",,"likelihood",-3179.5,0.002381
13,"R_Date","NM23-1",,"likelihood",-3174.5,0.003287
13,"R_Date","NM23-1",,"likelihood",-3169.5,0.003907
13,"R_Date","NM23-1",,"likelihood",-3164.5,0.003896
13,"R_Date","NM23-1",,"likelihood",-3159.5,0.003417
13,"R_Date","NM23-1",,"likelihood",-3154.5,0.0022368
13,"R_Date","NM23-1",,"likelihood",-3149.5,0.0012759
13,"R_Date","NM23-1",,"likelihood",-3144.5,0.00078
13,"R_Date","NM23-1",,"likelihood",-3139.5,0.0008227
13,"R_Date","NM23-1",,"likelihood",-3134.5,0.0010643
13,"R_Date","NM23-1",,"likelihood",-3129.5,0.0013523
13,"R_Date","NM23-1",,"likelihood",-3124.5,0.0013523
13,"R_Date","NM23-1",,"likelihood",-3119.5,0.0015994
13,"R_Date","NM23-1",,"likelihood",-3114.5,0.0018725
13,"R_Date","NM23-1",,"likelihood",-3109.5,0.0019691
13,"R_Date","NM23-1",,"likelihood",-3104.5,0.0030604
13,"R_Date","NM23-1",,"likelihood",-3099.5,0.005182
13,"R_Date","NM23-1",,"likelihood",-3094.5,0.005933
13,"R_Date","NM23-1",,"likelihood",-3089.5,0.00479
13,"R_Date","NM23-1",,"likelihood",-3084.5,0.003765
13,"R_Date","NM23-1",,"likelihood",-3079.5,0.0030458
13,"R_Date","NM23-1",,"likelihood",-3074.5,0.0022202
13,"R_Date","NM23-1",,"likelihood",-3069.5,0.001717
13,"R_Date","NM23-1",,"likelihood",-3064.5,0.001953
13,"R_Date","NM23-1",,"likelihood",-3059.5,0.0030273
13,"R_Date","NM23-1",,"likelihood",-3054.5,0.004353
13,"R_Date","NM23-1",,"likelihood",-3049.5,0.005051
13,"R_Date","NM23-1",,"likelihood",-3044.5,0.005207
13,"R_Date","NM23-1",,"likelihood",-3039.5,0.00511
13,"R_Date","NM23-1",,"likelihood",-3034.5,0.004926
13,"R_Date","NM23-1",,"likelihood",-3029.5,0.003994
13,"R_Date","NM23-1",,"likelihood",-3024.5,0.0021217
13,"R_Date","NM23-1",,"likelihood",-3019.5,0.0011112
13,"R_Date","NM23-1",,"likelihood",-3014.5,0.0006548
13,"R_Date","NM23-1",,"likelihood",-3009.5,0.00029396
13,"R_Date","NM23-1",,"likelihood",-3004.5,0.00010172
13,"R_Date","NM23-1",,"likelihood",-2999.5,0.00005325
13,"R_Date","NM23-1",,"likelihood",-2994.5,0.00004687
13,"R_Date","NM23-1",,"likelihood",-2989.5,0.00008344
13,"R_Date","NM23-1",,"likelihood",-2984.5,0.00017662
13,"R_Date","NM23-1",,"likelihood",-2979.5,0.00023132
13,"R_Date","NM23-1",,"likelihood",-2974.5,0.00028967
13,"R_Date","NM23-1",,"likelihood",-2969.5,0.0003566
13,"R_Date","NM23-1",,"likelihood",-2964.5,0.00027066
13,"R_Date","NM23-1",,"likelihood",-2959.5,0.00023108
13,"R_Date","NM23-1",,"likelihood",-2954.5,0.00021548
13,"R_Date","NM23-1",,"likelihood",-2949.5,0.00023161
13,"R_Date","NM23-1",,"likelihood",-2944.5,0.00027953
13,"R_Date","NM23-1",,"likelihood",-2939.5,0.0003317
13,"R_Date","NM23-1",,"likelihood",-2934.5,0.00027661
13,"R_Date","NM23-1",,"likelihood",-2929.5,0.00014385
13,"R_Date","NM23-1",,"likelihood",-2924.5,0.000054
13,"R_Date","NM23-1",,"likelihood",-2919.5,0.000016573
13,"R_Date","NM23-1",,"likelihood",-2914.5,0.000001901
13,"R_Date","NM23-1",,"likelihood",-2909.5,1.1323e-7
13,"R_Date","NM23-1",,"likelihood",-2904.5,1.1919e-8
13,"R_Date","NM23-1",,"likelihood",-2899.5,0
13,"R_Date","NM23-1",,"likelihood",-2894.5,0
13,"R_Date","NM23-1",,"likelihood",-2889.5,0
13,"R_Date","NM23-1",,"posterior",-3349.5,0
13,"R_Date","NM23-1",,"posterior",-3344.5,0
13,"R_Date","NM23-1",,"posterior",-3339.5,0
13,"R_Date","NM23-1",,"posterior",-3334.5,5.261e-8
13,"R_Date","NM23-1",,"posterior",-3329.5,1.0523e-7
13,"R_Date","NM23-1",,"posterior",-3324.5,5.261e-8
13,"R_Date","NM23-1",,"posterior",-3319.5,4.735e-7
13,"R_Date","NM23-1",,"posterior",-3314.5,6.314e-7
13,"R_Date","NM23-1",,"posterior",-3309.5,0.0000017625
13,"R_Date","NM23-1",,"posterior",-3304.5,0.0000015521
13,"R_Date","NM23-1",,"posterior",-3299.5,0.0000011049
13,"R_Date","NM23-1",,"posterior",-3294.5,0.0000013942
13,"R_Date","NM23-1",,"posterior",-3289.5,0.0000022887
13,"R_Date","NM23-1",,"posterior",-3284.5,0.0000014469
13,"R_Date","NM23-1",,"posterior",-3279.5,0.000004104
13,"R_Date","NM23-1",,"posterior",-3274.5,0.000004314
13,"R_Date","NM23-1",,"posterior",-3269.5,0.000004735
13,"R_Date","NM23-1",,"posterior",-3264.5,0.00000605
13,"R_Date","NM23-1",,"posterior",-3259.5,0.000009628
13,"R_Date","NM23-1",,"posterior",-3254.5,0.000009576
13,"R_Date","NM23-1",,"posterior",-3249.5,0.000011154
13,"R_Date","NM23-1",,"posterior",-3244.5,0.000011654
13,"R_Date","NM23-1",,"posterior",-3239.5,0.000007024
13,"R_Date","NM23-1",,"posterior",-3234.5,0.000003551
13,"R_Date","NM23-1",,"posterior",-3229.5,0.0000026569
13,"R_Date","NM23-1",,"posterior",-3224.5,0.0000019204
13,"R_Date","NM23-1",,"posterior",-3219.5,0.0000012627
13,"R_Date","NM23-1",,"posterior",-3214.5,8.418e-7
13,"R_Date","NM23-1",,"posterior",-3209.5,2.6306e-7
13,"R_Date","NM23-1",,"posterior",-3204.5,1.0523e-7
13,"R_Date","NM23-1",,"posterior",-3199.5,0
13,"R_Date","NM23-1",,"posterior",-3194.5,3.1568e-7
13,"R_Date","NM23-1",,"posterior",-3189.5,9.996e-7
13,"R_Date","NM23-1",,"posterior",-3184.5,0.000005156
13,"R_Date","NM23-1",,"posterior",-3179.5,0.000019572
13,"R_Date","NM23-1",,"posterior",-3174.5,0.00004267
13,"R_Date","NM23-1",,"posterior",-3169.5,0.00008723
13,"R_Date","NM23-1",,"posterior",-3164.5,0.00010673
13,"R_Date","NM23-1",,"posterior",-3159.5,0.00009615
13,"R_Date","NM23-1",,"posterior",-3154.5,0.00005395
13,"R_Date","NM23-1",,"posterior",-3149.5,0.000023544
13,"R_Date","NM23-1",,"posterior",-3144.5,0.000012443
13,"R_Date","NM23-1",,"posterior",-3139.5,0.000017757
13,"R_Date","NM23-1",,"posterior",-3134.5,0.00003807
13,"R_Date","NM23-1",,"posterior",-3129.5,0.00008397
13,"R_Date","NM23-1",,"posterior",-3124.5,0.00013629
13,"R_Date","NM23-1",,"posterior",-3119.5,0.00025678
13,"R_Date","NM23-1",,"posterior",-3114.5,0.000518
13,"R_Date","NM23-1",,"posterior",-3109.5,0.0009415
13,"R_Date","NM23-1",,"posterior",-3104.5,0.0030229
13,"R_Date","NM23-1",,"posterior",-3099.5,0.009223
13,"R_Date","NM23-1",,"posterior",-3094.5,0.013466
13,"R_Date","NM23-1",,"posterior",-3089.5,0.010096
13,"R_Date","NM23-1",,"posterior",-3084.5,0.006579
13,"R_Date","NM23-1",,"posterior",-3079.5,0.004405
13,"R_Date","NM23-1",,"posterior",-3074.5,0.0025678
13,"R_Date","NM23-1",,"posterior",-3069.5,0.0017834
13,"R_Date","NM23-1",,"posterior",-3064.5,0.0026079
13,"R_Date","NM23-1",,"posterior",-3059.5,0.006765
13,"R_Date","NM23-1",,"posterior",-3054.5,0.015214
13,"R_Date","NM23-1",,"posterior",-3049.5,0.023162
13,"R_Date","NM23-1",,"posterior",-3044.5,0.026306
13,"R_Date","NM23-1",,"posterior",-3039.5,0.026148
13,"R_Date","NM23-1",,"posterior",-3034.5,0.023622
13,"R_Date","NM23-1",,"posterior",-3029.5,0.015281
13,"R_Date","NM23-1",,"posterior",-3024.5,0.005121
13,"R_Date","NM23-1",,"posterior",-3019.5,0.0014038
13,"R_Date","NM23-1",,"posterior",-3014.5,0.0004416
13,"R_Date","NM23-1",,"posterior",-3009.5,0.00008999
13,"R_Date","NM23-1",,"posterior",-3004.5,0.000013127
13,"R_Date","NM23-1",,"posterior",-2999.5,0.000003551
13,"R_Date","NM23-1",,"posterior",-2994.5,0.0000014469
13,"R_Date","NM23-1",,"posterior",-2989.5,0.000003946
13,"R_Date","NM23-1",,"posterior",-2984.5,0.000011522
13,"R_Date","NM23-1",,"posterior",-2979.5,0.000022176
13,"R_Date","NM23-1",,"posterior",-2974.5,0.000027595
13,"R_Date","NM23-1",,"posterior",-2969.5,0.000028858
13,"R_Date","NM23-1",,"posterior",-2964.5,0.000016047
13,"R_Date","NM23-1",,"posterior",-2959.5,0.000009944
13,"R_Date","NM23-1",,"posterior",-2954.5,0.000005051
13,"R_Date","NM23-1",,"posterior",-2949.5,0.000005419
13,"R_Date","NM23-1",,"posterior",-2944.5,0.000006103
13,"R_Date","NM23-1",,"posterior",-2939.5,0.000005419
13,"R_Date","NM23-1",,"posterior",-2934.5,0.0000023413
13,"R_Date","NM23-1",,"posterior",-2929.5,8.944e-7
13,"R_Date","NM23-1",,"posterior",-2924.5,0
13,"R_Date","NM23-1",,"posterior",-2919.5,5.261e-8
14,"R_Date","NM23-2",,"likelihood",-3379.5,0
14,"R_Date","NM23-2",,"likelihood",-3374.5,0
14,"R_Date","NM23-2",,"likelihood",-3369.5,0
14,"R_Date","NM23-2",,"likelihood",-3364.5,2.9796e-8
14,"R_Date","NM23-2",,"likelihood",-3359.5,0.0000010071
14,"R_Date","NM23-2",,"likelihood",-3354.5,0.000009547
14,"R_Date","NM23-2",,"likelihood",-3349.5,0.00004018
14,"R_Date","NM23-2",,"likelihood",-3344.5,0.00007686
14,"R_Date","NM23-2",,"likelihood",-3339.5,0.00018443
14,"R_Date","NM23-2",,"likelihood",-3334.5,0.00055
14,"R_Date","NM23-2",,"likelihood",-3329.5,0.0013053
14,"R_Date","NM23-2",,"likelihood",-3324.5,0.0023455
14,"R_Date","NM23-2",,"likelihood",-3319.5,0.003287
14,"R_Date","NM23-2",,"likelihood",-3314.5,0.003907
14,"R_Date","NM23-2",,"likelihood",-3309.5,0.004394
14,"R_Date","NM23-2",,"likelihood",-3304.5,0.004739
14,"R_Date","NM23-2",,"likelihood",-3299.5,0.004782
14,"R_Date","NM23-2",,"likelihood",-3294.5,0.004171
14,"R_Date","NM23-2",,"likelihood",-3289.5,0.003659
14,"R_Date","NM23-2",,"likelihood",-3284.5,0.004171
14,"R_Date","NM23-2",,"likelihood",-3279.5,0.004955
14,"R_Date","NM23-2",,"likelihood",-3274.5,0.004782
14,"R_Date","NM23-2",,"likelihood",-3269.5,0.004153
14,"R_Date","NM23-2",,"likelihood",-3264.5,0.004664
14,"R_Date","NM23-2",,"likelihood",-3259.5,0.005804
14,"R_Date","NM23-2",,"likelihood",-3254.5,0.005959
14,"R_Date","NM23-2",,"likelihood",-3249.5,0.005804
14,"R_Date","NM23-2",,"likelihood",-3244.5,0.005251
14,"R_Date","NM23-2",,"likelihood",-3239.5,0.004422
14,"R_Date","NM23-2",,"likelihood",-3234.5,0.0031477
14,"R_Date","NM23-2",,"likelihood",-3229.5,0.0023455
14,"R_Date","NM23-2",,"likelihood",-3224.5,0.0019855
14,"R_Date","NM23-2",,"likelihood",-3219.5,0.0018835
14,"R_Date","NM23-2",,"likelihood",-3214.5,0.0012589
14,"R_Date","NM23-2",,"likelihood",-3209.5,0.0005863
14,"R_Date","NM23-2",,"likelihood",-3204.5,0.00028759
14,"R_Date","NM23-2",,"likelihood",-3199.5,0.00022109
14,"R_Date","NM23-2",,"likelihood",-3194.5,0.0003691
14,"R_Date","NM23-2",,"likelihood",-3189.5,0.0008227
14,"R_Date","NM23-2",,"likelihood",-3184.5,0.0015531
14,"R_Date","NM23-2",,"likelihood",-3179.5,0.002381
14,"R_Date","NM23-2",,"likelihood",-3174.5,0.003287
14,"R_Date","NM23-2",,"likelihood",-3169.5,0.003907
14,"R_Date","NM23-2",,"likelihood",-3164.5,0.003896
14,"R_Date","NM23-2",,"likelihood",-3159.5,0.003417
14,"R_Date","NM23-2",,"likelihood",-3154.5,0.0022368
14,"R_Date","NM23-2",,"likelihood",-3149.5,0.0012759
14,"R_Date","NM23-2",,"likelihood",-3144.5,0.00078
14,"R_Date","NM23-2",,"likelihood",-3139.5,0.0008227
14,"R_Date","NM23-2",,"likelihood",-3134.5,0.0010643
14,"R_Date","NM23-2",,"likelihood",-3129.5,0.0013523
14,"R_Date","NM23-2",,"likelihood",-3124.5,0.0013523
14,"R_Date","NM23-2",,"likelihood",-3119.5,0.0015994
14,"R_Date","NM23-2",,"likelihood",-3114.5,0.0018725
14,"R_Date","NM23-2",,"likelihood",-3109.5,0.0019691
14,"R_Date","NM23-2",,"likelihood",-3104.5,0.0030604
14,"R_Date","NM23-2",,"likelihood",-3099.5,0.005182
14,"R_Date","NM23-2",,"likelihood",-3094.5,0.005933
14,"R_Date","NM23-2",,"likelihood",-3089.5,0.00479
14,"R_Date","NM23-2",,"likelihood",-3084.5,0.003765
14,"R_Date","NM23-2",,"likelihood",-3079.5,0.0030458
14,"R_Date","NM23-2",,"likelihood",-3074.5,0.0022202
14,"R_Date","NM23-2",,"likelihood",-3069.5,0.001717
14,"R_Date","NM23-2",,"likelihood",-3064.5,0.001953
14,"R_Date","NM23-2",,"likelihood",-3059.5,0.0030273
14,"R_Date","NM23-2",,"likelihood",-3054.5,0.004353
14,"R_Date","NM23-2",,"likelihood",-3049.5,0.005051
14,"R_Date","NM23-2",,"likelihood",-3044.5,0.005207
14,"R_Date","NM23-2",,"likelihood",-3039.5,0.00511
14,"R_Date","NM23-2",,"likelihood",-3034.5,0.004926
14,"R_Date","NM23-2",,"likelihood",-3029.5,0.003994
14,"R_Date","NM23-2",,"likelihood",-3024.5,0.0021217
14,"R_Date","NM23-2",,"likelihood",-3019.5,0.0011112
14,"R_Date","NM23-2",,"likelihood",-3014.5,0.0006548
14,"R_Date","NM23-2",,"likelihood",-3009.5,0.00029396
14,"R_Date","NM23-2",,"likelihood",-3004.5,0.00010172
14,"R_Date","NM23-2",,"likelihood",-2999.5,0.00005325
14,"R_Date","NM23-2",,"likelihood",-2994.5,0.00004687
14,"R_Date","NM23-2",,"likelihood",-2989.5,0.00008344
14,"R_Date","NM23-2",,"likelihood",-2984.5,0.00017662
14,"R_Date","NM23-2",,"likelihood",-2979.5,0.00023132
14,"R_Date","NM23-2",,"likelihood",-2974.5,0.00028967
14,"R_Date","NM23-2",,"likelihood",-2969.5,0.0003566
14,"R_Date","NM23-2",,"likelihood",-2964.5,0.00027066
14,"R_Date","NM23-2",,"likelihood",-2959.5,0.00023108
14,"R_Date","NM23-2",,"likelihood",-2954.5,0.00021548
14,"R_Date","NM23-2",,"likelihood",-2949.5,0.00023161
14,"R_Date","NM23-2",,"likelihood",-2944.5,0.00027953
14,"R_Date","NM23-2",,"likelihood",-2939.5,0.0003317
14,"R_Date","NM23-2",,"likelihood",-2934.5,0.00027661
14,"R_Date","NM23-2",,"likelihood",-2929.5,0.00014385
14,"R_Date","NM23-2",,"likelihood",-2924.5,0.000054
14,"R_Date","NM23-2",,"likelihood",-2919.5,0.000016573
14,"R_Date","NM23-2",,"likelihood",-2914.5,0.000001901
14,"R_Date","NM23-2",,"likelihood",-2909.5,1.1323e-7
14,"R_Date","NM23-2",,"likelihood",-2904.5,1.1919e-8
14,"R_Date","NM23-2",,"likelihood",-2899.5,0
14,"R_Date","NM23-2",,"likelihood",-2894.5,0
14,"R_Date","NM23-2",,"likelihood",-2889.5,0
14,"R_Date","NM23-2",,"posterior",-3349.5,0
14,"R_Date","NM23-2",,"posterior",-3344.5,0
14,"R_Date","NM23-2",,"posterior",-3339.5,0
14,"R_Date","NM23-2",,"posterior",-3334.5,5.261e-8
14,"R_Date","NM23-2",,"posterior",-3329.5,1.0523e-7
14,"R_Date","NM23-2",,"posterior",-3324.5,5.261e-8
14,"R_Date","NM23-2",,"posterior",-3319.5,4.735e-7
14,"R_Date","NM23-2",,"posterior",-3314.5,6.314e-7
14,"R_Date","NM23-2",,"posterior",-3309.5,0.0000017625
14,"R_Date","NM23-2",,"posterior",-3304.5,0.0000015521
14,"R_Date","NM23-2",,"posterior",-3299.5,0.0000011049
14,"R_Date","NM23-2",,"posterior",-3294.5,0.0000013942
14,"R_Date","NM23-2",,"posterior",-3289.5,0.0000022887
14,"R_Date","NM23-2",,"posterior",-3284.5,0.0000014469
14,"R_Date","NM23-2",,"posterior",-3279.5,0.000004104
14,"R_Date","NM23-2",,"posterior",-3274.5,0.000004314
14,"R_Date","NM23-2",,"posterior",-3269.5,0.000004735
14,"R_Date","NM23-2",,"posterior",-3264.5,0.00000605
14,"R_Date","NM23-2",,"posterior",-3259.5,0.000009628
14,"R_Date","NM23-2",,"posterior",-3254.5,0.000009576
14,"R_Date","NM23-2",,"posterior",-3249.5,0.000011154
14,"R_Date","NM23-2",,"posterior",-3244.5,0.000011654
14,"R_Date","NM23-2",,"posterior",-3239.5,0.000007024
14,"R_Date","NM23-2",,"posterior",-3234.5,0.000003551
14,"R_Date","NM23-2",,"posterior",-3229.5,0.0000026569
14,"R_Date","NM23-2",,"posterior",-3224.5,0.0000019204
14,"R_Date","NM23-2",,"posterior",-3219.5,0.0000012627
14,"R_Date","NM23-2",,"posterior",-3214.5,8.418e-7
14,"R_Date","NM23-2",,"posterior",-3209.5,2.6306e-7
14,"R_Date","NM23-2",,"posterior",-3204.5,1.0523e-7
14,"R_Date","NM23-2",,"posterior",-3199.5,0
14,"R_Date","NM23-2",,"posterior",-3194.5,3.1568e-7
14,"R_Date","NM23-2",,"posterior",-3189.5,9.996e-7
14,"R_Date","NM23-2",,"posterior",-3184.5,0.000005156
14,"R_Date","NM23-2",,"posterior",-3179.5,0.000019572
14,"R_Date","NM23-2",,"posterior",-3174.5,0.00004267
14,"R_Date","NM23-2",,"posterior",-3169.5,0.00008723
14,"R_Date","NM23-2",,"posterior",-3164.5,0.00010673
14,"R_Date","NM23-2",,"posterior",-3159.5,0.00009615
14,"R_Date","NM23-2",,"posterior",-3154.5,0.00005395
14,"R_Date","NM23-2",,"posterior",-3149.5,0.000023544
14,"R_Date","NM23-2",,"posterior",-3144.5,0.000012443
14,"R_Date","NM23-2",,"posterior",-3139.5,0.000017757
14,"R_Date","NM23-2",,"posterior",-3134.5,0.00003807
14,"R_Date","NM23-2",,"posterior",-3129.5,0.00008397
14,"R_Date","NM23-2",,"posterior",-3124.5,0.00013629
14,"R_Date","NM23-2",,"posterior",-3119.5,0.00025678
14,"R_Date","NM23-2",,"posterior",-3114.5,0.000518
14,"R_Date","NM23-2",,"posterior",-3109.5,0.0009415
14,"R_Date","NM23-2",,"posterior",-3104.5,0.0030229
14,"R_Date","NM23-2",,"posterior",-3099.5,0.009223
14,"R_Date","NM23-2",,"posterior",-3094.5,0.013466
14,"R_Date","NM23-2",,"posterior",-3089.5,0.010096
14,"R_Date","NM23-2",,"posterior",-3084.5,0.006579
14,"R_Date","NM23-2",,"posterior",-3079.5,0.004405
14,"R_Date","NM23-2",,"posterior",-3074.5,0.0025678
14,"R_Date","NM23-2",,"posterior",-3069.5,0.0017834
14,"R_Date","NM23-2",,"posterior",-3064.5,0.0026079
14,"R_Date","NM23-2",,"posterior",-3059.5,0.006765
14,"R_Date","NM23-2",,"posterior",-3054.5,0.015214
14,"R_Date","NM23-2",,"posterior",-3049.5,0.023162
14,"R_Date","NM23-2",,"posterior",-3044.5,0.026306
14,"R_Date","NM23-2",,"posterior",-3039.5,0.026148
14,"R_Date","NM23-2",,"posterior",-3034.5,0.023622
14,"R_Date","NM23-2",,"posterior",-3029.5,0.015281
14,"R_Date","NM23-2",,"posterior",-3024.5,0.005121
14,"R_Date","NM23-2",,"posterior",-3019.5,0.0014038
14,"R_Date","NM23-2",,"posterior",-3014.5,0.0004416
14,"R_Date","NM23-2",,"posterior",-3009.5,0.00008999
14,"R_Date","NM23-2",,"posterior",-3004.5,0.000013127
14,"R_Date","NM23-2",,"posterior",-2999.5,0.000003551
14,"R_Date","NM23-2",,"posterior",-2994.5,0.0000014469
14,"R_Date","NM23-2",,"posterior",-2989.5,0.000003946
14,"R_Date","NM23-2",,"posterior",-2984.5,0.000011522
14,"R_Date","NM23-2",,"posterior",-2979.5,0.000022176
14,"R_Date","NM23-2",,"posterior",-2974.5,0.000027595
14,"R_Date","NM23-2",,"posterior",-2969.5,0.000028858
14,"R_Date","NM23-2",,"posterior",-2964.5,0.000016047
14,"R_Date","NM23-2",,"posterior",-2959.5,0.000009944
14,"R_Date","NM23-2",,"posterior",-2954.5,0.000005051
14,"R_Date","NM23-2",,"posterior",-2949.5,0.000005419
14,"R_Date","NM23-2",,"posterior",-2944.5,0.000006103
14,"R_Date","NM23-2",,"posterior",-2939.5,0.000005419
14,"R_Date","NM23-2",,"posterior",-2934.5,0.0000023413
14,"R_Date","NM23-2",,"posterior",-2929.5,8.944e-7
14,"R_Date","NM23-2",,"posterior",-2924.5,0
14,"R_Date","NM23-2",,"posterior",-2919.5,5.261e-8
15,"Combine","NM27",,"likelihood",-3364.5,0
15,"Combine","NM27",,"likelihood",-3359.5,0
15,"Combine","NM27",,"likelihood",-3354.5,1.0005e-8
15,"Combine","NM27",,"likelihood",-3349.5,1.6008e-7
15,"Combine","NM27",,"likelihood",-3344.5,5.603e-7
15,"Combine","NM27",,"likelihood",-3339.5,0.000003212
15,"Combine","NM27",,"likelihood",-3334.5,0.000029634
15,"Combine","NM27",,"likelihood",-3329.5,0.00018643
15,"Combine","NM27",,"likelihood",-3324.5,0.0006737
15,"Combine","NM27",,"likelihood",-3319.5,0.0014681
15,"Combine","NM27",,"likelihood",-3314.5,0.0022351
15,"Combine","NM27",,"likelihood",-3309.5,0.0030151
15,"Combine","NM27",,"likelihood",-3304.5,0.003694
15,"Combine","NM27",,"likelihood",-3299.5,0.003666
15,"Combine","NM27",,"likelihood",-3294.5,0.0025583
15,"Combine","NM27",,"likelihood",-3289.5,0.0018467
15,"Combine","NM27",,"likelihood",-3284.5,0.0025583
15,"Combine","NM27",,"likelihood",-3279.5,0.004185
15,"Combine","NM27",,"likelihood",-3274.5,0.003666
15,"Combine","NM27",,"likelihood",-3269.5,0.0026066
15,"Combine","NM27",,"likelihood",-3264.5,0.003426
15,"Combine","NM27",,"likelihood",-3259.5,0.006717
15,"Combine","NM27",,"likelihood",-3254.5,0.008226
15,"Combine","NM27",,"likelihood",-3249.5,0.006717
15,"Combine","NM27",,"likelihood",-3244.5,0.004972
15,"Combine","NM27",,"likelihood",-3239.5,0.0029732
15,"Combine","NM27",,"likelihood",-3234.5,0.0012887
15,"Combine","NM27",,"likelihood",-3229.5,0.0006737
15,"Combine","NM27",,"likelihood",-3224.5,0.0004523
15,"Combine","NM27",,"likelihood",-3219.5,0.0004027
15,"Combine","NM27",,"likelihood",-3214.5,0.00016819
15,"Combine","NM27",,"likelihood",-3209.5,0.00003464
15,"Combine","NM27",,"likelihood",-3204.5,0.000007874
15,"Combine","NM27",,"likelihood",-3199.5,0.000004632
15,"Combine","NM27",,"likelihood",-3194.5,0.000013376
15,"Combine","NM27",,"likelihood",-3189.5,0.00007189
15,"Combine","NM27",,"likelihood",-3184.5,0.00027123
15,"Combine","NM27",,"likelihood",-3179.5,0.0007162
15,"Combine","NM27",,"likelihood",-3174.5,0.0014681
15,"Combine","NM27",,"likelihood",-3169.5,0.0022351
15,"Combine","NM27",,"likelihood",-3164.5,0.0022861
15,"Combine","NM27",,"likelihood",-3159.5,0.0016577
15,"Combine","NM27",,"likelihood",-3154.5,0.0006056
15,"Combine","NM27",,"likelihood",-3149.5,0.00018222
15,"Combine","NM27",,"likelihood",-3144.5,0.00006272
15,"Combine","NM27",,"likelihood",-3139.5,0.00007189
15,"Combine","NM27",,"likelihood",-3134.5,0.00012378
15,"Combine","NM27",,"likelihood",-3129.5,0.00020646
15,"Combine","NM27",,"likelihood",-3124.5,0.00020646
15,"Combine","NM27",,"likelihood",-3119.5,0.00029681
15,"Combine","NM27",,"likelihood",-3114.5,0.0004192
15,"Combine","NM27",,"likelihood",-3109.5,0.0004684
15,"Combine","NM27",,"likelihood",-3104.5,0.0012758
15,"Combine","NM27",,"likelihood",-3099.5,0.004954
15,"Combine","NM27",,"likelihood",-3094.5,0.009623
15,"Combine","NM27",,"likelihood",-3089.5,0.009322
15,"Combine","NM27",,"likelihood",-3084.5,0.007483
15,"Combine","NM27",,"likelihood",-3079.5,0.005905
15,"Combine","NM27",,"likelihood",-3074.5,0.004098
15,"Combine","NM27",,"likelihood",-3069.5,0.0029368
15,"Combine","NM27",,"likelihood",-3064.5,0.003389
15,"Combine","NM27",,"likelihood",-3059.5,0.005986
15,"Combine","NM27",,"likelihood",-3054.5,0.008625
15,"Combine","NM27",,"likelihood",-3049.5,0.009813
15,"Combine","NM27",,"likelihood",-3044.5,0.010005
15,"Combine","NM27",,"likelihood",-3039.5,0.009911
15,"Combine","NM27",,"likelihood",-3034.5,0.009695
15,"Combine","NM27",,"likelihood",-3029.5,0.008103
15,"Combine","NM27",,"likelihood",-3024.5,0.003962
15,"Combine","NM27",,"likelihood",-3019.5,0.0016302
15,"Combine","NM27",,"likelihood",-3014.5,0.0007748
15,"Combine","NM27",,"likelihood",-3009.5,0.00024181
15,"Combine","NM27",,"likelihood",-3004.5,0.00004939
15,"Combine","NM27",,"likelihood",-2999.5,0.000017258
15,"Combine","NM27",,"likelihood",-2994.5,0.000015127
15,"Combine","NM27",,"likelihood",-2989.5,0.00003654
15,"Combine","NM27",,"likelihood",-2984.5,0.00010757
15,"Combine","NM27",,"likelihood",-2979.5,0.00016943
15,"Combine","NM27",,"likelihood",-2974.5,0.00023628
15,"Combine","NM27",,"likelihood",-2969.5,0.00029351
15,"Combine","NM27",,"likelihood",-2964.5,0.00021372
15,"Combine","NM27",,"likelihood",-2959.5,0.00016924
15,"Combine","NM27",,"likelihood",-2954.5,0.00015252
15,"Combine","NM27",,"likelihood",-2949.5,0.00016983
15,"Combine","NM27",,"likelihood",-2944.5,0.00022442
15,"Combine","NM27",,"likelihood",-2939.5,0.0002759
15,"Combine","NM27",,"likelihood",-2934.5,0.00021066
15,"Combine","NM27",,"likelihood",-2929.5,0.00008324
15,"Combine","NM27",,"likelihood",-2924.5,0.000018819
15,"Combine","NM27",,"likelihood",-2919.5,0.0000028113
15,"Combine","NM27",,"likelihood",-2914.5,1.0005e-7
15,"Combine","NM27",,"likelihood",-2909.5,0
15,"Combine","NM27",,"likelihood",-2904.5,0
15,"Combine","NM27",,"likelihood",-2899.5,0
15,"Combine","NM27",,"posterior",-3339.5,0
15,"Combine","NM27",,"posterior",-3334.5,0
15,"Combine","NM27",,"posterior",-3329.5,0
15,"Combine","NM27",,"posterior",-3324.5,4.451e-8
15,"Combine","NM27",,"posterior",-3319.5,2.6709e-7
15,"Combine","NM27",,"posterior",-3314.5,9.348e-7
15,"Combine","NM27",,"posterior",-3309.5,0.0000010461
15,"Combine","NM27",,"posterior",-3304.5,6.232e-7
15,"Combine","NM27",,"posterior",-3299.5,0.0000020922
15,"Combine","NM27",,"posterior",-3294.5,0.0000011351
15,"Combine","NM27",,"posterior",-3289.5,6.232e-7
15,"Combine","NM27",,"posterior",-3284.5,0.0000016248
15,"Combine","NM27",,"posterior",-3279.5,0.000003227
15,"Combine","NM27",,"posterior",-3274.5,0.000003183
15,"Combine","NM27",,"posterior",-3269.5,0.0000025596
15,"Combine","NM27",,"posterior",-3264.5,0.0000029602
15,"Combine","NM27",,"posterior",-3259.5,0.000005676
15,"Combine","NM27",,"posterior",-3254.5,0.000009682
15,"Combine","NM27",,"posterior",-3249.5,0.000006833
15,"Combine","NM27",,"posterior",-3244.5,0.000007612
15,"Combine","NM27",,"posterior",-3239.5,0.000005052
15,"Combine","NM27",,"posterior",-3234.5,0.000001558
15,"Combine","NM27",,"posterior",-3229.5,9.793e-7
15,"Combine","NM27",,"posterior",-3224.5,7.345e-7
15,"Combine","NM27",,"posterior",-3219.5,5.119e-7
15,"Combine","NM27",,"posterior",-3214.5,5.787e-7
15,"Combine","NM27",,"posterior",-3209.5,1.558e-7
15,"Combine","NM27",,"posterior",-3204.5,0
15,"Combine","NM27",,"posterior",-3199.5,0
15,"Combine","NM27",,"posterior",-3194.5,1.558e-7
15,"Combine","NM27",,"posterior",-3189.5,3.116e-7
15,"Combine","NM27",,"posterior",-3184.5,0.0000018251
15,"Combine","NM27",,"posterior",-3179.5,0.000008591
15,"Combine","NM27",,"posterior",-3174.5,0.000016938
15,"Combine","NM27",,"posterior",-3169.5,0.00003735
15,"Combine","NM27",,"posterior",-3164.5,0.00004427
15,"Combine","NM27",,"posterior",-3159.5,0.00003802
15,"Combine","NM27",,"posterior",-3154.5,0.000020722
15,"Combine","NM27",,"posterior",-3149.5,0.000006922
15,"Combine","NM27",,"posterior",-3144.5,0.0000029602
15,"Combine","NM27",,"posterior",-3139.5,0.000005564
15,"Combine","NM27",,"posterior",-3134.5,0.00001124
15,"Combine","NM27",,"posterior",-3129.5,0.000024572
15,"Combine","NM27",,"posterior",-3124.5,0.00004037
15,"Combine","NM27",,"posterior",-3119.5,0.00007797
15,"Combine","NM27",,"posterior",-3114.5,0.00014162
15,"Combine","NM27",,"posterior",-3109.5,0.00029266
15,"Combine","NM27",,"posterior",-3104.5,0.001039
15,"Combine","NM27",,"posterior",-3099.5,0.004252
15,"Combine","NM27",,"posterior",-3094.5,0.008769
15,"Combine","NM27",,"posterior",-3089.5,0.009445
15,"Combine","NM27",,"posterior",-3084.5,0.008027
15,"Combine","NM27",,"posterior",-3079.5,0.006493
15,"Combine","NM27",,"posterior",-3074.5,0.004885
15,"Combine","NM27",,"posterior",-3069.5,0.003896
15,"Combine","NM27",,"posterior",-3064.5,0.005097
15,"Combine","NM27",,"posterior",-3059.5,0.009724
15,"Combine","NM27",,"posterior",-3054.5,0.015899
15,"Combine","NM27",,"posterior",-3049.5,0.020508
15,"Combine","NM27",,"posterior",-3044.5,0.022236
15,"Combine","NM27",,"posterior",-3039.5,0.022257
15,"Combine","NM27",,"posterior",-3034.5,0.021896
15,"Combine","NM27",,"posterior",-3029.5,0.017826
15,"Combine","NM27",,"posterior",-3024.5,0.009407
15,"Combine","NM27",,"posterior",-3019.5,0.003974
15,"Combine","NM27",,"posterior",-3014.5,0.0017714
15,"Combine","NM27",,"posterior",-3009.5,0.0005707
15,"Combine","NM27",,"posterior",-3004.5,0.00013009
15,"Combine","NM27",,"posterior",-2999.5,0.00003937
15,"Combine","NM27",,"posterior",-2994.5,0.00003047
15,"Combine","NM27",,"posterior",-2989.5,0.00005313
15,"Combine","NM27",,"posterior",-2984.5,0.00010485
15,"Combine","NM27",,"posterior",-2979.5,0.00014652
15,"Combine","NM27",,"posterior",-2974.5,0.00016125
15,"Combine","NM27",,"posterior",-2969.5,0.00016239
15,"Combine","NM27",,"posterior",-2964.5,0.00010323
15,"Combine","NM27",,"posterior",-2959.5,0.00006766
15,"Combine","NM27",,"posterior",-2954.5,0.00004776
15,"Combine","NM27",,"posterior",-2949.5,0.00004463
15,"Combine","NM27",,"posterior",-2944.5,0.0000412
15,"Combine","NM27",,"posterior",-2939.5,0.0000365
15,"Combine","NM27",,"posterior",-2934.5,0.000019854
15,"Combine","NM27",,"posterior",-2929.5,0.000006566
15,"Combine","NM27",,"posterior",-2924.5,9.348e-7
15,"Combine","NM27",,"posterior",-2919.5,0
15,"Combine","NM27",,"posterior",-2914.5,0
16,"R_Date","NM27-1",,"likelihood",-3494.5,0
16,"R_Date","NM27-1",,"likelihood",-3489.5,0
16,"R_Date","NM27-1",,"likelihood",-3484.5,5.124e-9
16,"R_Date","NM27-1",,"likelihood",-3479.5,1.0248e-8
16,"R_Date","NM27-1",,"likelihood",-3474.5,5.124e-9
16,"R_Date","NM27-1",,"likelihood",-3469.5,0
16,"R_Date","NM27-1",,"likelihood",-3464.5,0
16,"R_Date","NM27-1",,"likelihood",-3459.5,0
16,"R_Date","NM27-1",,"likelihood",-3454.5,0
16,"R_Date","NM27-1",,"likelihood",-3449.5,0
16,"R_Date","NM27-1",,"likelihood",-3444.5,0
16,"R_Date","NM27-1",,"likelihood",-3439.5,0
16,"R_Date","NM27-1",,"likelihood",-3434.5,0
16,"R_Date","NM27-1",,"likelihood",-3429.5,0
16,"R_Date","NM27-1",,"likelihood",-3424.5,0
16,"R_Date","NM27-1",,"likelihood",-3419.5,0
16,"R_Date","NM27-1",,"likelihood",-3414.5,0
16,"R_Date","NM27-1",,"likelihood",-3409.5,0
16,"R_Date","NM27-1",,"likelihood",-3404.5,0
16,"R_Date","NM27-1",,"likelihood",-3399.5,0
16,"R_Date","NM27-1",,"likelihood",-3394.5,0
16,"R_Date","NM27-1",,"likelihood",-3389.5,0
16,"R_Date","NM27-1",,"likelihood",-3384.5,0
16,"R_Date","NM27-1",,"likelihood",-3379.5,0
16,"R_Date","NM27-1",,"likelihood",-3374.5,0
16,"R_Date","NM27-1",,"likelihood",-3369.5,1.0248e-8
16,"R_Date","NM27-1",,"likelihood",-3364.5,5.021e-7
16,"R_Date","NM27-1",,"likelihood",-3359.5,0.000007343
16,"R_Date","NM27-1",,"likelihood",-3354.5,0.00003991
16,"R_Date","NM27-1",,"likelihood",-3349.5,0.00011418
16,"R_Date","NM27-1",,"likelihood",-3344.5,0.00019772
16,"R_Date","NM27-1",,"likelihood",-3339.5,0.0003804
16,"R_Date","NM27-1",,"likelihood",-3334.5,0.0008613
16,"R_Date","NM27-1",,"likelihood",-3329.5,0.0016283
16,"R_Date","NM27-1",,"likelihood",-3324.5,0.0025341
16,"R_Date","NM27-1",,"likelihood",-3319.5,0.003269
16,"R_Date","NM27-1",,"likelihood",-3314.5,0.003725
16,"R_Date","NM27-1",,"likelihood",-3309.5,0.00407
16,"R_Date","NM27-1",,"likelihood",-3304.5,0.004309
16,"R_Date","NM27-1",,"likelihood",-3299.5,0.004346
16,"R_Date","NM27-1",,"likelihood",-3294.5,0.003923
16,"R_Date","NM27-1",,"likelihood",-3289.5,0.003556
16,"R_Date","NM27-1",,"likelihood",-3284.5,0.003923
16,"R_Date","NM27-1",,"likelihood",-3279.5,0.004457
16,"R_Date","NM27-1",,"likelihood",-3274.5,0.004346
16,"R_Date","NM27-1",,"likelihood",-3269.5,0.003901
16,"R_Date","NM27-1",,"likelihood",-3264.5,0.004265
16,"R_Date","NM27-1",,"likelihood",-3259.5,0.005024
16,"R_Date","NM27-1",,"likelihood",-3254.5,0.005124
16,"R_Date","NM27-1",,"likelihood",-3249.5,0.005024
16,"R_Date","NM27-1",,"likelihood",-3244.5,0.004657
16,"R_Date","NM27-1",,"likelihood",-3239.5,0.004098
16,"R_Date","NM27-1",,"likelihood",-3234.5,0.003178
16,"R_Date","NM27-1",,"likelihood",-3229.5,0.0025341
16,"R_Date","NM27-1",,"likelihood",-3224.5,0.0022507
16,"R_Date","NM27-1",,"likelihood",-3219.5,0.0021636
16,"R_Date","NM27-1",,"likelihood",-3214.5,0.0016004
16,"R_Date","NM27-1",,"likelihood",-3209.5,0.0008902
16,"R_Date","NM27-1",,"likelihood",-3204.5,0.0005304
16,"R_Date","NM27-1",,"likelihood",-3199.5,0.0004357
16,"R_Date","NM27-1",,"likelihood",-3194.5,0.0006278
16,"R_Date","NM27-1",,"likelihood",-3189.5,0.0011347
16,"R_Date","NM27-1",,"likelihood",-3184.5,0.0018565
16,"R_Date","NM27-1",,"likelihood",-3179.5,0.0025478
16,"R_Date","NM27-1",,"likelihood",-3174.5,0.003269
16,"R_Date","NM27-1",,"likelihood",-3169.5,0.003725
16,"R_Date","NM27-1",,"likelihood",-3164.5,0.003707
16,"R_Date","NM27-1",,"likelihood",-3159.5,0.003355
16,"R_Date","NM27-1",,"likelihood",-3154.5,0.002445
16,"R_Date","NM27-1",,"likelihood",-3149.5,0.0015846
16,"R_Date","NM27-1",,"likelihood",-3144.5,0.0011041
16,"R_Date","NM27-1",,"likelihood",-3139.5,0.0011347
16,"R_Date","NM27-1",,"likelihood",-3134.5,0.0013804
16,"R_Date","NM27-1",,"likelihood",-3129.5,0.0016564
16,"R_Date","NM27-1",,"likelihood",-3124.5,0.0016564
16,"R_Date","NM27-1",,"likelihood",-3119.5,0.001882
16,"R_Date","NM27-1",,"likelihood",-3114.5,0.002122
16,"R_Date","NM27-1",,"likelihood",-3109.5,0.0022048
16,"R_Date","NM27-1",,"likelihood",-3104.5,0.0030844
16,"R_Date","NM27-1",,"likelihood",-3099.5,0.004606
16,"R_Date","NM27-1",,"likelihood",-3094.5,0.005107
16,"R_Date","NM27-1",,"likelihood",-3089.5,0.004338
16,"R_Date","NM27-1",,"likelihood",-3084.5,0.00361
16,"R_Date","NM27-1",,"likelihood",-3079.5,0.0030714
16,"R_Date","NM27-1",,"likelihood",-3074.5,0.0024288
16,"R_Date","NM27-1",,"likelihood",-3069.5,0.0019997
16,"R_Date","NM27-1",,"likelihood",-3064.5,0.0021883
16,"R_Date","NM27-1",,"likelihood",-3059.5,0.0030707
16,"R_Date","NM27-1",,"likelihood",-3054.5,0.004033
16,"R_Date","NM27-1",,"likelihood",-3049.5,0.004521
16,"R_Date","NM27-1",,"likelihood",-3044.5,0.004627
16,"R_Date","NM27-1",,"likelihood",-3039.5,0.004562
16,"R_Date","NM27-1",,"likelihood",-3034.5,0.004437
16,"R_Date","NM27-1",,"likelihood",-3029.5,0.003787
16,"R_Date","NM27-1",,"likelihood",-3024.5,0.0023629
16,"R_Date","NM27-1",,"likelihood",-3019.5,0.001439
16,"R_Date","NM27-1",,"likelihood",-3014.5,0.0009645
16,"R_Date","NM27-1",,"likelihood",-3009.5,0.0005261
16,"R_Date","NM27-1",,"likelihood",-3004.5,0.00023563
16,"R_Date","NM27-1",,"likelihood",-2999.5,0.00013988
16,"R_Date","NM27-1",,"likelihood",-2994.5,0.00013097
16,"R_Date","NM27-1",,"likelihood",-2989.5,0.00020273
16,"R_Date","NM27-1",,"likelihood",-2984.5,0.0003495
16,"R_Date","NM27-1",,"likelihood",-2979.5,0.0004387
16,"R_Date","NM27-1",,"likelihood",-2974.5,0.00052
16,"R_Date","NM27-1",,"likelihood",-2969.5,0.0005865
16,"R_Date","NM27-1",,"likelihood",-2964.5,0.0004939
16,"R_Date","NM27-1",,"likelihood",-2959.5,0.0004384
16,"R_Date","NM27-1",,"likelihood",-2954.5,0.0004158
16,"R_Date","NM27-1",,"likelihood",-2949.5,0.0004392
16,"R_Date","NM27-1",,"likelihood",-2944.5,0.0005064
16,"R_Date","NM27-1",,"likelihood",-2939.5,0.0005655
16,"R_Date","NM27-1",,"likelihood",-2934.5,0.0004922
16,"R_Date","NM27-1",,"likelihood",-2929.5,0.00030615
16,"R_Date","NM27-1",,"likelihood",-2924.5,0.00014589
16,"R_Date","NM27-1",,"likelihood",-2919.5,0.00005736
16,"R_Date","NM27-1",,"likelihood",-2914.5,0.000011549
16,"R_Date","NM27-1",,"likelihood",-2909.5,0.0000014603
16,"R_Date","NM27-1",,"likelihood",-2904.5,2.152e-7
16,"R_Date","NM27-1",,"likelihood",-2899.5,2.5619e-8
16,"R_Date","NM27-1",,"likelihood",-2894.5,0
16,"R_Date","NM27-1",,"likelihood",-2889.5,0
16,"R_Date","NM27-1",,"likelihood",-2884.5,0
16,"R_Date","NM27-1",,"posterior",-3339.5,0
16,"R_Date","NM27-1",,"posterior",-3334.5,0
16,"R_Date","NM27-1",,"posterior",-3329.5,0
16,"R_Date","NM27-1",,"posterior",-3324.5,4.451e-8
16,"R_Date","NM27-1",,"posterior",-3319.5,2.6709e-7
16,"R_Date","NM27-1",,"posterior",-3314.5,9.348e-7
16,"R_Date","NM27-1",,"posterior",-3309.5,0.0000010461
16,"R_Date","NM27-1",,"posterior",-3304.5,6.232e-7
16,"R_Date","NM27-1",,"posterior",-3299.5,0.0000020922
16,"R_Date","NM27-1",,"posterior",-3294.5,0.0000011351
16,"R_Date","NM27-1",,"posterior",-3289.5,6.232e-7
16,"R_Date","NM27-1",,"posterior",-3284.5,0.0000016248
16,"R_Date","NM27-1",,"posterior",-3279.5,0.000003227
16,"R_Date","NM27-1",,"posterior",-3274.5,0.000003183
16,"R_Date","NM27-1",,"posterior",-3269.5,0.0000025596
16,"R_Date","NM27-1",,"posterior",-3264.5,0.0000029602
16,"R_Date","NM27-1",,"posterior",-3259.5,0.000005676
16,"R_Date","NM27-1",,"posterior",-3254.5,0.000009682
16,"R_Date","NM27-1",,"posterior",-3249.5,0.000006833
16,"R_Date","NM27-1",,"posterior",-3244.5,0.000007612
16,"R_Date","NM27-1",,"posterior",-3239.5,0.000005052
16,"R_Date","NM27-1",,"posterior",-3234.5,0.000001558
16,"R_Date","NM27-1",,"posterior",-3229.5,9.793e-7
16,"R_Date","NM27-1",,"posterior",-3224.5,7.345e-7
16,"R_Date","NM27-1",,"posterior",-3219.5,5.119e-7
16,"R_Date","NM27-1",,"posterior",-3214.5,5.787e-7
16,"R_Date","NM27-1",,"posterior",-3209.5,1.558e-7
16,"R_Date","NM27-1",,"posterior",-3204.5,0
16,"R_Date","NM27-1",,"posterior",-3199.5,0
16,"R_Date","NM27-1",,"posterior",-3194.5,1.558e-7
16,"R_Date","NM27-1",,"posterior",-3189.5,3.116e-7
16,"R_Date","NM27-1",,"posterior",-3184.5,0.0000018251
16,"R_Date","NM27-1",,"posterior",-3179.5,0.000008591
16,"R_Date","NM27-1",,"posterior",-3174.5,0.000016938
16,"R_Date","NM27-1",,"posterior",-3169.5,0.00003735
16,"R_Date","NM27-1",,"posterior",-3164.5,0.00004427
16,"R_Date","NM27-1",,"posterior",-3159.5,0.00003802
16,"R_Date","NM27-1",,"posterior",-3154.5,0.000020722
16,"R_Date","NM27-1",,"posterior",-3149.5,0.000006922
16,"R_Date","NM27-1",,"posterior",-3144.5,0.0000029602
16,"R_Date","NM27-1",,"posterior",-3139.5,0.000005564
16,"R_Date","NM27-1",,"posterior",-3134.5,0.00001124
16,"R_Date","NM27-1",,"posterior",-3129.5,0.000024572
16,"R_Date","NM27-1",,"posterior",-3124.5,0.00004037
16,"R_Date","NM27-1",,"posterior",-3119.5,0.00007797
16,"R_Date","NM27-1",,"posterior",-3114.5,0.00014162
16,"R_Date","NM27-1",,"posterior",-3109.5,0.00029266
16,"R_Date","NM27-1",,"posterior",-3104.5,0.001039
16,"R_Date","NM27-1",,"posterior",-3099.5,0.004252
16,"R_Date","NM27-1",,"posterior",-3094.5,0.008769
16,"R_Date","NM27-1",,"posterior",-3089.5,0.009445
16,"R_Date","NM27-1",,"posterior",-3084.5,0.008027
16,"R_Date","NM27-1",,"posterior",-3079.5,0.006493
16,"R_Date","NM27-1",,"posterior",-3074.5,0.004885
16,"R_Date","NM27-1",,"posterior",-3069.5,0.003896
16,"R_Date","NM27-1",,"posterior",-3064.5,0.005097
16,"R_Date","NM27-1",,"posterior",-3059.5,0.009724
16,"R_Date","NM27-1",,"posterior",-3054.5,0.015899
16,"R_Date","NM27-1",,"posterior",-3049.5,0.020508
16,"R_Date","NM27-1",,"posterior",-3044.5,0.022236
16,"R_Date","NM27-1",,"posterior",-3039.5,0.022257
16,"R_Date","NM27-1",,"posterior",-3034.5,0.021896
16,"R_Date","NM27-1",,"posterior",-3029.5,0.017826
16,"R_Date","NM27-1",,"posterior",-3024.5,0.009407
16,"R_Date","NM27-1",,"posterior",-3019.5,0.003974
16,"R_Date","NM27-1",,"posterior",-3014.5,0.0017714
16,"R_Date","NM27-1",,"posterior",-3009.5,0.0005707
16,"R_Date","NM27-1",,"posterior",-3004.5,0.00013009
16,"R_Date","NM27-1",,"posterior",-2999.5,0.00003937
16,"R_Date","NM27-1",,"posterior",-2994.5,0.00003047
16,"R_Date","NM27-1",,"posterior",-2989.5,0.00005313
16,"R_Date","NM27-1",,"posterior",-2984.5,0.00010485
16,"R_Date","NM27-1",,"posterior",-2979.5,0.00014652
16,"R_Date","NM27-1",,"posterior",-2974.5,0.00016125
16,"R_Date","NM27-1",,"posterior",-2969.5,0.00016239
16,"R_Date","NM27-1",,"posterior",-2964.5,0.00010323
16,"R_Date","NM27-1",,"posterior",-2959.5,0.00006766
16,"R_Date","NM27-1",,"posterior",-2954.5,0.00004776
16,"R_Date","NM27-1",,"posterior",-2949.5,0.00004463
16,"R_Date","NM27-1",,"posterior",-2944.5,0.0000412
16,"R_Date","NM27-1",,"posterior",-2939.5,0.0000365
16,"R_Date","NM27-1",,"posterior",-2934.5,0.000019854
16,"R_Date","NM27-1",,"posterior",-2929.5,0.000006566
16,"R_Date","NM27-1",,"posterior",-2924.5,9.348e-7
16,"R_Date","NM27-1",,"posterior",-2919.5,0
16,"R_Date","NM27-1",,"posterior",-2914.5,0
17,"R_Date","NM27-2",,"likelihood",-3374.5,0
17,"R_Date","NM27-2",,"likelihood",-3369.5,0
17,"R_Date","NM27-2",,"likelihood",-3364.5,0
17,"R_Date","NM27-2",,"likelihood",-3359.5,5.901e-8
17,"R_Date","NM27-2",,"likelihood",-3354.5,8.114e-7
17,"R_Date","NM27-2",,"likelihood",-3349.5,0.000004773
17,"R_Date","NM27-2",,"likelihood",-3344.5,0.000009582
17,"R_Date","NM27-2",,"likelihood",-3339.5,0.000028519
17,"R_Date","NM27-2",,"likelihood",-3334.5,0.00011615
17,"R_Date","NM27-2",,"likelihood",-3329.5,0.0003866
17,"R_Date","NM27-2",,"likelihood",-3324.5,0.0008976
17,"R_Date","NM27-2",,"likelihood",-3319.5,0.0015161
17,"R_Date","NM27-2",,"likelihood",-3314.5,0.0020256
17,"R_Date","NM27-2",,"likelihood",-3309.5,0.0025009
17,"R_Date","NM27-2",,"likelihood",-3304.5,0.0028936
17,"R_Date","NM27-2",,"likelihood",-3299.5,0.0028485
17,"R_Date","NM27-2",,"likelihood",-3294.5,0.0022016
17,"R_Date","NM27-2",,"likelihood",-3289.5,0.0017531
17,"R_Date","NM27-2",,"likelihood",-3284.5,0.0022016
17,"R_Date","NM27-2",,"likelihood",-3279.5,0.00317
17,"R_Date","NM27-2",,"likelihood",-3274.5,0.0028485
17,"R_Date","NM27-2",,"likelihood",-3269.5,0.002256
17,"R_Date","NM27-2",,"likelihood",-3264.5,0.002712
17,"R_Date","NM27-2",,"likelihood",-3259.5,0.004514
17,"R_Date","NM27-2",,"likelihood",-3254.5,0.00542
17,"R_Date","NM27-2",,"likelihood",-3249.5,0.004514
17,"R_Date","NM27-2",,"likelihood",-3244.5,0.003605
17,"R_Date","NM27-2",,"likelihood",-3239.5,0.0024494
17,"R_Date","NM27-2",,"likelihood",-3234.5,0.0013692
17,"R_Date","NM27-2",,"likelihood",-3229.5,0.0008976
17,"R_Date","NM27-2",,"likelihood",-3224.5,0.0006785
17,"R_Date","NM27-2",,"likelihood",-3219.5,0.0006283
17,"R_Date","NM27-2",,"likelihood",-3214.5,0.0003548
17,"R_Date","NM27-2",,"likelihood",-3209.5,0.00013137
17,"R_Date","NM27-2",,"likelihood",-3204.5,0.00005013
17,"R_Date","NM27-2",,"likelihood",-3199.5,0.00003587
17,"R_Date","NM27-2",,"likelihood",-3194.5,0.00007194
17,"R_Date","NM27-2",,"likelihood",-3189.5,0.0002139
17,"R_Date","NM27-2",,"likelihood",-3184.5,0.0004932
17,"R_Date","NM27-2",,"likelihood",-3179.5,0.000949
17,"R_Date","NM27-2",,"likelihood",-3174.5,0.0015161
17,"R_Date","NM27-2",,"likelihood",-3169.5,0.0020256
17,"R_Date","NM27-2",,"likelihood",-3164.5,0.002082
17,"R_Date","NM27-2",,"likelihood",-3159.5,0.0016684
17,"R_Date","NM27-2",,"likelihood",-3154.5,0.0008362
17,"R_Date","NM27-2",,"likelihood",-3149.5,0.0003882
17,"R_Date","NM27-2",,"likelihood",-3144.5,0.00019178
17,"R_Date","NM27-2",,"likelihood",-3139.5,0.0002139
17,"R_Date","NM27-2",,"likelihood",-3134.5,0.00030273
17,"R_Date","NM27-2",,"likelihood",-3129.5,0.0004208
17,"R_Date","NM27-2",,"likelihood",-3124.5,0.0004208
17,"R_Date","NM27-2",,"likelihood",-3119.5,0.0005324
17,"R_Date","NM27-2",,"likelihood",-3114.5,0.0006669
17,"R_Date","NM27-2",,"likelihood",-3109.5,0.0007173
17,"R_Date","NM27-2",,"likelihood",-3104.5,0.0013964
17,"R_Date","NM27-2",,"likelihood",-3099.5,0.003631
17,"R_Date","NM27-2",,"likelihood",-3094.5,0.006361
17,"R_Date","NM27-2",,"likelihood",-3089.5,0.007255
17,"R_Date","NM27-2",,"likelihood",-3084.5,0.006998
17,"R_Date","NM27-2",,"likelihood",-3079.5,0.006491
17,"R_Date","NM27-2",,"likelihood",-3074.5,0.005696
17,"R_Date","NM27-2",,"likelihood",-3069.5,0.004958
17,"R_Date","NM27-2",,"likelihood",-3064.5,0.005228
17,"R_Date","NM27-2",,"likelihood",-3059.5,0.006582
17,"R_Date","NM27-2",,"likelihood",-3054.5,0.007221
17,"R_Date","NM27-2",,"likelihood",-3049.5,0.007328
17,"R_Date","NM27-2",,"likelihood",-3044.5,0.0073
17,"R_Date","NM27-2",,"likelihood",-3039.5,0.007335
17,"R_Date","NM27-2",,"likelihood",-3034.5,0.007377
17,"R_Date","NM27-2",,"likelihood",-3029.5,0.007225
17,"R_Date","NM27-2",,"likelihood",-3024.5,0.005662
17,"R_Date","NM27-2",,"likelihood",-3019.5,0.003825
17,"R_Date","NM27-2",,"likelihood",-3014.5,0.0027122
17,"R_Date","NM27-2",,"likelihood",-3009.5,0.0015517
17,"R_Date","NM27-2",,"likelihood",-3004.5,0.0007077
17,"R_Date","NM27-2",,"likelihood",-2999.5,0.0004165
17,"R_Date","NM27-2",,"likelihood",-2994.5,0.00039
17,"R_Date","NM27-2",,"likelihood",-2989.5,0.0006084
17,"R_Date","NM27-2",,"likelihood",-2984.5,0.0010391
17,"R_Date","NM27-2",,"likelihood",-2979.5,0.0013039
17,"R_Date","NM27-2",,"likelihood",-2974.5,0.0015341
17,"R_Date","NM27-2",,"likelihood",-2969.5,0.0016895
17,"R_Date","NM27-2",,"likelihood",-2964.5,0.0014608
17,"R_Date","NM27-2",,"likelihood",-2959.5,0.0013032
17,"R_Date","NM27-2",,"likelihood",-2954.5,0.0012383
17,"R_Date","NM27-2",,"likelihood",-2949.5,0.0013055
17,"R_Date","NM27-2",,"likelihood",-2944.5,0.0014962
17,"R_Date","NM27-2",,"likelihood",-2939.5,0.0016473
17,"R_Date","NM27-2",,"likelihood",-2934.5,0.0014449
17,"R_Date","NM27-2",,"likelihood",-2929.5,0.000918
17,"R_Date","NM27-2",,"likelihood",-2924.5,0.0004356
17,"R_Date","NM27-2",,"likelihood",-2919.5,0.00016554
17,"R_Date","NM27-2",,"likelihood",-2914.5,0.00002947
17,"R_Date","NM27-2",,"likelihood",-2909.5,0.0000028991
17,"R_Date","NM27-2",,"likelihood",-2904.5,3.393e-7
17,"R_Date","NM27-2",,"likelihood",-2899.5,2.9507e-8
17,"R_Date","NM27-2",,"likelihood",-2894.5,0
17,"R_Date","NM27-2",,"likelihood",-2889.5,0
17,"R_Date","NM27-2",,"likelihood",-2884.5,0
17,"R_Date","NM27-2",,"posterior",-3339.5,0
17,"R_Date","NM27-2",,"posterior",-3334.5,0
17,"R_Date","NM27-2",,"posterior",-3329.5,0
17,"R_Date","NM27-2",,"posterior",-3324.5,4.451e-8
17,"R_Date","NM27-2",,"posterior",-3319.5,2.6709e-7
17,"R_Date","NM27-2",,"posterior",-3314.5,9.348e-7
17,"R_Date","NM27-2",,"posterior",-3309.5,0.0000010461
17,"R_Date","NM27-2",,"posterior",-3304.5,6.232e-7
17,"R_Date","NM27-2",,"posterior",-3299.5,0.0000020922
17,"R_Date","NM27-2",,"posterior",-3294.5,0.0000011351
17,"R_Date","NM27-2",,"posterior",-3289.5,6.232e-7
17,"R_Date","NM27-2",,"posterior",-3284.5,0.0000016248
17,"R_Date","NM27-2",,"posterior",-3279.5,0.000003227
17,"R_Date","NM27-2",,"posterior",-3274.5,0.000003183
17,"R_Date","NM27-2",,"posterior",-3269.5,0.0000025596
17,"R_Date","NM27-2",,"posterior",-3264.5,0.0000029602
17,"R_Date","NM27-2",,"posterior",-3259.5,0.000005676
17,"R_Date","NM27-2",,"posterior",-3254.5,0.000009682
17,"R_Date","NM27-2",,"posterior",-3249.5,0.000006833
17,"R_Date","NM27-2",,"posterior",-3244.5,0.000007612
17,"R_Date","NM27-2",,"posterior",-3239.5,0.000005052
17,"R_Date","NM27-2",,"posterior",-3234.5,0.000001558
17,"R_Date","NM27-2",,"posterior",-3229.5,9.793e-7
17,"R_Date","NM27-2",,"posterior",-3224.5,7.345e-7
17,"R_Date","NM27-2",,"posterior",-3219.5,5.119e-7
17,"R_Date","NM27-2",,"posterior",-3214.5,5.787e-7
17,"R_Date","NM27-2",,"posterior",-3209.5,1.558e-7
17,"R_Date","NM27-2",,"posterior",-3204.5,0
17,"R_Date","NM27-2",,"posterior",-3199.5,0
17,"R_Date","NM27-2",,"posterior",-3194.5,1.558e-7
17,"R_Date","NM27-2",,"posterior",-3189.5,3.116e-7
17,"R_Date","NM27-2",,"posterior",-3184.5,0.0000018251
17,"R_Date","NM27-2",,"posterior",-3179.5,0.000008591
17,"R_Date","NM27-2",,"posterior",-3174.5,0.000016938
17,"R_Date","NM27-2",,"posterior",-3169.5,0.00003735
17,"R_Date","NM27-2",,"posterior",-3164.5,0.00004427
17,"R_Date","NM27-2",,"posterior",-3159.5,0.00003802
17,"R_Date","NM27-2",,"posterior",-3154.5,0.000020722
17,"R_Date","NM27-2",,"posterior",-3149.5,0.000006922
17,"R_Date","NM27-2",,"posterior",-3144.5,0.0000029602
17,"R_Date","NM27-2",,"posterior",-3139.5,0.000005564
17,"R_Date","NM27-2",,"posterior",-3134.5,0.00001124
17,"R_Date","NM27-2",,"posterior",-3129.5,0.000024572
17,"R_Date","NM27-2",,"posterior",-3124.5,0.00004037
17,"R_Date","NM27-2",,"posterior",-3119.5,0.00007797
17,"R_Date","NM27-2",,"posterior",-3114.5,0.00014162
17,"R_Date","NM27-2",,"posterior",-3109.5,0.00029266
17,"R_Date","NM27-2",,"posterior",-3104.5,0.001039
17,"R_Date","NM27-2",,"posterior",-3099.5,0.004252
17,"R_Date","NM27-2",,"posterior",-3094.5,0.008769
17,"R_Date","NM27-2",,"posterior",-3089.5,0.009445
17,"R_Date","NM27-2",,"posterior",-3084.5,0.008027
17,"R_Date","NM27-2",,"posterior",-3079.5,0.006493
17,"R_Date","NM27-2",,"posterior",-3074.5,0.004885
17,"R_Date","NM27-2",,"posterior",-3069.5,0.003896
17,"R_Date","NM27-2",,"posterior",-3064.5,0.005097
17,"R_Date","NM27-2",,"posterior",-3059.5,0.009724
17,"R_Date","NM27-2",,"posterior",-3054.5,0.015899
17,"R_Date","NM27-2",,"posterior",-3049.5,0.020508
17,"R_Date","NM27-2",,"posterior",-3044.5,0.022236
17,"R_Date","NM27-2",,"posterior",-3039.5,0.022257
17,"R_Date","NM27-2",,"posterior",-3034.5,0.021896
17,"R_Date","NM27-2",,"posterior",-3029.5,0.017826
17,"R_Date","NM27-2",,"posterior",-3024.5,0.009407
17,"R_Date","NM27-2",,"posterior",-3019.5,0.003974
17,"R_Date","NM27-2",,"posterior",-3014.5,0.0017714
17,"R_Date","NM27-2",,"posterior",-3009.5,0.0005707
17,"R_Date","NM27-2",,"posterior",-3004.5,0.00013009
17,"R_Date","NM27-2",,"posterior",-2999.5,0.00003937
17,"R_Date","NM27-2",,"posterior",-2994.5,0.00003047
17,"R_Date","NM27-2",,"posterior",-2989.5,0.00005313
17,"R_Date","NM27-2",,"posterior",-2984.5,0.00010485
17,"R_Date","NM27-2",,"posterior",-2979.5,0.00014652
17,"R_Date","NM27-2",,"posterior",-2974.5,0.00016125
17,"R_Date","NM27-2",,"posterior",-2969.5,0.00016239
17,"R_Date","NM27-2",,"posterior",-2964.5,0.00010323
17,"R_Date","NM27-2",,"posterior",-2959.5,0.00006766
17,"R_Date","NM27-2",,"posterior",-2954.5,0.00004776
17,"R_Date","NM27-2",,"posterior",-2949.5,0.00004463
17,"R_Date","NM27-2",,"posterior",-2944.5,0.0000412
17,"R_Date","NM27-2",,"posterior",-2939.5,0.0000365
17,"R_Date","NM27-2",,"posterior",-2934.5,0.000019854
17,"R_Date","NM27-2",,"posterior",-2929.5,0.000006566
17,"R_Date","NM27-2",,"posterior",-2924.5,9.348e-7
17,"R_Date","NM27-2",,"posterior",-2919.5,0
17,"R_Date","NM27-2",,"posterior",-2914.5,0
18,"R_Combine","NM6",,"likelihood",-3364.5,0
18,"R_Combine","NM6",,"likelihood",-3359.5,0
18,"R_Combine","NM6",,"likelihood",-3354.5,7.718e-9
18,"R_Combine","NM6",,"likelihood",-3349.5,6.174e-8
18,"R_Combine","NM6",,"likelihood",-3344.5,1.3121e-7
18,"R_Combine","NM6",,"likelihood",-3339.5,5.403e-7
18,"R_Combine","NM6",,"likelihood",-3334.5,0.000003527
18,"R_Combine","NM6",,"likelihood",-3329.5,0.000020013
18,"R_Combine","NM6",,"likelihood",-3324.5,0.00006814
18,"R_Combine","NM6",,"likelihood",-3319.5,0.00015211
18,"R_Combine","NM6",,"likelihood",-3314.5,0.00024196
18,"R_Combine","NM6",,"likelihood",-3309.5,0.0003435
18,"R_Combine","NM6",,"likelihood",-3304.5,0.0004414
18,"R_Combine","NM6",,"likelihood",-3299.5,0.0004063
18,"R_Combine","NM6",,"likelihood",-3294.5,0.0002621
18,"R_Combine","NM6",,"likelihood",-3289.5,0.00018065
18,"R_Combine","NM6",,"likelihood",-3284.5,0.0002621
18,"R_Combine","NM6",,"likelihood",-3279.5,0.0005186
18,"R_Combine","NM6",,"likelihood",-3274.5,0.0004063
18,"R_Combine","NM6",,"likelihood",-3269.5,0.00028898
18,"R_Combine","NM6",,"likelihood",-3264.5,0.0003731
18,"R_Combine","NM6",,"likelihood",-3259.5,0.0009585
18,"R_Combine","NM6",,"likelihood",-3254.5,0.0014991
18,"R_Combine","NM6",,"likelihood",-3249.5,0.0009585
18,"R_Combine","NM6",,"likelihood",-3244.5,0.0006549
18,"R_Combine","NM6",,"likelihood",-3239.5,0.00031345
18,"R_Combine","NM6",,"likelihood",-3234.5,0.00012214
18,"R_Combine","NM6",,"likelihood",-3229.5,0.00006814
18,"R_Combine","NM6",,"likelihood",-3224.5,0.00004222
18,"R_Combine","NM6",,"likelihood",-3219.5,0.00003771
18,"R_Combine","NM6",,"likelihood",-3214.5,0.000016555
18,"R_Combine","NM6",,"likelihood",-3209.5,0.000004484
18,"R_Combine","NM6",,"likelihood",-3204.5,0.0000011423
18,"R_Combine","NM6",,"likelihood",-3199.5,7.332e-7
18,"R_Combine","NM6",,"likelihood",-3194.5,0.0000019912
18,"R_Combine","NM6",,"likelihood",-3189.5,0.000009393
18,"R_Combine","NM6",,"likelihood",-3184.5,0.000028348
18,"R_Combine","NM6",,"likelihood",-3179.5,0.00007889
18,"R_Combine","NM6",,"likelihood",-3174.5,0.00015211
18,"R_Combine","NM6",,"likelihood",-3169.5,0.00024196
18,"R_Combine","NM6",,"likelihood",-3164.5,0.00026817
18,"R_Combine","NM6",,"likelihood",-3159.5,0.00018779
18,"R_Combine","NM6",,"likelihood",-3154.5,0.00006131
18,"R_Combine","NM6",,"likelihood",-3149.5,0.000021556
18,"R_Combine","NM6",,"likelihood",-3144.5,0.000007517
18,"R_Combine","NM6",,"likelihood",-3139.5,0.000009393
18,"R_Combine","NM6",,"likelihood",-3134.5,0.000015204
18,"R_Combine","NM6",,"likelihood",-3129.5,0.000024173
18,"R_Combine","NM6",,"likelihood",-3124.5,0.000024173
18,"R_Combine","NM6",,"likelihood",-3119.5,0.00003382
18,"R_Combine","NM6",,"likelihood",-3114.5,0.00004686
18,"R_Combine","NM6",,"likelihood",-3109.5,0.00005212
18,"R_Combine","NM6",,"likelihood",-3104.5,0.00014207
18,"R_Combine","NM6",,"likelihood",-3099.5,0.0007012
18,"R_Combine","NM6",,"likelihood",-3094.5,0.0022491
18,"R_Combine","NM6",,"likelihood",-3089.5,0.004433
18,"R_Combine","NM6",,"likelihood",-3084.5,0.005806
18,"R_Combine","NM6",,"likelihood",-3079.5,0.006605
18,"R_Combine","NM6",,"likelihood",-3074.5,0.007412
18,"R_Combine","NM6",,"likelihood",-3069.5,0.007699
18,"R_Combine","NM6",,"likelihood",-3064.5,0.00748
18,"R_Combine","NM6",,"likelihood",-3059.5,0.006689
18,"R_Combine","NM6",,"likelihood",-3054.5,0.005054
18,"R_Combine","NM6",,"likelihood",-3049.5,0.00409
18,"R_Combine","NM6",,"likelihood",-3044.5,0.003852
18,"R_Combine","NM6",,"likelihood",-3039.5,0.00401
18,"R_Combine","NM6",,"likelihood",-3034.5,0.004296
18,"R_Combine","NM6",,"likelihood",-3029.5,0.005576
18,"R_Combine","NM6",,"likelihood",-3024.5,0.007572
18,"R_Combine","NM6",,"likelihood",-3019.5,0.007718
18,"R_Combine","NM6",,"likelihood",-3014.5,0.007216
18,"R_Combine","NM6",,"likelihood",-3009.5,0.00593
18,"R_Combine","NM6",,"likelihood",-3004.5,0.004085
18,"R_Combine","NM6",,"likelihood",-2999.5,0.002957
18,"R_Combine","NM6",,"likelihood",-2994.5,0.0029427
18,"R_Combine","NM6",,"likelihood",-2989.5,0.003769
18,"R_Combine","NM6",,"likelihood",-2984.5,0.004821
18,"R_Combine","NM6",,"likelihood",-2979.5,0.005499
18,"R_Combine","NM6",,"likelihood",-2974.5,0.005897
18,"R_Combine","NM6",,"likelihood",-2969.5,0.005854
18,"R_Combine","NM6",,"likelihood",-2964.5,0.005777
18,"R_Combine","NM6",,"likelihood",-2959.5,0.005499
18,"R_Combine","NM6",,"likelihood",-2954.5,0.005374
18,"R_Combine","NM6",,"likelihood",-2949.5,0.005504
18,"R_Combine","NM6",,"likelihood",-2944.5,0.005839
18,"R_Combine","NM6",,"likelihood",-2939.5,0.005934
18,"R_Combine","NM6",,"likelihood",-2934.5,0.005613
18,"R_Combine","NM6",,"likelihood",-2929.5,0.004661
18,"R_Combine","NM6",,"likelihood",-2924.5,0.003136
18,"R_Combine","NM6",,"likelihood",-2919.5,0.0016933
18,"R_Combine","NM6",,"likelihood",-2914.5,0.0005644
18,"R_Combine","NM6",,"likelihood",-2909.5,0.00011406
18,"R_Combine","NM6",,"likelihood",-2904.5,0.000021348
18,"R_Combine","NM6",,"likelihood",-2899.5,0.0000030795
18,"R_Combine","NM6",,"likelihood",-2894.5,3.473e-7
18,"R_Combine","NM6",,"likelihood",-2889.5,2.3154e-8
18,"R_Combine","NM6",,"likelihood",-2884.5,0
18,"R_Combine","NM6",,"likelihood",-2879.5,0
18,"R_Combine","NM6",,"likelihood",-2874.5,0
18,"R_Combine","NM6",,"posterior",-3324.5,0
18,"R_Combine","NM6",,"posterior",-3319.5,0
18,"R_Combine","NM6",,"posterior",-3314.5,0
18,"R_Combine","NM6",,"posterior",-3309.5,3.642e-7
18,"R_Combine","NM6",,"posterior",-3304.5,2.1243e-7
18,"R_Combine","NM6",,"posterior",-3299.5,4.097e-7
18,"R_Combine","NM6",,"posterior",-3294.5,4.552e-8
18,"R_Combine","NM6",,"posterior",-3289.5,0
18,"R_Combine","NM6",,"posterior",-3284.5,3.642e-7
18,"R_Combine","NM6",,"posterior",-3279.5,2.5795e-7
18,"R_Combine","NM6",,"posterior",-3274.5,2.1243e-7
18,"R_Combine","NM6",,"posterior",-3269.5,3.186e-7
18,"R_Combine","NM6",,"posterior",-3264.5,3.186e-7
18,"R_Combine","NM6",,"posterior",-3259.5,7.283e-7
18,"R_Combine","NM6",,"posterior",-3254.5,0.0000017146
18,"R_Combine","NM6",,"posterior",-3249.5,0.0000012443
18,"R_Combine","NM6",,"posterior",-3244.5,0.0000014567
18,"R_Combine","NM6",,"posterior",-3239.5,4.097e-7
18,"R_Combine","NM6",,"posterior",-3234.5,1.5174e-7
18,"R_Combine","NM6",,"posterior",-3229.5,1.5174e-7
18,"R_Combine","NM6",,"posterior",-3224.5,2.1243e-7
18,"R_Combine","NM6",,"posterior",-3219.5,4.552e-8
18,"R_Combine","NM6",,"posterior",-3214.5,0
18,"R_Combine","NM6",,"posterior",-3209.5,0
18,"R_Combine","NM6",,"posterior",-3204.5,0
18,"R_Combine","NM6",,"posterior",-3199.5,0
18,"R_Combine","NM6",,"posterior",-3194.5,0
18,"R_Combine","NM6",,"posterior",-3189.5,0
18,"R_Combine","NM6",,"posterior",-3184.5,4.552e-8
18,"R_Combine","NM6",,"posterior",-3179.5,2.5795e-7
18,"R_Combine","NM6",,"posterior",-3174.5,0.0000014112
18,"R_Combine","NM6",,"posterior",-3169.5,0.0000031258
18,"R_Combine","NM6",,"posterior",-3164.5,0.00000349
18,"R_Combine","NM6",,"posterior",-3159.5,0.000003232
18,"R_Combine","NM6",,"posterior",-3154.5,0.0000010925
18,"R_Combine","NM6",,"posterior",-3149.5,6.828e-7
18,"R_Combine","NM6",,"posterior",-3144.5,2.5795e-7
18,"R_Combine","NM6",,"posterior",-3139.5,5.159e-7
18,"R_Combine","NM6",,"posterior",-3134.5,0.000001047
18,"R_Combine","NM6",,"posterior",-3129.5,0.0000020788
18,"R_Combine","NM6",,"posterior",-3124.5,0.000004582
18,"R_Combine","NM6",,"posterior",-3119.5,0.000008801
18,"R_Combine","NM6",,"posterior",-3114.5,0.000014263
18,"R_Combine","NM6",,"posterior",-3109.5,0.000026569
18,"R_Combine","NM6",,"posterior",-3104.5,0.00010468
18,"R_Combine","NM6",,"posterior",-3099.5,0.0005469
18,"R_Combine","NM6",,"posterior",-3094.5,0.0018433
18,"R_Combine","NM6",,"posterior",-3089.5,0.003783
18,"R_Combine","NM6",,"posterior",-3084.5,0.005241
18,"R_Combine","NM6",,"posterior",-3079.5,0.006308
18,"R_Combine","NM6",,"posterior",-3074.5,0.007377
18,"R_Combine","NM6",,"posterior",-3069.5,0.008175
18,"R_Combine","NM6",,"posterior",-3064.5,0.008753
18,"R_Combine","NM6",,"posterior",-3059.5,0.009028
18,"R_Combine","NM6",,"posterior",-3054.5,0.008276
18,"R_Combine","NM6",,"posterior",-3049.5,0.007784
18,"R_Combine","NM6",,"posterior",-3044.5,0.007598
18,"R_Combine","NM6",,"posterior",-3039.5,0.0079
18,"R_Combine","NM6",,"posterior",-3034.5,0.008679
18,"R_Combine","NM6",,"posterior",-3029.5,0.011184
18,"R_Combine","NM6",,"posterior",-3024.5,0.014544
18,"R_Combine","NM6",,"posterior",-3019.5,0.015174
18,"R_Combine","NM6",,"posterior",-3014.5,0.014088
18,"R_Combine","NM6",,"posterior",-3009.5,0.011471
18,"R_Combine","NM6",,"posterior",-3004.5,0.007927
18,"R_Combine","NM6",,"posterior",-2999.5,0.00532
18,"R_Combine","NM6",,"posterior",-2994.5,0.004315
18,"R_Combine","NM6",,"posterior",-2989.5,0.004197
18,"R_Combine","NM6",,"posterior",-2984.5,0.004064
18,"R_Combine","NM6",,"posterior",-2979.5,0.003605
18,"R_Combine","NM6",,"posterior",-2974.5,0.0030374
18,"R_Combine","NM6",,"posterior",-2969.5,0.002414
18,"R_Combine","NM6",,"posterior",-2964.5,0.0019052
18,"R_Combine","NM6",,"posterior",-2959.5,0.0014436
18,"R_Combine","NM6",,"posterior",-2954.5,0.0011254
18,"R_Combine","NM6",,"posterior",-2949.5,0.0008855
18,"R_Combine","NM6",,"posterior",-2944.5,0.0007013
18,"R_Combine","NM6",,"posterior",-2939.5,0.0005224
18,"R_Combine","NM6",,"posterior",-2934.5,0.0003366
18,"R_Combine","NM6",,"posterior",-2929.5,0.00017808
18,"R_Combine","NM6",,"posterior",-2924.5,0.00006625
18,"R_Combine","NM6",,"posterior",-2919.5,0.000016934
18,"R_Combine","NM6",,"posterior",-2914.5,0.0000018209
18,"R_Combine","NM6",,"posterior",-2909.5,2.5795e-7
18,"R_Combine","NM6",,"posterior",-2904.5,0
18,"R_Combine","NM6",,"posterior",-2899.5,0
20,"Combine","NM11",,"likelihood",-3349.5,0
20,"Combine","NM11",,"likelihood",-3344.5,0
20,"Combine","NM11",,"likelihood",-3339.5,0
20,"Combine","NM11",,"likelihood",-3334.5,1.4311e-8
20,"Combine","NM11",,"likelihood",-3329.5,7.871e-7
20,"Combine","NM11",,"likelihood",-3324.5,0.000010075
20,"Combine","NM11",,"likelihood",-3319.5,0.00005086
20,"Combine","NM11",,"likelihood",-3314.5,0.00012614
20,"Combine","NM11",,"likelihood",-3309.5,0.00024639
20,"Combine","NM11",,"likelihood",-3304.5,0.0003937
20,"Combine","NM11",,"likelihood",-3299.5,0.0003338
20,"Combine","NM11",,"likelihood",-3294.5,0.00014478
20,"Combine","NM11",,"likelihood",-3289.5,0.0000699
20,"Combine","NM11",,"likelihood",-3284.5,0.00014478
20,"Combine","NM11",,"likelihood",-3279.5,0.0005296
20,"Combine","NM11",,"likelihood",-3274.5,0.0003338
20,"Combine","NM11",,"likelihood",-3269.5,0.00017742
20,"Combine","NM11",,"likelihood",-3264.5,0.0002843
20,"Combine","NM11",,"likelihood",-3259.5,0.0015631
20,"Combine","NM11",,"likelihood",-3254.5,0.003261
20,"Combine","NM11",,"likelihood",-3249.5,0.0015631
20,"Combine","NM11",,"likelihood",-3244.5,0.0008067
20,"Combine","NM11",,"likelihood",-3239.5,0.00020424
20,"Combine","NM11",,"likelihood",-3234.5,0.00003199
20,"Combine","NM11",,"likelihood",-3229.5,0.000010075
20,"Combine","NM11",,"likelihood",-3224.5,0.000003592
20,"Combine","NM11",,"likelihood",-3219.5,0.0000028337
20,"Combine","NM11",,"likelihood",-3214.5,4.866e-7
20,"Combine","NM11",,"likelihood",-3209.5,2.8623e-8
20,"Combine","NM11",,"likelihood",-3204.5,0
20,"Combine","NM11",,"likelihood",-3199.5,0
20,"Combine","NM11",,"likelihood",-3194.5,0
20,"Combine","NM11",,"likelihood",-3189.5,1.7174e-7
20,"Combine","NM11",,"likelihood",-3184.5,0.0000016315
20,"Combine","NM11",,"likelihood",-3179.5,0.000014011
20,"Combine","NM11",,"likelihood",-3174.5,0.00005086
20,"Combine","NM11",,"likelihood",-3169.5,0.00012614
20,"Combine","NM11",,"likelihood",-3164.5,0.00015585
20,"Combine","NM11",,"likelihood",-3159.5,0.00007843
20,"Combine","NM11",,"likelihood",-3154.5,0.000008115
20,"Combine","NM11",,"likelihood",-3149.5,9.589e-7
20,"Combine","NM11",,"likelihood",-3144.5,1.0018e-7
20,"Combine","NM11",,"likelihood",-3139.5,1.7174e-7
20,"Combine","NM11",,"likelihood",-3134.5,4.58e-7
20,"Combine","NM11",,"likelihood",-3129.5,0.0000012165
20,"Combine","NM11",,"likelihood",-3124.5,0.0000012165
20,"Combine","NM11",,"likelihood",-3119.5,0.0000024616
20,"Combine","NM11",,"likelihood",-3114.5,0.000004837
20,"Combine","NM11",,"likelihood",-3109.5,0.000006025
20,"Combine","NM11",,"likelihood",-3104.5,0.00004538
20,"Combine","NM11",,"likelihood",-3099.5,0.0009139
20,"Combine","NM11",,"likelihood",-3094.5,0.005958
20,"Combine","NM11",,"likelihood",-3089.5,0.012738
20,"Combine","NM11",,"likelihood",-3084.5,0.014194
20,"Combine","NM11",,"likelihood",-3079.5,0.013301
20,"Combine","NM11",,"likelihood",-3074.5,0.010691
20,"Combine","NM11",,"likelihood",-3069.5,0.008267
20,"Combine","NM11",,"likelihood",-3064.5,0.009351
20,"Combine","NM11",,"likelihood",-3059.5,0.013393
20,"Combine","NM11",,"likelihood",-3054.5,0.013779
20,"Combine","NM11",,"likelihood",-3049.5,0.012002
20,"Combine","NM11",,"likelihood",-3044.5,0.011375
20,"Combine","NM11",,"likelihood",-3039.5,0.011803
20,"Combine","NM11",,"likelihood",-3034.5,0.012513
20,"Combine","NM11",,"likelihood",-3029.5,0.014312
20,"Combine","NM11",,"likelihood",-3024.5,0.010357
20,"Combine","NM11",,"likelihood",-3019.5,0.004876
20,"Combine","NM11",,"likelihood",-3014.5,0.0023113
20,"Combine","NM11",,"likelihood",-3009.5,0.0006481
20,"Combine","NM11",,"likelihood",-3004.5,0.0001017
20,"Combine","NM11",,"likelihood",-2999.5,0.000030927
20,"Combine","NM11",,"likelihood",-2994.5,0.000024244
20,"Combine","NM11",,"likelihood",-2989.5,0.00007088
20,"Combine","NM11",,"likelihood",-2984.5,0.00026966
20,"Combine","NM11",,"likelihood",-2979.5,0.0004326
20,"Combine","NM11",,"likelihood",-2974.5,0.0006323
20,"Combine","NM11",,"likelihood",-2969.5,0.0008699
20,"Combine","NM11",,"likelihood",-2964.5,0.0005643
20,"Combine","NM11",,"likelihood",-2959.5,0.0004318
20,"Combine","NM11",,"likelihood",-2954.5,0.0003831
20,"Combine","NM11",,"likelihood",-2949.5,0.0004335
20,"Combine","NM11",,"likelihood",-2944.5,0.0005958
20,"Combine","NM11",,"likelihood",-2939.5,0.0007833
20,"Combine","NM11",,"likelihood",-2934.5,0.0005797
20,"Combine","NM11",,"likelihood",-2929.5,0.00018926
20,"Combine","NM11",,"likelihood",-2924.5,0.00003163
20,"Combine","NM11",,"likelihood",-2919.5,0.000003335
20,"Combine","NM11",,"likelihood",-2914.5,4.293e-8
20,"Combine","NM11",,"likelihood",-2909.5,0
20,"Combine","NM11",,"likelihood",-2904.5,0
20,"Combine","NM11",,"likelihood",-2899.5,0
20,"Combine","NM11",,"posterior",-3329.5,0
20,"Combine","NM11",,"posterior",-3324.5,0
20,"Combine","NM11",,"posterior",-3319.5,0
20,"Combine","NM11",,"posterior",-3314.5,6.075e-8
20,"Combine","NM11",,"posterior",-3309.5,0
20,"Combine","NM11",,"posterior",-3304.5,1.0126e-7
20,"Combine","NM11",,"posterior",-3299.5,1.0126e-7
20,"Combine","NM11",,"posterior",-3294.5,2.0251e-7
20,"Combine","NM11",,"posterior",-3289.5,0
20,"Combine","NM11",,"posterior",-3284.5,0
20,"Combine","NM11",,"posterior",-3279.5,1.0126e-7
20,"Combine","NM11",,"posterior",-3274.5,6.075e-8
20,"Combine","NM11",,"posterior",-3269.5,1.6201e-7
20,"Combine","NM11",,"posterior",-3264.5,1.6201e-7
20,"Combine","NM11",,"posterior",-3259.5,0.0000012961
20,"Combine","NM11",,"posterior",-3254.5,0.0000030175
20,"Combine","NM11",,"posterior",-3249.5,0.0000024504
20,"Combine","NM11",,"posterior",-3244.5,6.683e-7
20,"Combine","NM11",,"posterior",-3239.5,2.0251e-7
20,"Combine","NM11",,"posterior",-3234.5,6.075e-8
20,"Combine","NM11",,"posterior",-3229.5,6.075e-8
20,"Combine","NM11",,"posterior",-3224.5,0
20,"Combine","NM11",,"posterior",-3219.5,0
20,"Combine","NM11",,"posterior",-3214.5,0
20,"Combine","NM11",,"posterior",-3209.5,0
20,"Combine","NM11",,"posterior",-3204.5,0
20,"Combine","NM11",,"posterior",-3199.5,0
20,"Combine","NM11",,"posterior",-3194.5,0
20,"Combine","NM11",,"posterior",-3189.5,0
20,"Combine","NM11",,"posterior",-3184.5,0
20,"Combine","NM11",,"posterior",-3179.5,1.6201e-7
20,"Combine","NM11",,"posterior",-3174.5,5.265e-7
20,"Combine","NM11",,"posterior",-3169.5,8.911e-7
20,"Combine","NM11",,"posterior",-3164.5,0.0000016201
20,"Combine","NM11",,"posterior",-3159.5,0.0000013568
20,"Combine","NM11",,"posterior",-3154.5,6.075e-8
20,"Combine","NM11",,"posterior",-3149.5,1.6201e-7
20,"Combine","NM11",,"posterior",-3144.5,0
20,"Combine","NM11",,"posterior",-3139.5,0
20,"Combine","NM11",,"posterior",-3134.5,0
20,"Combine","NM11",,"posterior",-3129.5,6.075e-8
20,"Combine","NM11",,"posterior",-3124.5,2.6327e-7
20,"Combine","NM11",,"posterior",-3119.5,5.265e-7
20,"Combine","NM11",,"posterior",-3114.5,9.923e-7
20,"Combine","NM11",,"posterior",-3109.5,0.0000028554
20,"Combine","NM11",,"posterior",-3104.5,0.000030256
20,"Combine","NM11",,"posterior",-3099.5,0.0005948
20,"Combine","NM11",,"posterior",-3094.5,0.003642
20,"Combine","NM11",,"posterior",-3089.5,0.007871
20,"Combine","NM11",,"posterior",-3084.5,0.009459
20,"Combine","NM11",,"posterior",-3079.5,0.009214
20,"Combine","NM11",,"posterior",-3074.5,0.007832
20,"Combine","NM11",,"posterior",-3069.5,0.006804
20,"Combine","NM11",,"posterior",-3064.5,0.008491
20,"Combine","NM11",,"posterior",-3059.5,0.013275
20,"Combine","NM11",,"posterior",-3054.5,0.016162
20,"Combine","NM11",,"posterior",-3049.5,0.01626
20,"Combine","NM11",,"posterior",-3044.5,0.016271
20,"Combine","NM11",,"posterior",-3039.5,0.016965
20,"Combine","NM11",,"posterior",-3034.5,0.018265
20,"Combine","NM11",,"posterior",-3029.5,0.020251
20,"Combine","NM11",,"posterior",-3024.5,0.015037
20,"Combine","NM11",,"posterior",-3019.5,0.007391
20,"Combine","NM11",,"posterior",-3014.5,0.003309
20,"Combine","NM11",,"posterior",-3009.5,0.0009838
20,"Combine","NM11",,"posterior",-3004.5,0.00017224
20,"Combine","NM11",,"posterior",-2999.5,0.00004407
20,"Combine","NM11",,"posterior",-2994.5,0.00003171
20,"Combine","NM11",,"posterior",-2989.5,0.00006719
20,"Combine","NM11",,"posterior",-2984.5,0.00017293
20,"Combine","NM11",,"posterior",-2979.5,0.0002338
20,"Combine","NM11",,"posterior",-2974.5,0.00027025
20,"Combine","NM11",,"posterior",-2969.5,0.00028354
20,"Combine","NM11",,"posterior",-2964.5,0.00017084
20,"Combine","NM11",,"posterior",-2959.5,0.00010521
20,"Combine","NM11",,"posterior",-2954.5,0.00008062
20,"Combine","NM11",,"posterior",-2949.5,0.00006527
20,"Combine","NM11",,"posterior",-2944.5,0.00007376
20,"Combine","NM11",,"posterior",-2939.5,0.00006173
20,"Combine","NM11",,"posterior",-2934.5,0.00003412
20,"Combine","NM11",,"posterior",-2929.5,0.000007918
20,"Combine","NM11",,"posterior",-2924.5,4.658e-7
20,"Combine","NM11",,"posterior",-2919.5,6.075e-8
20,"Combine","NM11",,"posterior",-2914.5,0
21,"R_Date","NM11-1",,"likelihood",-3374.5,0
21,"R_Date","NM11-1",,"likelihood",-3369.5,0
21,"R_Date","NM11-1",,"likelihood",-3364.5,0
21,"R_Date","NM11-1",,"likelihood",-3359.5,2.3279e-8
21,"R_Date","NM11-1",,"likelihood",-3354.5,5.044e-7
21,"R_Date","NM11-1",,"likelihood",-3349.5,0.000004431
21,"R_Date","NM11-1",,"likelihood",-3344.5,0.000009172
21,"R_Date","NM11-1",,"likelihood",-3339.5,0.0000331
21,"R_Date","NM11-1",,"likelihood",-3334.5,0.00016669
21,"R_Date","NM11-1",,"likelihood",-3329.5,0.0006366
21,"R_Date","NM11-1",,"likelihood",-3324.5,0.0015438
21,"R_Date","NM11-1",,"likelihood",-3319.5,0.0026054
21,"R_Date","NM11-1",,"likelihood",-3314.5,0.003431
21,"R_Date","NM11-1",,"likelihood",-3309.5,0.004155
21,"R_Date","NM11-1",,"likelihood",-3304.5,0.004717
21,"R_Date","NM11-1",,"likelihood",-3299.5,0.004715
21,"R_Date","NM11-1",,"likelihood",-3294.5,0.003746
21,"R_Date","NM11-1",,"likelihood",-3289.5,0.0030236
21,"R_Date","NM11-1",,"likelihood",-3284.5,0.003746
21,"R_Date","NM11-1",,"likelihood",-3279.5,0.005093
21,"R_Date","NM11-1",,"likelihood",-3274.5,0.004715
21,"R_Date","NM11-1",,"likelihood",-3269.5,0.003788
21,"R_Date","NM11-1",,"likelihood",-3264.5,0.004518
21,"R_Date","NM11-1",,"likelihood",-3259.5,0.006751
21,"R_Date","NM11-1",,"likelihood",-3254.5,0.007381
21,"R_Date","NM11-1",,"likelihood",-3249.5,0.006751
21,"R_Date","NM11-1",,"likelihood",-3244.5,0.005645
21,"R_Date","NM11-1",,"likelihood",-3239.5,0.004127
21,"R_Date","NM11-1",,"likelihood",-3234.5,0.0023763
21,"R_Date","NM11-1",,"likelihood",-3229.5,0.0015438
21,"R_Date","NM11-1",,"likelihood",-3224.5,0.0011578
21,"R_Date","NM11-1",,"likelihood",-3219.5,0.0010676
21,"R_Date","NM11-1",,"likelihood",-3214.5,0.0005776
21,"R_Date","NM11-1",,"likelihood",-3209.5,0.00019444
21,"R_Date","NM11-1",,"likelihood",-3204.5,0.00006372
21,"R_Date","NM11-1",,"likelihood",-3199.5,0.00004323
21,"R_Date","NM11-1",,"likelihood",-3194.5,0.00009863
21,"R_Date","NM11-1",,"likelihood",-3189.5,0.0003369
21,"R_Date","NM11-1",,"likelihood",-3184.5,0.0008262
21,"R_Date","NM11-1",,"likelihood",-3179.5,0.001626
21,"R_Date","NM11-1",,"likelihood",-3174.5,0.0026054
21,"R_Date","NM11-1",,"likelihood",-3169.5,0.003431
21,"R_Date","NM11-1",,"likelihood",-3164.5,0.003481
21,"R_Date","NM11-1",,"likelihood",-3159.5,0.0028304
21,"R_Date","NM11-1",,"likelihood",-3154.5,0.0014357
21,"R_Date","NM11-1",,"likelihood",-3149.5,0.0006413
21,"R_Date","NM11-1",,"likelihood",-3144.5,0.00029616
21,"R_Date","NM11-1",,"likelihood",-3139.5,0.0003369
21,"R_Date","NM11-1",,"likelihood",-3134.5,0.0004912
21,"R_Date","NM11-1",,"likelihood",-3129.5,0.0006988
21,"R_Date","NM11-1",,"likelihood",-3124.5,0.0006988
21,"R_Date","NM11-1",,"likelihood",-3119.5,0.000896
21,"R_Date","NM11-1",,"likelihood",-3114.5,0.0011332
21,"R_Date","NM11-1",,"likelihood",-3109.5,0.0012218
21,"R_Date","NM11-1",,"likelihood",-3104.5,0.0023853
21,"R_Date","NM11-1",,"likelihood",-3099.5,0.005594
21,"R_Date","NM11-1",,"likelihood",-3094.5,0.00776
21,"R_Date","NM11-1",,"likelihood",-3089.5,0.006523
21,"R_Date","NM11-1",,"likelihood",-3084.5,0.005058
21,"R_Date","NM11-1",,"likelihood",-3079.5,0.003985
21,"R_Date","NM11-1",,"likelihood",-3074.5,0.0027456
21,"R_Date","NM11-1",,"likelihood",-3069.5,0.0020161
21,"R_Date","NM11-1",,"likelihood",-3064.5,0.0023704
21,"R_Date","NM11-1",,"likelihood",-3059.5,0.003955
21,"R_Date","NM11-1",,"likelihood",-3054.5,0.005915
21,"R_Date","NM11-1",,"likelihood",-3049.5,0.00691
21,"R_Date","NM11-1",,"likelihood",-3044.5,0.007118
21,"R_Date","NM11-1",,"likelihood",-3039.5,0.006995
21,"R_Date","NM11-1",,"likelihood",-3034.5,0.006751
21,"R_Date","NM11-1",,"likelihood",-3029.5,0.005414
21,"R_Date","NM11-1",,"likelihood",-3024.5,0.002585
21,"R_Date","NM11-1",,"likelihood",-3019.5,0.0011852
21,"R_Date","NM11-1",,"likelihood",-3014.5,0.0006156
21,"R_Date","NM11-1",,"likelihood",-3009.5,0.00022541
21,"R_Date","NM11-1",,"likelihood",-3004.5,0.00005868
21,"R_Date","NM11-1",,"likelihood",-2999.5,0.000027229
21,"R_Date","NM11-1",,"likelihood",-2994.5,0.000021836
21,"R_Date","NM11-1",,"likelihood",-2989.5,0.00004562
21,"R_Date","NM11-1",,"likelihood",-2984.5,0.00012326
21,"R_Date","NM11-1",,"likelihood",-2979.5,0.00016664
21,"R_Date","NM11-1",,"likelihood",-2974.5,0.0002215
21,"R_Date","NM11-1",,"likelihood",-2969.5,0.00030513
21,"R_Date","NM11-1",,"likelihood",-2964.5,0.00020333
21,"R_Date","NM11-1",,"likelihood",-2959.5,0.00016637
21,"R_Date","NM11-1",,"likelihood",-2954.5,0.00015229
21,"R_Date","NM11-1",,"likelihood",-2949.5,0.00016685
21,"R_Date","NM11-1",,"likelihood",-2944.5,0.00021159
21,"R_Date","NM11-1",,"likelihood",-2939.5,0.00027095
21,"R_Date","NM11-1",,"likelihood",-2934.5,0.00021605
21,"R_Date","NM11-1",,"likelihood",-2929.5,0.00009129
21,"R_Date","NM11-1",,"likelihood",-2924.5,0.000026142
21,"R_Date","NM11-1",,"likelihood",-2919.5,0.000006192
21,"R_Date","NM11-1",,"likelihood",-2914.5,3.492e-7
21,"R_Date","NM11-1",,"likelihood",-2909.5,7.76e-9
21,"R_Date","NM11-1",,"likelihood",-2904.5,0
21,"R_Date","NM11-1",,"likelihood",-2899.5,0
21,"R_Date","NM11-1",,"posterior",-3329.5,0
21,"R_Date","NM11-1",,"posterior",-3324.5,0
21,"R_Date","NM11-1",,"posterior",-3319.5,0
21,"R_Date","NM11-1",,"posterior",-3314.5,6.075e-8
21,"R_Date","NM11-1",,"posterior",-3309.5,0
21,"R_Date","NM11-1",,"posterior",-3304.5,1.0126e-7
21,"R_Date","NM11-1",,"posterior",-3299.5,1.0126e-7
21,"R_Date","NM11-1",,"posterior",-3294.5,2.0251e-7
21,"R_Date","NM11-1",,"posterior",-3289.5,0
21,"R_Date","NM11-1",,"posterior",-3284.5,0
21,"R_Date","NM11-1",,"posterior",-3279.5,1.0126e-7
21,"R_Date","NM11-1",,"posterior",-3274.5,6.075e-8
21,"R_Date","NM11-1",,"posterior",-3269.5,1.6201e-7
21,"R_Date","NM11-1",,"posterior",-3264.5,1.6201e-7
21,"R_Date","NM11-1",,"posterior",-3259.5,0.0000012961
21,"R_Date","NM11-1",,"posterior",-3254.5,0.0000030175
21,"R_Date","NM11-1",,"posterior",-3249.5,0.0000024504
21,"R_Date","NM11-1",,"posterior",-3244.5,6.683e-7
21,"R_Date","NM11-1",,"posterior",-3239.5,2.0251e-7
21,"R_Date","NM11-1",,"posterior",-3234.5,6.075e-8
21,"R_Date","NM11-1",,"posterior",-3229.5,6.075e-8
21,"R_Date","NM11-1",,"posterior",-3224.5,0
21,"R_Date","NM11-1",,"posterior",-3219.5,0
21,"R_Date","NM11-1",,"posterior",-3214.5,0
21,"R_Date","NM11-1",,"posterior",-3209.5,0
21,"R_Date","NM11-1",,"posterior",-3204.5,0
21,"R_Date","NM11-1",,"posterior",-3199.5,0
21,"R_Date","NM11-1",,"posterior",-3194.5,0
21,"R_Date","NM11-1",,"posterior",-3189.5,0
21,"R_Date","NM11-1",,"posterior",-3184.5,0
21,"R_Date","NM11-1",,"posterior",-3179.5,1.6201e-7
21,"R_Date","NM11-1",,"posterior",-3174.5,5.265e-7
21,"R_Date","NM11-1",,"posterior",-3169.5,8.911e-7
21,"R_Date","NM11-1",,"posterior",-3164.5,0.0000016201
21,"R_Date","NM11-1",,"posterior",-3159.5,0.0000013568
21,"R_Date","NM11-1",,"posterior",-3154.5,6.075e-8
21,"R_Date","NM11-1",,"posterior",-3149.5,1.6201e-7
21,"R_Date","NM11-1",,"posterior",-3144.5,0
21,"R_Date","NM11-1",,"posterior",-3139.5,0
21,"R_Date","NM11-1",,"posterior",-3134.5,0
21,"R_Date","NM11-1",,"posterior",-3129.5,6.075e-8
21,"R_Date","NM11-1",,"posterior",-3124.5,2.6327e-7
21,"R_Date","NM11-1",,"posterior",-3119.5,5.265e-7
21,"R_Date","NM11-1",,"posterior",-3114.5,9.923e-7
21,"R_Date","NM11-1",,"posterior",-3109.5,0.0000028554
21,"R_Date","NM11-1",,"posterior",-3104.5,0.000030256
21,"R_Date","NM11-1",,"posterior",-3099.5,0.0005948
21,"R_Date","NM11-1",,"posterior",-3094.5,0.003642
21,"R_Date","NM11-1",,"posterior",-3089.5,0.007871
21,"R_Date","NM11-1",,"posterior",-3084.5,0.009459
21,"R_Date","NM11-1",,"posterior",-3079.5,0.009214
21,"R_Date","NM11-1",,"posterior",-3074.5,0.007832
21,"R_Date","NM11-1",,"posterior",-3069.5,0.006804
21,"R_Date","NM11-1",,"posterior",-3064.5,0.008491
21,"R_Date","NM11-1",,"posterior",-3059.5,0.013275
21,"R_Date","NM11-1",,"posterior",-3054.5,0.016162
21,"R_Date","NM11-1",,"posterior",-3049.5,0.01626
21,"R_Date","NM11-1",,"posterior",-3044.5,0.016271
21,"R_Date","NM11-1",,"posterior",-3039.5,0.016965
21,"R_Date","NM11-1",,"posterior",-3034.5,0.018265
21,"R_Date","NM11-1",,"posterior",-3029.5,0.020251
21,"R_Date","NM11-1",,"posterior",-3024.5,0.015037
21,"R_Date","NM11-1",,"posterior",-3019.5,0.007391
21,"R_Date","NM11-1",,"posterior",-3014.5,0.003309
21,"R_Date","NM11-1",,"posterior",-3009.5,0.0009838
21,"R_Date","NM11-1",,"posterior",-3004.5,0.00017224
21,"R_Date","NM11-1",,"posterior",-2999.5,0.00004407
21,"R_Date","NM11-1",,"posterior",-2994.5,0.00003171
21,"R_Date","NM11-1",,"posterior",-2989.5,0.00006719
21,"R_Date","NM11-1",,"posterior",-2984.5,0.00017293
21,"R_Date","NM11-1",,"posterior",-2979.5,0.0002338
21,"R_Date","NM11-1",,"posterior",-2974.5,0.00027025
21,"R_Date","NM11-1",,"posterior",-2969.5,0.00028354
21,"R_Date","NM11-1",,"posterior",-2964.5,0.00017084
21,"R_Date","NM11-1",,"posterior",-2959.5,0.00010521
21,"R_Date","NM11-1",,"posterior",-2954.5,0.00008062
21,"R_Date","NM11-1",,"posterior",-2949.5,0.00006527
21,"R_Date","NM11-1",,"posterior",-2944.5,0.00007376
21,"R_Date","NM11-1",,"posterior",-2939.5,0.00006173
21,"R_Date","NM11-1",,"posterior",-2934.5,0.00003412
21,"R_Date","NM11-1",,"posterior",-2929.5,0.000007918
21,"R_Date","NM11-1",,"posterior",-2924.5,4.658e-7
21,"R_Date","NM11-1",,"posterior",-2919.5,6.075e-8
21,"R_Date","NM11-1",,"posterior",-2914.5,0
22,"R_Date","NM11-2",,"likelihood",-3354.5,0
22,"R_Date","NM11-2",,"likelihood",-3349.5,0
22,"R_Date","NM11-2",,"likelihood",-3344.5,0
22,"R_Date","NM11-2",,"likelihood",-3339.5,1.7933e-8
22,"R_Date","NM11-2",,"likelihood",-3334.5,2.152e-7
22,"R_Date","NM11-2",,"likelihood",-3329.5,0.000002672
22,"R_Date","NM11-2",,"likelihood",-3324.5,0.00001423
22,"R_Date","NM11-2",,"likelihood",-3319.5,0.00004255
22,"R_Date","NM11-2",,"likelihood",-3314.5,0.00008013
22,"R_Date","NM11-2",,"likelihood",-3309.5,0.00012923
22,"R_Date","NM11-2",,"likelihood",-3304.5,0.00018187
22,"R_Date","NM11-2",,"likelihood",-3299.5,0.00015427
22,"R_Date","NM11-2",,"likelihood",-3294.5,0.00008423
22,"R_Date","NM11-2",,"likelihood",-3289.5,0.00005037
22,"R_Date","NM11-2",,"likelihood",-3284.5,0.00008423
22,"R_Date","NM11-2",,"likelihood",-3279.5,0.0002266
22,"R_Date","NM11-2",,"likelihood",-3274.5,0.00015427
22,"R_Date","NM11-2",,"likelihood",-3269.5,0.00010208
22,"R_Date","NM11-2",,"likelihood",-3264.5,0.00013714
22,"R_Date","NM11-2",,"likelihood",-3259.5,0.0005046
22,"R_Date","NM11-2",,"likelihood",-3254.5,0.0009628
22,"R_Date","NM11-2",,"likelihood",-3249.5,0.0005046
22,"R_Date","NM11-2",,"likelihood",-3244.5,0.00031142
22,"R_Date","NM11-2",,"likelihood",-3239.5,0.00010783
22,"R_Date","NM11-2",,"likelihood",-3234.5,0.000029339
22,"R_Date","NM11-2",,"likelihood",-3229.5,0.00001423
22,"R_Date","NM11-2",,"likelihood",-3224.5,0.000006761
22,"R_Date","NM11-2",,"likelihood",-3219.5,0.000005783
22,"R_Date","NM11-2",,"likelihood",-3214.5,0.0000018561
22,"R_Date","NM11-2",,"likelihood",-3209.5,3.497e-7
22,"R_Date","NM11-2",,"likelihood",-3204.5,4.483e-8
22,"R_Date","NM11-2",,"likelihood",-3199.5,2.69e-8
22,"R_Date","NM11-2",,"likelihood",-3194.5,1.1657e-7
22,"R_Date","NM11-2",,"likelihood",-3189.5,0.000001067
22,"R_Date","NM11-2",,"likelihood",-3184.5,0.000004295
22,"R_Date","NM11-2",,"likelihood",-3179.5,0.000018767
22,"R_Date","NM11-2",,"likelihood",-3174.5,0.00004255
22,"R_Date","NM11-2",,"likelihood",-3169.5,0.00008013
22,"R_Date","NM11-2",,"likelihood",-3164.5,0.00009757
22,"R_Date","NM11-2",,"likelihood",-3159.5,0.00006038
22,"R_Date","NM11-2",,"likelihood",-3154.5,0.00001232
22,"R_Date","NM11-2",,"likelihood",-3149.5,0.000003264
22,"R_Date","NM11-2",,"likelihood",-3144.5,6.994e-7
22,"R_Date","NM11-2",,"likelihood",-3139.5,0.000001067
22,"R_Date","NM11-2",,"likelihood",-3134.5,0.0000020354
22,"R_Date","NM11-2",,"likelihood",-3129.5,0.000003811
22,"R_Date","NM11-2",,"likelihood",-3124.5,0.000003811
22,"R_Date","NM11-2",,"likelihood",-3119.5,0.000005999
22,"R_Date","NM11-2",,"likelihood",-3114.5,0.000009298
22,"R_Date","NM11-2",,"likelihood",-3109.5,0.000010733
22,"R_Date","NM11-2",,"likelihood",-3104.5,0.00004147
22,"R_Date","NM11-2",,"likelihood",-3099.5,0.000356
22,"R_Date","NM11-2",,"likelihood",-3094.5,0.0016732
22,"R_Date","NM11-2",,"likelihood",-3089.5,0.004255
22,"R_Date","NM11-2",,"likelihood",-3084.5,0.006116
22,"R_Date","NM11-2",,"likelihood",-3079.5,0.007274
22,"R_Date","NM11-2",,"likelihood",-3074.5,0.008486
22,"R_Date","NM11-2",,"likelihood",-3069.5,0.008936
22,"R_Date","NM11-2",,"likelihood",-3064.5,0.008597
22,"R_Date","NM11-2",,"likelihood",-3059.5,0.00738
22,"R_Date","NM11-2",,"likelihood",-3054.5,0.005077
22,"R_Date","NM11-2",,"likelihood",-3049.5,0.003785
22,"R_Date","NM11-2",,"likelihood",-3044.5,0.003482
22,"R_Date","NM11-2",,"likelihood",-3039.5,0.003677
22,"R_Date","NM11-2",,"likelihood",-3034.5,0.004039
22,"R_Date","NM11-2",,"likelihood",-3029.5,0.005761
22,"R_Date","NM11-2",,"likelihood",-3024.5,0.008731
22,"R_Date","NM11-2",,"likelihood",-3019.5,0.008967
22,"R_Date","NM11-2",,"likelihood",-3014.5,0.008182
22,"R_Date","NM11-2",,"likelihood",-3009.5,0.006266
22,"R_Date","NM11-2",,"likelihood",-3004.5,0.003777
22,"R_Date","NM11-2",,"likelihood",-2999.5,0.002475
22,"R_Date","NM11-2",,"likelihood",-2994.5,0.0024197
22,"R_Date","NM11-2",,"likelihood",-2989.5,0.003386
22,"R_Date","NM11-2",,"likelihood",-2984.5,0.004768
22,"R_Date","NM11-2",,"likelihood",-2979.5,0.005657
22,"R_Date","NM11-2",,"likelihood",-2974.5,0.006221
22,"R_Date","NM11-2",,"likelihood",-2969.5,0.006213
22,"R_Date","NM11-2",,"likelihood",-2964.5,0.006048
22,"R_Date","NM11-2",,"likelihood",-2959.5,0.005656
22,"R_Date","NM11-2",,"likelihood",-2954.5,0.005482
22,"R_Date","NM11-2",,"likelihood",-2949.5,0.005662
22,"R_Date","NM11-2",,"likelihood",-2944.5,0.006137
22,"R_Date","NM11-2",,"likelihood",-2939.5,0.0063
22,"R_Date","NM11-2",,"likelihood",-2934.5,0.005847
22,"R_Date","NM11-2",,"likelihood",-2929.5,0.004518
22,"R_Date","NM11-2",,"likelihood",-2924.5,0.0026371
22,"R_Date","NM11-2",,"likelihood",-2919.5,0.0011719
22,"R_Date","NM11-2",,"likelihood",-2914.5,0.00025719
22,"R_Date","NM11-2",,"likelihood",-2909.5,0.000027294
22,"R_Date","NM11-2",,"likelihood",-2904.5,0.0000030307
22,"R_Date","NM11-2",,"likelihood",-2899.5,2.2416e-7
22,"R_Date","NM11-2",,"likelihood",-2894.5,8.967e-9
22,"R_Date","NM11-2",,"likelihood",-2889.5,0
22,"R_Date","NM11-2",,"likelihood",-2884.5,0
22,"R_Date","NM11-2",,"likelihood",-2879.5,0
22,"R_Date","NM11-2",,"posterior",-3329.5,0
22,"R_Date","NM11-2",,"posterior",-3324.5,0
22,"R_Date","NM11-2",,"posterior",-3319.5,0
22,"R_Date","NM11-2",,"posterior",-3314.5,6.075e-8
22,"R_Date","NM11-2",,"posterior",-3309.5,0
22,"R_Date","NM11-2",,"posterior",-3304.5,1.0126e-7
22,"R_Date","NM11-2",,"posterior",-3299.5,1.0126e-7
22,"R_Date","NM11-2",,"posterior",-3294.5,2.0251e-7
22,"R_Date","NM11-2",,"posterior",-3289.5,0
22,"R_Date","NM11-2",,"posterior",-3284.5,0
22,"R_Date","NM11-2",,"posterior",-3279.5,1.0126e-7
22,"R_Date","NM11-2",,"posterior",-3274.5,6.075e-8
22,"R_Date","NM11-2",,"posterior",-3269.5,1.6201e-7
22,"R_Date","NM11-2",,"posterior",-3264.5,1.6201e-7
22,"R_Date","NM11-2",,"posterior",-3259.5,0.0000012961
22,"R_Date","NM11-2",,"posterior",-3254.5,0.0000030175
22,"R_Date","NM11-2",,"posterior",-3249.5,0.0000024504
22,"R_Date","NM11-2",,"posterior",-3244.5,6.683e-7
22,"R_Date","NM11-2",,"posterior",-3239.5,2.0251e-7
22,"R_Date","NM11-2",,"posterior",-3234.5,6.075e-8
22,"R_Date","NM11-2",,"posterior",-3229.5,6.075e-8
22,"R_Date","NM11-2",,"posterior",-3224.5,0
22,"R_Date","NM11-2",,"posterior",-3219.5,0
22,"R_Date","NM11-2",,"posterior",-3214.5,0
22,"R_Date","NM11-2",,"posterior",-3209.5,0
22,"R_Date","NM11-2",,"posterior",-3204.5,0
22,"R_Date","NM11-2",,"posterior",-3199.5,0
22,"R_Date","NM11-2",,"posterior",-3194.5,0
22,"R_Date","NM11-2",,"posterior",-3189.5,0
22,"R_Date","NM11-2",,"posterior",-3184.5,0
22,"R_Date","NM11-2",,"posterior",-3179.5,1.6201e-7
22,"R_Date","NM11-2",,"posterior",-3174.5,5.265e-7
22,"R_Date","NM11-2",,"posterior",-3169.5,8.911e-7
22,"R_Date","NM11-2",,"posterior",-3164.5,0.0000016201
22,"R_Date","NM11-2",,"posterior",-3159.5,0.0000013568
22,"R_Date","NM11-2",,"posterior",-3154.5,6.075e-8
22,"R_Date","NM11-2",,"posterior",-3149.5,1.6201e-7
22,"R_Date","NM11-2",,"posterior",-3144.5,0
22,"R_Date","NM11-2",,"posterior",-3139.5,0
22,"R_Date","NM11-2",,"posterior",-3134.5,0
22,"R_Date","NM11-2",,"posterior",-3129.5,6.075e-8
22,"R_Date","NM11-2",,"posterior",-3124.5,2.6327e-7
22,"R_Date","NM11-2",,"posterior",-3119.5,5.265e-7
22,"R_Date","NM11-2",,"posterior",-3114.5,9.923e-7
22,"R_Date","NM11-2",,"posterior",-3109.5,0.0000028554
22,"R_Date","NM11-2",,"posterior",-3104.5,0.000030256
22,"R_Date","NM11-2",,"posterior",-3099.5,0.0005948
22,"R_Date","NM11-2",,"posterior",-3094.5,0.003642
22,"R_Date","NM11-2",,"posterior",-3089.5,0.007871
22,"R_Date","NM11-2",,"posterior",-3084.5,0.009459
22,"R_Date","NM11-2",,"posterior",-3079.5,0.009214
22,"R_Date","NM11-2",,"posterior",-3074.5,0.007832
22,"R_Date","NM11-2",,"posterior",-3069.5,0.006804
22,"R_Date","NM11-2",,"posterior",-3064.5,0.008491
22,"R_Date","NM11-2",,"posterior",-3059.5,0.013275
22,"R_Date","NM11-2",,"posterior",-3054.5,0.016162
22,"R_Date","NM11-2",,"posterior",-3049.5,0.01626
22,"R_Date","NM11-2",,"posterior",-3044.5,0.016271
22,"R_Date","NM11-2",,"posterior",-3039.5,0.016965
22,"R_Date","NM11-2",,"posterior",-3034.5,0.018265
22,"R_Date","NM11-2",,"posterior",-3029.5,0.020251
22,"R_Date","NM11-2",,"posterior",-3024.5,0.015037
22,"R_Date","NM11-2",,"posterior",-3019.5,0.007391
22,"R_Date","NM11-2",,"posterior",-3014.5,0.003309
22,"R_Date","NM11-2",,"posterior",-3009.5,0.0009838
22,"R_Date","NM11-2",,"posterior",-3004.5,0.00017224
22,"R_Date","NM11-2",,"posterior",-2999.5,0.00004407
22,"R_Date","NM11-2",,"posterior",-2994.5,0.00003171
22,"R_Date","NM11-2",,"posterior",-2989.5,0.00006719
22,"R_Date","NM11-2",,"posterior",-2984.5,0.00017293
22,"R_Date","NM11-2",,"posterior",-2979.5,0.0002338
22,"R_Date","NM11-2",,"posterior",-2974.5,0.00027025
22,"R_Date","NM11-2",,"posterior",-2969.5,0.00028354
22,"R_Date","NM11-2",,"posterior",-2964.5,0.00017084
22,"R_Date","NM11-2",,"posterior",-2959.5,0.00010521
22,"R_Date","NM11-2",,"posterior",-2954.5,0.00008062
22,"R_Date","NM11-2",,"posterior",-2949.5,0.00006527
22,"R_Date","NM11-2",,"posterior",-2944.5,0.00007376
22,"R_Date","NM11-2",,"posterior",-2939.5,0.00006173
22,"R_Date","NM11-2",,"posterior",-2934.5,0.00003412
22,"R_Date","NM11-2",,"posterior",-2929.5,0.000007918
22,"R_Date","NM11-2",,"posterior",-2924.5,4.658e-7
22,"R_Date","NM11-2",,"posterior",-2919.5,6.075e-8
22,"R_Date","NM11-2",,"posterior",-2914.5,0
23,"Combine","NM24",,"likelihood",-3339.5,0
23,"Combine","NM24",,"likelihood",-3334.5,0
23,"Combine","NM24",,"likelihood",-3329.5,0
23,"Combine","NM24",,"likelihood",-3324.5,6.75e-8
23,"Combine","NM24",,"likelihood",-3319.5,0.0000020249
23,"Combine","NM24",,"likelihood",-3314.5,0.000012285
23,"Combine","NM24",,"likelihood",-3309.5,0.00004504
23,"Combine","NM24",,"likelihood",-3304.5,0.00011016
23,"Combine","NM24",,"likelihood",-3299.5,0.00010003
23,"Combine","NM24",,"likelihood",-3294.5,0.000020587
23,"Combine","NM24",,"likelihood",-3289.5,0.00000504
23,"Combine","NM24",,"likelihood",-3284.5,0.000020587
23,"Combine","NM24",,"likelihood",-3279.5,0.00019239
23,"Combine","NM24",,"likelihood",-3274.5,0.00010003
23,"Combine","NM24",,"likelihood",-3269.5,0.000023872
23,"Combine","NM24",,"likelihood",-3264.5,0.00007409
23,"Combine","NM24",,"likelihood",-3259.5,0.0016089
23,"Combine","NM24",,"likelihood",-3254.5,0.00472
23,"Combine","NM24",,"likelihood",-3249.5,0.0016089
23,"Combine","NM24",,"likelihood",-3244.5,0.0004192
23,"Combine","NM24",,"likelihood",-3239.5,0.00003969
23,"Combine","NM24",,"likelihood",-3234.5,0.00000108
23,"Combine","NM24",,"likelihood",-3229.5,6.75e-8
23,"Combine","NM24",,"likelihood",-3224.5,2.2499e-8
23,"Combine","NM24",,"likelihood",-3219.5,0
23,"Combine","NM24",,"likelihood",-3214.5,0
23,"Combine","NM24",,"likelihood",-3209.5,0
23,"Combine","NM24",,"likelihood",-3204.5,0
23,"Combine","NM24",,"likelihood",-3199.5,0
23,"Combine","NM24",,"likelihood",-3194.5,0
23,"Combine","NM24",,"likelihood",-3189.5,0
23,"Combine","NM24",,"likelihood",-3184.5,0
23,"Combine","NM24",,"likelihood",-3179.5,1.125e-7
23,"Combine","NM24",,"likelihood",-3174.5,0.0000020249
23,"Combine","NM24",,"likelihood",-3169.5,0.000012285
23,"Combine","NM24",,"likelihood",-3164.5,0.000014512
23,"Combine","NM24",,"likelihood",-3159.5,0.000003667
23,"Combine","NM24",,"likelihood",-3154.5,4.5e-8
23,"Combine","NM24",,"likelihood",-3149.5,0
23,"Combine","NM24",,"likelihood",-3144.5,0
23,"Combine","NM24",,"likelihood",-3139.5,0
23,"Combine","NM24",,"likelihood",-3134.5,0
23,"Combine","NM24",,"likelihood",-3129.5,0
23,"Combine","NM24",,"likelihood",-3124.5,0
23,"Combine","NM24",,"likelihood",-3119.5,0
23,"Combine","NM24",,"likelihood",-3114.5,2.2499e-8
23,"Combine","NM24",,"likelihood",-3109.5,2.2499e-8
23,"Combine","NM24",,"likelihood",-3104.5,0.000001215
23,"Combine","NM24",,"likelihood",-3099.5,0.0004391
23,"Combine","NM24",,"likelihood",-3094.5,0.011598
23,"Combine","NM24",,"likelihood",-3089.5,0.020274
23,"Combine","NM24",,"likelihood",-3084.5,0.013154
23,"Combine","NM24",,"likelihood",-3079.5,0.007035
23,"Combine","NM24",,"likelihood",-3074.5,0.0024574
23,"Combine","NM24",,"likelihood",-3069.5,0.0008814
23,"Combine","NM24",,"likelihood",-3064.5,0.0013595
23,"Combine","NM24",,"likelihood",-3059.5,0.007446
23,"Combine","NM24",,"likelihood",-3054.5,0.018029
23,"Combine","NM24",,"likelihood",-3049.5,0.022201
23,"Combine","NM24",,"likelihood",-3044.5,0.022291
23,"Combine","NM24",,"likelihood",-3039.5,0.022499
23,"Combine","NM24",,"likelihood",-3034.5,0.02244
23,"Combine","NM24",,"likelihood",-3029.5,0.016364
23,"Combine","NM24",,"likelihood",-3024.5,0.0022458
23,"Combine","NM24",,"likelihood",-3019.5,0.00013511
23,"Combine","NM24",,"likelihood",-3014.5,0.00001179
23,"Combine","NM24",,"likelihood",-3009.5,2.4749e-7
23,"Combine","NM24",,"likelihood",-3004.5,0
23,"Combine","NM24",,"likelihood",-2999.5,0
23,"Combine","NM24",,"likelihood",-2994.5,0
23,"Combine","NM24",,"likelihood",-2989.5,0
23,"Combine","NM24",,"likelihood",-2984.5,2.2499e-8
23,"Combine","NM24",,"likelihood",-2979.5,6.75e-8
23,"Combine","NM24",,"likelihood",-2974.5,2.2499e-7
23,"Combine","NM24",,"likelihood",-2969.5,4.5e-7
23,"Combine","NM24",,"likelihood",-2964.5,1.575e-7
23,"Combine","NM24",,"likelihood",-2959.5,6.75e-8
23,"Combine","NM24",,"likelihood",-2954.5,4.5e-8
23,"Combine","NM24",,"likelihood",-2949.5,6.75e-8
23,"Combine","NM24",,"likelihood",-2944.5,1.7999e-7
23,"Combine","NM24",,"likelihood",-2939.5,3.6e-7
23,"Combine","NM24",,"likelihood",-2934.5,1.575e-7
23,"Combine","NM24",,"likelihood",-2929.5,0
23,"Combine","NM24",,"likelihood",-2924.5,0
23,"Combine","NM24",,"likelihood",-2919.5,0
23,"Combine","NM24",,"posterior",-3319.5,0
23,"Combine","NM24",,"posterior",-3314.5,0
23,"Combine","NM24",,"posterior",-3309.5,0
23,"Combine","NM24",,"posterior",-3304.5,2.0278e-7
23,"Combine","NM24",,"posterior",-3299.5,0
23,"Combine","NM24",,"posterior",-3294.5,0
23,"Combine","NM24",,"posterior",-3289.5,0
23,"Combine","NM24",,"posterior",-3284.5,0
23,"Combine","NM24",,"posterior",-3279.5,1.1587e-7
23,"Combine","NM24",,"posterior",-3274.5,5.794e-8
23,"Combine","NM24",,"posterior",-3269.5,0
23,"Combine","NM24",,"posterior",-3264.5,3.187e-7
23,"Combine","NM24",,"posterior",-3259.5,0.0000010429
23,"Combine","NM24",,"posterior",-3254.5,0.000004056
23,"Combine","NM24",,"posterior",-3249.5,0.0000019699
23,"Combine","NM24",,"posterior",-3244.5,3.187e-7
23,"Combine","NM24",,"posterior",-3239.5,5.794e-8
23,"Combine","NM24",,"posterior",-3234.5,0
23,"Combine","NM24",,"posterior",-3229.5,0
23,"Combine","NM24",,"posterior",-3224.5,0
23,"Combine","NM24",,"posterior",-3219.5,0
23,"Combine","NM24",,"posterior",-3214.5,0
23,"Combine","NM24",,"posterior",-3209.5,0
23,"Combine","NM24",,"posterior",-3204.5,0
23,"Combine","NM24",,"posterior",-3199.5,0
23,"Combine","NM24",,"posterior",-3194.5,0
23,"Combine","NM24",,"posterior",-3189.5,0
23,"Combine","NM24",,"posterior",-3184.5,0
23,"Combine","NM24",,"posterior",-3179.5,0
23,"Combine","NM24",,"posterior",-3174.5,0
23,"Combine","NM24",,"posterior",-3169.5,5.794e-8
23,"Combine","NM24",,"posterior",-3164.5,5.794e-8
23,"Combine","NM24",,"posterior",-3159.5,0
23,"Combine","NM24",,"posterior",-3154.5,0
23,"Combine","NM24",,"posterior",-3149.5,0
23,"Combine","NM24",,"posterior",-3144.5,0
23,"Combine","NM24",,"posterior",-3139.5,0
23,"Combine","NM24",,"posterior",-3134.5,0
23,"Combine","NM24",,"posterior",-3129.5,0
23,"Combine","NM24",,"posterior",-3124.5,0
23,"Combine","NM24",,"posterior",-3119.5,0
23,"Combine","NM24",,"posterior",-3114.5,0
23,"Combine","NM24",,"posterior",-3109.5,0
23,"Combine","NM24",,"posterior",-3104.5,0.000003592
23,"Combine","NM24",,"posterior",-3099.5,0.0004217
23,"Combine","NM24",,"posterior",-3094.5,0.006544
23,"Combine","NM24",,"posterior",-3089.5,0.012366
23,"Combine","NM24",,"posterior",-3084.5,0.008858
23,"Combine","NM24",,"posterior",-3079.5,0.004802
23,"Combine","NM24",,"posterior",-3074.5,0.001906
23,"Combine","NM24",,"posterior",-3069.5,0.0008204
23,"Combine","NM24",,"posterior",-3064.5,0.0014696
23,"Combine","NM24",,"posterior",-3059.5,0.007468
23,"Combine","NM24",,"posterior",-3054.5,0.019167
23,"Combine","NM24",,"posterior",-3049.5,0.026463
23,"Combine","NM24",,"posterior",-3044.5,0.028311
23,"Combine","NM24",,"posterior",-3039.5,0.028969
23,"Combine","NM24",,"posterior",-3034.5,0.028586
23,"Combine","NM24",,"posterior",-3029.5,0.019727
23,"Combine","NM24",,"posterior",-3024.5,0.003827
23,"Combine","NM24",,"posterior",-3019.5,0.00026011
23,"Combine","NM24",,"posterior",-3014.5,0.000021292
23,"Combine","NM24",,"posterior",-3009.5,3.766e-7
23,"Combine","NM24",,"posterior",-3004.5,0
23,"Combine","NM24",,"posterior",-2999.5,0
24,"R_Date","NM24-1",,"likelihood",-3379.5,0
24,"R_Date","NM24-1",,"likelihood",-3374.5,0
24,"R_Date","NM24-1",,"likelihood",-3369.5,0
24,"R_Date","NM24-1",,"likelihood",-3364.5,1.2986e-7
24,"R_Date","NM24-1",,"likelihood",-3359.5,0.000003501
24,"R_Date","NM24-1",,"likelihood",-3354.5,0.000027205
24,"R_Date","NM24-1",,"likelihood",-3349.5,0.00009728
24,"R_Date","NM24-1",,"likelihood",-3344.5,0.00017948
24,"R_Date","NM24-1",,"likelihood",-3339.5,0.0003866
24,"R_Date","NM24-1",,"likelihood",-3334.5,0.0009859
24,"R_Date","NM24-1",,"likelihood",-3329.5,0.0019869
24,"R_Date","NM24-1",,"likelihood",-3324.5,0.0031398
24,"R_Date","NM24-1",,"likelihood",-3319.5,0.004007
24,"R_Date","NM24-1",,"likelihood",-3314.5,0.004492
24,"R_Date","NM24-1",,"likelihood",-3309.5,0.00482
24,"R_Date","NM24-1",,"likelihood",-3304.5,0.005019
24,"R_Date","NM24-1",,"likelihood",-3299.5,0.005096
24,"R_Date","NM24-1",,"likelihood",-3294.5,0.004724
24,"R_Date","NM24-1",,"likelihood",-3289.5,0.004349
24,"R_Date","NM24-1",,"likelihood",-3284.5,0.004724
24,"R_Date","NM24-1",,"likelihood",-3279.5,0.005126
24,"R_Date","NM24-1",,"likelihood",-3274.5,0.005096
24,"R_Date","NM24-1",,"likelihood",-3269.5,0.004664
24,"R_Date","NM24-1",,"likelihood",-3264.5,0.005031
24,"R_Date","NM24-1",,"likelihood",-3259.5,0.005411
24,"R_Date","NM24-1",,"likelihood",-3254.5,0.005169
24,"R_Date","NM24-1",,"likelihood",-3249.5,0.005411
24,"R_Date","NM24-1",,"likelihood",-3244.5,0.005244
24,"R_Date","NM24-1",,"likelihood",-3239.5,0.004887
24,"R_Date","NM24-1",,"likelihood",-3234.5,0.003928
24,"R_Date","NM24-1",,"likelihood",-3229.5,0.0031398
24,"R_Date","NM24-1",,"likelihood",-3224.5,0.002796
24,"R_Date","NM24-1",,"likelihood",-3219.5,0.0026847
24,"R_Date","NM24-1",,"likelihood",-3214.5,0.0019527
24,"R_Date","NM24-1",,"likelihood",-3209.5,0.0010265
24,"R_Date","NM24-1",,"likelihood",-3204.5,0.0005676
24,"R_Date","NM24-1",,"likelihood",-3199.5,0.0004524
24,"R_Date","NM24-1",,"likelihood",-3194.5,0.0006928
24,"R_Date","NM24-1",,"likelihood",-3189.5,0.0013449
24,"R_Date","NM24-1",,"likelihood",-3184.5,0.0022828
24,"R_Date","NM24-1",,"likelihood",-3179.5,0.003142
24,"R_Date","NM24-1",,"likelihood",-3174.5,0.004007
24,"R_Date","NM24-1",,"likelihood",-3169.5,0.004492
24,"R_Date","NM24-1",,"likelihood",-3164.5,0.004439
24,"R_Date","NM24-1",,"likelihood",-3159.5,0.004073
24,"R_Date","NM24-1",,"likelihood",-3154.5,0.0030295
24,"R_Date","NM24-1",,"likelihood",-3149.5,0.0019277
24,"R_Date","NM24-1",,"likelihood",-3144.5,0.0013034
24,"R_Date","NM24-1",,"likelihood",-3139.5,0.0013449
24,"R_Date","NM24-1",,"likelihood",-3134.5,0.0016633
24,"R_Date","NM24-1",,"likelihood",-3129.5,0.0020203
24,"R_Date","NM24-1",,"likelihood",-3124.5,0.0020203
24,"R_Date","NM24-1",,"likelihood",-3119.5,0.0023099
24,"R_Date","NM24-1",,"likelihood",-3114.5,0.0026144
24,"R_Date","NM24-1",,"likelihood",-3109.5,0.0027185
24,"R_Date","NM24-1",,"likelihood",-3104.5,0.003774
24,"R_Date","NM24-1",,"likelihood",-3099.5,0.005154
24,"R_Date","NM24-1",,"likelihood",-3094.5,0.004739
24,"R_Date","NM24-1",,"likelihood",-3089.5,0.003237
24,"R_Date","NM24-1",,"likelihood",-3084.5,0.0022961
24,"R_Date","NM24-1",,"likelihood",-3079.5,0.0017348
24,"R_Date","NM24-1",,"likelihood",-3074.5,0.001145
24,"R_Date","NM24-1",,"likelihood",-3069.5,0.0008345
24,"R_Date","NM24-1",,"likelihood",-3064.5,0.0009922
24,"R_Date","NM24-1",,"likelihood",-3059.5,0.0016963
24,"R_Date","NM24-1",,"likelihood",-3054.5,0.0028107
24,"R_Date","NM24-1",,"likelihood",-3049.5,0.003471
24,"R_Date","NM24-1",,"likelihood",-3044.5,0.003636
24,"R_Date","NM24-1",,"likelihood",-3039.5,0.003526
24,"R_Date","NM24-1",,"likelihood",-3034.5,0.003327
24,"R_Date","NM24-1",,"likelihood",-3029.5,0.0024543
24,"R_Date","NM24-1",,"likelihood",-3024.5,0.001066
24,"R_Date","NM24-1",,"likelihood",-3019.5,0.0004946
24,"R_Date","NM24-1",,"likelihood",-3014.5,0.00026562
24,"R_Date","NM24-1",,"likelihood",-3009.5,0.00010558
24,"R_Date","NM24-1",,"likelihood",-3004.5,0.00003181
24,"R_Date","NM24-1",,"likelihood",-2999.5,0.00001581
24,"R_Date","NM24-1",,"likelihood",-2994.5,0.000013402
24,"R_Date","NM24-1",,"likelihood",-2989.5,0.00002549
24,"R_Date","NM24-1",,"likelihood",-2984.5,0.00006047
24,"R_Date","NM24-1",,"likelihood",-2979.5,0.0000804
24,"R_Date","NM24-1",,"likelihood",-2974.5,0.00010389
24,"R_Date","NM24-1",,"likelihood",-2969.5,0.00013695
24,"R_Date","NM24-1",,"likelihood",-2964.5,0.00009616
24,"R_Date","NM24-1",,"likelihood",-2959.5,0.00008029
24,"R_Date","NM24-1",,"likelihood",-2954.5,0.00007418
24,"R_Date","NM24-1",,"likelihood",-2949.5,0.00008051
24,"R_Date","NM24-1",,"likelihood",-2944.5,0.00009971
24,"R_Date","NM24-1",,"likelihood",-2939.5,0.00012365
24,"R_Date","NM24-1",,"likelihood",-2934.5,0.00010053
24,"R_Date","NM24-1",,"likelihood",-2929.5,0.00004699
24,"R_Date","NM24-1",,"likelihood",-2924.5,0.00001568
24,"R_Date","NM24-1",,"likelihood",-2919.5,0.000004356
24,"R_Date","NM24-1",,"likelihood",-2914.5,3.95e-7
24,"R_Date","NM24-1",,"likelihood",-2909.5,1.6232e-8
24,"R_Date","NM24-1",,"likelihood",-2904.5,0
24,"R_Date","NM24-1",,"likelihood",-2899.5,0
24,"R_Date","NM24-1",,"likelihood",-2894.5,0
24,"R_Date","NM24-1",,"posterior",-3319.5,0
24,"R_Date","NM24-1",,"posterior",-3314.5,0
24,"R_Date","NM24-1",,"posterior",-3309.5,0
24,"R_Date","NM24-1",,"posterior",-3304.5,2.0278e-7
24,"R_Date","NM24-1",,"posterior",-3299.5,0
24,"R_Date","NM24-1",,"posterior",-3294.5,0
24,"R_Date","NM24-1",,"posterior",-3289.5,0
24,"R_Date","NM24-1",,"posterior",-3284.5,0
24,"R_Date","NM24-1",,"posterior",-3279.5,1.1587e-7
24,"R_Date","NM24-1",,"posterior",-3274.5,5.794e-8
24,"R_Date","NM24-1",,"posterior",-3269.5,0
24,"R_Date","NM24-1",,"posterior",-3264.5,3.187e-7
24,"R_Date","NM24-1",,"posterior",-3259.5,0.0000010429
24,"R_Date","NM24-1",,"posterior",-3254.5,0.000004056
24,"R_Date","NM24-1",,"posterior",-3249.5,0.0000019699
24,"R_Date","NM24-1",,"posterior",-3244.5,3.187e-7
24,"R_Date","NM24-1",,"posterior",-3239.5,5.794e-8
24,"R_Date","NM24-1",,"posterior",-3234.5,0
24,"R_Date","NM24-1",,"posterior",-3229.5,0
24,"R_Date","NM24-1",,"posterior",-3224.5,0
24,"R_Date","NM24-1",,"posterior",-3219.5,0
24,"R_Date","NM24-1",,"posterior",-3214.5,0
24,"R_Date","NM24-1",,"posterior",-3209.5,0
24,"R_Date","NM24-1",,"posterior",-3204.5,0
24,"R_Date","NM24-1",,"posterior",-3199.5,0
24,"R_Date","NM24-1",,"posterior",-3194.5,0
24,"R_Date","NM24-1",,"posterior",-3189.5,0
24,"R_Date","NM24-1",,"posterior",-3184.5,0
24,"R_Date","NM24-1",,"posterior",-3179.5,0
24,"R_Date","NM24-1",,"posterior",-3174.5,0
24,"R_Date","NM24-1",,"posterior",-3169.5,5.794e-8
24,"R_Date","NM24-1",,"posterior",-3164.5,5.794e-8
24,"R_Date","NM24-1",,"posterior",-3159.5,0
24,"R_Date","NM24-1",,"posterior",-3154.5,0
24,"R_Date","NM24-1",,"posterior",-3149.5,0
24,"R_Date","NM24-1",,"posterior",-3144.5,0
24,"R_Date","NM24-1",,"posterior",-3139.5,0
24,"R_Date","NM24-1",,"posterior",-3134.5,0
24,"R_Date","NM24-1",,"posterior",-3129.5,0
24,"R_Date","NM24-1",,"posterior",-3124.5,0
24,"R_Date","NM24-1",,"posterior",-3119.5,0
24,"R_Date","NM24-1",,"posterior",-3114.5,0
24,"R_Date","NM24-1",,"posterior",-3109.5,0
24,"R_Date","NM24-1",,"posterior",-3104.5,0.000003592
24,"R_Date","NM24-1",,"posterior",-3099.5,0.0004217
24,"R_Date","NM24-1",,"posterior",-3094.5,0.006544
24,"R_Date","NM24-1",,"posterior",-3089.5,0.012366
24,"R_Date","NM24-1",,"posterior",-3084.5,0.008858
24,"R_Date","NM24-1",,"posterior",-3079.5,0.004802
24,"R_Date","NM24-1",,"posterior",-3074.5,0.001906
24,"R_Date","NM24-1",,"posterior",-3069.5,0.0008204
24,"R_Date","NM24-1",,"posterior",-3064.5,0.0014696
24,"R_Date","NM24-1",,"posterior",-3059.5,0.007468
24,"R_Date","NM24-1",,"posterior",-3054.5,0.019167
24,"R_Date","NM24-1",,"posterior",-3049.5,0.026463
24,"R_Date","NM24-1",,"posterior",-3044.5,0.028311
24,"R_Date","NM24-1",,"posterior",-3039.5,0.028969
24,"R_Date","NM24-1",,"posterior",-3034.5,0.028586
24,"R_Date","NM24-1",,"posterior",-3029.5,0.019727
24,"R_Date","NM24-1",,"posterior",-3024.5,0.003827
24,"R_Date","NM24-1",,"posterior",-3019.5,0.00026011
24,"R_Date","NM24-1",,"posterior",-3014.5,0.000021292
24,"R_Date","NM24-1",,"posterior",-3009.5,3.766e-7
24,"R_Date","NM24-1",,"posterior",-3004.5,0
24,"R_Date","NM24-1",,"posterior",-2999.5,0
25,"R_Date","NM24-2",,"likelihood",-3499.5,0
25,"R_Date","NM24-2",,"likelihood",-3494.5,0
25,"R_Date","NM24-2",,"likelihood",-3489.5,4.689e-9
25,"R_Date","NM24-2",,"likelihood",-3484.5,3.751e-8
25,"R_Date","NM24-2",,"likelihood",-3479.5,9.846e-8
25,"R_Date","NM24-2",,"likelihood",-3474.5,7.971e-8
25,"R_Date","NM24-2",,"likelihood",-3469.5,2.3443e-8
25,"R_Date","NM24-2",,"likelihood",-3464.5,4.689e-9
25,"R_Date","NM24-2",,"likelihood",-3459.5,0
25,"R_Date","NM24-2",,"likelihood",-3454.5,0
25,"R_Date","NM24-2",,"likelihood",-3449.5,0
25,"R_Date","NM24-2",,"likelihood",-3444.5,0
25,"R_Date","NM24-2",,"likelihood",-3439.5,0
25,"R_Date","NM24-2",,"likelihood",-3434.5,0
25,"R_Date","NM24-2",,"likelihood",-3429.5,0
25,"R_Date","NM24-2",,"likelihood",-3424.5,0
25,"R_Date","NM24-2",,"likelihood",-3419.5,0
25,"R_Date","NM24-2",,"likelihood",-3414.5,0
25,"R_Date","NM24-2",,"likelihood",-3409.5,0
25,"R_Date","NM24-2",,"likelihood",-3404.5,0
25,"R_Date","NM24-2",,"likelihood",-3399.5,0
25,"R_Date","NM24-2",,"likelihood",-3394.5,0
25,"R_Date","NM24-2",,"likelihood",-3389.5,0
25,"R_Date","NM24-2",,"likelihood",-3384.5,0
25,"R_Date","NM24-2",,"likelihood",-3379.5,0
25,"R_Date","NM24-2",,"likelihood",-3374.5,0
25,"R_Date","NM24-2",,"likelihood",-3369.5,8.908e-8
25,"R_Date","NM24-2",,"likelihood",-3364.5,0.0000022177
25,"R_Date","NM24-2",,"likelihood",-3359.5,0.000019191
25,"R_Date","NM24-2",,"likelihood",-3354.5,0.00007536
25,"R_Date","NM24-2",,"likelihood",-3349.5,0.00017461
25,"R_Date","NM24-2",,"likelihood",-3344.5,0.00028086
25,"R_Date","NM24-2",,"likelihood",-3339.5,0.0004796
25,"R_Date","NM24-2",,"likelihood",-3334.5,0.0009415
25,"R_Date","NM24-2",,"likelihood",-3329.5,0.0016006
25,"R_Date","NM24-2",,"likelihood",-3324.5,0.0023414
25,"R_Date","NM24-2",,"likelihood",-3319.5,0.0029318
25,"R_Date","NM24-2",,"likelihood",-3314.5,0.0033
25,"R_Date","NM24-2",,"likelihood",-3309.5,0.003583
25,"R_Date","NM24-2",,"likelihood",-3304.5,0.003784
25,"R_Date","NM24-2",,"likelihood",-3299.5,0.003806
25,"R_Date","NM24-2",,"likelihood",-3294.5,0.003457
25,"R_Date","NM24-2",,"likelihood",-3289.5,0.0031602
25,"R_Date","NM24-2",,"likelihood",-3284.5,0.003457
25,"R_Date","NM24-2",,"likelihood",-3279.5,0.003911
25,"R_Date","NM24-2",,"likelihood",-3274.5,0.003806
25,"R_Date","NM24-2",,"likelihood",-3269.5,0.003444
25,"R_Date","NM24-2",,"likelihood",-3264.5,0.003739
25,"R_Date","NM24-2",,"likelihood",-3259.5,0.004424
25,"R_Date","NM24-2",,"likelihood",-3254.5,0.004589
25,"R_Date","NM24-2",,"likelihood",-3249.5,0.004424
25,"R_Date","NM24-2",,"likelihood",-3244.5,0.004088
25,"R_Date","NM24-2",,"likelihood",-3239.5,0.0036
25,"R_Date","NM24-2",,"likelihood",-3234.5,0.0028573
25,"R_Date","NM24-2",,"likelihood",-3229.5,0.0023414
25,"R_Date","NM24-2",,"likelihood",-3224.5,0.0021153
25,"R_Date","NM24-2",,"likelihood",-3219.5,0.0020448
25,"R_Date","NM24-2",,"likelihood",-3214.5,0.0015819
25,"R_Date","NM24-2",,"likelihood",-3209.5,0.0009623
25,"R_Date","NM24-2",,"likelihood",-3204.5,0.0006303
25,"R_Date","NM24-2",,"likelihood",-3199.5,0.0005361
25,"R_Date","NM24-2",,"likelihood",-3194.5,0.0007194
25,"R_Date","NM24-2",,"likelihood",-3189.5,0.0011742
25,"R_Date","NM24-2",,"likelihood",-3184.5,0.0017901
25,"R_Date","NM24-2",,"likelihood",-3179.5,0.0023507
25,"R_Date","NM24-2",,"likelihood",-3174.5,0.0029318
25,"R_Date","NM24-2",,"likelihood",-3169.5,0.0033
25,"R_Date","NM24-2",,"likelihood",-3164.5,0.00329
25,"R_Date","NM24-2",,"likelihood",-3159.5,0.0030024
25,"R_Date","NM24-2",,"likelihood",-3154.5,0.0022696
25,"R_Date","NM24-2",,"likelihood",-3149.5,0.0015594
25,"R_Date","NM24-2",,"likelihood",-3144.5,0.0011526
25,"R_Date","NM24-2",,"likelihood",-3139.5,0.0011742
25,"R_Date","NM24-2",,"likelihood",-3134.5,0.0013864
25,"R_Date","NM24-2",,"likelihood",-3129.5,0.0016196
25,"R_Date","NM24-2",,"likelihood",-3124.5,0.0016196
25,"R_Date","NM24-2",,"likelihood",-3119.5,0.0018072
25,"R_Date","NM24-2",,"likelihood",-3114.5,0.0020045
25,"R_Date","NM24-2",,"likelihood",-3109.5,0.0020721
25,"R_Date","NM24-2",,"likelihood",-3104.5,0.0027839
25,"R_Date","NM24-2",,"likelihood",-3099.5,0.004057
25,"R_Date","NM24-2",,"likelihood",-3094.5,0.004689
25,"R_Date","NM24-2",,"likelihood",-3089.5,0.004342
25,"R_Date","NM24-2",,"likelihood",-3084.5,0.003879
25,"R_Date","NM24-2",,"likelihood",-3079.5,0.003489
25,"R_Date","NM24-2",,"likelihood",-3074.5,0.0029937
25,"R_Date","NM24-2",,"likelihood",-3069.5,0.0026195
25,"R_Date","NM24-2",,"likelihood",-3064.5,0.0027702
25,"R_Date","NM24-2",,"likelihood",-3059.5,0.003505
25,"R_Date","NM24-2",,"likelihood",-3054.5,0.004158
25,"R_Date","NM24-2",,"likelihood",-3049.5,0.004459
25,"R_Date","NM24-2",,"likelihood",-3044.5,0.004517
25,"R_Date","NM24-2",,"likelihood",-3039.5,0.004484
25,"R_Date","NM24-2",,"likelihood",-3034.5,0.004415
25,"R_Date","NM24-2",,"likelihood",-3029.5,0.004014
25,"R_Date","NM24-2",,"likelihood",-3024.5,0.0029548
25,"R_Date","NM24-2",,"likelihood",-3019.5,0.002082
25,"R_Date","NM24-2",,"likelihood",-3014.5,0.0015682
25,"R_Date","NM24-2",,"likelihood",-3009.5,0.0010151
25,"R_Date","NM24-2",,"likelihood",-3004.5,0.0005665
25,"R_Date","NM24-2",,"likelihood",-2999.5,0.0003791
25,"R_Date","NM24-2",,"likelihood",-2994.5,0.0003685
25,"R_Date","NM24-2",,"likelihood",-2989.5,0.0005074
25,"R_Date","NM24-2",,"likelihood",-2984.5,0.0007433
25,"R_Date","NM24-2",,"likelihood",-2979.5,0.0008899
25,"R_Date","NM24-2",,"likelihood",-2974.5,0.0010061
25,"R_Date","NM24-2",,"likelihood",-2969.5,0.00107
25,"R_Date","NM24-2",,"likelihood",-2964.5,0.0009695
25,"R_Date","NM24-2",,"likelihood",-2959.5,0.0008896
25,"R_Date","NM24-2",,"likelihood",-2954.5,0.0008562
25,"R_Date","NM24-2",,"likelihood",-2949.5,0.0008908
25,"R_Date","NM24-2",,"likelihood",-2944.5,0.0009874
25,"R_Date","NM24-2",,"likelihood",-2939.5,0.0010555
25,"R_Date","NM24-2",,"likelihood",-2934.5,0.0009543
25,"R_Date","NM24-2",,"likelihood",-2929.5,0.0006853
25,"R_Date","NM24-2",,"likelihood",-2924.5,0.000399
25,"R_Date","NM24-2",,"likelihood",-2919.5,0.00019594
25,"R_Date","NM24-2",,"likelihood",-2914.5,0.00006121
25,"R_Date","NM24-2",,"likelihood",-2909.5,0.000013639
25,"R_Date","NM24-2",,"likelihood",-2904.5,0.0000030945
25,"R_Date","NM24-2",,"likelihood",-2899.5,6.095e-7
25,"R_Date","NM24-2",,"likelihood",-2894.5,1.0315e-7
25,"R_Date","NM24-2",,"likelihood",-2889.5,1.4066e-8
25,"R_Date","NM24-2",,"likelihood",-2884.5,0
25,"R_Date","NM24-2",,"likelihood",-2879.5,0
25,"R_Date","NM24-2",,"likelihood",-2874.5,0
25,"R_Date","NM24-2",,"posterior",-3319.5,0
25,"R_Date","NM24-2",,"posterior",-3314.5,0
25,"R_Date","NM24-2",,"posterior",-3309.5,0
25,"R_Date","NM24-2",,"posterior",-3304.5,2.0278e-7
25,"R_Date","NM24-2",,"posterior",-3299.5,0
25,"R_Date","NM24-2",,"posterior",-3294.5,0
25,"R_Date","NM24-2",,"posterior",-3289.5,0
25,"R_Date","NM24-2",,"posterior",-3284.5,0
25,"R_Date","NM24-2",,"posterior",-3279.5,1.1587e-7
25,"R_Date","NM24-2",,"posterior",-3274.5,5.794e-8
25,"R_Date","NM24-2",,"posterior",-3269.5,0
25,"R_Date","NM24-2",,"posterior",-3264.5,3.187e-7
25,"R_Date","NM24-2",,"posterior",-3259.5,0.0000010429
25,"R_Date","NM24-2",,"posterior",-3254.5,0.000004056
25,"R_Date","NM24-2",,"posterior",-3249.5,0.0000019699
25,"R_Date","NM24-2",,"posterior",-3244.5,3.187e-7
25,"R_Date","NM24-2",,"posterior",-3239.5,5.794e-8
25,"R_Date","NM24-2",,"posterior",-3234.5,0
25,"R_Date","NM24-2",,"posterior",-3229.5,0
25,"R_Date","NM24-2",,"posterior",-3224.5,0
25,"R_Date","NM24-2",,"posterior",-3219.5,0
25,"R_Date","NM24-2",,"posterior",-3214.5,0
25,"R_Date","NM24-2",,"posterior",-3209.5,0
25,"R_Date","NM24-2",,"posterior",-3204.5,0
25,"R_Date","NM24-2",,"posterior",-3199.5,0
25,"R_Date","NM24-2",,"posterior",-3194.5,0
25,"R_Date","NM24-2",,"posterior",-3189.5,0
25,"R_Date","NM24-2",,"posterior",-3184.5,0
25,"R_Date","NM24-2",,"posterior",-3179.5,0
25,"R_Date","NM24-2",,"posterior",-3174.5,0
25,"R_Date","NM24-2",,"posterior",-3169.5,5.794e-8
25,"R_Date","NM24-2",,"posterior",-3164.5,5.794e-8
25,"R_Date","NM24-2",,"posterior",-3159.5,0
25,"R_Date","NM24-2",,"posterior",-3154.5,0
25,"R_Date","NM24-2",,"posterior",-3149.5,0
25,"R_Date","NM24-2",,"posterior",-3144.5,0
25,"R_Date","NM24-2",,"posterior",-3139.5,0
25,"R_Date","NM24-2",,"posterior",-3134.5,0
25,"R_Date","NM24-2",,"posterior",-3129.5,0
25,"R_Date","NM24-2",,"posterior",-3124.5,0
25,"R_Date","NM24-2",,"posterior",-3119.5,0
25,"R_Date","NM24-2",,"posterior",-3114.5,0
25,"R_Date","NM24-2",,"posterior",-3109.5,0
25,"R_Date","NM24-2",,"posterior",-3104.5,0.000003592
25,"R_Date","NM24-2",,"posterior",-3099.5,0.0004217
25,"R_Date","NM24-2",,"posterior",-3094.5,0.006544
25,"R_Date","NM24-2",,"posterior",-3089.5,0.012366
25,"R_Date","NM24-2",,"posterior",-3084.5,0.008858
25,"R_Date","NM24-2",,"posterior",-3079.5,0.004802
25,"R_Date","NM24-2",,"posterior",-3074.5,0.001906
25,"R_Date","NM24-2",,"posterior",-3069.5,0.0008204
25,"R_Date","NM24-2",,"posterior",-3064.5,0.0014696
25,"R_Date","NM24-2",,"posterior",-3059.5,0.007468
25,"R_Date","NM24-2",,"posterior",-3054.5,0.019167
25,"R_Date","NM24-2",,"posterior",-3049.5,0.026463
25,"R_Date","NM24-2",,"posterior",-3044.5,0.028311
25,"R_Date","NM24-2",,"posterior",-3039.5,0.028969
25,"R_Date","NM24-2",,"posterior",-3034.5,0.028586
25,"R_Date","NM24-2",,"posterior",-3029.5,0.019727
25,"R_Date","NM24-2",,"posterior",-3024.5,0.003827
25,"R_Date","NM24-2",,"posterior",-3019.5,0.00026011
25,"R_Date","NM24-2",,"posterior",-3014.5,0.000021292
25,"R_Date","NM24-2",,"posterior",-3009.5,3.766e-7
25,"R_Date","NM24-2",,"posterior",-3004.5,0
25,"R_Date","NM24-2",,"posterior",-2999.5,0
26,"R_Date","NM24-7",,"likelihood",-3374.5,0
26,"R_Date","NM24-7",,"likelihood",-3369.5,0
26,"R_Date","NM24-7",,"likelihood",-3364.5,0
26,"R_Date","NM24-7",,"likelihood",-3359.5,1.2761e-7
26,"R_Date","NM24-7",,"likelihood",-3354.5,0.000001581
26,"R_Date","NM24-7",,"likelihood",-3349.5,0.000008571
26,"R_Date","NM24-7",,"likelihood",-3344.5,0.000017057
26,"R_Date","NM24-7",,"likelihood",-3339.5,0.0000481
26,"R_Date","NM24-7",,"likelihood",-3334.5,0.00018122
26,"R_Date","NM24-7",,"likelihood",-3329.5,0.0005535
26,"R_Date","NM24-7",,"likelihood",-3324.5,0.0012055
26,"R_Date","NM24-7",,"likelihood",-3319.5,0.0019434
26,"R_Date","NM24-7",,"likelihood",-3314.5,0.0025219
26,"R_Date","NM24-7",,"likelihood",-3309.5,0.0030418
26,"R_Date","NM24-7",,"likelihood",-3304.5,0.003458
26,"R_Date","NM24-7",,"likelihood",-3299.5,0.003431
26,"R_Date","NM24-7",,"likelihood",-3294.5,0.0027329
26,"R_Date","NM24-7",,"likelihood",-3289.5,0.0022293
26,"R_Date","NM24-7",,"likelihood",-3284.5,0.0027329
26,"R_Date","NM24-7",,"likelihood",-3279.5,0.003745
26,"R_Date","NM24-7",,"likelihood",-3274.5,0.003431
26,"R_Date","NM24-7",,"likelihood",-3269.5,0.0027761
26,"R_Date","NM24-7",,"likelihood",-3264.5,0.003286
26,"R_Date","NM24-7",,"likelihood",-3259.5,0.005086
26,"R_Date","NM24-7",,"likelihood",-3254.5,0.005865
26,"R_Date","NM24-7",,"likelihood",-3249.5,0.005086
26,"R_Date","NM24-7",,"likelihood",-3244.5,0.004184
26,"R_Date","NM24-7",,"likelihood",-3239.5,0.003004
26,"R_Date","NM24-7",,"likelihood",-3234.5,0.0017837
26,"R_Date","NM24-7",,"likelihood",-3229.5,0.0012055
26,"R_Date","NM24-7",,"likelihood",-3224.5,0.0009388
26,"R_Date","NM24-7",,"likelihood",-3219.5,0.0008746
26,"R_Date","NM24-7",,"likelihood",-3214.5,0.0005151
26,"R_Date","NM24-7",,"likelihood",-3209.5,0.00020167
26,"R_Date","NM24-7",,"likelihood",-3204.5,0.00008205
26,"R_Date","NM24-7",,"likelihood",-3199.5,0.00005976
26,"R_Date","NM24-7",,"likelihood",-3194.5,0.00011433
26,"R_Date","NM24-7",,"likelihood",-3189.5,0.0003159
26,"R_Date","NM24-7",,"likelihood",-3184.5,0.000694
26,"R_Date","NM24-7",,"likelihood",-3179.5,0.0012598
26,"R_Date","NM24-7",,"likelihood",-3174.5,0.0019434
26,"R_Date","NM24-7",,"likelihood",-3169.5,0.0025219
26,"R_Date","NM24-7",,"likelihood",-3164.5,0.0025687
26,"R_Date","NM24-7",,"likelihood",-3159.5,0.0021053
26,"R_Date","NM24-7",,"likelihood",-3154.5,0.0011297
26,"R_Date","NM24-7",,"likelihood",-3149.5,0.0005513
26,"R_Date","NM24-7",,"likelihood",-3144.5,0.00028764
26,"R_Date","NM24-7",,"likelihood",-3139.5,0.0003159
26,"R_Date","NM24-7",,"likelihood",-3134.5,0.0004372
26,"R_Date","NM24-7",,"likelihood",-3129.5,0.0005942
26,"R_Date","NM24-7",,"likelihood",-3124.5,0.0005942
26,"R_Date","NM24-7",,"likelihood",-3119.5,0.0007393
26,"R_Date","NM24-7",,"likelihood",-3114.5,0.0009105
26,"R_Date","NM24-7",,"likelihood",-3109.5,0.0009738
26,"R_Date","NM24-7",,"likelihood",-3104.5,0.0017921
26,"R_Date","NM24-7",,"likelihood",-3099.5,0.004187
26,"R_Date","NM24-7",,"likelihood",-3094.5,0.006606
26,"R_Date","NM24-7",,"likelihood",-3089.5,0.0069
26,"R_Date","NM24-7",,"likelihood",-3084.5,0.006324
26,"R_Date","NM24-7",,"likelihood",-3079.5,0.005669
26,"R_Date","NM24-7",,"likelihood",-3074.5,0.004757
26,"R_Date","NM24-7",,"likelihood",-3069.5,0.00402
26,"R_Date","NM24-7",,"likelihood",-3064.5,0.004313
26,"R_Date","NM24-7",,"likelihood",-3059.5,0.005729
26,"R_Date","NM24-7",,"likelihood",-3054.5,0.006714
26,"R_Date","NM24-7",,"likelihood",-3049.5,0.007054
26,"R_Date","NM24-7",,"likelihood",-3044.5,0.00709
26,"R_Date","NM24-7",,"likelihood",-3039.5,0.007082
26,"R_Date","NM24-7",,"likelihood",-3034.5,0.007047
26,"R_Date","NM24-7",,"likelihood",-3029.5,0.006584
26,"R_Date","NM24-7",,"likelihood",-3024.5,0.00469
26,"R_Date","NM24-7",,"likelihood",-3019.5,0.0029684
26,"R_Date","NM24-7",,"likelihood",-3014.5,0.0020098
26,"R_Date","NM24-7",,"likelihood",-3009.5,0.0010823
26,"R_Date","NM24-7",,"likelihood",-3004.5,0.0004607
26,"R_Date","NM24-7",,"likelihood",-2999.5,0.0002629
26,"R_Date","NM24-7",,"likelihood",-2994.5,0.00024279
26,"R_Date","NM24-7",,"likelihood",-2989.5,0.0003915
26,"R_Date","NM24-7",,"likelihood",-2984.5,0.0007043
26,"R_Date","NM24-7",,"likelihood",-2979.5,0.0008947
26,"R_Date","NM24-7",,"likelihood",-2974.5,0.0010691
26,"R_Date","NM24-7",,"likelihood",-2969.5,0.0012068
26,"R_Date","NM24-7",,"likelihood",-2964.5,0.0010132
26,"R_Date","NM24-7",,"likelihood",-2959.5,0.0008941
26,"R_Date","NM24-7",,"likelihood",-2954.5,0.0008456
26,"R_Date","NM24-7",,"likelihood",-2949.5,0.0008958
26,"R_Date","NM24-7",,"likelihood",-2944.5,0.00104
26,"R_Date","NM24-7",,"likelihood",-2939.5,0.0011647
26,"R_Date","NM24-7",,"likelihood",-2934.5,0.0010088
26,"R_Date","NM24-7",,"likelihood",-2929.5,0.0006106
26,"R_Date","NM24-7",,"likelihood",-2924.5,0.00027329
26,"R_Date","NM24-7",,"likelihood",-2919.5,0.00009831
26,"R_Date","NM24-7",,"likelihood",-2914.5,0.000015703
26,"R_Date","NM24-7",,"likelihood",-2909.5,0.0000013612
26,"R_Date","NM24-7",,"likelihood",-2904.5,1.4888e-7
26,"R_Date","NM24-7",,"likelihood",-2899.5,1.4179e-8
26,"R_Date","NM24-7",,"likelihood",-2894.5,0
26,"R_Date","NM24-7",,"likelihood",-2889.5,0
26,"R_Date","NM24-7",,"likelihood",-2884.5,0
26,"R_Date","NM24-7",,"posterior",-3319.5,0
26,"R_Date","NM24-7",,"posterior",-3314.5,0
26,"R_Date","NM24-7",,"posterior",-3309.5,0
26,"R_Date","NM24-7",,"posterior",-3304.5,2.0278e-7
26,"R_Date","NM24-7",,"posterior",-3299.5,0
26,"R_Date","NM24-7",,"posterior",-3294.5,0
26,"R_Date","NM24-7",,"posterior",-3289.5,0
26,"R_Date","NM24-7",,"posterior",-3284.5,0
26,"R_Date","NM24-7",,"posterior",-3279.5,1.1587e-7
26,"R_Date","NM24-7",,"posterior",-3274.5,5.794e-8
26,"R_Date","NM24-7",,"posterior",-3269.5,0
26,"R_Date","NM24-7",,"posterior",-3264.5,3.187e-7
26,"R_Date","NM24-7",,"posterior",-3259.5,0.0000010429
26,"R_Date","NM24-7",,"posterior",-3254.5,0.000004056
26,"R_Date","NM24-7",,"posterior",-3249.5,0.0000019699
26,"R_Date","NM24-7",,"posterior",-3244.5,3.187e-7
26,"R_Date","NM24-7",,"posterior",-3239.5,5.794e-8
26,"R_Date","NM24-7",,"posterior",-3234.5,0
26,"R_Date","NM24-7",,"posterior",-3229.5,0
26,"R_Date","NM24-7",,"posterior",-3224.5,0
26,"R_Date","NM24-7",,"posterior",-3219.5,0
26,"R_Date","NM24-7",,"posterior",-3214.5,0
26,"R_Date","NM24-7",,"posterior",-3209.5,0
26,"R_Date","NM24-7",,"posterior",-3204.5,0
26,"R_Date","NM24-7",,"posterior",-3199.5,0
26,"R_Date","NM24-7",,"posterior",-3194.5,0
26,"R_Date","NM24-7",,"posterior",-3189.5,0
26,"R_Date","NM24-7",,"posterior",-3184.5,0
26,"R_Date","NM24-7",,"posterior",-3179.5,0
26,"R_Date","NM24-7",,"posterior",-3174.5,0
26,"R_Date","NM24-7",,"posterior",-3169.5,5.794e-8
26,"R_Date","NM24-7",,"posterior",-3164.5,5.794e-8
26,"R_Date","NM24-7",,"posterior",-3159.5,0
26,"R_Date","NM24-7",,"posterior",-3154.5,0
26,"R_Date","NM24-7",,"posterior",-3149.5,0
26,"R_Date","NM24-7",,"posterior",-3144.5,0
26,"R_Date","NM24-7",,"posterior",-3139.5,0
26,"R_Date","NM24-7",,"posterior",-3134.5,0
26,"R_Date","NM24-7",,"posterior",-3129.5,0
26,"R_Date","NM24-7",,"posterior",-3124.5,0
26,"R_Date","NM24-7",,"posterior",-3119.5,0
26,"R_Date","NM24-7",,"posterior",-3114.5,0
26,"R_Date","NM24-7",,"posterior",-3109.5,0
26,"R_Date","NM24-7",,"posterior",-3104.5,0.000003592
26,"R_Date","NM24-7",,"posterior",-3099.5,0.0004217
26,"R_Date","NM24-7",,"posterior",-3094.5,0.006544
26,"R_Date","NM24-7",,"posterior",-3089.5,0.012366
26,"R_Date","NM24-7",,"posterior",-3084.5,0.008858
26,"R_Date","NM24-7",,"posterior",-3079.5,0.004802
26,"R_Date","NM24-7",,"posterior",-3074.5,0.001906
26,"R_Date","NM24-7",,"posterior",-3069.5,0.0008204
26,"R_Date","NM24-7",,"posterior",-3064.5,0.0014696
26,"R_Date","NM24-7",,"posterior",-3059.5,0.007468
26,"R_Date","NM24-7",,"posterior",-3054.5,0.019167
26,"R_Date","NM24-7",,"posterior",-3049.5,0.026463
26,"R_Date","NM24-7",,"posterior",-3044.5,0.028311
26,"R_Date","NM24-7",,"posterior",-3039.5,0.028969
26,"R_Date","NM24-7",,"posterior",-3034.5,0.028586
26,"R_Date","NM24-7",,"posterior",-3029.5,0.019727
26,"R_Date","NM24-7",,"posterior",-3024.5,0.003827
26,"R_Date","NM24-7",,"posterior",-3019.5,0.00026011
26,"R_Date","NM24-7",,"posterior",-3014.5,0.000021292
26,"R_Date","NM24-7",,"posterior",-3009.5,3.766e-7
26,"R_Date","NM24-7",,"posterior",-3004.5,0
26,"R_Date","NM24-7",,"posterior",-2999.5,0
27,"R_Date","NM24-5",,"likelihood",-3374.5,0
27,"R_Date","NM24-5",,"likelihood",-3369.5,0
27,"R_Date","NM24-5",,"likelihood",-3364.5,0
27,"R_Date","NM24-5",,"likelihood",-3359.5,2.2847e-8
27,"R_Date","NM24-5",,"likelihood",-3354.5,3.96e-7
27,"R_Date","NM24-5",,"likelihood",-3349.5,0.0000025588
27,"R_Date","NM24-5",,"likelihood",-3344.5,0.000005171
27,"R_Date","NM24-5",,"likelihood",-3339.5,0.000016237
27,"R_Date","NM24-5",,"likelihood",-3334.5,0.00007149
27,"R_Date","NM24-5",,"likelihood",-3329.5,0.00025949
27,"R_Date","NM24-5",,"likelihood",-3324.5,0.0006423
27,"R_Date","NM24-5",,"likelihood",-3319.5,0.0011366
27,"R_Date","NM24-5",,"likelihood",-3314.5,0.0015634
27,"R_Date","NM24-5",,"likelihood",-3309.5,0.0019759
27,"R_Date","NM24-5",,"likelihood",-3304.5,0.0023265
27,"R_Date","NM24-5",,"likelihood",-3299.5,0.0022704
27,"R_Date","NM24-5",,"likelihood",-3294.5,0.0017026
27,"R_Date","NM24-5",,"likelihood",-3289.5,0.0013234
27,"R_Date","NM24-5",,"likelihood",-3284.5,0.0017026
27,"R_Date","NM24-5",,"likelihood",-3279.5,0.0025791
27,"R_Date","NM24-5",,"likelihood",-3274.5,0.0022704
27,"R_Date","NM24-5",,"likelihood",-3269.5,0.0017617
27,"R_Date","NM24-5",,"likelihood",-3264.5,0.0021486
27,"R_Date","NM24-5",,"likelihood",-3259.5,0.003845
27,"R_Date","NM24-5",,"likelihood",-3254.5,0.004813
27,"R_Date","NM24-5",,"likelihood",-3249.5,0.003845
27,"R_Date","NM24-5",,"likelihood",-3244.5,0.002984
27,"R_Date","NM24-5",,"likelihood",-3239.5,0.0019173
27,"R_Date","NM24-5",,"likelihood",-3234.5,0.001009
27,"R_Date","NM24-5",,"likelihood",-3229.5,0.0006423
27,"R_Date","NM24-5",,"likelihood",-3224.5,0.0004708
27,"R_Date","NM24-5",,"likelihood",-3219.5,0.0004334
27,"R_Date","NM24-5",,"likelihood",-3214.5,0.00023464
27,"R_Date","NM24-5",,"likelihood",-3209.5,0.00008226
27,"R_Date","NM24-5",,"likelihood",-3204.5,0.000029412
27,"R_Date","NM24-5",,"likelihood",-3199.5,0.000020669
27,"R_Date","NM24-5",,"likelihood",-3194.5,0.0000435
27,"R_Date","NM24-5",,"likelihood",-3189.5,0.00013934
27,"R_Date","NM24-5",,"likelihood",-3184.5,0.0003369
27,"R_Date","NM24-5",,"likelihood",-3179.5,0.0006877
27,"R_Date","NM24-5",,"likelihood",-3174.5,0.0011366
27,"R_Date","NM24-5",,"likelihood",-3169.5,0.0015634
27,"R_Date","NM24-5",,"likelihood",-3164.5,0.0016233
27,"R_Date","NM24-5",,"likelihood",-3159.5,0.0012718
27,"R_Date","NM24-5",,"likelihood",-3154.5,0.0005949
27,"R_Date","NM24-5",,"likelihood",-3149.5,0.00026301
27,"R_Date","NM24-5",,"likelihood",-3144.5,0.00012289
27,"R_Date","NM24-5",,"likelihood",-3139.5,0.00013934
27,"R_Date","NM24-5",,"likelihood",-3134.5,0.00020167
27,"R_Date","NM24-5",,"likelihood",-3129.5,0.00028671
27,"R_Date","NM24-5",,"likelihood",-3124.5,0.00028671
27,"R_Date","NM24-5",,"likelihood",-3119.5,0.0003689
27,"R_Date","NM24-5",,"likelihood",-3114.5,0.0004699
27,"R_Date","NM24-5",,"likelihood",-3109.5,0.0005082
27,"R_Date","NM24-5",,"likelihood",-3104.5,0.0010467
27,"R_Date","NM24-5",,"likelihood",-3099.5,0.0030292
27,"R_Date","NM24-5",,"likelihood",-3094.5,0.005886
27,"R_Date","NM24-5",,"likelihood",-3089.5,0.007336
27,"R_Date","NM24-5",,"likelihood",-3084.5,0.007447
27,"R_Date","NM24-5",,"likelihood",-3079.5,0.007147
27,"R_Date","NM24-5",,"likelihood",-3074.5,0.006551
27,"R_Date","NM24-5",,"likelihood",-3069.5,0.005874
27,"R_Date","NM24-5",,"likelihood",-3064.5,0.006094
27,"R_Date","NM24-5",,"likelihood",-3059.5,0.007264
27,"R_Date","NM24-5",,"likelihood",-3054.5,0.007469
27,"R_Date","NM24-5",,"likelihood",-3049.5,0.007314
27,"R_Date","NM24-5",,"likelihood",-3044.5,0.007221
27,"R_Date","NM24-5",,"likelihood",-3039.5,0.007299
27,"R_Date","NM24-5",,"likelihood",-3034.5,0.007419
27,"R_Date","NM24-5",,"likelihood",-3029.5,0.007616
27,"R_Date","NM24-5",,"likelihood",-3024.5,0.006559
27,"R_Date","NM24-5",,"likelihood",-3019.5,0.004734
27,"R_Date","NM24-5",,"likelihood",-3014.5,0.003515
27,"R_Date","NM24-5",,"likelihood",-3009.5,0.0021366
27,"R_Date","NM24-5",,"likelihood",-3004.5,0.001044
27,"R_Date","NM24-5",,"likelihood",-2999.5,0.0006343
27,"R_Date","NM24-5",,"likelihood",-2994.5,0.0006016
27,"R_Date","NM24-5",,"likelihood",-2989.5,0.0009082
27,"R_Date","NM24-5",,"likelihood",-2984.5,0.001474
27,"R_Date","NM24-5",,"likelihood",-2979.5,0.0018252
27,"R_Date","NM24-5",,"likelihood",-2974.5,0.0021144
27,"R_Date","NM24-5",,"likelihood",-2969.5,0.0022766
27,"R_Date","NM24-5",,"likelihood",-2964.5,0.0020229
27,"R_Date","NM24-5",,"likelihood",-2959.5,0.0018244
27,"R_Date","NM24-5",,"likelihood",-2954.5,0.0017418
27,"R_Date","NM24-5",,"likelihood",-2949.5,0.0018273
27,"R_Date","NM24-5",,"likelihood",-2944.5,0.0020675
27,"R_Date","NM24-5",,"likelihood",-2939.5,0.00224
27,"R_Date","NM24-5",,"likelihood",-2934.5,0.0019897
27,"R_Date","NM24-5",,"likelihood",-2929.5,0.0013254
27,"R_Date","NM24-5",,"likelihood",-2924.5,0.0006667
27,"R_Date","NM24-5",,"likelihood",-2919.5,0.00026798
27,"R_Date","NM24-5",,"likelihood",-2914.5,0.00005312
27,"R_Date","NM24-5",,"likelihood",-2909.5,0.00000591
27,"R_Date","NM24-5",,"likelihood",-2904.5,7.463e-7
27,"R_Date","NM24-5",,"likelihood",-2899.5,6.854e-8
27,"R_Date","NM24-5",,"likelihood",-2894.5,7.616e-9
27,"R_Date","NM24-5",,"likelihood",-2889.5,0
27,"R_Date","NM24-5",,"likelihood",-2884.5,0
27,"R_Date","NM24-5",,"posterior",-3319.5,0
27,"R_Date","NM24-5",,"posterior",-3314.5,0
27,"R_Date","NM24-5",,"posterior",-3309.5,0
27,"R_Date","NM24-5",,"posterior",-3304.5,2.0278e-7
27,"R_Date","NM24-5",,"posterior",-3299.5,0
27,"R_Date","NM24-5",,"posterior",-3294.5,0
27,"R_Date","NM24-5",,"posterior",-3289.5,0
27,"R_Date","NM24-5",,"posterior",-3284.5,0
27,"R_Date","NM24-5",,"posterior",-3279.5,1.1587e-7
27,"R_Date","NM24-5",,"posterior",-3274.5,5.794e-8
27,"R_Date","NM24-5",,"posterior",-3269.5,0
27,"R_Date","NM24-5",,"posterior",-3264.5,3.187e-7
27,"R_Date","NM24-5",,"posterior",-3259.5,0.0000010429
27,"R_Date","NM24-5",,"posterior",-3254.5,0.000004056
27,"R_Date","NM24-5",,"posterior",-3249.5,0.0000019699
27,"R_Date","NM24-5",,"posterior",-3244.5,3.187e-7
27,"R_Date","NM24-5",,"posterior",-3239.5,5.794e-8
27,"R_Date","NM24-5",,"posterior",-3234.5,0
27,"R_Date","NM24-5",,"posterior",-3229.5,0
27,"R_Date","NM24-5",,"posterior",-3224.5,0
27,"R_Date","NM24-5",,"posterior",-3219.5,0
27,"R_Date","NM24-5",,"posterior",-3214.5,0
27,"R_Date","NM24-5",,"posterior",-3209.5,0
27,"R_Date","NM24-5",,"posterior",-3204.5,0
27,"R_Date","NM24-5",,"posterior",-3199.5,0
27,"R_Date","NM24-5",,"posterior",-3194.5,0
27,"R_Date","NM24-5",,"posterior",-3189.5,0
27,"R_Date","NM24-5",,"posterior",-3184.5,0
27,"R_Date","NM24-5",,"posterior",-3179.5,0
27,"R_Date","NM24-5",,"posterior",-3174.5,0
27,"R_Date","NM24-5",,"posterior",-3169.5,5.794e-8
27,"R_Date","NM24-5",,"posterior",-3164.5,5.794e-8
27,"R_Date","NM24-5",,"posterior",-3159.5,0
27,"R_Date","NM24-5",,"posterior",-3154.5,0
27,"R_Date","NM24-5",,"posterior",-3149.5,0
27,"R_Date","NM24-5",,"posterior",-3144.5,0
27,"R_Date","NM24-5",,"posterior",-3139.5,0
27,"R_Date","NM24-5",,"posterior",-3134.5,0
27,"R_Date","NM24-5",,"posterior",-3129.5,0
27,"R_Date","NM24-5",,"posterior",-3124.5,0
27,"R_Date","NM24-5",,"posterior",-3119.5,0
27,"R_Date","NM24-5",,"posterior",-3114.5,0
27,"R_Date","NM24-5",,"posterior",-3109.5,0
27,"R_Date","NM24-5",,"posterior",-3104.5,0.000003592
27,"R_Date","NM24-5",,"posterior",-3099.5,0.0004217
27,"R_Date","NM24-5",,"posterior",-3094.5,0.006544
27,"R_Date","NM24-5",,"posterior",-3089.5,0.012366
27,"R_Date","NM24-5",,"posterior",-3084.5,0.008858
27,"R_Date","NM24-5",,"posterior",-3079.5,0.004802
27,"R_Date","NM24-5",,"posterior",-3074.5,0.001906
27,"R_Date","NM24-5",,"posterior",-3069.5,0.0008204
27,"R_Date","NM24-5",,"posterior",-3064.5,0.0014696
27,"R_Date","NM24-5",,"posterior",-3059.5,0.007468
27,"R_Date","NM24-5",,"posterior",-3054.5,0.019167
27,"R_Date","NM24-5",,"posterior",-3049.5,0.026463
27,"R_Date","NM24-5",,"posterior",-3044.5,0.028311
27,"R_Date","NM24-5",,"posterior",-3039.5,0.028969
27,"R_Date","NM24-5",,"posterior",-3034.5,0.028586
27,"R_Date","NM24-5",,"posterior",-3029.5,0.019727
27,"R_Date","NM24-5",,"posterior",-3024.5,0.003827
27,"R_Date","NM24-5",,"posterior",-3019.5,0.00026011
27,"R_Date","NM24-5",,"posterior",-3014.5,0.000021292
27,"R_Date","NM24-5",,"posterior",-3009.5,3.766e-7
27,"R_Date","NM24-5",,"posterior",-3004.5,0
27,"R_Date","NM24-5",,"posterior",-2999.5,0
28,"R_Date","NM24-4",,"likelihood",-3374.5,0
28,"R_Date","NM24-4",,"likelihood",-3369.5,0
28,"R_Date","NM24-4",,"likelihood",-3364.5,0
28,"R_Date","NM24-4",,"likelihood",-3359.5,2.2847e-8
28,"R_Date","NM24-4",,"likelihood",-3354.5,3.96e-7
28,"R_Date","NM24-4",,"likelihood",-3349.5,0.0000025588
28,"R_Date","NM24-4",,"likelihood",-3344.5,0.000005171
28,"R_Date","NM24-4",,"likelihood",-3339.5,0.000016237
28,"R_Date","NM24-4",,"likelihood",-3334.5,0.00007149
28,"R_Date","NM24-4",,"likelihood",-3329.5,0.00025949
28,"R_Date","NM24-4",,"likelihood",-3324.5,0.0006423
28,"R_Date","NM24-4",,"likelihood",-3319.5,0.0011366
28,"R_Date","NM24-4",,"likelihood",-3314.5,0.0015634
28,"R_Date","NM24-4",,"likelihood",-3309.5,0.0019759
28,"R_Date","NM24-4",,"likelihood",-3304.5,0.0023265
28,"R_Date","NM24-4",,"likelihood",-3299.5,0.0022704
28,"R_Date","NM24-4",,"likelihood",-3294.5,0.0017026
28,"R_Date","NM24-4",,"likelihood",-3289.5,0.0013234
28,"R_Date","NM24-4",,"likelihood",-3284.5,0.0017026
28,"R_Date","NM24-4",,"likelihood",-3279.5,0.0025791
28,"R_Date","NM24-4",,"likelihood",-3274.5,0.0022704
28,"R_Date","NM24-4",,"likelihood",-3269.5,0.0017617
28,"R_Date","NM24-4",,"likelihood",-3264.5,0.0021486
28,"R_Date","NM24-4",,"likelihood",-3259.5,0.003845
28,"R_Date","NM24-4",,"likelihood",-3254.5,0.004813
28,"R_Date","NM24-4",,"likelihood",-3249.5,0.003845
28,"R_Date","NM24-4",,"likelihood",-3244.5,0.002984
28,"R_Date","NM24-4",,"likelihood",-3239.5,0.0019173
28,"R_Date","NM24-4",,"likelihood",-3234.5,0.001009
28,"R_Date","NM24-4",,"likelihood",-3229.5,0.0006423
28,"R_Date","NM24-4",,"likelihood",-3224.5,0.0004708
28,"R_Date","NM24-4",,"likelihood",-3219.5,0.0004334
28,"R_Date","NM24-4",,"likelihood",-3214.5,0.00023464
28,"R_Date","NM24-4",,"likelihood",-3209.5,0.00008226
28,"R_Date","NM24-4",,"likelihood",-3204.5,0.000029412
28,"R_Date","NM24-4",,"likelihood",-3199.5,0.000020669
28,"R_Date","NM24-4",,"likelihood",-3194.5,0.0000435
28,"R_Date","NM24-4",,"likelihood",-3189.5,0.00013934
28,"R_Date","NM24-4",,"likelihood",-3184.5,0.0003369
28,"R_Date","NM24-4",,"likelihood",-3179.5,0.0006877
28,"R_Date","NM24-4",,"likelihood",-3174.5,0.0011366
28,"R_Date","NM24-4",,"likelihood",-3169.5,0.0015634
28,"R_Date","NM24-4",,"likelihood",-3164.5,0.0016233
28,"R_Date","NM24-4",,"likelihood",-3159.5,0.0012718
28,"R_Date","NM24-4",,"likelihood",-3154.5,0.0005949
28,"R_Date","NM24-4",,"likelihood",-3149.5,0.00026301
28,"R_Date","NM24-4",,"likelihood",-3144.5,0.00012289
28,"R_Date","NM24-4",,"likelihood",-3139.5,0.00013934
28,"R_Date","NM24-4",,"likelihood",-3134.5,0.00020167
28,"R_Date","NM24-4",,"likelihood",-3129.5,0.00028671
28,"R_Date","NM24-4",,"likelihood",-3124.5,0.00028671
28,"R_Date","NM24-4",,"likelihood",-3119.5,0.0003689
28,"R_Date","NM24-4",,"likelihood",-3114.5,0.0004699
28,"R_Date","NM24-4",,"likelihood",-3109.5,0.0005082
28,"R_Date","NM24-4",,"likelihood",-3104.5,0.0010467
28,"R_Date","NM24-4",,"likelihood",-3099.5,0.0030292
28,"R_Date","NM24-4",,"likelihood",-3094.5,0.005886
28,"R_Date","NM24-4",,"likelihood",-3089.5,0.007336
28,"R_Date","NM24-4",,"likelihood",-3084.5,0.007447
28,"R_Date","NM24-4",,"likelihood",-3079.5,0.007147
28,"R_Date","NM24-4",,"likelihood",-3074.5,0.006551
28,"R_Date","NM24-4",,"likelihood",-3069.5,0.005874
28,"R_Date","NM24-4",,"likelihood",-3064.5,0.006094
28,"R_Date","NM24-4",,"likelihood",-3059.5,0.007264
28,"R_Date","NM24-4",,"likelihood",-3054.5,0.007469
28,"R_Date","NM24-4",,"likelihood",-3049.5,0.007314
28,"R_Date","NM24-4",,"likelihood",-3044.5,0.007221
28,"R_Date","NM24-4",,"likelihood",-3039.5,0.007299
28,"R_Date","NM24-4",,"likelihood",-3034.5,0.007419
28,"R_Date","NM24-4",,"likelihood",-3029.5,0.007616
28,"R_Date","NM24-4",,"likelihood",-3024.5,0.006559
28,"R_Date","NM24-4",,"likelihood",-3019.5,0.004734
28,"R_Date","NM24-4",,"likelihood",-3014.5,0.003515
28,"R_Date","NM24-4",,"likelihood",-3009.5,0.0021366
28,"R_Date","NM24-4",,"likelihood",-3004.5,0.001044
28,"R_Date","NM24-4",,"likelihood",-2999.5,0.0006343
28,"R_Date","NM24-4",,"likelihood",-2994.5,0.0006016
28,"R_Date","NM24-4",,"likelihood",-2989.5,0.0009082
28,"R_Date","NM24-4",,"likelihood",-2984.5,0.001474
28,"R_Date","NM24-4",,"likelihood",-2979.5,0.0018252
28,"R_Date","NM24-4",,"likelihood",-2974.5,0.0021144
28,"R_Date","NM24-4",,"likelihood",-2969.5,0.0022766
28,"R_Date","NM24-4",,"likelihood",-2964.5,0.0020229
28,"R_Date","NM24-4",,"likelihood",-2959.5,0.0018244
28,"R_Date","NM24-4",,"likelihood",-2954.5,0.0017418
28,"R_Date","NM24-4",,"likelihood",-2949.5,0.0018273
28,"R_Date","NM24-4",,"likelihood",-2944.5,0.0020675
28,"R_Date","NM24-4",,"likelihood",-2939.5,0.00224
28,"R_Date","NM24-4",,"likelihood",-2934.5,0.0019897
28,"R_Date","NM24-4",,"likelihood",-2929.5,0.0013254
28,"R_Date","NM24-4",,"likelihood",-2924.5,0.0006667
28,"R_Date","NM24-4",,"likelihood",-2919.5,0.00026798
28,"R_Date","NM24-4",,"likelihood",-2914.5,0.00005312
28,"R_Date","NM24-4",,"likelihood",-2909.5,0.00000591
28,"R_Date","NM24-4",,"likelihood",-2904.5,7.463e-7
28,"R_Date","NM24-4",,"likelihood",-2899.5,6.854e-8
28,"R_Date","NM24-4",,"likelihood",-2894.5,7.616e-9
28,"R_Date","NM24-4",,"likelihood",-2889.5,0
28,"R_Date","NM24-4",,"likelihood",-2884.5,0
28,"R_Date","NM24-4",,"posterior",-3319.5,0
28,"R_Date","NM24-4",,"posterior",-3314.5,0
28,"R_Date","NM24-4",,"posterior",-3309.5,0
28,"R_Date","NM24-4",,"posterior",-3304.5,2.0278e-7
28,"R_Date","NM24-4",,"posterior",-3299.5,0
28,"R_Date","NM24-4",,"posterior",-3294.5,0
28,"R_Date","NM24-4",,"posterior",-3289.5,0
28,"R_Date","NM24-4",,"posterior",-3284.5,0
28,"R_Date","NM24-4",,"posterior",-3279.5,1.1587e-7
28,"R_Date","NM24-4",,"posterior",-3274.5,5.794e-8
28,"R_Date","NM24-4",,"posterior",-3269.5,0
28,"R_Date","NM24-4",,"posterior",-3264.5,3.187e-7
28,"R_Date","NM24-4",,"posterior",-3259.5,0.0000010429
28,"R_Date","NM24-4",,"posterior",-3254.5,0.000004056
28,"R_Date","NM24-4",,"posterior",-3249.5,0.0000019699
28,"R_Date","NM24-4",,"posterior",-3244.5,3.187e-7
28,"R_Date","NM24-4",,"posterior",-3239.5,5.794e-8
28,"R_Date","NM24-4",,"posterior",-3234.5,0
28,"R_Date","NM24-4",,"posterior",-3229.5,0
28,"R_Date","NM24-4",,"posterior",-3224.5,0
28,"R_Date","NM24-4",,"posterior",-3219.5,0
28,"R_Date","NM24-4",,"posterior",-3214.5,0
28,"R_Date","NM24-4",,"posterior",-3209.5,0
28,"R_Date","NM24-4",,"posterior",-3204.5,0
28,"R_Date","NM24-4",,"posterior",-3199.5,0
28,"R_Date","NM24-4",,"posterior",-3194.5,0
28,"R_Date","NM24-4",,"posterior",-3189.5,0
28,"R_Date","NM24-4",,"posterior",-3184.5,0
28,"R_Date","NM24-4",,"posterior",-3179.5,0
28,"R_Date","NM24-4",,"posterior",-3174.5,0
28,"R_Date","NM24-4",,"posterior",-3169.5,5.794e-8
28,"R_Date","NM24-4",,"posterior",-3164.5,5.794e-8
28,"R_Date","NM24-4",,"posterior",-3159.5,0
28,"R_Date","NM24-4",,"posterior",-3154.5,0
28,"R_Date","NM24-4",,"posterior",-3149.5,0
28,"R_Date","NM24-4",,"posterior",-3144.5,0
28,"R_Date","NM24-4",,"posterior",-3139.5,0
28,"R_Date","NM24-4",,"posterior",-3134.5,0
28,"R_Date","NM24-4",,"posterior",-3129.5,0
28,"R_Date","NM24-4",,"posterior",-3124.5,0
28,"R_Date","NM24-4",,"posterior",-3119.5,0
28,"R_Date","NM24-4",,"posterior",-3114.5,0
28,"R_Date","NM24-4",,"posterior",-3109.5,0
28,"R_Date","NM24-4",,"posterior",-3104.5,0.000003592
28,"R_Date","NM24-4",,"posterior",-3099.5,0.0004217
28,"R_Date","NM24-4",,"posterior",-3094.5,0.006544
28,"R_Date","NM24-4",,"posterior",-3089.5,0.012366
28,"R_Date","NM24-4",,"posterior",-3084.5,0.008858
28,"R_Date","NM24-4",,"posterior",-3079.5,0.004802
28,"R_Date","NM24-4",,"posterior",-3074.5,0.001906
28,"R_Date","NM24-4",,"posterior",-3069.5,0.0008204
28,"R_Date","NM24-4",,"posterior",-3064.5,0.0014696
28,"R_Date","NM24-4",,"posterior",-3059.5,0.007468
28,"R_Date","NM24-4",,"posterior",-3054.5,0.019167
28,"R_Date","NM24-4",,"posterior",-3049.5,0.026463
28,"R_Date","NM24-4",,"posterior",-3044.5,0.028311
28,"R_Date","NM24-4",,"posterior",-3039.5,0.028969
28,"R_Date","NM24-4",,"posterior",-3034.5,0.028586
28,"R_Date","NM24-4",,"posterior",-3029.5,0.019727
28,"R_Date","NM24-4",,"posterior",-3024.5,0.003827
28,"R_Date","NM24-4",,"posterior",-3019.5,0.00026011
28,"R_Date","NM24-4",,"posterior",-3014.5,0.000021292
28,"R_Date","NM24-4",,"posterior",-3009.5,3.766e-7
28,"R_Date","NM24-4",,"posterior",-3004.5,0
28,"R_Date","NM24-4",,"posterior",-2999.5,0
29,"R_Date","NM24-6",,"likelihood",-3374.5,0
29,"R_Date","NM24-6",,"likelihood",-3369.5,0
29,"R_Date","NM24-6",,"likelihood",-3364.5,0
29,"R_Date","NM24-6",,"likelihood",-3359.5,5.901e-8
29,"R_Date","NM24-6",,"likelihood",-3354.5,8.114e-7
29,"R_Date","NM24-6",,"likelihood",-3349.5,0.000004773
29,"R_Date","NM24-6",,"likelihood",-3344.5,0.000009582
29,"R_Date","NM24-6",,"likelihood",-3339.5,0.000028519
29,"R_Date","NM24-6",,"likelihood",-3334.5,0.00011615
29,"R_Date","NM24-6",,"likelihood",-3329.5,0.0003866
29,"R_Date","NM24-6",,"likelihood",-3324.5,0.0008976
29,"R_Date","NM24-6",,"likelihood",-3319.5,0.0015161
29,"R_Date","NM24-6",,"likelihood",-3314.5,0.0020256
29,"R_Date","NM24-6",,"likelihood",-3309.5,0.0025009
29,"R_Date","NM24-6",,"likelihood",-3304.5,0.0028936
29,"R_Date","NM24-6",,"likelihood",-3299.5,0.0028485
29,"R_Date","NM24-6",,"likelihood",-3294.5,0.0022016
29,"R_Date","NM24-6",,"likelihood",-3289.5,0.0017531
29,"R_Date","NM24-6",,"likelihood",-3284.5,0.0022016
29,"R_Date","NM24-6",,"likelihood",-3279.5,0.00317
29,"R_Date","NM24-6",,"likelihood",-3274.5,0.0028485
29,"R_Date","NM24-6",,"likelihood",-3269.5,0.002256
29,"R_Date","NM24-6",,"likelihood",-3264.5,0.002712
29,"R_Date","NM24-6",,"likelihood",-3259.5,0.004514
29,"R_Date","NM24-6",,"likelihood",-3254.5,0.00542
29,"R_Date","NM24-6",,"likelihood",-3249.5,0.004514
29,"R_Date","NM24-6",,"likelihood",-3244.5,0.003605
29,"R_Date","NM24-6",,"likelihood",-3239.5,0.0024494
29,"R_Date","NM24-6",,"likelihood",-3234.5,0.0013692
29,"R_Date","NM24-6",,"likelihood",-3229.5,0.0008976
29,"R_Date","NM24-6",,"likelihood",-3224.5,0.0006785
29,"R_Date","NM24-6",,"likelihood",-3219.5,0.0006283
29,"R_Date","NM24-6",,"likelihood",-3214.5,0.0003548
29,"R_Date","NM24-6",,"likelihood",-3209.5,0.00013137
29,"R_Date","NM24-6",,"likelihood",-3204.5,0.00005013
29,"R_Date","NM24-6",,"likelihood",-3199.5,0.00003587
29,"R_Date","NM24-6",,"likelihood",-3194.5,0.00007194
29,"R_Date","NM24-6",,"likelihood",-3189.5,0.0002139
29,"R_Date","NM24-6",,"likelihood",-3184.5,0.0004932
29,"R_Date","NM24-6",,"likelihood",-3179.5,0.000949
29,"R_Date","NM24-6",,"likelihood",-3174.5,0.0015161
29,"R_Date","NM24-6",,"likelihood",-3169.5,0.0020256
29,"R_Date","NM24-6",,"likelihood",-3164.5,0.002082
29,"R_Date","NM24-6",,"likelihood",-3159.5,0.0016684
29,"R_Date","NM24-6",,"likelihood",-3154.5,0.0008362
29,"R_Date","NM24-6",,"likelihood",-3149.5,0.0003882
29,"R_Date","NM24-6",,"likelihood",-3144.5,0.00019178
29,"R_Date","NM24-6",,"likelihood",-3139.5,0.0002139
29,"R_Date","NM24-6",,"likelihood",-3134.5,0.00030273
29,"R_Date","NM24-6",,"likelihood",-3129.5,0.0004208
29,"R_Date","NM24-6",,"likelihood",-3124.5,0.0004208
29,"R_Date","NM24-6",,"likelihood",-3119.5,0.0005324
29,"R_Date","NM24-6",,"likelihood",-3114.5,0.0006669
29,"R_Date","NM24-6",,"likelihood",-3109.5,0.0007173
29,"R_Date","NM24-6",,"likelihood",-3104.5,0.0013964
29,"R_Date","NM24-6",,"likelihood",-3099.5,0.003631
29,"R_Date","NM24-6",,"likelihood",-3094.5,0.006361
29,"R_Date","NM24-6",,"likelihood",-3089.5,0.007255
29,"R_Date","NM24-6",,"likelihood",-3084.5,0.006998
29,"R_Date","NM24-6",,"likelihood",-3079.5,0.006491
29,"R_Date","NM24-6",,"likelihood",-3074.5,0.005696
29,"R_Date","NM24-6",,"likelihood",-3069.5,0.004958
29,"R_Date","NM24-6",,"likelihood",-3064.5,0.005228
29,"R_Date","NM24-6",,"likelihood",-3059.5,0.006582
29,"R_Date","NM24-6",,"likelihood",-3054.5,0.007221
29,"R_Date","NM24-6",,"likelihood",-3049.5,0.007328
29,"R_Date","NM24-6",,"likelihood",-3044.5,0.0073
29,"R_Date","NM24-6",,"likelihood",-3039.5,0.007335
29,"R_Date","NM24-6",,"likelihood",-3034.5,0.007377
29,"R_Date","NM24-6",,"likelihood",-3029.5,0.007225
29,"R_Date","NM24-6",,"likelihood",-3024.5,0.005662
29,"R_Date","NM24-6",,"likelihood",-3019.5,0.003825
29,"R_Date","NM24-6",,"likelihood",-3014.5,0.0027122
29,"R_Date","NM24-6",,"likelihood",-3009.5,0.0015517
29,"R_Date","NM24-6",,"likelihood",-3004.5,0.0007077
29,"R_Date","NM24-6",,"likelihood",-2999.5,0.0004165
29,"R_Date","NM24-6",,"likelihood",-2994.5,0.00039
29,"R_Date","NM24-6",,"likelihood",-2989.5,0.0006084
29,"R_Date","NM24-6",,"likelihood",-2984.5,0.0010391
29,"R_Date","NM24-6",,"likelihood",-2979.5,0.0013039
29,"R_Date","NM24-6",,"likelihood",-2974.5,0.0015341
29,"R_Date","NM24-6",,"likelihood",-2969.5,0.0016895
29,"R_Date","NM24-6",,"likelihood",-2964.5,0.0014608
29,"R_Date","NM24-6",,"likelihood",-2959.5,0.0013032
29,"R_Date","NM24-6",,"likelihood",-2954.5,0.0012383
29,"R_Date","NM24-6",,"likelihood",-2949.5,0.0013055
29,"R_Date","NM24-6",,"likelihood",-2944.5,0.0014962
29,"R_Date","NM24-6",,"likelihood",-2939.5,0.0016473
29,"R_Date","NM24-6",,"likelihood",-2934.5,0.0014449
29,"R_Date","NM24-6",,"likelihood",-2929.5,0.000918
29,"R_Date","NM24-6",,"likelihood",-2924.5,0.0004356
29,"R_Date","NM24-6",,"likelihood",-2919.5,0.00016554
29,"R_Date","NM24-6",,"likelihood",-2914.5,0.00002947
29,"R_Date","NM24-6",,"likelihood",-2909.5,0.0000028991
29,"R_Date","NM24-6",,"likelihood",-2904.5,3.393e-7
29,"R_Date","NM24-6",,"likelihood",-2899.5,2.9507e-8
29,"R_Date","NM24-6",,"likelihood",-2894.5,0
29,"R_Date","NM24-6",,"likelihood",-2889.5,0
29,"R_Date","NM24-6",,"likelihood",-2884.5,0
29,"R_Date","NM24-6",,"posterior",-3319.5,0
29,"R_Date","NM24-6",,"posterior",-3314.5,0
29,"R_Date","NM24-6",,"posterior",-3309.5,0
29,"R_Date","NM24-6",,"posterior",-3304.5,2.0278e-7
29,"R_Date","NM24-6",,"posterior",-3299.5,0
29,"R_Date","NM24-6",,"posterior",-3294.5,0
29,"R_Date","NM24-6",,"posterior",-3289.5,0
29,"R_Date","NM24-6",,"posterior",-3284.5,0
29,"R_Date","NM24-6",,"posterior",-3279.5,1.1587e-7
29,"R_Date","NM24-6",,"posterior",-3274.5,5.794e-8
29,"R_Date","NM24-6",,"posterior",-3269.5,0
29,"R_Date","NM24-6",,"posterior",-3264.5,3.187e-7
29,"R_Date","NM24-6",,"posterior",-3259.5,0.0000010429
29,"R_Date","NM24-6",,"posterior",-3254.5,0.000004056
29,"R_Date","NM24-6",,"posterior",-3249.5,0.0000019699
29,"R_Date","NM24-6",,"posterior",-3244.5,3.187e-7
29,"R_Date","NM24-6",,"posterior",-3239.5,5.794e-8
29,"R_Date","NM24-6",,"posterior",-3234.5,0
29,"R_Date","NM24-6",,"posterior",-3229.5,0
29,"R_Date","NM24-6",,"posterior",-3224.5,0
29,"R_Date","NM24-6",,"posterior",-3219.5,0
29,"R_Date","NM24-6",,"posterior",-3214.5,0
29,"R_Date","NM24-6",,"posterior",-3209.5,0
29,"R_Date","NM24-6",,"posterior",-3204.5,0
29,"R_Date","NM24-6",,"posterior",-3199.5,0
29,"R_Date","NM24-6",,"posterior",-3194.5,0
29,"R_Date","NM24-6",,"posterior",-3189.5,0
29,"R_Date","NM24-6",,"posterior",-3184.5,0
29,"R_Date","NM24-6",,"posterior",-3179.5,0
29,"R_Date","NM24-6",,"posterior",-3174.5,0
29,"R_Date","NM24-6",,"posterior",-3169.5,5.794e-8
29,"R_Date","NM24-6",,"posterior",-3164.5,5.794e-8
29,"R_Date","NM24-6",,"posterior",-3159.5,0
29,"R_Date","NM24-6",,"posterior",-3154.5,0
29,"R_Date","NM24-6",,"posterior",-3149.5,0
29,"R_Date","NM24-6",,"posterior",-3144.5,0
29,"R_Date","NM24-6",,"posterior",-3139.5,0
29,"R_Date","NM24-6",,"posterior",-3134.5,0
29,"R_Date","NM24-6",,"posterior",-3129.5,0
29,"R_Date","NM24-6",,"posterior",-3124.5,0
29,"R_Date","NM24-6",,"posterior",-3119.5,0
29,"R_Date","NM24-6",,"posterior",-3114.5,0
29,"R_Date","NM24-6",,"posterior",-3109.5,0
29,"R_Date","NM24-6",,"posterior",-3104.5,0.000003592
29,"R_Date","NM24-6",,"posterior",-3099.5,0.0004217
29,"R_Date","NM24-6",,"posterior",-3094.5,0.006544
29,"R_Date","NM24-6",,"posterior",-3089.5,0.012366
29,"R_Date","NM24-6",,"posterior",-3084.5,0.008858
29,"R_Date","NM24-6",,"posterior",-3079.5,0.004802
29,"R_Date","NM24-6",,"posterior",-3074.5,0.001906
29,"R_Date","NM24-6",,"posterior",-3069.5,0.0008204
29,"R_Date","NM24-6",,"posterior",-3064.5,0.0014696
29,"R_Date","NM24-6",,"posterior",-3059.5,0.007468
29,"R_Date","NM24-6",,"posterior",-3054.5,0.019167
29,"R_Date","NM24-6",,"posterior",-3049.5,0.026463
29,"R_Date","NM24-6",,"posterior",-3044.5,0.028311
29,"R_Date","NM24-6",,"posterior",-3039.5,0.028969
29,"R_Date","NM24-6",,"posterior",-3034.5,0.028586
29,"R_Date","NM24-6",,"posterior",-3029.5,0.019727
29,"R_Date","NM24-6",,"posterior",-3024.5,0.003827
29,"R_Date","NM24-6",,"posterior",-3019.5,0.00026011
29,"R_Date","NM24-6",,"posterior",-3014.5,0.000021292
29,"R_Date","NM24-6",,"posterior",-3009.5,3.766e-7
29,"R_Date","NM24-6",,"posterior",-3004.5,0
29,"R_Date","NM24-6",,"posterior",-2999.5,0
30,"R_Date","NM24-3",,"likelihood",-3369.5,0
30,"R_Date","NM24-3",,"likelihood",-3364.5,0
30,"R_Date","NM24-3",,"likelihood",-3359.5,7.844e-9
30,"R_Date","NM24-3",,"likelihood",-3354.5,8.628e-8
30,"R_Date","NM24-3",,"likelihood",-3349.5,6.51e-7
30,"R_Date","NM24-3",,"likelihood",-3344.5,0.0000013334
30,"R_Date","NM24-3",,"likelihood",-3339.5,0.000004659
30,"R_Date","NM24-3",,"likelihood",-3334.5,0.00002397
30,"R_Date","NM24-3",,"likelihood",-3329.5,0.00010378
30,"R_Date","NM24-3",,"likelihood",-3324.5,0.00029185
30,"R_Date","NM24-3",,"likelihood",-3319.5,0.0005668
30,"R_Date","NM24-3",,"likelihood",-3314.5,0.0008264
30,"R_Date","NM24-3",,"likelihood",-3309.5,0.0010943
30,"R_Date","NM24-3",,"likelihood",-3304.5,0.0013343
30,"R_Date","NM24-3",,"likelihood",-3299.5,0.0012758
30,"R_Date","NM24-3",,"likelihood",-3294.5,0.0009008
30,"R_Date","NM24-3",,"likelihood",-3289.5,0.0006672
30,"R_Date","NM24-3",,"likelihood",-3284.5,0.0009008
30,"R_Date","NM24-3",,"likelihood",-3279.5,0.0015141
30,"R_Date","NM24-3",,"likelihood",-3274.5,0.0012758
30,"R_Date","NM24-3",,"likelihood",-3269.5,0.0009532
30,"R_Date","NM24-3",,"likelihood",-3264.5,0.0011929
30,"R_Date","NM24-3",,"likelihood",-3259.5,0.0024676
30,"R_Date","NM24-3",,"likelihood",-3254.5,0.003367
30,"R_Date","NM24-3",,"likelihood",-3249.5,0.0024676
30,"R_Date","NM24-3",,"likelihood",-3244.5,0.0018142
30,"R_Date","NM24-3",,"likelihood",-3239.5,0.0010391
30,"R_Date","NM24-3",,"likelihood",-3234.5,0.0004848
30,"R_Date","NM24-3",,"likelihood",-3229.5,0.00029185
30,"R_Date","NM24-3",,"likelihood",-3224.5,0.00020059
30,"R_Date","NM24-3",,"likelihood",-3219.5,0.00018244
30,"R_Date","NM24-3",,"likelihood",-3214.5,0.00009082
30,"R_Date","NM24-3",,"likelihood",-3209.5,0.000028629
30,"R_Date","NM24-3",,"likelihood",-3204.5,0.000008965
30,"R_Date","NM24-3",,"likelihood",-3199.5,0.000006079
30,"R_Date","NM24-3",,"likelihood",-3194.5,0.000014126
30,"R_Date","NM24-3",,"likelihood",-3189.5,0.00005264
30,"R_Date","NM24-3",,"likelihood",-3184.5,0.00013952
30,"R_Date","NM24-3",,"likelihood",-3179.5,0.0003215
30,"R_Date","NM24-3",,"likelihood",-3174.5,0.0005668
30,"R_Date","NM24-3",,"likelihood",-3169.5,0.0008264
30,"R_Date","NM24-3",,"likelihood",-3164.5,0.0008781
30,"R_Date","NM24-3",,"likelihood",-3159.5,0.0006578
30,"R_Date","NM24-3",,"likelihood",-3154.5,0.00026721
30,"R_Date","NM24-3",,"likelihood",-3149.5,0.00010747
30,"R_Date","NM24-3",,"likelihood",-3144.5,0.0000448
30,"R_Date","NM24-3",,"likelihood",-3139.5,0.00005264
30,"R_Date","NM24-3",,"likelihood",-3134.5,0.00007968
30,"R_Date","NM24-3",,"likelihood",-3129.5,0.00011846
30,"R_Date","NM24-3",,"likelihood",-3124.5,0.00011846
30,"R_Date","NM24-3",,"likelihood",-3119.5,0.00015764
30,"R_Date","NM24-3",,"likelihood",-3114.5,0.00020768
30,"R_Date","NM24-3",,"likelihood",-3109.5,0.00022715
30,"R_Date","NM24-3",,"likelihood",-3104.5,0.0005234
30,"R_Date","NM24-3",,"likelihood",-3099.5,0.0018758
30,"R_Date","NM24-3",,"likelihood",-3094.5,0.004468
30,"R_Date","NM24-3",,"likelihood",-3089.5,0.006671
30,"R_Date","NM24-3",,"likelihood",-3084.5,0.007499
30,"R_Date","NM24-3",,"likelihood",-3079.5,0.007705
30,"R_Date","NM24-3",,"likelihood",-3074.5,0.007682
30,"R_Date","NM24-3",,"likelihood",-3069.5,0.007306
30,"R_Date","NM24-3",,"likelihood",-3064.5,0.00736
30,"R_Date","NM24-3",,"likelihood",-3059.5,0.007844
30,"R_Date","NM24-3",,"likelihood",-3054.5,0.007107
30,"R_Date","NM24-3",,"likelihood",-3049.5,0.006464
30,"R_Date","NM24-3",,"likelihood",-3044.5,0.006266
30,"R_Date","NM24-3",,"likelihood",-3039.5,0.006408
30,"R_Date","NM24-3",,"likelihood",-3034.5,0.006652
30,"R_Date","NM24-3",,"likelihood",-3029.5,0.007502
30,"R_Date","NM24-3",,"likelihood",-3024.5,0.007778
30,"R_Date","NM24-3",,"likelihood",-3019.5,0.006426
30,"R_Date","NM24-3",,"likelihood",-3014.5,0.005233
30,"R_Date","NM24-3",,"likelihood",-3009.5,0.003589
30,"R_Date","NM24-3",,"likelihood",-3004.5,0.0020125
30,"R_Date","NM24-3",,"likelihood",-2999.5,0.0013073
30,"R_Date","NM24-3",,"likelihood",-2994.5,0.001268
30,"R_Date","NM24-3",,"likelihood",-2989.5,0.0017922
30,"R_Date","NM24-3",,"likelihood",-2984.5,0.002636
30,"R_Date","NM24-3",,"likelihood",-2979.5,0.003168
30,"R_Date","NM24-3",,"likelihood",-2974.5,0.003559
30,"R_Date","NM24-3",,"likelihood",-2969.5,0.003686
30,"R_Date","NM24-3",,"likelihood",-2964.5,0.003437
30,"R_Date","NM24-3",,"likelihood",-2959.5,0.003168
30,"R_Date","NM24-3",,"likelihood",-2954.5,0.0030526
30,"R_Date","NM24-3",,"likelihood",-2949.5,0.003172
30,"R_Date","NM24-3",,"likelihood",-2944.5,0.003497
30,"R_Date","NM24-3",,"likelihood",-2939.5,0.003681
30,"R_Date","NM24-3",,"likelihood",-2934.5,0.003354
30,"R_Date","NM24-3",,"likelihood",-2929.5,0.0024476
30,"R_Date","NM24-3",,"likelihood",-2924.5,0.0013835
30,"R_Date","NM24-3",,"likelihood",-2919.5,0.0006238
30,"R_Date","NM24-3",,"likelihood",-2914.5,0.00015276
30,"R_Date","NM24-3",,"likelihood",-2909.5,0.000021649
30,"R_Date","NM24-3",,"likelihood",-2904.5,0.000003185
30,"R_Date","NM24-3",,"likelihood",-2899.5,3.53e-7
30,"R_Date","NM24-3",,"likelihood",-2894.5,3.1375e-8
30,"R_Date","NM24-3",,"likelihood",-2889.5,0
30,"R_Date","NM24-3",,"likelihood",-2884.5,0
30,"R_Date","NM24-3",,"likelihood",-2879.5,0
30,"R_Date","NM24-3",,"posterior",-3319.5,0
30,"R_Date","NM24-3",,"posterior",-3314.5,0
30,"R_Date","NM24-3",,"posterior",-3309.5,0
30,"R_Date","NM24-3",,"posterior",-3304.5,2.0278e-7
30,"R_Date","NM24-3",,"posterior",-3299.5,0
30,"R_Date","NM24-3",,"posterior",-3294.5,0
30,"R_Date","NM24-3",,"posterior",-3289.5,0
30,"R_Date","NM24-3",,"posterior",-3284.5,0
30,"R_Date","NM24-3",,"posterior",-3279.5,1.1587e-7
30,"R_Date","NM24-3",,"posterior",-3274.5,5.794e-8
30,"R_Date","NM24-3",,"posterior",-3269.5,0
30,"R_Date","NM24-3",,"posterior",-3264.5,3.187e-7
30,"R_Date","NM24-3",,"posterior",-3259.5,0.0000010429
30,"R_Date","NM24-3",,"posterior",-3254.5,0.000004056
30,"R_Date","NM24-3",,"posterior",-3249.5,0.0000019699
30,"R_Date","NM24-3",,"posterior",-3244.5,3.187e-7
30,"R_Date","NM24-3",,"posterior",-3239.5,5.794e-8
30,"R_Date","NM24-3",,"posterior",-3234.5,0
30,"R_Date","NM24-3",,"posterior",-3229.5,0
30,"R_Date","NM24-3",,"posterior",-3224.5,0
30,"R_Date","NM24-3",,"posterior",-3219.5,0
30,"R_Date","NM24-3",,"posterior",-3214.5,0
30,"R_Date","NM24-3",,"posterior",-3209.5,0
30,"R_Date","NM24-3",,"posterior",-3204.5,0
30,"R_Date","NM24-3",,"posterior",-3199.5,0
30,"R_Date","NM24-3",,"posterior",-3194.5,0
30,"R_Date","NM24-3",,"posterior",-3189.5,0
30,"R_Date","NM24-3",,"posterior",-3184.5,0
30,"R_Date","NM24-3",,"posterior",-3179.5,0
30,"R_Date","NM24-3",,"posterior",-3174.5,0
30,"R_Date","NM24-3",,"posterior",-3169.5,5.794e-8
30,"R_Date","NM24-3",,"posterior",-3164.5,5.794e-8
30,"R_Date","NM24-3",,"posterior",-3159.5,0
30,"R_Date","NM24-3",,"posterior",-3154.5,0
30,"R_Date","NM24-3",,"posterior",-3149.5,0
30,"R_Date","NM24-3",,"posterior",-3144.5,0
30,"R_Date","NM24-3",,"posterior",-3139.5,0
30,"R_Date","NM24-3",,"posterior",-3134.5,0
30,"R_Date","NM24-3",,"posterior",-3129.5,0
30,"R_Date","NM24-3",,"posterior",-3124.5,0
30,"R_Date","NM24-3",,"posterior",-3119.5,0
30,"R_Date","NM24-3",,"posterior",-3114.5,0
30,"R_Date","NM24-3",,"posterior",-3109.5,0
30,"R_Date","NM24-3",,"posterior",-3104.5,0.000003592
30,"R_Date","NM24-3",,"posterior",-3099.5,0.0004217
30,"R_Date","NM24-3",,"posterior",-3094.5,0.006544
30,"R_Date","NM24-3",,"posterior",-3089.5,0.012366
30,"R_Date","NM24-3",,"posterior",-3084.5,0.008858
30,"R_Date","NM24-3",,"posterior",-3079.5,0.004802
30,"R_Date","NM24-3",,"posterior",-3074.5,0.001906
30,"R_Date","NM24-3",,"posterior",-3069.5,0.0008204
30,"R_Date","NM24-3",,"posterior",-3064.5,0.0014696
30,"R_Date","NM24-3",,"posterior",-3059.5,0.007468
30,"R_Date","NM24-3",,"posterior",-3054.5,0.019167
30,"R_Date","NM24-3",,"posterior",-3049.5,0.026463
30,"R_Date","NM24-3",,"posterior",-3044.5,0.028311
30,"R_Date","NM24-3",,"posterior",-3039.5,0.028969
30,"R_Date","NM24-3",,"posterior",-3034.5,0.028586
30,"R_Date","NM24-3",,"posterior",-3029.5,0.019727
30,"R_Date","NM24-3",,"posterior",-3024.5,0.003827
30,"R_Date","NM24-3",,"posterior",-3019.5,0.00026011
30,"R_Date","NM24-3",,"posterior",-3014.5,0.000021292
30,"R_Date","NM24-3",,"posterior",-3009.5,3.766e-7
30,"R_Date","NM24-3",,"posterior",-3004.5,0
30,"R_Date","NM24-3",,"posterior",-2999.5,0
31,"R_Date","NM30",,"likelihood",-3374.5,0
31,"R_Date","NM30",,"likelihood",-3369.5,0
31,"R_Date","NM30",,"likelihood",-3364.5,0
31,"R_Date","NM30",,"likelihood",-3359.5,7.71e-9
31,"R_Date","NM30",,"likelihood",-3354.5,1.8503e-7
31,"R_Date","NM30",,"likelihood",-3349.5,0.0000013184
31,"R_Date","NM30",,"likelihood",-3344.5,0.0000026753
31,"R_Date","NM30",,"likelihood",-3339.5,0.000008874
31,"R_Date","NM30",,"likelihood",-3334.5,0.00004223
31,"R_Date","NM30",,"likelihood",-3329.5,0.00016735
31,"R_Date","NM30",,"likelihood",-3324.5,0.0004415
31,"R_Date","NM30",,"likelihood",-3319.5,0.0008185
31,"R_Date","NM30",,"likelihood",-3314.5,0.0011592
31,"R_Date","NM30",,"likelihood",-3309.5,0.0014996
31,"R_Date","NM30",,"likelihood",-3304.5,0.0017969
31,"R_Date","NM30",,"likelihood",-3299.5,0.0017366
31,"R_Date","NM30",,"likelihood",-3294.5,0.0012636
31,"R_Date","NM30",,"likelihood",-3289.5,0.0009588
31,"R_Date","NM30",,"likelihood",-3284.5,0.0012636
31,"R_Date","NM30",,"likelihood",-3279.5,0.0020153
31,"R_Date","NM30",,"likelihood",-3274.5,0.0017366
31,"R_Date","NM30",,"likelihood",-3269.5,0.0013216
31,"R_Date","NM30",,"likelihood",-3264.5,0.0016336
31,"R_Date","NM30",,"likelihood",-3259.5,0.0031432
31,"R_Date","NM30",,"likelihood",-3254.5,0.004106
31,"R_Date","NM30",,"likelihood",-3249.5,0.0031432
31,"R_Date","NM30",,"likelihood",-3244.5,0.0023729
31,"R_Date","NM30",,"likelihood",-3239.5,0.0014402
31,"R_Date","NM30",,"likelihood",-3234.5,0.0007137
31,"R_Date","NM30",,"likelihood",-3229.5,0.0004415
31,"R_Date","NM30",,"likelihood",-3224.5,0.00031355
31,"R_Date","NM30",,"likelihood",-3219.5,0.00028689
31,"R_Date","NM30",,"likelihood",-3214.5,0.00014894
31,"R_Date","NM30",,"likelihood",-3209.5,0.00004948
31,"R_Date","NM30",,"likelihood",-3204.5,0.000016561
31,"R_Date","NM30",,"likelihood",-3199.5,0.000011434
31,"R_Date","NM30",,"likelihood",-3194.5,0.00002528
31,"R_Date","NM30",,"likelihood",-3189.5,0.00008729
31,"R_Date","NM30",,"likelihood",-3184.5,0.00022109
31,"R_Date","NM30",,"likelihood",-3179.5,0.0004793
31,"R_Date","NM30",,"likelihood",-3174.5,0.0008185
31,"R_Date","NM30",,"likelihood",-3169.5,0.0011592
31,"R_Date","NM30",,"likelihood",-3164.5,0.001217
31,"R_Date","NM30",,"likelihood",-3159.5,0.0009323
31,"R_Date","NM30",,"likelihood",-3154.5,0.0004066
31,"R_Date","NM30",,"likelihood",-3149.5,0.00017136
31,"R_Date","NM30",,"likelihood",-3144.5,0.00007566
31,"R_Date","NM30",,"likelihood",-3139.5,0.00008729
31,"R_Date","NM30",,"likelihood",-3134.5,0.00012921
31,"R_Date","NM30",,"likelihood",-3129.5,0.00018785
31,"R_Date","NM30",,"likelihood",-3124.5,0.00018785
31,"R_Date","NM30",,"likelihood",-3119.5,0.00024581
31,"R_Date","NM30",,"likelihood",-3114.5,0.0003184
31,"R_Date","NM30",,"likelihood",-3109.5,0.0003463
31,"R_Date","NM30",,"likelihood",-3104.5,0.0007544
31,"R_Date","NM30",,"likelihood",-3099.5,0.0024298
31,"R_Date","NM30",,"likelihood",-3094.5,0.00523
31,"R_Date","NM30",,"likelihood",-3089.5,0.007132
31,"R_Date","NM30",,"likelihood",-3084.5,0.007618
31,"R_Date","NM30",,"likelihood",-3079.5,0.007565
31,"R_Date","NM30",,"likelihood",-3074.5,0.007236
31,"R_Date","NM30",,"likelihood",-3069.5,0.006682
31,"R_Date","NM30",,"likelihood",-3064.5,0.006827
31,"R_Date","NM30",,"likelihood",-3059.5,0.007699
31,"R_Date","NM30",,"likelihood",-3054.5,0.007428
31,"R_Date","NM30",,"likelihood",-3049.5,0.007013
31,"R_Date","NM30",,"likelihood",-3044.5,0.006861
31,"R_Date","NM30",,"likelihood",-3039.5,0.006976
31,"R_Date","NM30",,"likelihood",-3034.5,0.007165
31,"R_Date","NM30",,"likelihood",-3029.5,0.00771
31,"R_Date","NM30",,"likelihood",-3024.5,0.007289
31,"R_Date","NM30",,"likelihood",-3019.5,0.005626
31,"R_Date","NM30",,"likelihood",-3014.5,0.004375
31,"R_Date","NM30",,"likelihood",-3009.5,0.0028249
31,"R_Date","NM30",,"likelihood",-3004.5,0.0014787
31,"R_Date","NM30",,"likelihood",-2999.5,0.0009284
31,"R_Date","NM30",,"likelihood",-2994.5,0.000891
31,"R_Date","NM30",,"likelihood",-2989.5,0.0013015
31,"R_Date","NM30",,"likelihood",-2984.5,0.0020098
31,"R_Date","NM30",,"likelihood",-2979.5,0.0024531
31,"R_Date","NM30",,"likelihood",-2974.5,0.0027981
31,"R_Date","NM30",,"likelihood",-2969.5,0.0029518
31,"R_Date","NM30",,"likelihood",-2964.5,0.0026897
31,"R_Date","NM30",,"likelihood",-2959.5,0.0024523
31,"R_Date","NM30",,"likelihood",-2954.5,0.0023522
31,"R_Date","NM30",,"likelihood",-2949.5,0.0024558
31,"R_Date","NM30",,"likelihood",-2944.5,0.002743
31,"R_Date","NM30",,"likelihood",-2939.5,0.0029278
31,"R_Date","NM30",,"likelihood",-2934.5,0.0026337
31,"R_Date","NM30",,"likelihood",-2929.5,0.0018373
31,"R_Date","NM30",,"likelihood",-2924.5,0.0009798
31,"R_Date","NM30",,"likelihood",-2919.5,0.0004169
31,"R_Date","NM30",,"likelihood",-2914.5,0.0000919
31,"R_Date","NM30",,"likelihood",-2909.5,0.000011541
31,"R_Date","NM30",,"likelihood",-2904.5,0.0000015728
31,"R_Date","NM30",,"likelihood",-2899.5,1.5419e-7
31,"R_Date","NM30",,"likelihood",-2894.5,1.5419e-8
31,"R_Date","NM30",,"likelihood",-2889.5,0
31,"R_Date","NM30",,"likelihood",-2884.5,0
31,"R_Date","NM30",,"likelihood",-2879.5,0
31,"R_Date","NM30",,"posterior",-3339.5,0
31,"R_Date","NM30",,"posterior",-3334.5,0
31,"R_Date","NM30",,"posterior",-3329.5,0
31,"R_Date","NM30",,"posterior",-3324.5,1.0663e-7
31,"R_Date","NM30",,"posterior",-3319.5,0
31,"R_Date","NM30",,"posterior",-3314.5,2.5896e-7
31,"R_Date","NM30",,"posterior",-3309.5,5.179e-7
31,"R_Date","NM30",,"posterior",-3304.5,9.444e-7
31,"R_Date","NM30",,"posterior",-3299.5,7.312e-7
31,"R_Date","NM30",,"posterior",-3294.5,3.656e-7
31,"R_Date","NM30",,"posterior",-3289.5,1.0663e-7
31,"R_Date","NM30",,"posterior",-3284.5,0.0000010968
31,"R_Date","NM30",,"posterior",-3279.5,0.0000018736
31,"R_Date","NM30",,"posterior",-3274.5,0.0000010968
31,"R_Date","NM30",,"posterior",-3269.5,0.0000012491
31,"R_Date","NM30",,"posterior",-3264.5,0.0000013557
31,"R_Date","NM30",,"posterior",-3259.5,0.0000029095
31,"R_Date","NM30",,"posterior",-3254.5,0.000004067
31,"R_Date","NM30",,"posterior",-3249.5,0.0000030161
31,"R_Date","NM30",,"posterior",-3244.5,0.000003229
31,"R_Date","NM30",,"posterior",-3239.5,0.000002026
31,"R_Date","NM30",,"posterior",-3234.5,9.901e-7
31,"R_Date","NM30",,"posterior",-3229.5,6.245e-7
31,"R_Date","NM30",,"posterior",-3224.5,2.5896e-7
31,"R_Date","NM30",,"posterior",-3219.5,5.789e-7
31,"R_Date","NM30",,"posterior",-3214.5,4.722e-7
31,"R_Date","NM30",,"posterior",-3209.5,4.57e-8
31,"R_Date","NM30",,"posterior",-3204.5,0
31,"R_Date","NM30",,"posterior",-3199.5,0
31,"R_Date","NM30",,"posterior",-3194.5,1.0663e-7
31,"R_Date","NM30",,"posterior",-3189.5,5.179e-7
31,"R_Date","NM30",,"posterior",-3184.5,0.0000012948
31,"R_Date","NM30",,"posterior",-3179.5,0.000003077
31,"R_Date","NM30",,"posterior",-3174.5,0.000009018
31,"R_Date","NM30",,"posterior",-3169.5,0.000013847
31,"R_Date","NM30",,"posterior",-3164.5,0.000019529
31,"R_Date","NM30",,"posterior",-3159.5,0.000017442
31,"R_Date","NM30",,"posterior",-3154.5,0.000009018
31,"R_Date","NM30",,"posterior",-3149.5,0.00000489
31,"R_Date","NM30",,"posterior",-3144.5,0.0000028638
31,"R_Date","NM30",,"posterior",-3139.5,0.000004113
31,"R_Date","NM30",,"posterior",-3134.5,0.000008591
31,"R_Date","NM30",,"posterior",-3129.5,0.000021615
31,"R_Date","NM30",,"posterior",-3124.5,0.000031197
31,"R_Date","NM30",,"posterior",-3119.5,0.00005667
31,"R_Date","NM30",,"posterior",-3114.5,0.00010063
31,"R_Date","NM30",,"posterior",-3109.5,0.00017624
31,"R_Date","NM30",,"posterior",-3104.5,0.0005137
31,"R_Date","NM30",,"posterior",-3099.5,0.0018242
31,"R_Date","NM30",,"posterior",-3094.5,0.004206
31,"R_Date","NM30",,"posterior",-3089.5,0.006154
31,"R_Date","NM30",,"posterior",-3084.5,0.006904
31,"R_Date","NM30",,"posterior",-3079.5,0.007168
31,"R_Date","NM30",,"posterior",-3074.5,0.007235
31,"R_Date","NM30",,"posterior",-3069.5,0.007273
31,"R_Date","NM30",,"posterior",-3064.5,0.008265
31,"R_Date","NM30",,"posterior",-3059.5,0.010568
31,"R_Date","NM30",,"posterior",-3054.5,0.012124
31,"R_Date","NM30",,"posterior",-3049.5,0.013004
31,"R_Date","NM30",,"posterior",-3044.5,0.013429
31,"R_Date","NM30",,"posterior",-3039.5,0.013754
31,"R_Date","NM30",,"posterior",-3034.5,0.014309
31,"R_Date","NM30",,"posterior",-3029.5,0.015233
31,"R_Date","NM30",,"posterior",-3024.5,0.014321
31,"R_Date","NM30",,"posterior",-3019.5,0.011283
31,"R_Date","NM30",,"posterior",-3014.5,0.008541
31,"R_Date","NM30",,"posterior",-3009.5,0.005543
31,"R_Date","NM30",,"posterior",-3004.5,0.0029728
31,"R_Date","NM30",,"posterior",-2999.5,0.0017521
31,"R_Date","NM30",,"posterior",-2994.5,0.0013737
31,"R_Date","NM30",,"posterior",-2989.5,0.0015243
31,"R_Date","NM30",,"posterior",-2984.5,0.0017805
31,"R_Date","NM30",,"posterior",-2979.5,0.0017436
31,"R_Date","NM30",,"posterior",-2974.5,0.0015902
31,"R_Date","NM30",,"posterior",-2969.5,0.0013577
31,"R_Date","NM30",,"posterior",-2964.5,0.0009994
31,"R_Date","NM30",,"posterior",-2959.5,0.0007427
31,"R_Date","NM30",,"posterior",-2954.5,0.0005619
31,"R_Date","NM30",,"posterior",-2949.5,0.0004618
31,"R_Date","NM30",,"posterior",-2944.5,0.0003821
31,"R_Date","NM30",,"posterior",-2939.5,0.00029765
31,"R_Date","NM30",,"posterior",-2934.5,0.00018369
31,"R_Date","NM30",,"posterior",-2929.5,0.00008265
31,"R_Date","NM30",,"posterior",-2924.5,0.000026825
31,"R_Date","NM30",,"posterior",-2919.5,0.000005621
31,"R_Date","NM30",,"posterior",-2914.5,4.113e-7
31,"R_Date","NM30",,"posterior",-2909.5,4.57e-8
31,"R_Date","NM30",,"posterior",-2904.5,0
32,"R_Date","NM29",,"likelihood",-3369.5,0
32,"R_Date","NM29",,"likelihood",-3364.5,0
32,"R_Date","NM29",,"likelihood",-3359.5,7.844e-9
32,"R_Date","NM29",,"likelihood",-3354.5,8.628e-8
32,"R_Date","NM29",,"likelihood",-3349.5,6.51e-7
32,"R_Date","NM29",,"likelihood",-3344.5,0.0000013334
32,"R_Date","NM29",,"likelihood",-3339.5,0.000004659
32,"R_Date","NM29",,"likelihood",-3334.5,0.00002397
32,"R_Date","NM29",,"likelihood",-3329.5,0.00010378
32,"R_Date","NM29",,"likelihood",-3324.5,0.00029185
32,"R_Date","NM29",,"likelihood",-3319.5,0.0005668
32,"R_Date","NM29",,"likelihood",-3314.5,0.0008264
32,"R_Date","NM29",,"likelihood",-3309.5,0.0010943
32,"R_Date","NM29",,"likelihood",-3304.5,0.0013343
32,"R_Date","NM29",,"likelihood",-3299.5,0.0012758
32,"R_Date","NM29",,"likelihood",-3294.5,0.0009008
32,"R_Date","NM29",,"likelihood",-3289.5,0.0006672
32,"R_Date","NM29",,"likelihood",-3284.5,0.0009008
32,"R_Date","NM29",,"likelihood",-3279.5,0.0015141
32,"R_Date","NM29",,"likelihood",-3274.5,0.0012758
32,"R_Date","NM29",,"likelihood",-3269.5,0.0009532
32,"R_Date","NM29",,"likelihood",-3264.5,0.0011929
32,"R_Date","NM29",,"likelihood",-3259.5,0.0024676
32,"R_Date","NM29",,"likelihood",-3254.5,0.003367
32,"R_Date","NM29",,"likelihood",-3249.5,0.0024676
32,"R_Date","NM29",,"likelihood",-3244.5,0.0018142
32,"R_Date","NM29",,"likelihood",-3239.5,0.0010391
32,"R_Date","NM29",,"likelihood",-3234.5,0.0004848
32,"R_Date","NM29",,"likelihood",-3229.5,0.00029185
32,"R_Date","NM29",,"likelihood",-3224.5,0.00020059
32,"R_Date","NM29",,"likelihood",-3219.5,0.00018244
32,"R_Date","NM29",,"likelihood",-3214.5,0.00009082
32,"R_Date","NM29",,"likelihood",-3209.5,0.000028629
32,"R_Date","NM29",,"likelihood",-3204.5,0.000008965
32,"R_Date","NM29",,"likelihood",-3199.5,0.000006079
32,"R_Date","NM29",,"likelihood",-3194.5,0.000014126
32,"R_Date","NM29",,"likelihood",-3189.5,0.00005264
32,"R_Date","NM29",,"likelihood",-3184.5,0.00013952
32,"R_Date","NM29",,"likelihood",-3179.5,0.0003215
32,"R_Date","NM29",,"likelihood",-3174.5,0.0005668
32,"R_Date","NM29",,"likelihood",-3169.5,0.0008264
32,"R_Date","NM29",,"likelihood",-3164.5,0.0008781
32,"R_Date","NM29",,"likelihood",-3159.5,0.0006578
32,"R_Date","NM29",,"likelihood",-3154.5,0.00026721
32,"R_Date","NM29",,"likelihood",-3149.5,0.00010747
32,"R_Date","NM29",,"likelihood",-3144.5,0.0000448
32,"R_Date","NM29",,"likelihood",-3139.5,0.00005264
32,"R_Date","NM29",,"likelihood",-3134.5,0.00007968
32,"R_Date","NM29",,"likelihood",-3129.5,0.00011846
32,"R_Date","NM29",,"likelihood",-3124.5,0.00011846
32,"R_Date","NM29",,"likelihood",-3119.5,0.00015764
32,"R_Date","NM29",,"likelihood",-3114.5,0.00020768
32,"R_Date","NM29",,"likelihood",-3109.5,0.00022715
32,"R_Date","NM29",,"likelihood",-3104.5,0.0005234
32,"R_Date","NM29",,"likelihood",-3099.5,0.0018758
32,"R_Date","NM29",,"likelihood",-3094.5,0.004468
32,"R_Date","NM29",,"likelihood",-3089.5,0.006671
32,"R_Date","NM29",,"likelihood",-3084.5,0.007499
32,"R_Date","NM29",,"likelihood",-3079.5,0.007705
32,"R_Date","NM29",,"likelihood",-3074.5,0.007682
32,"R_Date","NM29",,"likelihood",-3069.5,0.007306
32,"R_Date","NM29",,"likelihood",-3064.5,0.00736
32,"R_Date","NM29",,"likelihood",-3059.5,0.007844
32,"R_Date","NM29",,"likelihood",-3054.5,0.007107
32,"R_Date","NM29",,"likelihood",-3049.5,0.006464
32,"R_Date","NM29",,"likelihood",-3044.5,0.006266
32,"R_Date","NM29",,"likelihood",-3039.5,0.006408
32,"R_Date","NM29",,"likelihood",-3034.5,0.006652
32,"R_Date","NM29",,"likelihood",-3029.5,0.007502
32,"R_Date","NM29",,"likelihood",-3024.5,0.007778
32,"R_Date","NM29",,"likelihood",-3019.5,0.006426
32,"R_Date","NM29",,"likelihood",-3014.5,0.005233
32,"R_Date","NM29",,"likelihood",-3009.5,0.003589
32,"R_Date","NM29",,"likelihood",-3004.5,0.0020125
32,"R_Date","NM29",,"likelihood",-2999.5,0.0013073
32,"R_Date","NM29",,"likelihood",-2994.5,0.001268
32,"R_Date","NM29",,"likelihood",-2989.5,0.0017922
32,"R_Date","NM29",,"likelihood",-2984.5,0.002636
32,"R_Date","NM29",,"likelihood",-2979.5,0.003168
32,"R_Date","NM29",,"likelihood",-2974.5,0.003559
32,"R_Date","NM29",,"likelihood",-2969.5,0.003686
32,"R_Date","NM29",,"likelihood",-2964.5,0.003437
32,"R_Date","NM29",,"likelihood",-2959.5,0.003168
32,"R_Date","NM29",,"likelihood",-2954.5,0.0030526
32,"R_Date","NM29",,"likelihood",-2949.5,0.003172
32,"R_Date","NM29",,"likelihood",-2944.5,0.003497
32,"R_Date","NM29",,"likelihood",-2939.5,0.003681
32,"R_Date","NM29",,"likelihood",-2934.5,0.003354
32,"R_Date","NM29",,"likelihood",-2929.5,0.0024476
32,"R_Date","NM29",,"likelihood",-2924.5,0.0013835
32,"R_Date","NM29",,"likelihood",-2919.5,0.0006238
32,"R_Date","NM29",,"likelihood",-2914.5,0.00015276
32,"R_Date","NM29",,"likelihood",-2909.5,0.000021649
32,"R_Date","NM29",,"likelihood",-2904.5,0.000003185
32,"R_Date","NM29",,"likelihood",-2899.5,3.53e-7
32,"R_Date","NM29",,"likelihood",-2894.5,3.1375e-8
32,"R_Date","NM29",,"likelihood",-2889.5,0
32,"R_Date","NM29",,"likelihood",-2884.5,0
32,"R_Date","NM29",,"likelihood",-2879.5,0
32,"R_Date","NM29",,"posterior",-3334.5,0
32,"R_Date","NM29",,"posterior",-3329.5,0
32,"R_Date","NM29",,"posterior",-3324.5,0
32,"R_Date","NM29",,"posterior",-3319.5,1.0346e-7
32,"R_Date","NM29",,"posterior",-3314.5,1.6257e-7
32,"R_Date","NM29",,"posterior",-3309.5,5.173e-7
32,"R_Date","NM29",,"posterior",-3304.5,6.799e-7
32,"R_Date","NM29",,"posterior",-3299.5,5.173e-7
32,"R_Date","NM29",,"posterior",-3294.5,3.1037e-7
32,"R_Date","NM29",,"posterior",-3289.5,2.6603e-7
32,"R_Date","NM29",,"posterior",-3284.5,7.242e-7
32,"R_Date","NM29",,"posterior",-3279.5,9.902e-7
32,"R_Date","NM29",,"posterior",-3274.5,8.868e-7
32,"R_Date","NM29",,"posterior",-3269.5,6.207e-7
32,"R_Date","NM29",,"posterior",-3264.5,8.868e-7
32,"R_Date","NM29",,"posterior",-3259.5,0.0000021874
32,"R_Date","NM29",,"posterior",-3254.5,0.000003902
32,"R_Date","NM29",,"posterior",-3249.5,0.0000029115
32,"R_Date","NM29",,"posterior",-3244.5,0.0000025568
32,"R_Date","NM29",,"posterior",-3239.5,0.0000011528
32,"R_Date","NM29",,"posterior",-3234.5,4.729e-7
32,"R_Date","NM29",,"posterior",-3229.5,4.729e-7
32,"R_Date","NM29",,"posterior",-3224.5,3.695e-7
32,"R_Date","NM29",,"posterior",-3219.5,5.764e-7
32,"R_Date","NM29",,"posterior",-3214.5,1.6257e-7
32,"R_Date","NM29",,"posterior",-3209.5,1.0346e-7
32,"R_Date","NM29",,"posterior",-3204.5,1.0346e-7
32,"R_Date","NM29",,"posterior",-3199.5,0
32,"R_Date","NM29",,"posterior",-3194.5,1.6257e-7
32,"R_Date","NM29",,"posterior",-3189.5,1.0346e-7
32,"R_Date","NM29",,"posterior",-3184.5,9.311e-7
32,"R_Date","NM29",,"posterior",-3179.5,0.0000024977
32,"R_Date","NM29",,"posterior",-3174.5,0.000006562
32,"R_Date","NM29",,"posterior",-3169.5,0.00000974
32,"R_Date","NM29",,"posterior",-3164.5,0.000012814
32,"R_Date","NM29",,"posterior",-3159.5,0.000012548
32,"R_Date","NM29",,"posterior",-3154.5,0.000005779
32,"R_Date","NM29",,"posterior",-3149.5,0.000003281
32,"R_Date","NM29",,"posterior",-3144.5,0.0000020839
32,"R_Date","NM29",,"posterior",-3139.5,0.0000028081
32,"R_Date","NM29",,"posterior",-3134.5,0.000005365
32,"R_Date","NM29",,"posterior",-3129.5,0.000012237
32,"R_Date","NM29",,"posterior",-3124.5,0.000018799
32,"R_Date","NM29",,"posterior",-3119.5,0.00003661
32,"R_Date","NM29",,"posterior",-3114.5,0.00006271
32,"R_Date","NM29",,"posterior",-3109.5,0.00011135
32,"R_Date","NM29",,"posterior",-3104.5,0.000349
32,"R_Date","NM29",,"posterior",-3099.5,0.001375
32,"R_Date","NM29",,"posterior",-3094.5,0.003475
32,"R_Date","NM29",,"posterior",-3089.5,0.005536
32,"R_Date","NM29",,"posterior",-3084.5,0.006621
32,"R_Date","NM29",,"posterior",-3079.5,0.007142
32,"R_Date","NM29",,"posterior",-3074.5,0.007431
32,"R_Date","NM29",,"posterior",-3069.5,0.007715
32,"R_Date","NM29",,"posterior",-3064.5,0.00865
32,"R_Date","NM29",,"posterior",-3059.5,0.010401
32,"R_Date","NM29",,"posterior",-3054.5,0.011258
32,"R_Date","NM29",,"posterior",-3049.5,0.011675
32,"R_Date","NM29",,"posterior",-3044.5,0.011909
32,"R_Date","NM29",,"posterior",-3039.5,0.012303
32,"R_Date","NM29",,"posterior",-3034.5,0.012915
32,"R_Date","NM29",,"posterior",-3029.5,0.014445
32,"R_Date","NM29",,"posterior",-3024.5,0.014779
32,"R_Date","NM29",,"posterior",-3019.5,0.01242
32,"R_Date","NM29",,"posterior",-3014.5,0.009895
32,"R_Date","NM29",,"posterior",-3009.5,0.006821
32,"R_Date","NM29",,"posterior",-3004.5,0.00392
32,"R_Date","NM29",,"posterior",-2999.5,0.002336
32,"R_Date","NM29",,"posterior",-2994.5,0.0018623
32,"R_Date","NM29",,"posterior",-2989.5,0.0020127
32,"R_Date","NM29",,"posterior",-2984.5,0.0022226
32,"R_Date","NM29",,"posterior",-2979.5,0.0021294
32,"R_Date","NM29",,"posterior",-2974.5,0.0019251
32,"R_Date","NM29",,"posterior",-2969.5,0.0016012
32,"R_Date","NM29",,"posterior",-2964.5,0.0011993
32,"R_Date","NM29",,"posterior",-2959.5,0.000899
32,"R_Date","NM29",,"posterior",-2954.5,0.0007067
32,"R_Date","NM29",,"posterior",-2949.5,0.0005508
32,"R_Date","NM29",,"posterior",-2944.5,0.0004612
32,"R_Date","NM29",,"posterior",-2939.5,0.0003541
32,"R_Date","NM29",,"posterior",-2934.5,0.00022952
32,"R_Date","NM29",,"posterior",-2929.5,0.00010328
32,"R_Date","NM29",,"posterior",-2924.5,0.00003506
32,"R_Date","NM29",,"posterior",-2919.5,0.000006976
32,"R_Date","NM29",,"posterior",-2914.5,7.833e-7
32,"R_Date","NM29",,"posterior",-2909.5,0
32,"R_Date","NM29",,"posterior",-2904.5,0
33,"R_Date","NM9",,"likelihood",-3374.5,0
33,"R_Date","NM9",,"likelihood",-3369.5,0
33,"R_Date","NM9",,"likelihood",-3364.5,0
33,"R_Date","NM9",,"likelihood",-3359.5,6.733e-8
33,"R_Date","NM9",,"likelihood",-3354.5,6.464e-7
33,"R_Date","NM9",,"likelihood",-3349.5,0.0000030031
33,"R_Date","NM9",,"likelihood",-3344.5,0.000005824
33,"R_Date","NM9",,"likelihood",-3339.5,0.00001544
33,"R_Date","NM9",,"likelihood",-3334.5,0.0000556
33,"R_Date","NM9",,"likelihood",-3329.5,0.00017239
33,"R_Date","NM9",,"likelihood",-3324.5,0.0003944
33,"R_Date","NM9",,"likelihood",-3319.5,0.0006739
33,"R_Date","NM9",,"likelihood",-3314.5,0.0009155
33,"R_Date","NM9",,"likelihood",-3309.5,0.0011514
33,"R_Date","NM9",,"likelihood",-3304.5,0.001355
33,"R_Date","NM9",,"likelihood",-3299.5,0.0013166
33,"R_Date","NM9",,"likelihood",-3294.5,0.0009922
33,"R_Date","NM9",,"likelihood",-3289.5,0.0007786
33,"R_Date","NM9",,"likelihood",-3284.5,0.0009922
33,"R_Date","NM9",,"likelihood",-3279.5,0.0015037
33,"R_Date","NM9",,"likelihood",-3274.5,0.0013166
33,"R_Date","NM9",,"likelihood",-3269.5,0.0010285
33,"R_Date","NM9",,"likelihood",-3264.5,0.0012465
33,"R_Date","NM9",,"likelihood",-3259.5,0.0022665
33,"R_Date","NM9",,"likelihood",-3254.5,0.0029361
33,"R_Date","NM9",,"likelihood",-3249.5,0.0022665
33,"R_Date","NM9",,"likelihood",-3244.5,0.0017465
33,"R_Date","NM9",,"likelihood",-3239.5,0.0011141
33,"R_Date","NM9",,"likelihood",-3234.5,0.0006022
33,"R_Date","NM9",,"likelihood",-3229.5,0.0003944
33,"R_Date","NM9",,"likelihood",-3224.5,0.00029763
33,"R_Date","NM9",,"likelihood",-3219.5,0.00027601
33,"R_Date","NM9",,"likelihood",-3214.5,0.0001588
33,"R_Date","NM9",,"likelihood",-3209.5,0.00006197
33,"R_Date","NM9",,"likelihood",-3204.5,0.000025721
33,"R_Date","NM9",,"likelihood",-3199.5,0.000018988
33,"R_Date","NM9",,"likelihood",-3194.5,0.00003545
33,"R_Date","NM9",,"likelihood",-3189.5,0.00009771
33,"R_Date","NM9",,"likelihood",-3184.5,0.00021832
33,"R_Date","NM9",,"likelihood",-3179.5,0.0004194
33,"R_Date","NM9",,"likelihood",-3174.5,0.0006739
33,"R_Date","NM9",,"likelihood",-3169.5,0.0009155
33,"R_Date","NM9",,"likelihood",-3164.5,0.000952
33,"R_Date","NM9",,"likelihood",-3159.5,0.0007512
33,"R_Date","NM9",,"likelihood",-3154.5,0.0003674
33,"R_Date","NM9",,"likelihood",-3149.5,0.00017318
33,"R_Date","NM9",,"likelihood",-3144.5,0.00008838
33,"R_Date","NM9",,"likelihood",-3139.5,0.00009771
33,"R_Date","NM9",,"likelihood",-3134.5,0.0001362
33,"R_Date","NM9",,"likelihood",-3129.5,0.0001873
33,"R_Date","NM9",,"likelihood",-3124.5,0.0001873
33,"R_Date","NM9",,"likelihood",-3119.5,0.00023573
33,"R_Date","NM9",,"likelihood",-3114.5,0.00029444
33,"R_Date","NM9",,"likelihood",-3109.5,0.0003166
33,"R_Date","NM9",,"likelihood",-3104.5,0.0006233
33,"R_Date","NM9",,"likelihood",-3099.5,0.0017855
33,"R_Date","NM9",,"likelihood",-3094.5,0.003749
33,"R_Date","NM9",,"likelihood",-3089.5,0.005429
33,"R_Date","NM9",,"likelihood",-3084.5,0.00617
33,"R_Date","NM9",,"likelihood",-3079.5,0.006463
33,"R_Date","NM9",,"likelihood",-3074.5,0.00665
33,"R_Date","NM9",,"likelihood",-3069.5,0.006547
33,"R_Date","NM9",,"likelihood",-3064.5,0.006518
33,"R_Date","NM9",,"likelihood",-3059.5,0.006549
33,"R_Date","NM9",,"likelihood",-3054.5,0.005796
33,"R_Date","NM9",,"likelihood",-3049.5,0.005247
33,"R_Date","NM9",,"likelihood",-3044.5,0.00509
33,"R_Date","NM9",,"likelihood",-3039.5,0.0052
33,"R_Date","NM9",,"likelihood",-3034.5,0.005392
33,"R_Date","NM9",,"likelihood",-3029.5,0.006117
33,"R_Date","NM9",,"likelihood",-3024.5,0.006733
33,"R_Date","NM9",,"likelihood",-3019.5,0.006141
33,"R_Date","NM9",,"likelihood",-3014.5,0.005444
33,"R_Date","NM9",,"likelihood",-3009.5,0.004285
33,"R_Date","NM9",,"likelihood",-3004.5,0.0029142
33,"R_Date","NM9",,"likelihood",-2999.5,0.0021382
33,"R_Date","NM9",,"likelihood",-2994.5,0.002125
33,"R_Date","NM9",,"likelihood",-2989.5,0.0026932
33,"R_Date","NM9",,"likelihood",-2984.5,0.003459
33,"R_Date","NM9",,"likelihood",-2979.5,0.003948
33,"R_Date","NM9",,"likelihood",-2974.5,0.00426
33,"R_Date","NM9",,"likelihood",-2969.5,0.00429
33,"R_Date","NM9",,"likelihood",-2964.5,0.004164
33,"R_Date","NM9",,"likelihood",-2959.5,0.003948
33,"R_Date","NM9",,"likelihood",-2954.5,0.003852
33,"R_Date","NM9",,"likelihood",-2949.5,0.003951
33,"R_Date","NM9",,"likelihood",-2944.5,0.004213
33,"R_Date","NM9",,"likelihood",-2939.5,0.004321
33,"R_Date","NM9",,"likelihood",-2934.5,0.004064
33,"R_Date","NM9",,"likelihood",-2929.5,0.003325
33,"R_Date","NM9",,"likelihood",-2924.5,0.0022569
33,"R_Date","NM9",,"likelihood",-2919.5,0.0012737
33,"R_Date","NM9",,"likelihood",-2914.5,0.0004818
33,"R_Date","NM9",,"likelihood",-2909.5,0.00012439
33,"R_Date","NM9",,"likelihood",-2904.5,0.000029889
33,"R_Date","NM9",,"likelihood",-2899.5,0.000005999
33,"R_Date","NM9",,"likelihood",-2894.5,9.965e-7
33,"R_Date","NM9",,"likelihood",-2889.5,1.1447e-7
33,"R_Date","NM9",,"likelihood",-2884.5,6.733e-9
33,"R_Date","NM9",,"likelihood",-2879.5,0
33,"R_Date","NM9",,"likelihood",-2874.5,0
33,"R_Date","NM9",,"likelihood",-2869.5,0
33,"R_Date","NM9",,"posterior",-3339.5,0
33,"R_Date","NM9",,"posterior",-3334.5,0
33,"R_Date","NM9",,"posterior",-3329.5,0
33,"R_Date","NM9",,"posterior",-3324.5,5.538e-8
33,"R_Date","NM9",,"posterior",-3319.5,1.523e-7
33,"R_Date","NM9",,"posterior",-3314.5,2.0768e-7
33,"R_Date","NM9",,"posterior",-3309.5,3.6e-7
33,"R_Date","NM9",,"posterior",-3304.5,6.784e-7
33,"R_Date","NM9",,"posterior",-3299.5,8.307e-7
33,"R_Date","NM9",,"posterior",-3294.5,7.338e-7
33,"R_Date","NM9",,"posterior",-3289.5,2.6306e-7
33,"R_Date","NM9",,"posterior",-3284.5,4.154e-7
33,"R_Date","NM9",,"posterior",-3279.5,5.677e-7
33,"R_Date","NM9",,"posterior",-3274.5,0.0000011492
33,"R_Date","NM9",,"posterior",-3269.5,0.0000015091
33,"R_Date","NM9",,"posterior",-3264.5,0.0000010938
33,"R_Date","NM9",,"posterior",-3259.5,0.0000013015
33,"R_Date","NM9",,"posterior",-3254.5,0.000002866
33,"R_Date","NM9",,"posterior",-3249.5,0.000003544
33,"R_Date","NM9",,"posterior",-3244.5,0.0000036
33,"R_Date","NM9",,"posterior",-3239.5,0.0000011492
33,"R_Date","NM9",,"posterior",-3234.5,6.23e-7
33,"R_Date","NM9",,"posterior",-3229.5,9.415e-7
33,"R_Date","NM9",,"posterior",-3224.5,2.0768e-7
33,"R_Date","NM9",,"posterior",-3219.5,2.6306e-7
33,"R_Date","NM9",,"posterior",-3214.5,2.6306e-7
33,"R_Date","NM9",,"posterior",-3209.5,2.6306e-7
33,"R_Date","NM9",,"posterior",-3204.5,5.538e-8
33,"R_Date","NM9",,"posterior",-3199.5,1.1076e-7
33,"R_Date","NM9",,"posterior",-3194.5,5.538e-8
33,"R_Date","NM9",,"posterior",-3189.5,3.6e-7
33,"R_Date","NM9",,"posterior",-3184.5,9.83e-7
33,"R_Date","NM9",,"posterior",-3179.5,0.000004015
33,"R_Date","NM9",,"posterior",-3174.5,0.000006203
33,"R_Date","NM9",,"posterior",-3169.5,0.000011409
33,"R_Date","NM9",,"posterior",-3164.5,0.000015631
33,"R_Date","NM9",,"posterior",-3159.5,0.000016254
33,"R_Date","NM9",,"posterior",-3154.5,0.000010052
33,"R_Date","NM9",,"posterior",-3149.5,0.000005261
33,"R_Date","NM9",,"posterior",-3144.5,0.000003641
33,"R_Date","NM9",,"posterior",-3139.5,0.000005787
33,"R_Date","NM9",,"posterior",-3134.5,0.000010204
33,"R_Date","NM9",,"posterior",-3129.5,0.000019536
33,"R_Date","NM9",,"posterior",-3124.5,0.00003344
33,"R_Date","NM9",,"posterior",-3119.5,0.00005073
33,"R_Date","NM9",,"posterior",-3114.5,0.00009989
33,"R_Date","NM9",,"posterior",-3109.5,0.00017224
33,"R_Date","NM9",,"posterior",-3104.5,0.0004391
33,"R_Date","NM9",,"posterior",-3099.5,0.0014048
33,"R_Date","NM9",,"posterior",-3094.5,0.003174
33,"R_Date","NM9",,"posterior",-3089.5,0.004911
33,"R_Date","NM9",,"posterior",-3084.5,0.005908
33,"R_Date","NM9",,"posterior",-3079.5,0.006519
33,"R_Date","NM9",,"posterior",-3074.5,0.007051
33,"R_Date","NM9",,"posterior",-3069.5,0.007389
33,"R_Date","NM9",,"posterior",-3064.5,0.008196
33,"R_Date","NM9",,"posterior",-3059.5,0.009448
33,"R_Date","NM9",,"posterior",-3054.5,0.009972
33,"R_Date","NM9",,"posterior",-3049.5,0.010317
33,"R_Date","NM9",,"posterior",-3044.5,0.01047
33,"R_Date","NM9",,"posterior",-3039.5,0.010794
33,"R_Date","NM9",,"posterior",-3034.5,0.011339
33,"R_Date","NM9",,"posterior",-3029.5,0.012794
33,"R_Date","NM9",,"posterior",-3024.5,0.013845
33,"R_Date","NM9",,"posterior",-3019.5,0.012836
33,"R_Date","NM9",,"posterior",-3014.5,0.011249
33,"R_Date","NM9",,"posterior",-3009.5,0.00876
33,"R_Date","NM9",,"posterior",-3004.5,0.006001
33,"R_Date","NM9",,"posterior",-2999.5,0.004073
33,"R_Date","NM9",,"posterior",-2994.5,0.003336
33,"R_Date","NM9",,"posterior",-2989.5,0.003223
33,"R_Date","NM9",,"posterior",-2984.5,0.0031351
33,"R_Date","NM9",,"posterior",-2979.5,0.0028172
33,"R_Date","NM9",,"posterior",-2974.5,0.0024167
33,"R_Date","NM9",,"posterior",-2969.5,0.0019288
33,"R_Date","NM9",,"posterior",-2964.5,0.0015045
33,"R_Date","NM9",,"posterior",-2959.5,0.0011692
33,"R_Date","NM9",,"posterior",-2954.5,0.0008926
33,"R_Date","NM9",,"posterior",-2949.5,0.0007027
33,"R_Date","NM9",,"posterior",-2944.5,0.0005731
33,"R_Date","NM9",,"posterior",-2939.5,0.00043
33,"R_Date","NM9",,"posterior",-2934.5,0.00027724
33,"R_Date","NM9",,"posterior",-2929.5,0.00014421
33,"R_Date","NM9",,"posterior",-2924.5,0.00005563
33,"R_Date","NM9",,"posterior",-2919.5,0.000014634
33,"R_Date","NM9",,"posterior",-2914.5,0.0000026029
33,"R_Date","NM9",,"posterior",-2909.5,1.1076e-7
33,"R_Date","NM9",,"posterior",-2904.5,0
33,"R_Date","NM9",,"posterior",-2899.5,0
34,"Combine","NM4",,"likelihood",-3099.5,0
34,"Combine","NM4",,"likelihood",-3094.5,0
34,"Combine","NM4",,"likelihood",-3089.5,0
34,"Combine","NM4",,"likelihood",-3084.5,2.108e-7
34,"Combine","NM4",,"likelihood",-3079.5,8.432e-7
34,"Combine","NM4",,"likelihood",-3074.5,0.0000028459
34,"Combine","NM4",,"likelihood",-3069.5,0.000008063
34,"Combine","NM4",,"likelihood",-3064.5,0.000007115
34,"Combine","NM4",,"likelihood",-3059.5,5.797e-7
34,"Combine","NM4",,"likelihood",-3054.5,5.27e-8
34,"Combine","NM4",,"likelihood",-3049.5,0
34,"Combine","NM4",,"likelihood",-3044.5,0
34,"Combine","NM4",,"likelihood",-3039.5,0
34,"Combine","NM4",,"likelihood",-3034.5,0
34,"Combine","NM4",,"likelihood",-3029.5,1.054e-7
34,"Combine","NM4",,"likelihood",-3024.5,0.0000023715
34,"Combine","NM4",,"likelihood",-3019.5,0.00003362
34,"Combine","NM4",,"likelihood",-3014.5,0.00013254
34,"Combine","NM4",,"likelihood",-3009.5,0.0006427
34,"Combine","NM4",,"likelihood",-3004.5,0.002885
34,"Combine","NM4",,"likelihood",-2999.5,0.006881
34,"Combine","NM4",,"likelihood",-2994.5,0.006486
34,"Combine","NM4",,"likelihood",-2989.5,0.003628
34,"Combine","NM4",,"likelihood",-2984.5,0.0017972
34,"Combine","NM4",,"likelihood",-2979.5,0.0009515
34,"Combine","NM4",,"likelihood",-2974.5,0.0006642
34,"Combine","NM4",,"likelihood",-2969.5,0.0007898
34,"Combine","NM4",,"likelihood",-2964.5,0.0007434
34,"Combine","NM4",,"likelihood",-2959.5,0.000951
34,"Combine","NM4",,"likelihood",-2954.5,0.0010587
34,"Combine","NM4",,"likelihood",-2949.5,0.0009472
34,"Combine","NM4",,"likelihood",-2944.5,0.0007004
34,"Combine","NM4",,"likelihood",-2939.5,0.0006862
34,"Combine","NM4",,"likelihood",-2934.5,0.0009269
34,"Combine","NM4",,"likelihood",-2929.5,0.0018815
34,"Combine","NM4",,"likelihood",-2924.5,0.00566
34,"Combine","NM4",,"likelihood",-2919.5,0.016472
34,"Combine","NM4",,"likelihood",-2914.5,0.03791
34,"Combine","NM4",,"likelihood",-2909.5,0.0527
34,"Combine","NM4",,"likelihood",-2904.5,0.0358
34,"Combine","NM4",,"likelihood",-2899.5,0.014643
34,"Combine","NM4",,"likelihood",-2894.5,0.003544
34,"Combine","NM4",,"likelihood",-2889.5,0.0004331
34,"Combine","NM4",,"likelihood",-2884.5,0.000019657
34,"Combine","NM4",,"likelihood",-2879.5,1.581e-7
34,"Combine","NM4",,"likelihood",-2874.5,0
34,"Combine","NM4",,"likelihood",-2869.5,0
34,"Combine","NM4",,"likelihood",-2864.5,0
34,"Combine","NM4",,"posterior",-3094.5,0
34,"Combine","NM4",,"posterior",-3089.5,5.992e-8
34,"Combine","NM4",,"posterior",-3084.5,0.0000013781
34,"Combine","NM4",,"posterior",-3079.5,0.000005512
34,"Combine","NM4",,"posterior",-3074.5,0.000020851
34,"Combine","NM4",,"posterior",-3069.5,0.00005836
34,"Combine","NM4",,"posterior",-3064.5,0.00005524
34,"Combine","NM4",,"posterior",-3059.5,0.000010605
34,"Combine","NM4",,"posterior",-3054.5,9.587e-7
34,"Combine","NM4",,"posterior",-3049.5,0.00020827
34,"Combine","NM4",,"posterior",-3044.5,0.00010371
34,"Combine","NM4",,"posterior",-3039.5,0.0000019173
34,"Combine","NM4",,"posterior",-3034.5,8.388e-7
34,"Combine","NM4",,"posterior",-3029.5,0.0000026363
34,"Combine","NM4",,"posterior",-3024.5,0.00005356
34,"Combine","NM4",,"posterior",-3019.5,0.0005965
34,"Combine","NM4",,"posterior",-3014.5,0.0025226
34,"Combine","NM4",,"posterior",-3009.5,0.010832
34,"Combine","NM4",,"posterior",-3004.5,0.03575
34,"Combine","NM4",,"posterior",-2999.5,0.05992
34,"Combine","NM4",,"posterior",-2994.5,0.04557
34,"Combine","NM4",,"posterior",-2989.5,0.02104
34,"Combine","NM4",,"posterior",-2984.5,0.008304
34,"Combine","NM4",,"posterior",-2979.5,0.003593
34,"Combine","NM4",,"posterior",-2974.5,0.0020362
34,"Combine","NM4",,"posterior",-2969.5,0.0017726
34,"Combine","NM4",,"posterior",-2964.5,0.0014269
34,"Combine","NM4",,"posterior",-2959.5,0.001373
34,"Combine","NM4",,"posterior",-2954.5,0.0011774
34,"Combine","NM4",,"posterior",-2949.5,0.000812
34,"Combine","NM4",,"posterior",-2944.5,0.0004711
34,"Combine","NM4",,"posterior",-2939.5,0.0003334
34,"Combine","NM4",,"posterior",-2934.5,0.00029874
34,"Combine","NM4",,"posterior",-2929.5,0.0003682
34,"Combine","NM4",,"posterior",-2924.5,0.0004993
34,"Combine","NM4",,"posterior",-2919.5,0.0004566
34,"Combine","NM4",,"posterior",-2914.5,0.00024817
34,"Combine","NM4",,"posterior",-2909.5,0.00007112
34,"Combine","NM4",,"posterior",-2904.5,0.000008568
34,"Combine","NM4",,"posterior",-2899.5,1.1983e-7
34,"Combine","NM4",,"posterior",-2894.5,0
34,"Combine","NM4",,"posterior",-2889.5,0
35,"R_Date","NM4-1",,"likelihood",-3294.5,0
35,"R_Date","NM4-1",,"likelihood",-3289.5,0
35,"R_Date","NM4-1",,"likelihood",-3284.5,0
35,"R_Date","NM4-1",,"likelihood",-3279.5,2.8103e-8
35,"R_Date","NM4-1",,"likelihood",-3274.5,2.8103e-8
35,"R_Date","NM4-1",,"likelihood",-3269.5,0
35,"R_Date","NM4-1",,"likelihood",-3264.5,0
35,"R_Date","NM4-1",,"likelihood",-3259.5,1.1241e-7
35,"R_Date","NM4-1",,"likelihood",-3254.5,4.215e-7
35,"R_Date","NM4-1",,"likelihood",-3249.5,1.1241e-7
35,"R_Date","NM4-1",,"likelihood",-3244.5,5.621e-8
35,"R_Date","NM4-1",,"likelihood",-3239.5,0
35,"R_Date","NM4-1",,"likelihood",-3234.5,0
35,"R_Date","NM4-1",,"likelihood",-3229.5,0
35,"R_Date","NM4-1",,"likelihood",-3224.5,0
35,"R_Date","NM4-1",,"likelihood",-3219.5,0
35,"R_Date","NM4-1",,"likelihood",-3214.5,0
35,"R_Date","NM4-1",,"likelihood",-3209.5,0
35,"R_Date","NM4-1",,"likelihood",-3204.5,0
35,"R_Date","NM4-1",,"likelihood",-3199.5,0
35,"R_Date","NM4-1",,"likelihood",-3194.5,0
35,"R_Date","NM4-1",,"likelihood",-3189.5,0
35,"R_Date","NM4-1",,"likelihood",-3184.5,0
35,"R_Date","NM4-1",,"likelihood",-3179.5,0
35,"R_Date","NM4-1",,"likelihood",-3174.5,0
35,"R_Date","NM4-1",,"likelihood",-3169.5,0
35,"R_Date","NM4-1",,"likelihood",-3164.5,0
35,"R_Date","NM4-1",,"likelihood",-3159.5,0
35,"R_Date","NM4-1",,"likelihood",-3154.5,0
35,"R_Date","NM4-1",,"likelihood",-3149.5,0
35,"R_Date","NM4-1",,"likelihood",-3144.5,0
35,"R_Date","NM4-1",,"likelihood",-3139.5,0
35,"R_Date","NM4-1",,"likelihood",-3134.5,0
35,"R_Date","NM4-1",,"likelihood",-3129.5,0
35,"R_Date","NM4-1",,"likelihood",-3124.5,0
35,"R_Date","NM4-1",,"likelihood",-3119.5,0
35,"R_Date","NM4-1",,"likelihood",-3114.5,0
35,"R_Date","NM4-1",,"likelihood",-3109.5,0
35,"R_Date","NM4-1",,"likelihood",-3104.5,0
35,"R_Date","NM4-1",,"likelihood",-3099.5,8.431e-8
35,"R_Date","NM4-1",,"likelihood",-3094.5,0.0000012365
35,"R_Date","NM4-1",,"likelihood",-3089.5,0.000013799
35,"R_Date","NM4-1",,"likelihood",-3084.5,0.00004266
35,"R_Date","NM4-1",,"likelihood",-3079.5,0.00008608
35,"R_Date","NM4-1",,"likelihood",-3074.5,0.000158
35,"R_Date","NM4-1",,"likelihood",-3069.5,0.0002694
35,"R_Date","NM4-1",,"likelihood",-3064.5,0.00025374
35,"R_Date","NM4-1",,"likelihood",-3059.5,0.0000713
35,"R_Date","NM4-1",,"likelihood",-3054.5,0.000023045
35,"R_Date","NM4-1",,"likelihood",-3049.5,0.000008403
35,"R_Date","NM4-1",,"likelihood",-3044.5,0.000006548
35,"R_Date","NM4-1",,"likelihood",-3039.5,0.000007504
35,"R_Date","NM4-1",,"likelihood",-3034.5,0.000009611
35,"R_Date","NM4-1",,"likelihood",-3029.5,0.000027429
35,"R_Date","NM4-1",,"likelihood",-3024.5,0.00014291
35,"R_Date","NM4-1",,"likelihood",-3019.5,0.0005624
35,"R_Date","NM4-1",,"likelihood",-3014.5,0.0011418
35,"R_Date","NM4-1",,"likelihood",-3009.5,0.00259
35,"R_Date","NM4-1",,"likelihood",-3004.5,0.005676
35,"R_Date","NM4-1",,"likelihood",-2999.5,0.009007
35,"R_Date","NM4-1",,"likelihood",-2994.5,0.008702
35,"R_Date","NM4-1",,"likelihood",-2989.5,0.006403
35,"R_Date","NM4-1",,"likelihood",-2984.5,0.004445
35,"R_Date","NM4-1",,"likelihood",-2979.5,0.003177
35,"R_Date","NM4-1",,"likelihood",-2974.5,0.002635
35,"R_Date","NM4-1",,"likelihood",-2969.5,0.0029053
35,"R_Date","NM4-1",,"likelihood",-2964.5,0.0027943
35,"R_Date","NM4-1",,"likelihood",-2959.5,0.003177
35,"R_Date","NM4-1",,"likelihood",-2954.5,0.003359
35,"R_Date","NM4-1",,"likelihood",-2949.5,0.00317
35,"R_Date","NM4-1",,"likelihood",-2944.5,0.0027087
35,"R_Date","NM4-1",,"likelihood",-2939.5,0.0026902
35,"R_Date","NM4-1",,"likelihood",-2934.5,0.0031459
35,"R_Date","NM4-1",,"likelihood",-2929.5,0.004537
35,"R_Date","NM4-1",,"likelihood",-2924.5,0.008096
35,"R_Date","NM4-1",,"likelihood",-2919.5,0.014357
35,"R_Date","NM4-1",,"likelihood",-2914.5,0.022703
35,"R_Date","NM4-1",,"likelihood",-2909.5,0.028103
35,"R_Date","NM4-1",,"likelihood",-2904.5,0.024324
35,"R_Date","NM4-1",,"likelihood",-2899.5,0.01627
35,"R_Date","NM4-1",,"likelihood",-2894.5,0.008368
35,"R_Date","NM4-1",,"likelihood",-2889.5,0.0030679
35,"R_Date","NM4-1",,"likelihood",-2884.5,0.0006893
35,"R_Date","NM4-1",,"likelihood",-2879.5,0.00006422
35,"R_Date","NM4-1",,"likelihood",-2874.5,0.000004103
35,"R_Date","NM4-1",,"likelihood",-2869.5,3.653e-7
35,"R_Date","NM4-1",,"likelihood",-2864.5,2.8103e-8
35,"R_Date","NM4-1",,"likelihood",-2859.5,0
35,"R_Date","NM4-1",,"likelihood",-2854.5,0
35,"R_Date","NM4-1",,"likelihood",-2849.5,0
35,"R_Date","NM4-1",,"likelihood",-2844.5,0
35,"R_Date","NM4-1",,"likelihood",-2839.5,0
35,"R_Date","NM4-1",,"likelihood",-2834.5,0
35,"R_Date","NM4-1",,"likelihood",-2829.5,0
35,"R_Date","NM4-1",,"likelihood",-2824.5,0
35,"R_Date","NM4-1",,"likelihood",-2819.5,0
35,"R_Date","NM4-1",,"likelihood",-2814.5,0
35,"R_Date","NM4-1",,"likelihood",-2809.5,0
35,"R_Date","NM4-1",,"likelihood",-2804.5,0
35,"R_Date","NM4-1",,"likelihood",-2799.5,8.431e-8
35,"R_Date","NM4-1",,"likelihood",-2794.5,0.0000012365
35,"R_Date","NM4-1",,"likelihood",-2789.5,0.000002164
35,"R_Date","NM4-1",,"likelihood",-2784.5,0.0000012365
35,"R_Date","NM4-1",,"likelihood",-2779.5,2.8103e-7
35,"R_Date","NM4-1",,"likelihood",-2774.5,1.6862e-7
35,"R_Date","NM4-1",,"likelihood",-2769.5,5.621e-8
35,"R_Date","NM4-1",,"likelihood",-2764.5,2.8103e-8
35,"R_Date","NM4-1",,"likelihood",-2759.5,2.8103e-8
35,"R_Date","NM4-1",,"likelihood",-2754.5,0
35,"R_Date","NM4-1",,"likelihood",-2749.5,0
35,"R_Date","NM4-1",,"likelihood",-2744.5,0
35,"R_Date","NM4-1",,"likelihood",-2739.5,0
35,"R_Date","NM4-1",,"likelihood",-2734.5,0
35,"R_Date","NM4-1",,"likelihood",-2729.5,0
35,"R_Date","NM4-1",,"likelihood",-2724.5,0
35,"R_Date","NM4-1",,"likelihood",-2719.5,0
35,"R_Date","NM4-1",,"likelihood",-2714.5,2.8103e-8
35,"R_Date","NM4-1",,"likelihood",-2709.5,8.431e-8
35,"R_Date","NM4-1",,"likelihood",-2704.5,2.8103e-8
35,"R_Date","NM4-1",,"likelihood",-2699.5,0
35,"R_Date","NM4-1",,"likelihood",-2694.5,0
35,"R_Date","NM4-1",,"likelihood",-2689.5,0
35,"R_Date","NM4-1",,"posterior",-3094.5,0
35,"R_Date","NM4-1",,"posterior",-3089.5,5.992e-8
35,"R_Date","NM4-1",,"posterior",-3084.5,0.0000013781
35,"R_Date","NM4-1",,"posterior",-3079.5,0.000005512
35,"R_Date","NM4-1",,"posterior",-3074.5,0.000020851
35,"R_Date","NM4-1",,"posterior",-3069.5,0.00005836
35,"R_Date","NM4-1",,"posterior",-3064.5,0.00005524
35,"R_Date","NM4-1",,"posterior",-3059.5,0.000010605
35,"R_Date","NM4-1",,"posterior",-3054.5,9.587e-7
35,"R_Date","NM4-1",,"posterior",-3049.5,0.00020827
35,"R_Date","NM4-1",,"posterior",-3044.5,0.00010371
35,"R_Date","NM4-1",,"posterior",-3039.5,0.0000019173
35,"R_Date","NM4-1",,"posterior",-3034.5,8.388e-7
35,"R_Date","NM4-1",,"posterior",-3029.5,0.0000026363
35,"R_Date","NM4-1",,"posterior",-3024.5,0.00005356
35,"R_Date","NM4-1",,"posterior",-3019.5,0.0005965
35,"R_Date","NM4-1",,"posterior",-3014.5,0.0025226
35,"R_Date","NM4-1",,"posterior",-3009.5,0.010832
35,"R_Date","NM4-1",,"posterior",-3004.5,0.03575
35,"R_Date","NM4-1",,"posterior",-2999.5,0.05992
35,"R_Date","NM4-1",,"posterior",-2994.5,0.04557
35,"R_Date","NM4-1",,"posterior",-2989.5,0.02104
35,"R_Date","NM4-1",,"posterior",-2984.5,0.008304
35,"R_Date","NM4-1",,"posterior",-2979.5,0.003593
35,"R_Date","NM4-1",,"posterior",-2974.5,0.0020362
35,"R_Date","NM4-1",,"posterior",-2969.5,0.0017726
35,"R_Date","NM4-1",,"posterior",-2964.5,0.0014269
35,"R_Date","NM4-1",,"posterior",-2959.5,0.001373
35,"R_Date","NM4-1",,"posterior",-2954.5,0.0011774
35,"R_Date","NM4-1",,"posterior",-2949.5,0.000812
35,"R_Date","NM4-1",,"posterior",-2944.5,0.0004711
35,"R_Date","NM4-1",,"posterior",-2939.5,0.0003334
35,"R_Date","NM4-1",,"posterior",-2934.5,0.00029874
35,"R_Date","NM4-1",,"posterior",-2929.5,0.0003682
35,"R_Date","NM4-1",,"posterior",-2924.5,0.0004993
35,"R_Date","NM4-1",,"posterior",-2919.5,0.0004566
35,"R_Date","NM4-1",,"posterior",-2914.5,0.00024817
35,"R_Date","NM4-1",,"posterior",-2909.5,0.00007112
35,"R_Date","NM4-1",,"posterior",-2904.5,0.000008568
35,"R_Date","NM4-1",,"posterior",-2899.5,1.1983e-7
35,"R_Date","NM4-1",,"posterior",-2894.5,0
35,"R_Date","NM4-1",,"posterior",-2889.5,0
36,"R_Date","NM4-2",,"likelihood",-3324.5,0
36,"R_Date","NM4-2",,"likelihood",-3319.5,0
36,"R_Date","NM4-2",,"likelihood",-3314.5,2.4794e-8
36,"R_Date","NM4-2",,"likelihood",-3309.5,2.4794e-8
36,"R_Date","NM4-2",,"likelihood",-3304.5,4.959e-8
36,"R_Date","NM4-2",,"likelihood",-3299.5,2.4794e-8
36,"R_Date","NM4-2",,"likelihood",-3294.5,2.4794e-8
36,"R_Date","NM4-2",,"likelihood",-3289.5,0
36,"R_Date","NM4-2",,"likelihood",-3284.5,2.4794e-8
36,"R_Date","NM4-2",,"likelihood",-3279.5,7.438e-8
36,"R_Date","NM4-2",,"likelihood",-3274.5,2.4794e-8
36,"R_Date","NM4-2",,"likelihood",-3269.5,2.4794e-8
36,"R_Date","NM4-2",,"likelihood",-3264.5,2.4794e-8
36,"R_Date","NM4-2",,"likelihood",-3259.5,2.2315e-7
36,"R_Date","NM4-2",,"likelihood",-3254.5,8.182e-7
36,"R_Date","NM4-2",,"likelihood",-3249.5,2.2315e-7
36,"R_Date","NM4-2",,"likelihood",-3244.5,1.2397e-7
36,"R_Date","NM4-2",,"likelihood",-3239.5,2.4794e-8
36,"R_Date","NM4-2",,"likelihood",-3234.5,0
36,"R_Date","NM4-2",,"likelihood",-3229.5,0
36,"R_Date","NM4-2",,"likelihood",-3224.5,0
36,"R_Date","NM4-2",,"likelihood",-3219.5,0
36,"R_Date","NM4-2",,"likelihood",-3214.5,0
36,"R_Date","NM4-2",,"likelihood",-3209.5,0
36,"R_Date","NM4-2",,"likelihood",-3204.5,0
36,"R_Date","NM4-2",,"likelihood",-3199.5,0
36,"R_Date","NM4-2",,"likelihood",-3194.5,0
36,"R_Date","NM4-2",,"likelihood",-3189.5,0
36,"R_Date","NM4-2",,"likelihood",-3184.5,0
36,"R_Date","NM4-2",,"likelihood",-3179.5,0
36,"R_Date","NM4-2",,"likelihood",-3174.5,0
36,"R_Date","NM4-2",,"likelihood",-3169.5,2.4794e-8
36,"R_Date","NM4-2",,"likelihood",-3164.5,2.4794e-8
36,"R_Date","NM4-2",,"likelihood",-3159.5,0
36,"R_Date","NM4-2",,"likelihood",-3154.5,0
36,"R_Date","NM4-2",,"likelihood",-3149.5,0
36,"R_Date","NM4-2",,"likelihood",-3144.5,0
36,"R_Date","NM4-2",,"likelihood",-3139.5,0
36,"R_Date","NM4-2",,"likelihood",-3134.5,0
36,"R_Date","NM4-2",,"likelihood",-3129.5,0
36,"R_Date","NM4-2",,"likelihood",-3124.5,0
36,"R_Date","NM4-2",,"likelihood",-3119.5,0
36,"R_Date","NM4-2",,"likelihood",-3114.5,0
36,"R_Date","NM4-2",,"likelihood",-3109.5,0
36,"R_Date","NM4-2",,"likelihood",-3104.5,0
36,"R_Date","NM4-2",,"likelihood",-3099.5,1.7356e-7
36,"R_Date","NM4-2",,"likelihood",-3094.5,0.0000023307
36,"R_Date","NM4-2",,"likelihood",-3089.5,0.000023133
36,"R_Date","NM4-2",,"likelihood",-3084.5,0.00006804
36,"R_Date","NM4-2",,"likelihood",-3079.5,0.0001328
36,"R_Date","NM4-2",,"likelihood",-3074.5,0.00023872
36,"R_Date","NM4-2",,"likelihood",-3069.5,0.0003954
36,"R_Date","NM4-2",,"likelihood",-3064.5,0.0003702
36,"R_Date","NM4-2",,"likelihood",-3059.5,0.00011217
36,"R_Date","NM4-2",,"likelihood",-3054.5,0.00003779
36,"R_Date","NM4-2",,"likelihood",-3049.5,0.000014505
36,"R_Date","NM4-2",,"likelihood",-3044.5,0.000011455
36,"R_Date","NM4-2",,"likelihood",-3039.5,0.000013067
36,"R_Date","NM4-2",,"likelihood",-3034.5,0.000016563
36,"R_Date","NM4-2",,"likelihood",-3029.5,0.00004515
36,"R_Date","NM4-2",,"likelihood",-3024.5,0.00021921
36,"R_Date","NM4-2",,"likelihood",-3019.5,0.000791
36,"R_Date","NM4-2",,"likelihood",-3014.5,0.0015347
36,"R_Date","NM4-2",,"likelihood",-3009.5,0.003281
36,"R_Date","NM4-2",,"likelihood",-3004.5,0.00672
36,"R_Date","NM4-2",,"likelihood",-2999.5,0.010102
36,"R_Date","NM4-2",,"likelihood",-2994.5,0.009856
36,"R_Date","NM4-2",,"likelihood",-2989.5,0.007491
36,"R_Date","NM4-2",,"likelihood",-2984.5,0.005346
36,"R_Date","NM4-2",,"likelihood",-2979.5,0.003959
36,"R_Date","NM4-2",,"likelihood",-2974.5,0.003333
36,"R_Date","NM4-2",,"likelihood",-2969.5,0.003594
36,"R_Date","NM4-2",,"likelihood",-2964.5,0.003518
36,"R_Date","NM4-2",,"likelihood",-2959.5,0.003958
36,"R_Date","NM4-2",,"likelihood",-2954.5,0.004167
36,"R_Date","NM4-2",,"likelihood",-2949.5,0.003951
36,"R_Date","NM4-2",,"likelihood",-2944.5,0.003419
36,"R_Date","NM4-2",,"likelihood",-2939.5,0.003373
36,"R_Date","NM4-2",,"likelihood",-2934.5,0.003895
36,"R_Date","NM4-2",,"likelihood",-2929.5,0.005483
36,"R_Date","NM4-2",,"likelihood",-2924.5,0.009244
36,"R_Date","NM4-2",,"likelihood",-2919.5,0.015169
36,"R_Date","NM4-2",,"likelihood",-2914.5,0.02208
36,"R_Date","NM4-2",,"likelihood",-2909.5,0.024794
36,"R_Date","NM4-2",,"likelihood",-2904.5,0.019462
36,"R_Date","NM4-2",,"likelihood",-2899.5,0.0119
36,"R_Date","NM4-2",,"likelihood",-2894.5,0.005599
36,"R_Date","NM4-2",,"likelihood",-2889.5,0.0018665
36,"R_Date","NM4-2",,"likelihood",-2884.5,0.0003767
36,"R_Date","NM4-2",,"likelihood",-2879.5,0.000030373
36,"R_Date","NM4-2",,"likelihood",-2874.5,0.0000017108
36,"R_Date","NM4-2",,"likelihood",-2869.5,1.2397e-7
36,"R_Date","NM4-2",,"likelihood",-2864.5,0
36,"R_Date","NM4-2",,"likelihood",-2859.5,0
36,"R_Date","NM4-2",,"likelihood",-2854.5,0
36,"R_Date","NM4-2",,"likelihood",-2849.5,0
36,"R_Date","NM4-2",,"likelihood",-2844.5,0
36,"R_Date","NM4-2",,"likelihood",-2839.5,0
36,"R_Date","NM4-2",,"likelihood",-2834.5,0
36,"R_Date","NM4-2",,"likelihood",-2829.5,0
36,"R_Date","NM4-2",,"likelihood",-2824.5,0
36,"R_Date","NM4-2",,"likelihood",-2819.5,0
36,"R_Date","NM4-2",,"likelihood",-2814.5,0
36,"R_Date","NM4-2",,"likelihood",-2809.5,0
36,"R_Date","NM4-2",,"likelihood",-2804.5,0
36,"R_Date","NM4-2",,"likelihood",-2799.5,2.4794e-8
36,"R_Date","NM4-2",,"likelihood",-2794.5,4.959e-7
36,"R_Date","NM4-2",,"likelihood",-2789.5,8.678e-7
36,"R_Date","NM4-2",,"likelihood",-2784.5,4.959e-7
36,"R_Date","NM4-2",,"likelihood",-2779.5,9.918e-8
36,"R_Date","NM4-2",,"likelihood",-2774.5,7.438e-8
36,"R_Date","NM4-2",,"likelihood",-2769.5,2.4794e-8
36,"R_Date","NM4-2",,"likelihood",-2764.5,2.4794e-8
36,"R_Date","NM4-2",,"likelihood",-2759.5,0
36,"R_Date","NM4-2",,"likelihood",-2754.5,0
36,"R_Date","NM4-2",,"likelihood",-2749.5,0
36,"R_Date","NM4-2",,"likelihood",-2744.5,0
36,"R_Date","NM4-2",,"likelihood",-2739.5,0
36,"R_Date","NM4-2",,"likelihood",-2734.5,0
36,"R_Date","NM4-2",,"likelihood",-2729.5,0
36,"R_Date","NM4-2",,"likelihood",-2724.5,0
36,"R_Date","NM4-2",,"likelihood",-2719.5,0
36,"R_Date","NM4-2",,"likelihood",-2714.5,2.4794e-8
36,"R_Date","NM4-2",,"likelihood",-2709.5,2.4794e-8
36,"R_Date","NM4-2",,"likelihood",-2704.5,0
36,"R_Date","NM4-2",,"likelihood",-2699.5,0
36,"R_Date","NM4-2",,"likelihood",-2694.5,0
36,"R_Date","NM4-2",,"posterior",-3094.5,0
36,"R_Date","NM4-2",,"posterior",-3089.5,5.992e-8
36,"R_Date","NM4-2",,"posterior",-3084.5,0.0000013781
36,"R_Date","NM4-2",,"posterior",-3079.5,0.000005512
36,"R_Date","NM4-2",,"posterior",-3074.5,0.000020851
36,"R_Date","NM4-2",,"posterior",-3069.5,0.00005836
36,"R_Date","NM4-2",,"posterior",-3064.5,0.00005524
36,"R_Date","NM4-2",,"posterior",-3059.5,0.000010605
36,"R_Date","NM4-2",,"posterior",-3054.5,9.587e-7
36,"R_Date","NM4-2",,"posterior",-3049.5,0.00020827
36,"R_Date","NM4-2",,"posterior",-3044.5,0.00010371
36,"R_Date","NM4-2",,"posterior",-3039.5,0.0000019173
36,"R_Date","NM4-2",,"posterior",-3034.5,8.388e-7
36,"R_Date","NM4-2",,"posterior",-3029.5,0.0000026363
36,"R_Date","NM4-2",,"posterior",-3024.5,0.00005356
36,"R_Date","NM4-2",,"posterior",-3019.5,0.0005965
36,"R_Date","NM4-2",,"posterior",-3014.5,0.0025226
36,"R_Date","NM4-2",,"posterior",-3009.5,0.010832
36,"R_Date","NM4-2",,"posterior",-3004.5,0.03575
36,"R_Date","NM4-2",,"posterior",-2999.5,0.05992
36,"R_Date","NM4-2",,"posterior",-2994.5,0.04557
36,"R_Date","NM4-2",,"posterior",-2989.5,0.02104
36,"R_Date","NM4-2",,"posterior",-2984.5,0.008304
36,"R_Date","NM4-2",,"posterior",-2979.5,0.003593
36,"R_Date","NM4-2",,"posterior",-2974.5,0.0020362
36,"R_Date","NM4-2",,"posterior",-2969.5,0.0017726
36,"R_Date","NM4-2",,"posterior",-2964.5,0.0014269
36,"R_Date","NM4-2",,"posterior",-2959.5,0.001373
36,"R_Date","NM4-2",,"posterior",-2954.5,0.0011774
36,"R_Date","NM4-2",,"posterior",-2949.5,0.000812
36,"R_Date","NM4-2",,"posterior",-2944.5,0.0004711
36,"R_Date","NM4-2",,"posterior",-2939.5,0.0003334
36,"R_Date","NM4-2",,"posterior",-2934.5,0.00029874
36,"R_Date","NM4-2",,"posterior",-2929.5,0.0003682
36,"R_Date","NM4-2",,"posterior",-2924.5,0.0004993
36,"R_Date","NM4-2",,"posterior",-2919.5,0.0004566
36,"R_Date","NM4-2",,"posterior",-2914.5,0.00024817
36,"R_Date","NM4-2",,"posterior",-2909.5,0.00007112
36,"R_Date","NM4-2",,"posterior",-2904.5,0.000008568
36,"R_Date","NM4-2",,"posterior",-2899.5,1.1983e-7
36,"R_Date","NM4-2",,"posterior",-2894.5,0
36,"R_Date","NM4-2",,"posterior",-2889.5,0
37,"Combine","NM5",,"likelihood",-3369.5,0
37,"Combine","NM5",,"likelihood",-3364.5,0
37,"Combine","NM5",,"likelihood",-3359.5,0
37,"Combine","NM5",,"likelihood",-3354.5,2.8478e-8
37,"Combine","NM5",,"likelihood",-3349.5,3.607e-7
37,"Combine","NM5",,"likelihood",-3344.5,0.0000012435
37,"Combine","NM5",,"likelihood",-3339.5,0.000006578
37,"Combine","NM5",,"likelihood",-3334.5,0.00005396
37,"Combine","NM5",,"likelihood",-3329.5,0.00029683
37,"Combine","NM5",,"likelihood",-3324.5,0.000975
37,"Combine","NM5",,"likelihood",-3319.5,0.001982
37,"Combine","NM5",,"likelihood",-3314.5,0.002889
37,"Combine","NM5",,"likelihood",-3309.5,0.003764
37,"Combine","NM5",,"likelihood",-3304.5,0.004492
37,"Combine","NM5",,"likelihood",-3299.5,0.004523
37,"Combine","NM5",,"likelihood",-3294.5,0.003302
37,"Combine","NM5",,"likelihood",-3289.5,0.002472
37,"Combine","NM5",,"likelihood",-3284.5,0.003302
37,"Combine","NM5",,"likelihood",-3279.5,0.005002
37,"Combine","NM5",,"likelihood",-3274.5,0.004523
37,"Combine","NM5",,"likelihood",-3269.5,0.003311
37,"Combine","NM5",,"likelihood",-3264.5,0.004265
37,"Combine","NM5",,"likelihood",-3259.5,0.007497
37,"Combine","NM5",,"likelihood",-3254.5,0.008627
37,"Combine","NM5",,"likelihood",-3249.5,0.007497
37,"Combine","NM5",,"likelihood",-3244.5,0.005789
37,"Combine","NM5",,"likelihood",-3239.5,0.003769
37,"Combine","NM5",,"likelihood",-3234.5,0.0017888
37,"Combine","NM5",,"likelihood",-3229.5,0.000975
37,"Combine","NM5",,"likelihood",-3224.5,0.0006874
37,"Combine","NM5",,"likelihood",-3219.5,0.0006175
37,"Combine","NM5",,"likelihood",-3214.5,0.00027478
37,"Combine","NM5",,"likelihood",-3209.5,0.0000612
37,"Combine","NM5",,"likelihood",-3204.5,0.000015416
37,"Combine","NM5",,"likelihood",-3199.5,0.000009303
37,"Combine","NM5",,"likelihood",-3194.5,0.00002489
37,"Combine","NM5",,"likelihood",-3189.5,0.00011924
37,"Combine","NM5",,"likelihood",-3184.5,0.0004207
37,"Combine","NM5",,"likelihood",-3179.5,0.0010144
37,"Combine","NM5",,"likelihood",-3174.5,0.001982
37,"Combine","NM5",,"likelihood",-3169.5,0.002889
37,"Combine","NM5",,"likelihood",-3164.5,0.0029061
37,"Combine","NM5",,"likelihood",-3159.5,0.0021786
37,"Combine","NM5",,"likelihood",-3154.5,0.000884
37,"Combine","NM5",,"likelihood",-3149.5,0.00028515
37,"Combine","NM5",,"likelihood",-3144.5,0.00010702
37,"Combine","NM5",,"likelihood",-3139.5,0.00011924
37,"Combine","NM5",,"likelihood",-3134.5,0.00019859
37,"Combine","NM5",,"likelihood",-3129.5,0.0003204
37,"Combine","NM5",,"likelihood",-3124.5,0.0003204
37,"Combine","NM5",,"likelihood",-3119.5,0.0004493
37,"Combine","NM5",,"likelihood",-3114.5,0.0006189
37,"Combine","NM5",,"likelihood",-3109.5,0.0006859
37,"Combine","NM5",,"likelihood",-3104.5,0.001719
37,"Combine","NM5",,"likelihood",-3099.5,0.005698
37,"Combine","NM5",,"likelihood",-3094.5,0.009493
37,"Combine","NM5",,"likelihood",-3089.5,0.008071
37,"Combine","NM5",,"likelihood",-3084.5,0.006009
37,"Combine","NM5",,"likelihood",-3079.5,0.004509
37,"Combine","NM5",,"likelihood",-3074.5,0.0029239
37,"Combine","NM5",,"likelihood",-3069.5,0.0020056
37,"Combine","NM5",,"likelihood",-3064.5,0.0023796
37,"Combine","NM5",,"likelihood",-3059.5,0.004542
37,"Combine","NM5",,"likelihood",-3054.5,0.007222
37,"Combine","NM5",,"likelihood",-3049.5,0.008649
37,"Combine","NM5",,"likelihood",-3044.5,0.008934
37,"Combine","NM5",,"likelihood",-3039.5,0.008773
37,"Combine","NM5",,"likelihood",-3034.5,0.008447
37,"Combine","NM5",,"likelihood",-3029.5,0.006583
37,"Combine","NM5",,"likelihood",-3024.5,0.0027872
37,"Combine","NM5",,"likelihood",-3019.5,0.0010431
37,"Combine","NM5",,"likelihood",-3014.5,0.0004629
37,"Combine","NM5",,"likelihood",-3009.5,0.00013205
37,"Combine","NM5",,"likelihood",-3004.5,0.000024349
37,"Combine","NM5",,"likelihood",-2999.5,0.000008173
37,"Combine","NM5",,"likelihood",-2994.5,0.000006977
37,"Combine","NM5",,"likelihood",-2989.5,0.000017704
37,"Combine","NM5",,"likelihood",-2984.5,0.00005657
37,"Combine","NM5",,"likelihood",-2979.5,0.00009031
37,"Combine","NM5",,"likelihood",-2974.5,0.00012888
37,"Combine","NM5",,"likelihood",-2969.5,0.0001674
37,"Combine","NM5",,"likelihood",-2964.5,0.00011576
37,"Combine","NM5",,"likelihood",-2959.5,0.00009019
37,"Combine","NM5",,"likelihood",-2954.5,0.00008072
37,"Combine","NM5",,"likelihood",-2949.5,0.00009052
37,"Combine","NM5",,"likelihood",-2944.5,0.00012192
37,"Combine","NM5",,"likelihood",-2939.5,0.0001544
37,"Combine","NM5",,"likelihood",-2934.5,0.00011573
37,"Combine","NM5",,"likelihood",-2929.5,0.00004238
37,"Combine","NM5",,"likelihood",-2924.5,0.000008781
37,"Combine","NM5",,"likelihood",-2919.5,0.0000012151
37,"Combine","NM5",,"likelihood",-2914.5,3.797e-8
37,"Combine","NM5",,"likelihood",-2909.5,0
37,"Combine","NM5",,"likelihood",-2904.5,0
37,"Combine","NM5",,"likelihood",-2899.5,0
37,"Combine","NM5",,"posterior",-3344.5,0
37,"Combine","NM5",,"posterior",-3339.5,0
37,"Combine","NM5",,"posterior",-3334.5,0
37,"Combine","NM5",,"posterior",-3329.5,1.6554e-7
37,"Combine","NM5",,"posterior",-3324.5,4.73e-8
37,"Combine","NM5",,"posterior",-3319.5,6.148e-7
37,"Combine","NM5",,"posterior",-3314.5,6.858e-7
37,"Combine","NM5",,"posterior",-3309.5,0.0000017736
37,"Combine","NM5",,"posterior",-3304.5,0.0000013952
37,"Combine","NM5",,"posterior",-3299.5,0.0000018682
37,"Combine","NM5",,"posterior",-3294.5,0.0000012533
37,"Combine","NM5",,"posterior",-3289.5,0.0000011351
37,"Combine","NM5",,"posterior",-3284.5,0.000002554
37,"Combine","NM5",,"posterior",-3279.5,0.0000024594
37,"Combine","NM5",,"posterior",-3274.5,0.00000428
37,"Combine","NM5",,"posterior",-3269.5,0.000004067
37,"Combine","NM5",,"posterior",-3264.5,0.000003642
37,"Combine","NM5",,"posterior",-3259.5,0.000006243
37,"Combine","NM5",,"posterior",-3254.5,0.000010405
37,"Combine","NM5",,"posterior",-3249.5,0.000009696
37,"Combine","NM5",,"posterior",-3244.5,0.000008442
37,"Combine","NM5",,"posterior",-3239.5,0.000005415
37,"Combine","NM5",,"posterior",-3234.5,0.0000023884
37,"Combine","NM5",,"posterior",-3229.5,0.0000010878
37,"Combine","NM5",,"posterior",-3224.5,0.0000014662
37,"Combine","NM5",,"posterior",-3219.5,0.0000018209
37,"Combine","NM5",,"posterior",-3214.5,2.6013e-7
37,"Combine","NM5",,"posterior",-3209.5,3.547e-7
37,"Combine","NM5",,"posterior",-3204.5,0
37,"Combine","NM5",,"posterior",-3199.5,4.73e-8
37,"Combine","NM5",,"posterior",-3194.5,3.547e-7
37,"Combine","NM5",,"posterior",-3189.5,7.331e-7
37,"Combine","NM5",,"posterior",-3184.5,0.0000026486
37,"Combine","NM5",,"posterior",-3179.5,0.000010618
37,"Combine","NM5",,"posterior",-3174.5,0.000027503
37,"Combine","NM5",,"posterior",-3169.5,0.00004999
37,"Combine","NM5",,"posterior",-3164.5,0.0000686
37,"Combine","NM5",,"posterior",-3159.5,0.00006108
37,"Combine","NM5",,"posterior",-3154.5,0.00002703
37,"Combine","NM5",,"posterior",-3149.5,0.000013125
37,"Combine","NM5",,"posterior",-3144.5,0.000007544
37,"Combine","NM5",,"posterior",-3139.5,0.000009223
37,"Combine","NM5",,"posterior",-3134.5,0.000020266
37,"Combine","NM5",,"posterior",-3129.5,0.00004219
37,"Combine","NM5",,"posterior",-3124.5,0.00007281
37,"Combine","NM5",,"posterior",-3119.5,0.00013907
37,"Combine","NM5",,"posterior",-3114.5,0.0002585
37,"Combine","NM5",,"posterior",-3109.5,0.0004646
37,"Combine","NM5",,"posterior",-3104.5,0.0016047
37,"Combine","NM5",,"posterior",-3099.5,0.005603
37,"Combine","NM5",,"posterior",-3094.5,0.010096
37,"Combine","NM5",,"posterior",-3089.5,0.009738
37,"Combine","NM5",,"posterior",-3084.5,0.007666
37,"Combine","NM5",,"posterior",-3079.5,0.005881
37,"Combine","NM5",,"posterior",-3074.5,0.004178
37,"Combine","NM5",,"posterior",-3069.5,0.003227
37,"Combine","NM5",,"posterior",-3064.5,0.004249
37,"Combine","NM5",,"posterior",-3059.5,0.008819
37,"Combine","NM5",,"posterior",-3054.5,0.015836
37,"Combine","NM5",,"posterior",-3049.5,0.021315
37,"Combine","NM5",,"posterior",-3044.5,0.023648
37,"Combine","NM5",,"posterior",-3039.5,0.023555
37,"Combine","NM5",,"posterior",-3034.5,0.02253
37,"Combine","NM5",,"posterior",-3029.5,0.017229
37,"Combine","NM5",,"posterior",-3024.5,0.008045
37,"Combine","NM5",,"posterior",-3019.5,0.0030455
37,"Combine","NM5",,"posterior",-3014.5,0.0012571
37,"Combine","NM5",,"posterior",-3009.5,0.0003774
37,"Combine","NM5",,"posterior",-3004.5,0.00007854
37,"Combine","NM5",,"posterior",-2999.5,0.000022087
37,"Combine","NM5",,"posterior",-2994.5,0.000017665
37,"Combine","NM5",,"posterior",-2989.5,0.00003079
37,"Combine","NM5",,"posterior",-2984.5,0.00006697
37,"Combine","NM5",,"posterior",-2979.5,0.00008911
37,"Combine","NM5",,"posterior",-2974.5,0.00010564
37,"Combine","NM5",,"posterior",-2969.5,0.00010656
37,"Combine","NM5",,"posterior",-2964.5,0.00006704
37,"Combine","NM5",,"posterior",-2959.5,0.00004349
37,"Combine","NM5",,"posterior",-2954.5,0.000029371
37,"Combine","NM5",,"posterior",-2949.5,0.00002677
37,"Combine","NM5",,"posterior",-2944.5,0.000026462
37,"Combine","NM5",,"posterior",-2939.5,0.000023482
37,"Combine","NM5",,"posterior",-2934.5,0.000011729
37,"Combine","NM5",,"posterior",-2929.5,0.000003287
37,"Combine","NM5",,"posterior",-2924.5,3.0742e-7
37,"Combine","NM5",,"posterior",-2919.5,0
37,"Combine","NM5",,"posterior",-2914.5,0
38,"R_Date","NM5-1",,"likelihood",-3379.5,0
38,"R_Date","NM5-1",,"likelihood",-3374.5,0
38,"R_Date","NM5-1",,"likelihood",-3369.5,0
38,"R_Date","NM5-1",,"likelihood",-3364.5,1.2724e-8
38,"R_Date","NM5-1",,"likelihood",-3359.5,5.217e-7
38,"R_Date","NM5-1",,"likelihood",-3354.5,0.00000542
38,"R_Date","NM5-1",,"likelihood",-3349.5,0.000024799
38,"R_Date","NM5-1",,"likelihood",-3344.5,0.00004817
38,"R_Date","NM5-1",,"likelihood",-3339.5,0.00012197
38,"R_Date","NM5-1",,"likelihood",-3334.5,0.0003932
38,"R_Date","NM5-1",,"likelihood",-3329.5,0.0010142
38,"R_Date","NM5-1",,"likelihood",-3324.5,0.0019432
38,"R_Date","NM5-1",,"likelihood",-3319.5,0.0028536
38,"R_Date","NM5-1",,"likelihood",-3314.5,0.003493
38,"R_Date","NM5-1",,"likelihood",-3309.5,0.00402
38,"R_Date","NM5-1",,"likelihood",-3304.5,0.004413
38,"R_Date","NM5-1",,"likelihood",-3299.5,0.004433
38,"R_Date","NM5-1",,"likelihood",-3294.5,0.003751
38,"R_Date","NM5-1",,"likelihood",-3289.5,0.003212
38,"R_Date","NM5-1",,"likelihood",-3284.5,0.003751
38,"R_Date","NM5-1",,"likelihood",-3279.5,0.004669
38,"R_Date","NM5-1",,"likelihood",-3274.5,0.004433
38,"R_Date","NM5-1",,"likelihood",-3269.5,0.003756
38,"R_Date","NM5-1",,"likelihood",-3264.5,0.004297
38,"R_Date","NM5-1",,"likelihood",-3259.5,0.005751
38,"R_Date","NM5-1",,"likelihood",-3254.5,0.006132
38,"R_Date","NM5-1",,"likelihood",-3249.5,0.005751
38,"R_Date","NM5-1",,"likelihood",-3244.5,0.005036
38,"R_Date","NM5-1",,"likelihood",-3239.5,0.004025
38,"R_Date","NM5-1",,"likelihood",-3234.5,0.002697
38,"R_Date","NM5-1",,"likelihood",-3229.5,0.0019432
38,"R_Date","NM5-1",,"likelihood",-3224.5,0.0016014
38,"R_Date","NM5-1",,"likelihood",-3219.5,0.00151
38,"R_Date","NM5-1",,"likelihood",-3214.5,0.0009676
38,"R_Date","NM5-1",,"likelihood",-3209.5,0.0004249
38,"R_Date","NM5-1",,"likelihood",-3204.5,0.00019598
38,"R_Date","NM5-1",,"likelihood",-3199.5,0.00014798
38,"R_Date","NM5-1",,"likelihood",-3194.5,0.00025825
38,"R_Date","NM5-1",,"likelihood",-3189.5,0.0006178
38,"R_Date","NM5-1",,"likelihood",-3184.5,0.0012281
38,"R_Date","NM5-1",,"likelihood",-3179.5,0.0019898
38,"R_Date","NM5-1",,"likelihood",-3174.5,0.0028536
38,"R_Date","NM5-1",,"likelihood",-3169.5,0.003493
38,"R_Date","NM5-1",,"likelihood",-3164.5,0.003504
38,"R_Date","NM5-1",,"likelihood",-3159.5,0.0030046
38,"R_Date","NM5-1",,"likelihood",-3154.5,0.0018424
38,"R_Date","NM5-1",,"likelihood",-3149.5,0.0009966
38,"R_Date","NM5-1",,"likelihood",-3144.5,0.0005785
38,"R_Date","NM5-1",,"likelihood",-3139.5,0.0006178
38,"R_Date","NM5-1",,"likelihood",-3134.5,0.0008174
38,"R_Date","NM5-1",,"likelihood",-3129.5,0.0010623
38,"R_Date","NM5-1",,"likelihood",-3124.5,0.0010623
38,"R_Date","NM5-1",,"likelihood",-3119.5,0.0012778
38,"R_Date","NM5-1",,"likelihood",-3114.5,0.0015214
38,"R_Date","NM5-1",,"likelihood",-3109.5,0.001609
38,"R_Date","NM5-1",,"likelihood",-3104.5,0.0026457
38,"R_Date","NM5-1",,"likelihood",-3099.5,0.004987
38,"R_Date","NM5-1",,"likelihood",-3094.5,0.006362
38,"R_Date","NM5-1",,"likelihood",-3089.5,0.005591
38,"R_Date","NM5-1",,"likelihood",-3084.5,0.004625
38,"R_Date","NM5-1",,"likelihood",-3079.5,0.003873
38,"R_Date","NM5-1",,"likelihood",-3074.5,0.0029617
38,"R_Date","NM5-1",,"likelihood",-3069.5,0.0023593
38,"R_Date","NM5-1",,"likelihood",-3064.5,0.002629
38,"R_Date","NM5-1",,"likelihood",-3059.5,0.003874
38,"R_Date","NM5-1",,"likelihood",-3054.5,0.005198
38,"R_Date","NM5-1",,"likelihood",-3049.5,0.005841
38,"R_Date","NM5-1",,"likelihood",-3044.5,0.005971
38,"R_Date","NM5-1",,"likelihood",-3039.5,0.005895
38,"R_Date","NM5-1",,"likelihood",-3034.5,0.005743
38,"R_Date","NM5-1",,"likelihood",-3029.5,0.004882
38,"R_Date","NM5-1",,"likelihood",-3024.5,0.0028628
38,"R_Date","NM5-1",,"likelihood",-3019.5,0.0015955
38,"R_Date","NM5-1",,"likelihood",-3014.5,0.0009848
38,"R_Date","NM5-1",,"likelihood",-3009.5,0.0004698
38,"R_Date","NM5-1",,"likelihood",-3004.5,0.00017419
38,"R_Date","NM5-1",,"likelihood",-2999.5,0.00009374
38,"R_Date","NM5-1",,"likelihood",-2994.5,0.00008393
38,"R_Date","NM5-1",,"likelihood",-2989.5,0.00014457
38,"R_Date","NM5-1",,"likelihood",-2984.5,0.00028955
38,"R_Date","NM5-1",,"likelihood",-2979.5,0.0003758
38,"R_Date","NM5-1",,"likelihood",-2974.5,0.0004633
38,"R_Date","NM5-1",,"likelihood",-2969.5,0.0005529
38,"R_Date","NM5-1",,"likelihood",-2964.5,0.0004349
38,"R_Date","NM5-1",,"likelihood",-2959.5,0.0003754
38,"R_Date","NM5-1",,"likelihood",-2954.5,0.0003518
38,"R_Date","NM5-1",,"likelihood",-2949.5,0.0003763
38,"R_Date","NM5-1",,"likelihood",-2944.5,0.0004483
38,"R_Date","NM5-1",,"likelihood",-2939.5,0.0005212
38,"R_Date","NM5-1",,"likelihood",-2934.5,0.0004402
38,"R_Date","NM5-1",,"likelihood",-2929.5,0.00024105
38,"R_Date","NM5-1",,"likelihood",-2924.5,0.00009596
38,"R_Date","NM5-1",,"likelihood",-2919.5,0.000031021
38,"R_Date","NM5-1",,"likelihood",-2914.5,0.000003976
38,"R_Date","NM5-1",,"likelihood",-2909.5,2.672e-7
38,"R_Date","NM5-1",,"likelihood",-2904.5,2.5448e-8
38,"R_Date","NM5-1",,"likelihood",-2899.5,0
38,"R_Date","NM5-1",,"likelihood",-2894.5,0
38,"R_Date","NM5-1",,"likelihood",-2889.5,0
38,"R_Date","NM5-1",,"posterior",-3344.5,0
38,"R_Date","NM5-1",,"posterior",-3339.5,0
38,"R_Date","NM5-1",,"posterior",-3334.5,0
38,"R_Date","NM5-1",,"posterior",-3329.5,1.6554e-7
38,"R_Date","NM5-1",,"posterior",-3324.5,4.73e-8
38,"R_Date","NM5-1",,"posterior",-3319.5,6.148e-7
38,"R_Date","NM5-1",,"posterior",-3314.5,6.858e-7
38,"R_Date","NM5-1",,"posterior",-3309.5,0.0000017736
38,"R_Date","NM5-1",,"posterior",-3304.5,0.0000013952
38,"R_Date","NM5-1",,"posterior",-3299.5,0.0000018682
38,"R_Date","NM5-1",,"posterior",-3294.5,0.0000012533
38,"R_Date","NM5-1",,"posterior",-3289.5,0.0000011351
38,"R_Date","NM5-1",,"posterior",-3284.5,0.000002554
38,"R_Date","NM5-1",,"posterior",-3279.5,0.0000024594
38,"R_Date","NM5-1",,"posterior",-3274.5,0.00000428
38,"R_Date","NM5-1",,"posterior",-3269.5,0.000004067
38,"R_Date","NM5-1",,"posterior",-3264.5,0.000003642
38,"R_Date","NM5-1",,"posterior",-3259.5,0.000006243
38,"R_Date","NM5-1",,"posterior",-3254.5,0.000010405
38,"R_Date","NM5-1",,"posterior",-3249.5,0.000009696
38,"R_Date","NM5-1",,"posterior",-3244.5,0.000008442
38,"R_Date","NM5-1",,"posterior",-3239.5,0.000005415
38,"R_Date","NM5-1",,"posterior",-3234.5,0.0000023884
38,"R_Date","NM5-1",,"posterior",-3229.5,0.0000010878
38,"R_Date","NM5-1",,"posterior",-3224.5,0.0000014662
38,"R_Date","NM5-1",,"posterior",-3219.5,0.0000018209
38,"R_Date","NM5-1",,"posterior",-3214.5,2.6013e-7
38,"R_Date","NM5-1",,"posterior",-3209.5,3.547e-7
38,"R_Date","NM5-1",,"posterior",-3204.5,0
38,"R_Date","NM5-1",,"posterior",-3199.5,4.73e-8
38,"R_Date","NM5-1",,"posterior",-3194.5,3.547e-7
38,"R_Date","NM5-1",,"posterior",-3189.5,7.331e-7
38,"R_Date","NM5-1",,"posterior",-3184.5,0.0000026486
38,"R_Date","NM5-1",,"posterior",-3179.5,0.000010618
38,"R_Date","NM5-1",,"posterior",-3174.5,0.000027503
38,"R_Date","NM5-1",,"posterior",-3169.5,0.00004999
38,"R_Date","NM5-1",,"posterior",-3164.5,0.0000686
38,"R_Date","NM5-1",,"posterior",-3159.5,0.00006108
38,"R_Date","NM5-1",,"posterior",-3154.5,0.00002703
38,"R_Date","NM5-1",,"posterior",-3149.5,0.000013125
38,"R_Date","NM5-1",,"posterior",-3144.5,0.000007544
38,"R_Date","NM5-1",,"posterior",-3139.5,0.000009223
38,"R_Date","NM5-1",,"posterior",-3134.5,0.000020266
38,"R_Date","NM5-1",,"posterior",-3129.5,0.00004219
38,"R_Date","NM5-1",,"posterior",-3124.5,0.00007281
38,"R_Date","NM5-1",,"posterior",-3119.5,0.00013907
38,"R_Date","NM5-1",,"posterior",-3114.5,0.0002585
38,"R_Date","NM5-1",,"posterior",-3109.5,0.0004646
38,"R_Date","NM5-1",,"posterior",-3104.5,0.0016047
38,"R_Date","NM5-1",,"posterior",-3099.5,0.005603
38,"R_Date","NM5-1",,"posterior",-3094.5,0.010096
38,"R_Date","NM5-1",,"posterior",-3089.5,0.009738
38,"R_Date","NM5-1",,"posterior",-3084.5,0.007666
38,"R_Date","NM5-1",,"posterior",-3079.5,0.005881
38,"R_Date","NM5-1",,"posterior",-3074.5,0.004178
38,"R_Date","NM5-1",,"posterior",-3069.5,0.003227
38,"R_Date","NM5-1",,"posterior",-3064.5,0.004249
38,"R_Date","NM5-1",,"posterior",-3059.5,0.008819
38,"R_Date","NM5-1",,"posterior",-3054.5,0.015836
38,"R_Date","NM5-1",,"posterior",-3049.5,0.021315
38,"R_Date","NM5-1",,"posterior",-3044.5,0.023648
38,"R_Date","NM5-1",,"posterior",-3039.5,0.023555
38,"R_Date","NM5-1",,"posterior",-3034.5,0.02253
38,"R_Date","NM5-1",,"posterior",-3029.5,0.017229
38,"R_Date","NM5-1",,"posterior",-3024.5,0.008045
38,"R_Date","NM5-1",,"posterior",-3019.5,0.0030455
38,"R_Date","NM5-1",,"posterior",-3014.5,0.0012571
38,"R_Date","NM5-1",,"posterior",-3009.5,0.0003774
38,"R_Date","NM5-1",,"posterior",-3004.5,0.00007854
38,"R_Date","NM5-1",,"posterior",-2999.5,0.000022087
38,"R_Date","NM5-1",,"posterior",-2994.5,0.000017665
38,"R_Date","NM5-1",,"posterior",-2989.5,0.00003079
38,"R_Date","NM5-1",,"posterior",-2984.5,0.00006697
38,"R_Date","NM5-1",,"posterior",-2979.5,0.00008911
38,"R_Date","NM5-1",,"posterior",-2974.5,0.00010564
38,"R_Date","NM5-1",,"posterior",-2969.5,0.00010656
38,"R_Date","NM5-1",,"posterior",-2964.5,0.00006704
38,"R_Date","NM5-1",,"posterior",-2959.5,0.00004349
38,"R_Date","NM5-1",,"posterior",-2954.5,0.000029371
38,"R_Date","NM5-1",,"posterior",-2949.5,0.00002677
38,"R_Date","NM5-1",,"posterior",-2944.5,0.000026462
38,"R_Date","NM5-1",,"posterior",-2939.5,0.000023482
38,"R_Date","NM5-1",,"posterior",-2934.5,0.000011729
38,"R_Date","NM5-1",,"posterior",-2929.5,0.000003287
38,"R_Date","NM5-1",,"posterior",-2924.5,3.0742e-7
38,"R_Date","NM5-1",,"posterior",-2919.5,0
38,"R_Date","NM5-1",,"posterior",-2914.5,0
39,"R_Date","NM5-2",,"likelihood",-3379.5,0
39,"R_Date","NM5-2",,"likelihood",-3374.5,0
39,"R_Date","NM5-2",,"likelihood",-3369.5,0
39,"R_Date","NM5-2",,"likelihood",-3364.5,1.5012e-7
39,"R_Date","NM5-2",,"likelihood",-3359.5,0.0000026409
39,"R_Date","NM5-2",,"likelihood",-3354.5,0.000016646
39,"R_Date","NM5-2",,"likelihood",-3349.5,0.00005359
39,"R_Date","NM5-2",,"likelihood",-3344.5,0.00009612
39,"R_Date","NM5-2",,"likelihood",-3339.5,0.00020043
39,"R_Date","NM5-2",,"likelihood",-3334.5,0.0005099
39,"R_Date","NM5-2",,"likelihood",-3329.5,0.0010876
39,"R_Date","NM5-2",,"likelihood",-3324.5,0.0018644
39,"R_Date","NM5-2",,"likelihood",-3319.5,0.002581
39,"R_Date","NM5-2",,"likelihood",-3314.5,0.0030735
39,"R_Date","NM5-2",,"likelihood",-3309.5,0.003479
39,"R_Date","NM5-2",,"likelihood",-3304.5,0.003782
39,"R_Date","NM5-2",,"likelihood",-3299.5,0.003792
39,"R_Date","NM5-2",,"likelihood",-3294.5,0.003271
39,"R_Date","NM5-2",,"likelihood",-3289.5,0.0028601
39,"R_Date","NM5-2",,"likelihood",-3284.5,0.003271
39,"R_Date","NM5-2",,"likelihood",-3279.5,0.003981
39,"R_Date","NM5-2",,"likelihood",-3274.5,0.003792
39,"R_Date","NM5-2",,"likelihood",-3269.5,0.003276
39,"R_Date","NM5-2",,"likelihood",-3264.5,0.003688
39,"R_Date","NM5-2",,"likelihood",-3259.5,0.004844
39,"R_Date","NM5-2",,"likelihood",-3254.5,0.005228
39,"R_Date","NM5-2",,"likelihood",-3249.5,0.004844
39,"R_Date","NM5-2",,"likelihood",-3244.5,0.004272
39,"R_Date","NM5-2",,"likelihood",-3239.5,0.00348
39,"R_Date","NM5-2",,"likelihood",-3234.5,0.0024646
39,"R_Date","NM5-2",,"likelihood",-3229.5,0.0018644
39,"R_Date","NM5-2",,"likelihood",-3224.5,0.001595
39,"R_Date","NM5-2",,"likelihood",-3219.5,0.0015195
39,"R_Date","NM5-2",,"likelihood",-3214.5,0.0010553
39,"R_Date","NM5-2",,"likelihood",-3209.5,0.0005352
39,"R_Date","NM5-2",,"likelihood",-3204.5,0.00029221
39,"R_Date","NM5-2",,"likelihood",-3199.5,0.00023369
39,"R_Date","NM5-2",,"likelihood",-3194.5,0.0003582
39,"R_Date","NM5-2",,"likelihood",-3189.5,0.0007172
39,"R_Date","NM5-2",,"likelihood",-3184.5,0.0012731
39,"R_Date","NM5-2",,"likelihood",-3179.5,0.0018944
39,"R_Date","NM5-2",,"likelihood",-3174.5,0.002581
39,"R_Date","NM5-2",,"likelihood",-3169.5,0.0030735
39,"R_Date","NM5-2",,"likelihood",-3164.5,0.0030817
39,"R_Date","NM5-2",,"likelihood",-3159.5,0.0026944
39,"R_Date","NM5-2",,"likelihood",-3154.5,0.0017831
39,"R_Date","NM5-2",,"likelihood",-3149.5,0.0010632
39,"R_Date","NM5-2",,"likelihood",-3144.5,0.0006875
39,"R_Date","NM5-2",,"likelihood",-3139.5,0.0007172
39,"R_Date","NM5-2",,"likelihood",-3134.5,0.0009027
39,"R_Date","NM5-2",,"likelihood",-3129.5,0.0011209
39,"R_Date","NM5-2",,"likelihood",-3124.5,0.0011209
39,"R_Date","NM5-2",,"likelihood",-3119.5,0.0013067
39,"R_Date","NM5-2",,"likelihood",-3114.5,0.0015116
39,"R_Date","NM5-2",,"likelihood",-3109.5,0.0015841
39,"R_Date","NM5-2",,"likelihood",-3104.5,0.0024144
39,"R_Date","NM5-2",,"likelihood",-3099.5,0.004246
39,"R_Date","NM5-2",,"likelihood",-3094.5,0.005545
39,"R_Date","NM5-2",,"likelihood",-3089.5,0.005364
39,"R_Date","NM5-2",,"likelihood",-3084.5,0.004827
39,"R_Date","NM5-2",,"likelihood",-3079.5,0.004327
39,"R_Date","NM5-2",,"likelihood",-3074.5,0.003669
39,"R_Date","NM5-2",,"likelihood",-3069.5,0.0031589
39,"R_Date","NM5-2",,"likelihood",-3064.5,0.003363
39,"R_Date","NM5-2",,"likelihood",-3059.5,0.004356
39,"R_Date","NM5-2",,"likelihood",-3054.5,0.005163
39,"R_Date","NM5-2",,"likelihood",-3049.5,0.005503
39,"R_Date","NM5-2",,"likelihood",-3044.5,0.00556
39,"R_Date","NM5-2",,"likelihood",-3039.5,0.005531
39,"R_Date","NM5-2",,"likelihood",-3034.5,0.005466
39,"R_Date","NM5-2",,"likelihood",-3029.5,0.005011
39,"R_Date","NM5-2",,"likelihood",-3024.5,0.003618
39,"R_Date","NM5-2",,"likelihood",-3019.5,0.0024294
39,"R_Date","NM5-2",,"likelihood",-3014.5,0.0017467
39,"R_Date","NM5-2",,"likelihood",-3009.5,0.0010446
39,"R_Date","NM5-2",,"likelihood",-3004.5,0.0005195
39,"R_Date","NM5-2",,"likelihood",-2999.5,0.000324
39,"R_Date","NM5-2",,"likelihood",-2994.5,0.00030908
39,"R_Date","NM5-2",,"likelihood",-2989.5,0.000455
39,"R_Date","NM5-2",,"likelihood",-2984.5,0.000726
39,"R_Date","NM5-2",,"likelihood",-2979.5,0.000893
39,"R_Date","NM5-2",,"likelihood",-2974.5,0.0010338
39,"R_Date","NM5-2",,"likelihood",-2969.5,0.0011252
39,"R_Date","NM5-2",,"likelihood",-2964.5,0.0009891
39,"R_Date","NM5-2",,"likelihood",-2959.5,0.0008926
39,"R_Date","NM5-2",,"likelihood",-2954.5,0.0008527
39,"R_Date","NM5-2",,"likelihood",-2949.5,0.000894
39,"R_Date","NM5-2",,"likelihood",-2944.5,0.0010108
39,"R_Date","NM5-2",,"likelihood",-2939.5,0.0011008
39,"R_Date","NM5-2",,"likelihood",-2934.5,0.000977
39,"R_Date","NM5-2",,"likelihood",-2929.5,0.0006533
39,"R_Date","NM5-2",,"likelihood",-2924.5,0.0003402
39,"R_Date","NM5-2",,"likelihood",-2919.5,0.00014592
39,"R_Date","NM5-2",,"likelihood",-2914.5,0.00003454
39,"R_Date","NM5-2",,"likelihood",-2909.5,0.000005243
39,"R_Date","NM5-2",,"likelihood",-2904.5,8.673e-7
39,"R_Date","NM5-2",,"likelihood",-2899.5,1.1676e-7
39,"R_Date","NM5-2",,"likelihood",-2894.5,1.112e-8
39,"R_Date","NM5-2",,"likelihood",-2889.5,0
39,"R_Date","NM5-2",,"likelihood",-2884.5,0
39,"R_Date","NM5-2",,"likelihood",-2879.5,0
39,"R_Date","NM5-2",,"posterior",-3344.5,0
39,"R_Date","NM5-2",,"posterior",-3339.5,0
39,"R_Date","NM5-2",,"posterior",-3334.5,0
39,"R_Date","NM5-2",,"posterior",-3329.5,1.6554e-7
39,"R_Date","NM5-2",,"posterior",-3324.5,4.73e-8
39,"R_Date","NM5-2",,"posterior",-3319.5,6.148e-7
39,"R_Date","NM5-2",,"posterior",-3314.5,6.858e-7
39,"R_Date","NM5-2",,"posterior",-3309.5,0.0000017736
39,"R_Date","NM5-2",,"posterior",-3304.5,0.0000013952
39,"R_Date","NM5-2",,"posterior",-3299.5,0.0000018682
39,"R_Date","NM5-2",,"posterior",-3294.5,0.0000012533
39,"R_Date","NM5-2",,"posterior",-3289.5,0.0000011351
39,"R_Date","NM5-2",,"posterior",-3284.5,0.000002554
39,"R_Date","NM5-2",,"posterior",-3279.5,0.0000024594
39,"R_Date","NM5-2",,"posterior",-3274.5,0.00000428
39,"R_Date","NM5-2",,"posterior",-3269.5,0.000004067
39,"R_Date","NM5-2",,"posterior",-3264.5,0.000003642
39,"R_Date","NM5-2",,"posterior",-3259.5,0.000006243
39,"R_Date","NM5-2",,"posterior",-3254.5,0.000010405
39,"R_Date","NM5-2",,"posterior",-3249.5,0.000009696
39,"R_Date","NM5-2",,"posterior",-3244.5,0.000008442
39,"R_Date","NM5-2",,"posterior",-3239.5,0.000005415
39,"R_Date","NM5-2",,"posterior",-3234.5,0.0000023884
39,"R_Date","NM5-2",,"posterior",-3229.5,0.0000010878
39,"R_Date","NM5-2",,"posterior",-3224.5,0.0000014662
39,"R_Date","NM5-2",,"posterior",-3219.5,0.0000018209
39,"R_Date","NM5-2",,"posterior",-3214.5,2.6013e-7
39,"R_Date","NM5-2",,"posterior",-3209.5,3.547e-7
39,"R_Date","NM5-2",,"posterior",-3204.5,0
39,"R_Date","NM5-2",,"posterior",-3199.5,4.73e-8
39,"R_Date","NM5-2",,"posterior",-3194.5,3.547e-7
39,"R_Date","NM5-2",,"posterior",-3189.5,7.331e-7
39,"R_Date","NM5-2",,"posterior",-3184.5,0.0000026486
39,"R_Date","NM5-2",,"posterior",-3179.5,0.000010618
39,"R_Date","NM5-2",,"posterior",-3174.5,0.000027503
39,"R_Date","NM5-2",,"posterior",-3169.5,0.00004999
39,"R_Date","NM5-2",,"posterior",-3164.5,0.0000686
39,"R_Date","NM5-2",,"posterior",-3159.5,0.00006108
39,"R_Date","NM5-2",,"posterior",-3154.5,0.00002703
39,"R_Date","NM5-2",,"posterior",-3149.5,0.000013125
39,"R_Date","NM5-2",,"posterior",-3144.5,0.000007544
39,"R_Date","NM5-2",,"posterior",-3139.5,0.000009223
39,"R_Date","NM5-2",,"posterior",-3134.5,0.000020266
39,"R_Date","NM5-2",,"posterior",-3129.5,0.00004219
39,"R_Date","NM5-2",,"posterior",-3124.5,0.00007281
39,"R_Date","NM5-2",,"posterior",-3119.5,0.00013907
39,"R_Date","NM5-2",,"posterior",-3114.5,0.0002585
39,"R_Date","NM5-2",,"posterior",-3109.5,0.0004646
39,"R_Date","NM5-2",,"posterior",-3104.5,0.0016047
39,"R_Date","NM5-2",,"posterior",-3099.5,0.005603
39,"R_Date","NM5-2",,"posterior",-3094.5,0.010096
39,"R_Date","NM5-2",,"posterior",-3089.5,0.009738
39,"R_Date","NM5-2",,"posterior",-3084.5,0.007666
39,"R_Date","NM5-2",,"posterior",-3079.5,0.005881
39,"R_Date","NM5-2",,"posterior",-3074.5,0.004178
39,"R_Date","NM5-2",,"posterior",-3069.5,0.003227
39,"R_Date","NM5-2",,"posterior",-3064.5,0.004249
39,"R_Date","NM5-2",,"posterior",-3059.5,0.008819
39,"R_Date","NM5-2",,"posterior",-3054.5,0.015836
39,"R_Date","NM5-2",,"posterior",-3049.5,0.021315
39,"R_Date","NM5-2",,"posterior",-3044.5,0.023648
39,"R_Date","NM5-2",,"posterior",-3039.5,0.023555
39,"R_Date","NM5-2",,"posterior",-3034.5,0.02253
39,"R_Date","NM5-2",,"posterior",-3029.5,0.017229
39,"R_Date","NM5-2",,"posterior",-3024.5,0.008045
39,"R_Date","NM5-2",,"posterior",-3019.5,0.0030455
39,"R_Date","NM5-2",,"posterior",-3014.5,0.0012571
39,"R_Date","NM5-2",,"posterior",-3009.5,0.0003774
39,"R_Date","NM5-2",,"posterior",-3004.5,0.00007854
39,"R_Date","NM5-2",,"posterior",-2999.5,0.000022087
39,"R_Date","NM5-2",,"posterior",-2994.5,0.000017665
39,"R_Date","NM5-2",,"posterior",-2989.5,0.00003079
39,"R_Date","NM5-2",,"posterior",-2984.5,0.00006697
39,"R_Date","NM5-2",,"posterior",-2979.5,0.00008911
39,"R_Date","NM5-2",,"posterior",-2974.5,0.00010564
39,"R_Date","NM5-2",,"posterior",-2969.5,0.00010656
39,"R_Date","NM5-2",,"posterior",-2964.5,0.00006704
39,"R_Date","NM5-2",,"posterior",-2959.5,0.00004349
39,"R_Date","NM5-2",,"posterior",-2954.5,0.000029371
39,"R_Date","NM5-2",,"posterior",-2949.5,0.00002677
39,"R_Date","NM5-2",,"posterior",-2944.5,0.000026462
39,"R_Date","NM5-2",,"posterior",-2939.5,0.000023482
39,"R_Date","NM5-2",,"posterior",-2934.5,0.000011729
39,"R_Date","NM5-2",,"posterior",-2929.5,0.000003287
39,"R_Date","NM5-2",,"posterior",-2924.5,3.0742e-7
39,"R_Date","NM5-2",,"posterior",-2919.5,0
39,"R_Date","NM5-2",,"posterior",-2914.5,0
40,"Combine","NM8",,"likelihood",-3319.5,0
40,"Combine","NM8",,"likelihood",-3314.5,0
40,"Combine","NM8",,"likelihood",-3309.5,0
40,"Combine","NM8",,"likelihood",-3304.5,1.0366e-8
40,"Combine","NM8",,"likelihood",-3299.5,1.0366e-8
40,"Combine","NM8",,"likelihood",-3294.5,0
40,"Combine","NM8",,"likelihood",-3289.5,0
40,"Combine","NM8",,"likelihood",-3284.5,0
40,"Combine","NM8",,"likelihood",-3279.5,2.0731e-8
40,"Combine","NM8",,"likelihood",-3274.5,1.0366e-8
40,"Combine","NM8",,"likelihood",-3269.5,0
40,"Combine","NM8",,"likelihood",-3264.5,0
40,"Combine","NM8",,"likelihood",-3259.5,1.5548e-7
40,"Combine","NM8",,"likelihood",-3254.5,0.0000011817
40,"Combine","NM8",,"likelihood",-3249.5,1.5548e-7
40,"Combine","NM8",,"likelihood",-3244.5,5.183e-8
40,"Combine","NM8",,"likelihood",-3239.5,0
40,"Combine","NM8",,"likelihood",-3234.5,0
40,"Combine","NM8",,"likelihood",-3229.5,0
40,"Combine","NM8",,"likelihood",-3224.5,0
40,"Combine","NM8",,"likelihood",-3219.5,0
40,"Combine","NM8",,"likelihood",-3214.5,0
40,"Combine","NM8",,"likelihood",-3209.5,0
40,"Combine","NM8",,"likelihood",-3204.5,0
40,"Combine","NM8",,"likelihood",-3199.5,0
40,"Combine","NM8",,"likelihood",-3194.5,0
40,"Combine","NM8",,"likelihood",-3189.5,0
40,"Combine","NM8",,"likelihood",-3184.5,0
40,"Combine","NM8",,"likelihood",-3179.5,0
40,"Combine","NM8",,"likelihood",-3174.5,0
40,"Combine","NM8",,"likelihood",-3169.5,0
40,"Combine","NM8",,"likelihood",-3164.5,0
40,"Combine","NM8",,"likelihood",-3159.5,0
40,"Combine","NM8",,"likelihood",-3154.5,0
40,"Combine","NM8",,"likelihood",-3149.5,0
40,"Combine","NM8",,"likelihood",-3144.5,0
40,"Combine","NM8",,"likelihood",-3139.5,0
40,"Combine","NM8",,"likelihood",-3134.5,0
40,"Combine","NM8",,"likelihood",-3129.5,0
40,"Combine","NM8",,"likelihood",-3124.5,0
40,"Combine","NM8",,"likelihood",-3119.5,0
40,"Combine","NM8",,"likelihood",-3114.5,0
40,"Combine","NM8",,"likelihood",-3109.5,0
40,"Combine","NM8",,"likelihood",-3104.5,0
40,"Combine","NM8",,"likelihood",-3099.5,9.329e-8
40,"Combine","NM8",,"likelihood",-3094.5,0.000005867
40,"Combine","NM8",,"likelihood",-3089.5,0.00013272
40,"Combine","NM8",,"likelihood",-3084.5,0.000507
40,"Combine","NM8",,"likelihood",-3079.5,0.0010807
40,"Combine","NM8",,"likelihood",-3074.5,0.0021347
40,"Combine","NM8",,"likelihood",-3069.5,0.00339
40,"Combine","NM8",,"likelihood",-3064.5,0.0029919
40,"Combine","NM8",,"likelihood",-3059.5,0.0009773
40,"Combine","NM8",,"likelihood",-3054.5,0.0002482
40,"Combine","NM8",,"likelihood",-3049.5,0.00007786
40,"Combine","NM8",,"likelihood",-3044.5,0.0000574
40,"Combine","NM8",,"likelihood",-3039.5,0.00006875
40,"Combine","NM8",,"likelihood",-3034.5,0.00009435
40,"Combine","NM8",,"likelihood",-3029.5,0.00034
40,"Combine","NM8",,"likelihood",-3024.5,0.0021113
40,"Combine","NM8",,"likelihood",-3019.5,0.005804
40,"Combine","NM8",,"likelihood",-3014.5,0.008469
40,"Combine","NM8",,"likelihood",-3009.5,0.01035
40,"Combine","NM8",,"likelihood",-3004.5,0.008675
40,"Combine","NM8",,"likelihood",-2999.5,0.00614
40,"Combine","NM8",,"likelihood",-2994.5,0.006133
40,"Combine","NM8",,"likelihood",-2989.5,0.008053
40,"Combine","NM8",,"likelihood",-2984.5,0.009724
40,"Combine","NM8",,"likelihood",-2979.5,0.010316
40,"Combine","NM8",,"likelihood",-2974.5,0.010354
40,"Combine","NM8",,"likelihood",-2969.5,0.010117
40,"Combine","NM8",,"likelihood",-2964.5,0.010366
40,"Combine","NM8",,"likelihood",-2959.5,0.010317
40,"Combine","NM8",,"likelihood",-2954.5,0.010261
40,"Combine","NM8",,"likelihood",-2949.5,0.010319
40,"Combine","NM8",,"likelihood",-2944.5,0.010365
40,"Combine","NM8",,"likelihood",-2939.5,0.010231
40,"Combine","NM8",,"likelihood",-2934.5,0.010254
40,"Combine","NM8",,"likelihood",-2929.5,0.009589
40,"Combine","NM8",,"likelihood",-2924.5,0.006614
40,"Combine","NM8",,"likelihood",-2919.5,0.002855
40,"Combine","NM8",,"likelihood",-2914.5,0.0004552
40,"Combine","NM8",,"likelihood",-2909.5,0.000021104
40,"Combine","NM8",,"likelihood",-2904.5,7.049e-7
40,"Combine","NM8",,"likelihood",-2899.5,1.0366e-8
40,"Combine","NM8",,"likelihood",-2894.5,0
40,"Combine","NM8",,"likelihood",-2889.5,0
40,"Combine","NM8",,"likelihood",-2884.5,0
40,"Combine","NM8",,"posterior",-3109.5,0
40,"Combine","NM8",,"posterior",-3104.5,0
40,"Combine","NM8",,"posterior",-3099.5,5.688e-8
40,"Combine","NM8",,"posterior",-3094.5,0.000011575
40,"Combine","NM8",,"posterior",-3089.5,0.00017553
40,"Combine","NM8",,"posterior",-3084.5,0.0006891
40,"Combine","NM8",,"posterior",-3079.5,0.0015804
40,"Combine","NM8",,"posterior",-3074.5,0.003167
40,"Combine","NM8",,"posterior",-3069.5,0.005056
40,"Combine","NM8",,"posterior",-3064.5,0.00472
40,"Combine","NM8",,"posterior",-3059.5,0.00205
40,"Combine","NM8",,"posterior",-3054.5,0.0006557
40,"Combine","NM8",,"posterior",-3049.5,0.0004293
40,"Combine","NM8",,"posterior",-3044.5,0.00028099
40,"Combine","NM8",,"posterior",-3039.5,0.00019786
40,"Combine","NM8",,"posterior",-3034.5,0.00031532
40,"Combine","NM8",,"posterior",-3029.5,0.0011716
40,"Combine","NM8",,"posterior",-3024.5,0.006096
40,"Combine","NM8",,"posterior",-3019.5,0.015798
40,"Combine","NM8",,"posterior",-3014.5,0.023856
40,"Combine","NM8",,"posterior",-3009.5,0.028441
40,"Combine","NM8",,"posterior",-3004.5,0.023481
40,"Combine","NM8",,"posterior",-2999.5,0.015471
40,"Combine","NM8",,"posterior",-2994.5,0.012147
40,"Combine","NM8",,"posterior",-2989.5,0.011408
40,"Combine","NM8",,"posterior",-2984.5,0.010069
40,"Combine","NM8",,"posterior",-2979.5,0.008097
40,"Combine","NM8",,"posterior",-2974.5,0.006185
40,"Combine","NM8",,"posterior",-2969.5,0.00472
40,"Combine","NM8",,"posterior",-2964.5,0.003693
40,"Combine","NM8",,"posterior",-2959.5,0.0028565
40,"Combine","NM8",,"posterior",-2954.5,0.0022045
40,"Combine","NM8",,"posterior",-2949.5,0.0016763
40,"Combine","NM8",,"posterior",-2944.5,0.001257
40,"Combine","NM8",,"posterior",-2939.5,0.0009093
40,"Combine","NM8",,"posterior",-2934.5,0.0006121
40,"Combine","NM8",,"posterior",-2929.5,0.0003509
40,"Combine","NM8",,"posterior",-2924.5,0.00014217
40,"Combine","NM8",,"posterior",-2919.5,0.000026876
40,"Combine","NM8",,"posterior",-2914.5,0.000002133
40,"Combine","NM8",,"posterior",-2909.5,0
40,"Combine","NM8",,"posterior",-2904.5,0
41,"R_Date","NM8-1",,"likelihood",-3354.5,0
41,"R_Date","NM8-1",,"likelihood",-3349.5,0
41,"R_Date","NM8-1",,"likelihood",-3344.5,0
41,"R_Date","NM8-1",,"likelihood",-3339.5,1.7933e-8
41,"R_Date","NM8-1",,"likelihood",-3334.5,2.152e-7
41,"R_Date","NM8-1",,"likelihood",-3329.5,0.000002672
41,"R_Date","NM8-1",,"likelihood",-3324.5,0.00001423
41,"R_Date","NM8-1",,"likelihood",-3319.5,0.00004255
41,"R_Date","NM8-1",,"likelihood",-3314.5,0.00008013
41,"R_Date","NM8-1",,"likelihood",-3309.5,0.00012923
41,"R_Date","NM8-1",,"likelihood",-3304.5,0.00018187
41,"R_Date","NM8-1",,"likelihood",-3299.5,0.00015427
41,"R_Date","NM8-1",,"likelihood",-3294.5,0.00008423
41,"R_Date","NM8-1",,"likelihood",-3289.5,0.00005037
41,"R_Date","NM8-1",,"likelihood",-3284.5,0.00008423
41,"R_Date","NM8-1",,"likelihood",-3279.5,0.0002266
41,"R_Date","NM8-1",,"likelihood",-3274.5,0.00015427
41,"R_Date","NM8-1",,"likelihood",-3269.5,0.00010208
41,"R_Date","NM8-1",,"likelihood",-3264.5,0.00013714
41,"R_Date","NM8-1",,"likelihood",-3259.5,0.0005046
41,"R_Date","NM8-1",,"likelihood",-3254.5,0.0009628
41,"R_Date","NM8-1",,"likelihood",-3249.5,0.0005046
41,"R_Date","NM8-1",,"likelihood",-3244.5,0.00031142
41,"R_Date","NM8-1",,"likelihood",-3239.5,0.00010783
41,"R_Date","NM8-1",,"likelihood",-3234.5,0.000029339
41,"R_Date","NM8-1",,"likelihood",-3229.5,0.00001423
41,"R_Date","NM8-1",,"likelihood",-3224.5,0.000006761
41,"R_Date","NM8-1",,"likelihood",-3219.5,0.000005783
41,"R_Date","NM8-1",,"likelihood",-3214.5,0.0000018561
41,"R_Date","NM8-1",,"likelihood",-3209.5,3.497e-7
41,"R_Date","NM8-1",,"likelihood",-3204.5,4.483e-8
41,"R_Date","NM8-1",,"likelihood",-3199.5,2.69e-8
41,"R_Date","NM8-1",,"likelihood",-3194.5,1.1657e-7
41,"R_Date","NM8-1",,"likelihood",-3189.5,0.000001067
41,"R_Date","NM8-1",,"likelihood",-3184.5,0.000004295
41,"R_Date","NM8-1",,"likelihood",-3179.5,0.000018767
41,"R_Date","NM8-1",,"likelihood",-3174.5,0.00004255
41,"R_Date","NM8-1",,"likelihood",-3169.5,0.00008013
41,"R_Date","NM8-1",,"likelihood",-3164.5,0.00009757
41,"R_Date","NM8-1",,"likelihood",-3159.5,0.00006038
41,"R_Date","NM8-1",,"likelihood",-3154.5,0.00001232
41,"R_Date","NM8-1",,"likelihood",-3149.5,0.000003264
41,"R_Date","NM8-1",,"likelihood",-3144.5,6.994e-7
41,"R_Date","NM8-1",,"likelihood",-3139.5,0.000001067
41,"R_Date","NM8-1",,"likelihood",-3134.5,0.0000020354
41,"R_Date","NM8-1",,"likelihood",-3129.5,0.000003811
41,"R_Date","NM8-1",,"likelihood",-3124.5,0.000003811
41,"R_Date","NM8-1",,"likelihood",-3119.5,0.000005999
41,"R_Date","NM8-1",,"likelihood",-3114.5,0.000009298
41,"R_Date","NM8-1",,"likelihood",-3109.5,0.000010733
41,"R_Date","NM8-1",,"likelihood",-3104.5,0.00004147
41,"R_Date","NM8-1",,"likelihood",-3099.5,0.000356
41,"R_Date","NM8-1",,"likelihood",-3094.5,0.0016732
41,"R_Date","NM8-1",,"likelihood",-3089.5,0.004255
41,"R_Date","NM8-1",,"likelihood",-3084.5,0.006116
41,"R_Date","NM8-1",,"likelihood",-3079.5,0.007274
41,"R_Date","NM8-1",,"likelihood",-3074.5,0.008486
41,"R_Date","NM8-1",,"likelihood",-3069.5,0.008936
41,"R_Date","NM8-1",,"likelihood",-3064.5,0.008597
41,"R_Date","NM8-1",,"likelihood",-3059.5,0.00738
41,"R_Date","NM8-1",,"likelihood",-3054.5,0.005077
41,"R_Date","NM8-1",,"likelihood",-3049.5,0.003785
41,"R_Date","NM8-1",,"likelihood",-3044.5,0.003482
41,"R_Date","NM8-1",,"likelihood",-3039.5,0.003677
41,"R_Date","NM8-1",,"likelihood",-3034.5,0.004039
41,"R_Date","NM8-1",,"likelihood",-3029.5,0.005761
41,"R_Date","NM8-1",,"likelihood",-3024.5,0.008731
41,"R_Date","NM8-1",,"likelihood",-3019.5,0.008967
41,"R_Date","NM8-1",,"likelihood",-3014.5,0.008182
41,"R_Date","NM8-1",,"likelihood",-3009.5,0.006266
41,"R_Date","NM8-1",,"likelihood",-3004.5,0.003777
41,"R_Date","NM8-1",,"likelihood",-2999.5,0.002475
41,"R_Date","NM8-1",,"likelihood",-2994.5,0.0024197
41,"R_Date","NM8-1",,"likelihood",-2989.5,0.003386
41,"R_Date","NM8-1",,"likelihood",-2984.5,0.004768
41,"R_Date","NM8-1",,"likelihood",-2979.5,0.005657
41,"R_Date","NM8-1",,"likelihood",-2974.5,0.006221
41,"R_Date","NM8-1",,"likelihood",-2969.5,0.006213
41,"R_Date","NM8-1",,"likelihood",-2964.5,0.006048
41,"R_Date","NM8-1",,"likelihood",-2959.5,0.005656
41,"R_Date","NM8-1",,"likelihood",-2954.5,0.005482
41,"R_Date","NM8-1",,"likelihood",-2949.5,0.005662
41,"R_Date","NM8-1",,"likelihood",-2944.5,0.006137
41,"R_Date","NM8-1",,"likelihood",-2939.5,0.0063
41,"R_Date","NM8-1",,"likelihood",-2934.5,0.005847
41,"R_Date","NM8-1",,"likelihood",-2929.5,0.004518
41,"R_Date","NM8-1",,"likelihood",-2924.5,0.0026371
41,"R_Date","NM8-1",,"likelihood",-2919.5,0.0011719
41,"R_Date","NM8-1",,"likelihood",-2914.5,0.00025719
41,"R_Date","NM8-1",,"likelihood",-2909.5,0.000027294
41,"R_Date","NM8-1",,"likelihood",-2904.5,0.0000030307
41,"R_Date","NM8-1",,"likelihood",-2899.5,2.2416e-7
41,"R_Date","NM8-1",,"likelihood",-2894.5,8.967e-9
41,"R_Date","NM8-1",,"likelihood",-2889.5,0
41,"R_Date","NM8-1",,"likelihood",-2884.5,0
41,"R_Date","NM8-1",,"likelihood",-2879.5,0
41,"R_Date","NM8-1",,"posterior",-3109.5,0
41,"R_Date","NM8-1",,"posterior",-3104.5,0
41,"R_Date","NM8-1",,"posterior",-3099.5,5.688e-8
41,"R_Date","NM8-1",,"posterior",-3094.5,0.000011575
41,"R_Date","NM8-1",,"posterior",-3089.5,0.00017553
41,"R_Date","NM8-1",,"posterior",-3084.5,0.0006891
41,"R_Date","NM8-1",,"posterior",-3079.5,0.0015804
41,"R_Date","NM8-1",,"posterior",-3074.5,0.003167
41,"R_Date","NM8-1",,"posterior",-3069.5,0.005056
41,"R_Date","NM8-1",,"posterior",-3064.5,0.00472
41,"R_Date","NM8-1",,"posterior",-3059.5,0.00205
41,"R_Date","NM8-1",,"posterior",-3054.5,0.0006557
41,"R_Date","NM8-1",,"posterior",-3049.5,0.0004293
41,"R_Date","NM8-1",,"posterior",-3044.5,0.00028099
41,"R_Date","NM8-1",,"posterior",-3039.5,0.00019786
41,"R_Date","NM8-1",,"posterior",-3034.5,0.00031532
41,"R_Date","NM8-1",,"posterior",-3029.5,0.0011716
41,"R_Date","NM8-1",,"posterior",-3024.5,0.006096
41,"R_Date","NM8-1",,"posterior",-3019.5,0.015798
41,"R_Date","NM8-1",,"posterior",-3014.5,0.023856
41,"R_Date","NM8-1",,"posterior",-3009.5,0.028441
41,"R_Date","NM8-1",,"posterior",-3004.5,0.023481
41,"R_Date","NM8-1",,"posterior",-2999.5,0.015471
41,"R_Date","NM8-1",,"posterior",-2994.5,0.012147
41,"R_Date","NM8-1",,"posterior",-2989.5,0.011408
41,"R_Date","NM8-1",,"posterior",-2984.5,0.010069
41,"R_Date","NM8-1",,"posterior",-2979.5,0.008097
41,"R_Date","NM8-1",,"posterior",-2974.5,0.006185
41,"R_Date","NM8-1",,"posterior",-2969.5,0.00472
41,"R_Date","NM8-1",,"posterior",-2964.5,0.003693
41,"R_Date","NM8-1",,"posterior",-2959.5,0.0028565
41,"R_Date","NM8-1",,"posterior",-2954.5,0.0022045
41,"R_Date","NM8-1",,"posterior",-2949.5,0.0016763
41,"R_Date","NM8-1",,"posterior",-2944.5,0.001257
41,"R_Date","NM8-1",,"posterior",-2939.5,0.0009093
41,"R_Date","NM8-1",,"posterior",-2934.5,0.0006121
41,"R_Date","NM8-1",,"posterior",-2929.5,0.0003509
41,"R_Date","NM8-1",,"posterior",-2924.5,0.00014217
41,"R_Date","NM8-1",,"posterior",-2919.5,0.000026876
41,"R_Date","NM8-1",,"posterior",-2914.5,0.000002133
41,"R_Date","NM8-1",,"posterior",-2909.5,0
41,"R_Date","NM8-1",,"posterior",-2904.5,0
42,"R_Date","NM8-2",,"likelihood",-3334.5,0
42,"R_Date","NM8-2",,"likelihood",-3329.5,0
42,"R_Date","NM8-2",,"likelihood",-3324.5,1.1472e-8
42,"R_Date","NM8-2",,"likelihood",-3319.5,3.442e-8
42,"R_Date","NM8-2",,"likelihood",-3314.5,8.031e-8
42,"R_Date","NM8-2",,"likelihood",-3309.5,1.8356e-7
42,"R_Date","NM8-2",,"likelihood",-3304.5,3.0975e-7
42,"R_Date","NM8-2",,"likelihood",-3299.5,1.9503e-7
42,"R_Date","NM8-2",,"likelihood",-3294.5,6.883e-8
42,"R_Date","NM8-2",,"likelihood",-3289.5,3.442e-8
42,"R_Date","NM8-2",,"likelihood",-3284.5,6.883e-8
42,"R_Date","NM8-2",,"likelihood",-3279.5,4.474e-7
42,"R_Date","NM8-2",,"likelihood",-3274.5,1.9503e-7
42,"R_Date","NM8-2",,"likelihood",-3269.5,1.2619e-7
42,"R_Date","NM8-2",,"likelihood",-3264.5,1.6061e-7
42,"R_Date","NM8-2",,"likelihood",-3259.5,0.000001434
42,"R_Date","NM8-2",,"likelihood",-3254.5,0.000005541
42,"R_Date","NM8-2",,"likelihood",-3249.5,0.000001434
42,"R_Date","NM8-2",,"likelihood",-3244.5,7.572e-7
42,"R_Date","NM8-2",,"likelihood",-3239.5,1.0325e-7
42,"R_Date","NM8-2",,"likelihood",-3234.5,1.1472e-8
42,"R_Date","NM8-2",,"likelihood",-3229.5,1.1472e-8
42,"R_Date","NM8-2",,"likelihood",-3224.5,0
42,"R_Date","NM8-2",,"likelihood",-3219.5,0
42,"R_Date","NM8-2",,"likelihood",-3214.5,0
42,"R_Date","NM8-2",,"likelihood",-3209.5,0
42,"R_Date","NM8-2",,"likelihood",-3204.5,0
42,"R_Date","NM8-2",,"likelihood",-3199.5,0
42,"R_Date","NM8-2",,"likelihood",-3194.5,0
42,"R_Date","NM8-2",,"likelihood",-3189.5,0
42,"R_Date","NM8-2",,"likelihood",-3184.5,0
42,"R_Date","NM8-2",,"likelihood",-3179.5,1.1472e-8
42,"R_Date","NM8-2",,"likelihood",-3174.5,3.442e-8
42,"R_Date","NM8-2",,"likelihood",-3169.5,8.031e-8
42,"R_Date","NM8-2",,"likelihood",-3164.5,1.3767e-7
42,"R_Date","NM8-2",,"likelihood",-3159.5,6.883e-8
42,"R_Date","NM8-2",,"likelihood",-3154.5,0
42,"R_Date","NM8-2",,"likelihood",-3149.5,0
42,"R_Date","NM8-2",,"likelihood",-3144.5,0
42,"R_Date","NM8-2",,"likelihood",-3139.5,0
42,"R_Date","NM8-2",,"likelihood",-3134.5,0
42,"R_Date","NM8-2",,"likelihood",-3129.5,0
42,"R_Date","NM8-2",,"likelihood",-3124.5,0
42,"R_Date","NM8-2",,"likelihood",-3119.5,0
42,"R_Date","NM8-2",,"likelihood",-3114.5,0
42,"R_Date","NM8-2",,"likelihood",-3109.5,0
42,"R_Date","NM8-2",,"likelihood",-3104.5,3.442e-8
42,"R_Date","NM8-2",,"likelihood",-3099.5,0.0000011587
42,"R_Date","NM8-2",,"likelihood",-3094.5,0.000015866
42,"R_Date","NM8-2",,"likelihood",-3089.5,0.00014115
42,"R_Date","NM8-2",,"likelihood",-3084.5,0.0003752
42,"R_Date","NM8-2",,"likelihood",-3079.5,0.0006725
42,"R_Date","NM8-2",,"likelihood",-3074.5,0.0011386
42,"R_Date","NM8-2",,"likelihood",-3069.5,0.0017168
42,"R_Date","NM8-2",,"likelihood",-3064.5,0.0015752
42,"R_Date","NM8-2",,"likelihood",-3059.5,0.0005994
42,"R_Date","NM8-2",,"likelihood",-3054.5,0.0002213
42,"R_Date","NM8-2",,"likelihood",-3049.5,0.0000931
42,"R_Date","NM8-2",,"likelihood",-3044.5,0.0000746
42,"R_Date","NM8-2",,"likelihood",-3039.5,0.00008463
42,"R_Date","NM8-2",,"likelihood",-3034.5,0.00010572
42,"R_Date","NM8-2",,"likelihood",-3029.5,0.00026711
42,"R_Date","NM8-2",,"likelihood",-3024.5,0.0010944
42,"R_Date","NM8-2",,"likelihood",-3019.5,0.0029299
42,"R_Date","NM8-2",,"likelihood",-3014.5,0.004685
42,"R_Date","NM8-2",,"likelihood",-3009.5,0.007476
42,"R_Date","NM8-2",,"likelihood",-3004.5,0.010395
42,"R_Date","NM8-2",,"likelihood",-2999.5,0.011228
42,"R_Date","NM8-2",,"likelihood",-2994.5,0.011472
42,"R_Date","NM8-2",,"likelihood",-2989.5,0.010765
42,"R_Date","NM8-2",,"likelihood",-2984.5,0.009231
42,"R_Date","NM8-2",,"likelihood",-2979.5,0.008254
42,"R_Date","NM8-2",,"likelihood",-2974.5,0.007533
42,"R_Date","NM8-2",,"likelihood",-2969.5,0.00737
42,"R_Date","NM8-2",,"likelihood",-2964.5,0.007757
42,"R_Date","NM8-2",,"likelihood",-2959.5,0.008255
42,"R_Date","NM8-2",,"likelihood",-2954.5,0.008471
42,"R_Date","NM8-2",,"likelihood",-2949.5,0.008248
42,"R_Date","NM8-2",,"likelihood",-2944.5,0.007644
42,"R_Date","NM8-2",,"likelihood",-2939.5,0.007351
42,"R_Date","NM8-2",,"likelihood",-2934.5,0.007937
42,"R_Date","NM8-2",,"likelihood",-2929.5,0.009606
42,"R_Date","NM8-2",,"likelihood",-2924.5,0.011351
42,"R_Date","NM8-2",,"likelihood",-2919.5,0.011026
42,"R_Date","NM8-2",,"likelihood",-2914.5,0.008011
42,"R_Date","NM8-2",,"likelihood",-2909.5,0.003501
42,"R_Date","NM8-2",,"likelihood",-2904.5,0.0010473
42,"R_Date","NM8-2",,"likelihood",-2899.5,0.00022861
42,"R_Date","NM8-2",,"likelihood",-2894.5,0.00003515
42,"R_Date","NM8-2",,"likelihood",-2889.5,0.000003201
42,"R_Date","NM8-2",,"likelihood",-2884.5,1.3767e-7
42,"R_Date","NM8-2",,"likelihood",-2879.5,0
42,"R_Date","NM8-2",,"likelihood",-2874.5,0
42,"R_Date","NM8-2",,"likelihood",-2869.5,0
42,"R_Date","NM8-2",,"posterior",-3109.5,0
42,"R_Date","NM8-2",,"posterior",-3104.5,0
42,"R_Date","NM8-2",,"posterior",-3099.5,5.688e-8
42,"R_Date","NM8-2",,"posterior",-3094.5,0.000011575
42,"R_Date","NM8-2",,"posterior",-3089.5,0.00017553
42,"R_Date","NM8-2",,"posterior",-3084.5,0.0006891
42,"R_Date","NM8-2",,"posterior",-3079.5,0.0015804
42,"R_Date","NM8-2",,"posterior",-3074.5,0.003167
42,"R_Date","NM8-2",,"posterior",-3069.5,0.005056
42,"R_Date","NM8-2",,"posterior",-3064.5,0.00472
42,"R_Date","NM8-2",,"posterior",-3059.5,0.00205
42,"R_Date","NM8-2",,"posterior",-3054.5,0.0006557
42,"R_Date","NM8-2",,"posterior",-3049.5,0.0004293
42,"R_Date","NM8-2",,"posterior",-3044.5,0.00028099
42,"R_Date","NM8-2",,"posterior",-3039.5,0.00019786
42,"R_Date","NM8-2",,"posterior",-3034.5,0.00031532
42,"R_Date","NM8-2",,"posterior",-3029.5,0.0011716
42,"R_Date","NM8-2",,"posterior",-3024.5,0.006096
42,"R_Date","NM8-2",,"posterior",-3019.5,0.015798
42,"R_Date","NM8-2",,"posterior",-3014.5,0.023856
42,"R_Date","NM8-2",,"posterior",-3009.5,0.028441
42,"R_Date","NM8-2",,"posterior",-3004.5,0.023481
42,"R_Date","NM8-2",,"posterior",-2999.5,0.015471
42,"R_Date","NM8-2",,"posterior",-2994.5,0.012147
42,"R_Date","NM8-2",,"posterior",-2989.5,0.011408
42,"R_Date","NM8-2",,"posterior",-2984.5,0.010069
42,"R_Date","NM8-2",,"posterior",-2979.5,0.008097
42,"R_Date","NM8-2",,"posterior",-2974.5,0.006185
42,"R_Date","NM8-2",,"posterior",-2969.5,0.00472
42,"R_Date","NM8-2",,"posterior",-2964.5,0.003693
42,"R_Date","NM8-2",,"posterior",-2959.5,0.0028565
42,"R_Date","NM8-2",,"posterior",-2954.5,0.0022045
42,"R_Date","NM8-2",,"posterior",-2949.5,0.0016763
42,"R_Date","NM8-2",,"posterior",-2944.5,0.001257
42,"R_Date","NM8-2",,"posterior",-2939.5,0.0009093
42,"R_Date","NM8-2",,"posterior",-2934.5,0.0006121
42,"R_Date","NM8-2",,"posterior",-2929.5,0.0003509
42,"R_Date","NM8-2",,"posterior",-2924.5,0.00014217
42,"R_Date","NM8-2",,"posterior",-2919.5,0.000026876
42,"R_Date","NM8-2",,"posterior",-2914.5,0.000002133
42,"R_Date","NM8-2",,"posterior",-2909.5,0
42,"R_Date","NM8-2",,"posterior",-2904.5,0
43,"R_Date","NM10",,"likelihood",-3344.5,0
43,"R_Date","NM10",,"likelihood",-3339.5,0
43,"R_Date","NM10",,"likelihood",-3334.5,9.475e-9
43,"R_Date","NM10",,"likelihood",-3329.5,8.527e-8
43,"R_Date","NM10",,"likelihood",-3324.5,4.927e-7
43,"R_Date","NM10",,"likelihood",-3319.5,0.0000016012
43,"R_Date","NM10",,"likelihood",-3314.5,0.000003202
43,"R_Date","NM10",,"likelihood",-3309.5,0.000005467
43,"R_Date","NM10",,"likelihood",-3304.5,0.000008073
43,"R_Date","NM10",,"likelihood",-3299.5,0.000006433
43,"R_Date","NM10",,"likelihood",-3294.5,0.000003269
43,"R_Date","NM10",,"likelihood",-3289.5,0.0000018571
43,"R_Date","NM10",,"likelihood",-3284.5,0.000003269
43,"R_Date","NM10",,"likelihood",-3279.5,0.000010413
43,"R_Date","NM10",,"likelihood",-3274.5,0.000006433
43,"R_Date","NM10",,"likelihood",-3269.5,0.000004197
43,"R_Date","NM10",,"likelihood",-3264.5,0.000005628
43,"R_Date","NM10",,"likelihood",-3259.5,0.000025696
43,"R_Date","NM10",,"likelihood",-3254.5,0.00006034
43,"R_Date","NM10",,"likelihood",-3249.5,0.000025696
43,"R_Date","NM10",,"likelihood",-3244.5,0.000015103
43,"R_Date","NM10",,"likelihood",-3239.5,0.000004302
43,"R_Date","NM10",,"likelihood",-3234.5,0.0000010422
43,"R_Date","NM10",,"likelihood",-3229.5,4.927e-7
43,"R_Date","NM10",,"likelihood",-3224.5,2.2739e-7
43,"R_Date","NM10",,"likelihood",-3219.5,1.895e-7
43,"R_Date","NM10",,"likelihood",-3214.5,5.685e-8
43,"R_Date","NM10",,"likelihood",-3209.5,9.475e-9
43,"R_Date","NM10",,"likelihood",-3204.5,0
43,"R_Date","NM10",,"likelihood",-3199.5,0
43,"R_Date","NM10",,"likelihood",-3194.5,0
43,"R_Date","NM10",,"likelihood",-3189.5,3.79e-8
43,"R_Date","NM10",,"likelihood",-3184.5,1.4212e-7
43,"R_Date","NM10",,"likelihood",-3179.5,6.822e-7
43,"R_Date","NM10",,"likelihood",-3174.5,0.0000016012
43,"R_Date","NM10",,"likelihood",-3169.5,0.000003202
43,"R_Date","NM10",,"likelihood",-3164.5,0.00000414
43,"R_Date","NM10",,"likelihood",-3159.5,0.0000024255
43,"R_Date","NM10",,"likelihood",-3154.5,4.264e-7
43,"R_Date","NM10",,"likelihood",-3149.5,1.137e-7
43,"R_Date","NM10",,"likelihood",-3144.5,1.895e-8
43,"R_Date","NM10",,"likelihood",-3139.5,3.79e-8
43,"R_Date","NM10",,"likelihood",-3134.5,6.632e-8
43,"R_Date","NM10",,"likelihood",-3129.5,1.3265e-7
43,"R_Date","NM10",,"likelihood",-3124.5,1.3265e-7
43,"R_Date","NM10",,"likelihood",-3119.5,2.0845e-7
43,"R_Date","NM10",,"likelihood",-3114.5,3.221e-7
43,"R_Date","NM10",,"likelihood",-3109.5,3.79e-7
43,"R_Date","NM10",,"likelihood",-3104.5,0.0000016012
43,"R_Date","NM10",,"likelihood",-3099.5,0.000018542
43,"R_Date","NM10",,"likelihood",-3094.5,0.00012531
43,"R_Date","NM10",,"likelihood",-3089.5,0.0005397
43,"R_Date","NM10",,"likelihood",-3084.5,0.0010604
43,"R_Date","NM10",,"likelihood",-3079.5,0.0015815
43,"R_Date","NM10",,"likelihood",-3074.5,0.0023214
43,"R_Date","NM10",,"likelihood",-3069.5,0.0030478
43,"R_Date","NM10",,"likelihood",-3064.5,0.0028139
43,"R_Date","NM10",,"likelihood",-3059.5,0.0015099
43,"R_Date","NM10",,"likelihood",-3054.5,0.0007368
43,"R_Date","NM10",,"likelihood",-3049.5,0.0004213
43,"R_Date","NM10",,"likelihood",-3044.5,0.0003649
43,"R_Date","NM10",,"likelihood",-3039.5,0.0003979
43,"R_Date","NM10",,"likelihood",-3034.5,0.0004636
43,"R_Date","NM10",,"likelihood",-3029.5,0.0008737
43,"R_Date","NM10",,"likelihood",-3024.5,0.0023219
43,"R_Date","NM10",,"likelihood",-3019.5,0.004322
43,"R_Date","NM10",,"likelihood",-3014.5,0.005828
43,"R_Date","NM10",,"likelihood",-3009.5,0.007739
43,"R_Date","NM10",,"likelihood",-3004.5,0.009211
43,"R_Date","NM10",,"likelihood",-2999.5,0.009306
43,"R_Date","NM10",,"likelihood",-2994.5,0.009473
43,"R_Date","NM10",,"likelihood",-2989.5,0.009339
43,"R_Date","NM10",,"likelihood",-2984.5,0.008629
43,"R_Date","NM10",,"likelihood",-2979.5,0.008187
43,"R_Date","NM10",,"likelihood",-2974.5,0.007771
43,"R_Date","NM10",,"likelihood",-2969.5,0.007539
43,"R_Date","NM10",,"likelihood",-2964.5,0.007903
43,"R_Date","NM10",,"likelihood",-2959.5,0.008188
43,"R_Date","NM10",,"likelihood",-2954.5,0.008306
43,"R_Date","NM10",,"likelihood",-2949.5,0.008184
43,"R_Date","NM10",,"likelihood",-2944.5,0.007839
43,"R_Date","NM10",,"likelihood",-2939.5,0.007594
43,"R_Date","NM10",,"likelihood",-2934.5,0.007941
43,"R_Date","NM10",,"likelihood",-2929.5,0.008875
43,"R_Date","NM10",,"likelihood",-2924.5,0.009475
43,"R_Date","NM10",,"likelihood",-2919.5,0.008644
43,"R_Date","NM10",,"likelihood",-2914.5,0.006238
43,"R_Date","NM10",,"likelihood",-2909.5,0.0030836
43,"R_Date","NM10",,"likelihood",-2904.5,0.0011458
43,"R_Date","NM10",,"likelihood",-2899.5,0.0003409
43,"R_Date","NM10",,"likelihood",-2894.5,0.00007841
43,"R_Date","NM10",,"likelihood",-2889.5,0.000012175
43,"R_Date","NM10",,"likelihood",-2884.5,0.0000010422
43,"R_Date","NM10",,"likelihood",-2879.5,2.8424e-8
43,"R_Date","NM10",,"likelihood",-2874.5,0
43,"R_Date","NM10",,"likelihood",-2869.5,0
43,"R_Date","NM10",,"likelihood",-2864.5,0
43,"R_Date","NM10",,"posterior",-3299.5,0
43,"R_Date","NM10",,"posterior",-3294.5,0
43,"R_Date","NM10",,"posterior",-3289.5,0
43,"R_Date","NM10",,"posterior",-3284.5,9.766e-8
43,"R_Date","NM10",,"posterior",-3279.5,0
43,"R_Date","NM10",,"posterior",-3274.5,0
43,"R_Date","NM10",,"posterior",-3269.5,0
43,"R_Date","NM10",,"posterior",-3264.5,0
43,"R_Date","NM10",,"posterior",-3259.5,0
43,"R_Date","NM10",,"posterior",-3254.5,0
43,"R_Date","NM10",,"posterior",-3249.5,0
43,"R_Date","NM10",,"posterior",-3244.5,0
43,"R_Date","NM10",,"posterior",-3239.5,0
43,"R_Date","NM10",,"posterior",-3234.5,0
43,"R_Date","NM10",,"posterior",-3229.5,0
43,"R_Date","NM10",,"posterior",-3224.5,0
43,"R_Date","NM10",,"posterior",-3219.5,0
43,"R_Date","NM10",,"posterior",-3214.5,0
43,"R_Date","NM10",,"posterior",-3209.5,0
43,"R_Date","NM10",,"posterior",-3204.5,0
43,"R_Date","NM10",,"posterior",-3199.5,0
43,"R_Date","NM10",,"posterior",-3194.5,0
43,"R_Date","NM10",,"posterior",-3189.5,0
43,"R_Date","NM10",,"posterior",-3184.5,0
43,"R_Date","NM10",,"posterior",-3179.5,4.883e-8
43,"R_Date","NM10",,"posterior",-3174.5,9.766e-8
43,"R_Date","NM10",,"posterior",-3169.5,4.883e-8
43,"R_Date","NM10",,"posterior",-3164.5,4.883e-8
43,"R_Date","NM10",,"posterior",-3159.5,0
43,"R_Date","NM10",,"posterior",-3154.5,0
43,"R_Date","NM10",,"posterior",-3149.5,0
43,"R_Date","NM10",,"posterior",-3144.5,0
43,"R_Date","NM10",,"posterior",-3139.5,0
43,"R_Date","NM10",,"posterior",-3134.5,0
43,"R_Date","NM10",,"posterior",-3129.5,4.883e-8
43,"R_Date","NM10",,"posterior",-3124.5,2.1974e-7
43,"R_Date","NM10",,"posterior",-3119.5,1.4649e-7
43,"R_Date","NM10",,"posterior",-3114.5,2.1974e-7
43,"R_Date","NM10",,"posterior",-3109.5,2.6857e-7
43,"R_Date","NM10",,"posterior",-3104.5,0.0000020265
43,"R_Date","NM10",,"posterior",-3099.5,0.000022975
43,"R_Date","NM10",,"posterior",-3094.5,0.00016583
43,"R_Date","NM10",,"posterior",-3089.5,0.00068
43,"R_Date","NM10",,"posterior",-3084.5,0.0013867
43,"R_Date","NM10",,"posterior",-3079.5,0.0022227
43,"R_Date","NM10",,"posterior",-3074.5,0.003418
43,"R_Date","NM10",,"posterior",-3069.5,0.004598
43,"R_Date","NM10",,"posterior",-3064.5,0.004602
43,"R_Date","NM10",,"posterior",-3059.5,0.0030771
43,"R_Date","NM10",,"posterior",-3054.5,0.0017816
43,"R_Date","NM10",,"posterior",-3049.5,0.0013685
43,"R_Date","NM10",,"posterior",-3044.5,0.0011612
43,"R_Date","NM10",,"posterior",-3039.5,0.0011428
43,"R_Date","NM10",,"posterior",-3034.5,0.0014111
43,"R_Date","NM10",,"posterior",-3029.5,0.0026888
43,"R_Date","NM10",,"posterior",-3024.5,0.006552
43,"R_Date","NM10",,"posterior",-3019.5,0.011897
43,"R_Date","NM10",,"posterior",-3014.5,0.016536
43,"R_Date","NM10",,"posterior",-3009.5,0.021631
43,"R_Date","NM10",,"posterior",-3004.5,0.024415
43,"R_Date","NM10",,"posterior",-2999.5,0.02206
43,"R_Date","NM10",,"posterior",-2994.5,0.017644
43,"R_Date","NM10",,"posterior",-2989.5,0.013153
43,"R_Date","NM10",,"posterior",-2984.5,0.009249
43,"R_Date","NM10",,"posterior",-2979.5,0.006632
43,"R_Date","NM10",,"posterior",-2974.5,0.004858
43,"R_Date","NM10",,"posterior",-2969.5,0.003759
43,"R_Date","NM10",,"posterior",-2964.5,0.0030567
43,"R_Date","NM10",,"posterior",-2959.5,0.0024325
43,"R_Date","NM10",,"posterior",-2954.5,0.001918
43,"R_Date","NM10",,"posterior",-2949.5,0.001459
43,"R_Date","NM10",,"posterior",-2944.5,0.001065
43,"R_Date","NM10",,"posterior",-2939.5,0.0007498
43,"R_Date","NM10",,"posterior",-2934.5,0.0005141
43,"R_Date","NM10",,"posterior",-2929.5,0.0003634
43,"R_Date","NM10",,"posterior",-2924.5,0.00020756
43,"R_Date","NM10",,"posterior",-2919.5,0.00009349
43,"R_Date","NM10",,"posterior",-2914.5,0.000019996
43,"R_Date","NM10",,"posterior",-2909.5,0.0000028078
43,"R_Date","NM10",,"posterior",-2904.5,2.6857e-7
43,"R_Date","NM10",,"posterior",-2899.5,0
43,"R_Date","NM10",,"posterior",-2894.5,0
43,"R_Date","NM10",,"posterior",-2889.5,0
44,"Combine","NM3",,"likelihood",-3269.5,0
44,"Combine","NM3",,"likelihood",-3264.5,0
44,"Combine","NM3",,"likelihood",-3259.5,0
44,"Combine","NM3",,"likelihood",-3254.5,3.452e-8
44,"Combine","NM3",,"likelihood",-3249.5,0
44,"Combine","NM3",,"likelihood",-3244.5,0
44,"Combine","NM3",,"likelihood",-3239.5,0
44,"Combine","NM3",,"likelihood",-3234.5,0
44,"Combine","NM3",,"likelihood",-3229.5,0
44,"Combine","NM3",,"likelihood",-3224.5,0
44,"Combine","NM3",,"likelihood",-3219.5,0
44,"Combine","NM3",,"likelihood",-3214.5,0
44,"Combine","NM3",,"likelihood",-3209.5,0
44,"Combine","NM3",,"likelihood",-3204.5,0
44,"Combine","NM3",,"likelihood",-3199.5,0
44,"Combine","NM3",,"likelihood",-3194.5,0
44,"Combine","NM3",,"likelihood",-3189.5,0
44,"Combine","NM3",,"likelihood",-3184.5,0
44,"Combine","NM3",,"likelihood",-3179.5,0
44,"Combine","NM3",,"likelihood",-3174.5,0
44,"Combine","NM3",,"likelihood",-3169.5,0
44,"Combine","NM3",,"likelihood",-3164.5,0
44,"Combine","NM3",,"likelihood",-3159.5,0
44,"Combine","NM3",,"likelihood",-3154.5,0
44,"Combine","NM3",,"likelihood",-3149.5,0
44,"Combine","NM3",,"likelihood",-3144.5,0
44,"Combine","NM3",,"likelihood",-3139.5,0
44,"Combine","NM3",,"likelihood",-3134.5,0
44,"Combine","NM3",,"likelihood",-3129.5,0
44,"Combine","NM3",,"likelihood",-3124.5,0
44,"Combine","NM3",,"likelihood",-3119.5,0
44,"Combine","NM3",,"likelihood",-3114.5,0
44,"Combine","NM3",,"likelihood",-3109.5,0
44,"Combine","NM3",,"likelihood",-3104.5,0
44,"Combine","NM3",,"likelihood",-3099.5,0
44,"Combine","NM3",,"likelihood",-3094.5,2.071e-7
44,"Combine","NM3",,"likelihood",-3089.5,0.000006593
44,"Combine","NM3",,"likelihood",-3084.5,0.00003276
44,"Combine","NM3",,"likelihood",-3079.5,0.00008622
44,"Combine","NM3",,"likelihood",-3074.5,0.00021245
44,"Combine","NM3",,"likelihood",-3069.5,0.0004236
44,"Combine","NM3",,"likelihood",-3064.5,0.0003615
44,"Combine","NM3",,"likelihood",-3059.5,0.00007333
44,"Combine","NM3",,"likelihood",-3054.5,0.000013755
44,"Combine","NM3",,"likelihood",-3049.5,0.000003521
44,"Combine","NM3",,"likelihood",-3044.5,0.0000025025
44,"Combine","NM3",,"likelihood",-3039.5,0.0000030547
44,"Combine","NM3",,"likelihood",-3034.5,0.000004366
44,"Combine","NM3",,"likelihood",-3029.5,0.000019571
44,"Combine","NM3",,"likelihood",-3024.5,0.00020299
44,"Combine","NM3",,"likelihood",-3019.5,0.0010564
44,"Combine","NM3",,"likelihood",-3014.5,0.0024124
44,"Combine","NM3",,"likelihood",-3009.5,0.00573
44,"Combine","NM3",,"likelihood",-3004.5,0.011402
44,"Combine","NM3",,"likelihood",-2999.5,0.014808
44,"Combine","NM3",,"likelihood",-2994.5,0.015056
44,"Combine","NM3",,"likelihood",-2989.5,0.012436
44,"Combine","NM3",,"likelihood",-2984.5,0.008964
44,"Combine","NM3",,"likelihood",-2979.5,0.006962
44,"Combine","NM3",,"likelihood",-2974.5,0.005818
44,"Combine","NM3",,"likelihood",-2969.5,0.005764
44,"Combine","NM3",,"likelihood",-2964.5,0.006159
44,"Combine","NM3",,"likelihood",-2959.5,0.006964
44,"Combine","NM3",,"likelihood",-2954.5,0.007333
44,"Combine","NM3",,"likelihood",-2949.5,0.00695
44,"Combine","NM3",,"likelihood",-2944.5,0.005984
44,"Combine","NM3",,"likelihood",-2939.5,0.005637
44,"Combine","NM3",,"likelihood",-2934.5,0.006559
44,"Combine","NM3",,"likelihood",-2929.5,0.009538
44,"Combine","NM3",,"likelihood",-2924.5,0.014471
44,"Combine","NM3",,"likelihood",-2919.5,0.017258
44,"Combine","NM3",,"likelihood",-2914.5,0.01405
44,"Combine","NM3",,"likelihood",-2909.5,0.005782
44,"Combine","NM3",,"likelihood",-2904.5,0.001265
44,"Combine","NM3",,"likelihood",-2899.5,0.00017571
44,"Combine","NM3",,"likelihood",-2894.5,0.000014549
44,"Combine","NM3",,"likelihood",-2889.5,5.695e-7
44,"Combine","NM3",,"likelihood",-2884.5,0
44,"Combine","NM3",,"likelihood",-2879.5,0
44,"Combine","NM3",,"likelihood",-2874.5,0
44,"Combine","NM3",,"posterior",-3109.5,0
44,"Combine","NM3",,"posterior",-3104.5,0
44,"Combine","NM3",,"posterior",-3099.5,0
44,"Combine","NM3",,"posterior",-3094.5,4.733e-7
44,"Combine","NM3",,"posterior",-3089.5,0.000012463
44,"Combine","NM3",,"posterior",-3084.5,0.00005521
44,"Combine","NM3",,"posterior",-3079.5,0.00016525
44,"Combine","NM3",,"posterior",-3074.5,0.0004058
44,"Combine","NM3",,"posterior",-3069.5,0.0007708
44,"Combine","NM3",,"posterior",-3064.5,0.0006895
44,"Combine","NM3",,"posterior",-3059.5,0.00020749
44,"Combine","NM3",,"posterior",-3054.5,0.00004713
44,"Combine","NM3",,"posterior",-3049.5,0.00020942
44,"Combine","NM3",,"posterior",-3044.5,0.00012644
44,"Combine","NM3",,"posterior",-3039.5,0.000012857
44,"Combine","NM3",,"posterior",-3034.5,0.000020351
44,"Combine","NM3",,"posterior",-3029.5,0.00009517
44,"Combine","NM3",,"posterior",-3024.5,0.0008358
44,"Combine","NM3",,"posterior",-3019.5,0.003781
44,"Combine","NM3",,"posterior",-3014.5,0.009074
44,"Combine","NM3",,"posterior",-3009.5,0.020651
44,"Combine","NM3",,"posterior",-3004.5,0.03615
44,"Combine","NM3",,"posterior",-2999.5,0.03944
44,"Combine","NM3",,"posterior",-2994.5,0.03095
44,"Combine","NM3",,"posterior",-2989.5,0.019609
44,"Combine","NM3",,"posterior",-2984.5,0.010958
44,"Combine","NM3",,"posterior",-2979.5,0.006524
44,"Combine","NM3",,"posterior",-2974.5,0.004292
44,"Combine","NM3",,"posterior",-2969.5,0.003273
44,"Combine","NM3",,"posterior",-2964.5,0.0027694
44,"Combine","NM3",,"posterior",-2959.5,0.0023971
44,"Combine","NM3",,"posterior",-2954.5,0.0019504
44,"Combine","NM3",,"posterior",-2949.5,0.0014297
44,"Combine","NM3",,"posterior",-2944.5,0.0009536
44,"Combine","NM3",,"posterior",-2939.5,0.0006488
44,"Combine","NM3",,"posterior",-2934.5,0.0005025
44,"Combine","NM3",,"posterior",-2929.5,0.0004252
44,"Combine","NM3",,"posterior",-2924.5,0.0003376
44,"Combine","NM3",,"posterior",-2919.5,0.0001703
44,"Combine","NM3",,"posterior",-2914.5,0.00005099
44,"Combine","NM3",,"posterior",-2909.5,0.000005403
44,"Combine","NM3",,"posterior",-2904.5,0
44,"Combine","NM3",,"posterior",-2899.5,0
44,"Combine","NM3",,"posterior",-2894.5,0
45,"R_Date","NM3-2",,"likelihood",-3344.5,0
45,"R_Date","NM3-2",,"likelihood",-3339.5,0
45,"R_Date","NM3-2",,"likelihood",-3334.5,9.475e-9
45,"R_Date","NM3-2",,"likelihood",-3329.5,8.527e-8
45,"R_Date","NM3-2",,"likelihood",-3324.5,4.927e-7
45,"R_Date","NM3-2",,"likelihood",-3319.5,0.0000016012
45,"R_Date","NM3-2",,"likelihood",-3314.5,0.000003202
45,"R_Date","NM3-2",,"likelihood",-3309.5,0.000005467
45,"R_Date","NM3-2",,"likelihood",-3304.5,0.000008073
45,"R_Date","NM3-2",,"likelihood",-3299.5,0.000006433
45,"R_Date","NM3-2",,"likelihood",-3294.5,0.000003269
45,"R_Date","NM3-2",,"likelihood",-3289.5,0.0000018571
45,"R_Date","NM3-2",,"likelihood",-3284.5,0.000003269
45,"R_Date","NM3-2",,"likelihood",-3279.5,0.000010413
45,"R_Date","NM3-2",,"likelihood",-3274.5,0.000006433
45,"R_Date","NM3-2",,"likelihood",-3269.5,0.000004197
45,"R_Date","NM3-2",,"likelihood",-3264.5,0.000005628
45,"R_Date","NM3-2",,"likelihood",-3259.5,0.000025696
45,"R_Date","NM3-2",,"likelihood",-3254.5,0.00006034
45,"R_Date","NM3-2",,"likelihood",-3249.5,0.000025696
45,"R_Date","NM3-2",,"likelihood",-3244.5,0.000015103
45,"R_Date","NM3-2",,"likelihood",-3239.5,0.000004302
45,"R_Date","NM3-2",,"likelihood",-3234.5,0.0000010422
45,"R_Date","NM3-2",,"likelihood",-3229.5,4.927e-7
45,"R_Date","NM3-2",,"likelihood",-3224.5,2.2739e-7
45,"R_Date","NM3-2",,"likelihood",-3219.5,1.895e-7
45,"R_Date","NM3-2",,"likelihood",-3214.5,5.685e-8
45,"R_Date","NM3-2",,"likelihood",-3209.5,9.475e-9
45,"R_Date","NM3-2",,"likelihood",-3204.5,0
45,"R_Date","NM3-2",,"likelihood",-3199.5,0
45,"R_Date","NM3-2",,"likelihood",-3194.5,0
45,"R_Date","NM3-2",,"likelihood",-3189.5,3.79e-8
45,"R_Date","NM3-2",,"likelihood",-3184.5,1.4212e-7
45,"R_Date","NM3-2",,"likelihood",-3179.5,6.822e-7
45,"R_Date","NM3-2",,"likelihood",-3174.5,0.0000016012
45,"R_Date","NM3-2",,"likelihood",-3169.5,0.000003202
45,"R_Date","NM3-2",,"likelihood",-3164.5,0.00000414
45,"R_Date","NM3-2",,"likelihood",-3159.5,0.0000024255
45,"R_Date","NM3-2",,"likelihood",-3154.5,4.264e-7
45,"R_Date","NM3-2",,"likelihood",-3149.5,1.137e-7
45,"R_Date","NM3-2",,"likelihood",-3144.5,1.895e-8
45,"R_Date","NM3-2",,"likelihood",-3139.5,3.79e-8
45,"R_Date","NM3-2",,"likelihood",-3134.5,6.632e-8
45,"R_Date","NM3-2",,"likelihood",-3129.5,1.3265e-7
45,"R_Date","NM3-2",,"likelihood",-3124.5,1.3265e-7
45,"R_Date","NM3-2",,"likelihood",-3119.5,2.0845e-7
45,"R_Date","NM3-2",,"likelihood",-3114.5,3.221e-7
45,"R_Date","NM3-2",,"likelihood",-3109.5,3.79e-7
45,"R_Date","NM3-2",,"likelihood",-3104.5,0.0000016012
45,"R_Date","NM3-2",,"likelihood",-3099.5,0.000018542
45,"R_Date","NM3-2",,"likelihood",-3094.5,0.00012531
45,"R_Date","NM3-2",,"likelihood",-3089.5,0.0005397
45,"R_Date","NM3-2",,"likelihood",-3084.5,0.0010604
45,"R_Date","NM3-2",,"likelihood",-3079.5,0.0015815
45,"R_Date","NM3-2",,"likelihood",-3074.5,0.0023214
45,"R_Date","NM3-2",,"likelihood",-3069.5,0.0030478
45,"R_Date","NM3-2",,"likelihood",-3064.5,0.0028139
45,"R_Date","NM3-2",,"likelihood",-3059.5,0.0015099
45,"R_Date","NM3-2",,"likelihood",-3054.5,0.0007368
45,"R_Date","NM3-2",,"likelihood",-3049.5,0.0004213
45,"R_Date","NM3-2",,"likelihood",-3044.5,0.0003649
45,"R_Date","NM3-2",,"likelihood",-3039.5,0.0003979
45,"R_Date","NM3-2",,"likelihood",-3034.5,0.0004636
45,"R_Date","NM3-2",,"likelihood",-3029.5,0.0008737
45,"R_Date","NM3-2",,"likelihood",-3024.5,0.0023219
45,"R_Date","NM3-2",,"likelihood",-3019.5,0.004322
45,"R_Date","NM3-2",,"likelihood",-3014.5,0.005828
45,"R_Date","NM3-2",,"likelihood",-3009.5,0.007739
45,"R_Date","NM3-2",,"likelihood",-3004.5,0.009211
45,"R_Date","NM3-2",,"likelihood",-2999.5,0.009306
45,"R_Date","NM3-2",,"likelihood",-2994.5,0.009473
45,"R_Date","NM3-2",,"likelihood",-2989.5,0.009339
45,"R_Date","NM3-2",,"likelihood",-2984.5,0.008629
45,"R_Date","NM3-2",,"likelihood",-2979.5,0.008187
45,"R_Date","NM3-2",,"likelihood",-2974.5,0.007771
45,"R_Date","NM3-2",,"likelihood",-2969.5,0.007539
45,"R_Date","NM3-2",,"likelihood",-2964.5,0.007903
45,"R_Date","NM3-2",,"likelihood",-2959.5,0.008188
45,"R_Date","NM3-2",,"likelihood",-2954.5,0.008306
45,"R_Date","NM3-2",,"likelihood",-2949.5,0.008184
45,"R_Date","NM3-2",,"likelihood",-2944.5,0.007839
45,"R_Date","NM3-2",,"likelihood",-2939.5,0.007594
45,"R_Date","NM3-2",,"likelihood",-2934.5,0.007941
45,"R_Date","NM3-2",,"likelihood",-2929.5,0.008875
45,"R_Date","NM3-2",,"likelihood",-2924.5,0.009475
45,"R_Date","NM3-2",,"likelihood",-2919.5,0.008644
45,"R_Date","NM3-2",,"likelihood",-2914.5,0.006238
45,"R_Date","NM3-2",,"likelihood",-2909.5,0.0030836
45,"R_Date","NM3-2",,"likelihood",-2904.5,0.0011458
45,"R_Date","NM3-2",,"likelihood",-2899.5,0.0003409
45,"R_Date","NM3-2",,"likelihood",-2894.5,0.00007841
45,"R_Date","NM3-2",,"likelihood",-2889.5,0.000012175
45,"R_Date","NM3-2",,"likelihood",-2884.5,0.0000010422
45,"R_Date","NM3-2",,"likelihood",-2879.5,2.8424e-8
45,"R_Date","NM3-2",,"likelihood",-2874.5,0
45,"R_Date","NM3-2",,"likelihood",-2869.5,0
45,"R_Date","NM3-2",,"likelihood",-2864.5,0
45,"R_Date","NM3-2",,"posterior",-3109.5,0
45,"R_Date","NM3-2",,"posterior",-3104.5,0
45,"R_Date","NM3-2",,"posterior",-3099.5,0
45,"R_Date","NM3-2",,"posterior",-3094.5,4.733e-7
45,"R_Date","NM3-2",,"posterior",-3089.5,0.000012463
45,"R_Date","NM3-2",,"posterior",-3084.5,0.00005521
45,"R_Date","NM3-2",,"posterior",-3079.5,0.00016525
45,"R_Date","NM3-2",,"posterior",-3074.5,0.0004058
45,"R_Date","NM3-2",,"posterior",-3069.5,0.0007708
45,"R_Date","NM3-2",,"posterior",-3064.5,0.0006895
45,"R_Date","NM3-2",,"posterior",-3059.5,0.00020749
45,"R_Date","NM3-2",,"posterior",-3054.5,0.00004713
45,"R_Date","NM3-2",,"posterior",-3049.5,0.00020942
45,"R_Date","NM3-2",,"posterior",-3044.5,0.00012644
45,"R_Date","NM3-2",,"posterior",-3039.5,0.000012857
45,"R_Date","NM3-2",,"posterior",-3034.5,0.000020351
45,"R_Date","NM3-2",,"posterior",-3029.5,0.00009517
45,"R_Date","NM3-2",,"posterior",-3024.5,0.0008358
45,"R_Date","NM3-2",,"posterior",-3019.5,0.003781
45,"R_Date","NM3-2",,"posterior",-3014.5,0.009074
45,"R_Date","NM3-2",,"posterior",-3009.5,0.020651
45,"R_Date","NM3-2",,"posterior",-3004.5,0.03615
45,"R_Date","NM3-2",,"posterior",-2999.5,0.03944
45,"R_Date","NM3-2",,"posterior",-2994.5,0.03095
45,"R_Date","NM3-2",,"posterior",-2989.5,0.019609
45,"R_Date","NM3-2",,"posterior",-2984.5,0.010958
45,"R_Date","NM3-2",,"posterior",-2979.5,0.006524
45,"R_Date","NM3-2",,"posterior",-2974.5,0.004292
45,"R_Date","NM3-2",,"posterior",-2969.5,0.003273
45,"R_Date","NM3-2",,"posterior",-2964.5,0.0027694
45,"R_Date","NM3-2",,"posterior",-2959.5,0.0023971
45,"R_Date","NM3-2",,"posterior",-2954.5,0.0019504
45,"R_Date","NM3-2",,"posterior",-2949.5,0.0014297
45,"R_Date","NM3-2",,"posterior",-2944.5,0.0009536
45,"R_Date","NM3-2",,"posterior",-2939.5,0.0006488
45,"R_Date","NM3-2",,"posterior",-2934.5,0.0005025
45,"R_Date","NM3-2",,"posterior",-2929.5,0.0004252
45,"R_Date","NM3-2",,"posterior",-2924.5,0.0003376
45,"R_Date","NM3-2",,"posterior",-2919.5,0.0001703
45,"R_Date","NM3-2",,"posterior",-2914.5,0.00005099
45,"R_Date","NM3-2",,"posterior",-2909.5,0.000005403
45,"R_Date","NM3-2",,"posterior",-2904.5,0
45,"R_Date","NM3-2",,"posterior",-2899.5,0
45,"R_Date","NM3-2",,"posterior",-2894.5,0
46,"R_Date","NM3-1",,"likelihood",-3334.5,0
46,"R_Date","NM3-1",,"likelihood",-3329.5,0
46,"R_Date","NM3-1",,"likelihood",-3324.5,1.638e-8
46,"R_Date","NM3-1",,"likelihood",-3319.5,4.914e-8
46,"R_Date","NM3-1",,"likelihood",-3314.5,1.3104e-7
46,"R_Date","NM3-1",,"likelihood",-3309.5,2.457e-7
46,"R_Date","NM3-1",,"likelihood",-3304.5,3.931e-7
46,"R_Date","NM3-1",,"likelihood",-3299.5,2.7846e-7
46,"R_Date","NM3-1",,"likelihood",-3294.5,1.1466e-7
46,"R_Date","NM3-1",,"likelihood",-3289.5,6.552e-8
46,"R_Date","NM3-1",,"likelihood",-3284.5,1.1466e-7
46,"R_Date","NM3-1",,"likelihood",-3279.5,5.405e-7
46,"R_Date","NM3-1",,"likelihood",-3274.5,2.7846e-7
46,"R_Date","NM3-1",,"likelihood",-3269.5,1.8018e-7
46,"R_Date","NM3-1",,"likelihood",-3264.5,2.457e-7
46,"R_Date","NM3-1",,"likelihood",-3259.5,0.0000015561
46,"R_Date","NM3-1",,"likelihood",-3254.5,0.000004832
46,"R_Date","NM3-1",,"likelihood",-3249.5,0.0000015561
46,"R_Date","NM3-1",,"likelihood",-3244.5,8.518e-7
46,"R_Date","NM3-1",,"likelihood",-3239.5,1.638e-7
46,"R_Date","NM3-1",,"likelihood",-3234.5,3.276e-8
46,"R_Date","NM3-1",,"likelihood",-3229.5,1.638e-8
46,"R_Date","NM3-1",,"likelihood",-3224.5,0
46,"R_Date","NM3-1",,"likelihood",-3219.5,0
46,"R_Date","NM3-1",,"likelihood",-3214.5,0
46,"R_Date","NM3-1",,"likelihood",-3209.5,0
46,"R_Date","NM3-1",,"likelihood",-3204.5,0
46,"R_Date","NM3-1",,"likelihood",-3199.5,0
46,"R_Date","NM3-1",,"likelihood",-3194.5,0
46,"R_Date","NM3-1",,"likelihood",-3189.5,0
46,"R_Date","NM3-1",,"likelihood",-3184.5,0
46,"R_Date","NM3-1",,"likelihood",-3179.5,1.638e-8
46,"R_Date","NM3-1",,"likelihood",-3174.5,4.914e-8
46,"R_Date","NM3-1",,"likelihood",-3169.5,1.3104e-7
46,"R_Date","NM3-1",,"likelihood",-3164.5,1.9656e-7
46,"R_Date","NM3-1",,"likelihood",-3159.5,9.828e-8
46,"R_Date","NM3-1",,"likelihood",-3154.5,1.638e-8
46,"R_Date","NM3-1",,"likelihood",-3149.5,0
46,"R_Date","NM3-1",,"likelihood",-3144.5,0
46,"R_Date","NM3-1",,"likelihood",-3139.5,0
46,"R_Date","NM3-1",,"likelihood",-3134.5,0
46,"R_Date","NM3-1",,"likelihood",-3129.5,0
46,"R_Date","NM3-1",,"likelihood",-3124.5,0
46,"R_Date","NM3-1",,"likelihood",-3119.5,0
46,"R_Date","NM3-1",,"likelihood",-3114.5,1.638e-8
46,"R_Date","NM3-1",,"likelihood",-3109.5,1.638e-8
46,"R_Date","NM3-1",,"likelihood",-3104.5,6.552e-8
46,"R_Date","NM3-1",,"likelihood",-3099.5,0.0000011794
46,"R_Date","NM3-1",,"likelihood",-3094.5,0.000012285
46,"R_Date","NM3-1",,"likelihood",-3089.5,0.00008885
46,"R_Date","NM3-1",,"likelihood",-3084.5,0.00022465
46,"R_Date","NM3-1",,"likelihood",-3079.5,0.0003965
46,"R_Date","NM3-1",,"likelihood",-3074.5,0.0006656
46,"R_Date","NM3-1",,"likelihood",-3069.5,0.0010108
46,"R_Date","NM3-1",,"likelihood",-3064.5,0.0009343
46,"R_Date","NM3-1",,"likelihood",-3059.5,0.0003532
46,"R_Date","NM3-1",,"likelihood",-3054.5,0.00013569
46,"R_Date","NM3-1",,"likelihood",-3049.5,0.00006085
46,"R_Date","NM3-1",,"likelihood",-3044.5,0.00004976
46,"R_Date","NM3-1",,"likelihood",-3039.5,0.00005587
46,"R_Date","NM3-1",,"likelihood",-3034.5,0.00006857
46,"R_Date","NM3-1",,"likelihood",-3029.5,0.00016285
46,"R_Date","NM3-1",,"likelihood",-3024.5,0.0006358
46,"R_Date","NM3-1",,"likelihood",-3019.5,0.0017777
46,"R_Date","NM3-1",,"likelihood",-3014.5,0.0030103
46,"R_Date","NM3-1",,"likelihood",-3009.5,0.005385
46,"R_Date","NM3-1",,"likelihood",-3004.5,0.009003
46,"R_Date","NM3-1",,"likelihood",-2999.5,0.011574
46,"R_Date","NM3-1",,"likelihood",-2994.5,0.01156
46,"R_Date","NM3-1",,"likelihood",-2989.5,0.009685
46,"R_Date","NM3-1",,"likelihood",-2984.5,0.007556
46,"R_Date","NM3-1",,"likelihood",-2979.5,0.006185
46,"R_Date","NM3-1",,"likelihood",-2974.5,0.005445
46,"R_Date","NM3-1",,"likelihood",-2969.5,0.005561
46,"R_Date","NM3-1",,"likelihood",-2964.5,0.005668
46,"R_Date","NM3-1",,"likelihood",-2959.5,0.006185
46,"R_Date","NM3-1",,"likelihood",-2954.5,0.006421
46,"R_Date","NM3-1",,"likelihood",-2949.5,0.006177
46,"R_Date","NM3-1",,"likelihood",-2944.5,0.005552
46,"R_Date","NM3-1",,"likelihood",-2939.5,0.005399
46,"R_Date","NM3-1",,"likelihood",-2934.5,0.006008
46,"R_Date","NM3-1",,"likelihood",-2929.5,0.007816
46,"R_Date","NM3-1",,"likelihood",-2924.5,0.011108
46,"R_Date","NM3-1",,"likelihood",-2919.5,0.014521
46,"R_Date","NM3-1",,"likelihood",-2914.5,0.01638
46,"R_Date","NM3-1",,"likelihood",-2909.5,0.013638
46,"R_Date","NM3-1",,"likelihood",-2904.5,0.008029
46,"R_Date","NM3-1",,"likelihood",-2899.5,0.003749
46,"R_Date","NM3-1",,"likelihood",-2894.5,0.0013497
46,"R_Date","NM3-1",,"likelihood",-2889.5,0.0003381
46,"R_Date","NM3-1",,"likelihood",-2884.5,0.00004942
46,"R_Date","NM3-1",,"likelihood",-2879.5,0.0000025553
46,"R_Date","NM3-1",,"likelihood",-2874.5,9.828e-8
46,"R_Date","NM3-1",,"likelihood",-2869.5,0
46,"R_Date","NM3-1",,"likelihood",-2864.5,0
46,"R_Date","NM3-1",,"likelihood",-2859.5,0
46,"R_Date","NM3-1",,"likelihood",-2854.5,0
46,"R_Date","NM3-1",,"likelihood",-2849.5,0
46,"R_Date","NM3-1",,"likelihood",-2844.5,0
46,"R_Date","NM3-1",,"likelihood",-2839.5,0
46,"R_Date","NM3-1",,"likelihood",-2834.5,0
46,"R_Date","NM3-1",,"likelihood",-2829.5,0
46,"R_Date","NM3-1",,"likelihood",-2824.5,0
46,"R_Date","NM3-1",,"likelihood",-2819.5,0
46,"R_Date","NM3-1",,"likelihood",-2814.5,0
46,"R_Date","NM3-1",,"likelihood",-2809.5,0
46,"R_Date","NM3-1",,"likelihood",-2804.5,0
46,"R_Date","NM3-1",,"likelihood",-2799.5,0
46,"R_Date","NM3-1",,"likelihood",-2794.5,3.276e-8
46,"R_Date","NM3-1",,"likelihood",-2789.5,4.914e-8
46,"R_Date","NM3-1",,"likelihood",-2784.5,1.638e-8
46,"R_Date","NM3-1",,"likelihood",-2779.5,0
46,"R_Date","NM3-1",,"likelihood",-2774.5,0
46,"R_Date","NM3-1",,"likelihood",-2769.5,0
46,"R_Date","NM3-1",,"posterior",-3109.5,0
46,"R_Date","NM3-1",,"posterior",-3104.5,0
46,"R_Date","NM3-1",,"posterior",-3099.5,0
46,"R_Date","NM3-1",,"posterior",-3094.5,4.733e-7
46,"R_Date","NM3-1",,"posterior",-3089.5,0.000012463
46,"R_Date","NM3-1",,"posterior",-3084.5,0.00005521
46,"R_Date","NM3-1",,"posterior",-3079.5,0.00016525
46,"R_Date","NM3-1",,"posterior",-3074.5,0.0004058
46,"R_Date","NM3-1",,"posterior",-3069.5,0.0007708
46,"R_Date","NM3-1",,"posterior",-3064.5,0.0006895
46,"R_Date","NM3-1",,"posterior",-3059.5,0.00020749
46,"R_Date","NM3-1",,"posterior",-3054.5,0.00004713
46,"R_Date","NM3-1",,"posterior",-3049.5,0.00020942
46,"R_Date","NM3-1",,"posterior",-3044.5,0.00012644
46,"R_Date","NM3-1",,"posterior",-3039.5,0.000012857
46,"R_Date","NM3-1",,"posterior",-3034.5,0.000020351
46,"R_Date","NM3-1",,"posterior",-3029.5,0.00009517
46,"R_Date","NM3-1",,"posterior",-3024.5,0.0008358
46,"R_Date","NM3-1",,"posterior",-3019.5,0.003781
46,"R_Date","NM3-1",,"posterior",-3014.5,0.009074
46,"R_Date","NM3-1",,"posterior",-3009.5,0.020651
46,"R_Date","NM3-1",,"posterior",-3004.5,0.03615
46,"R_Date","NM3-1",,"posterior",-2999.5,0.03944
46,"R_Date","NM3-1",,"posterior",-2994.5,0.03095
46,"R_Date","NM3-1",,"posterior",-2989.5,0.019609
46,"R_Date","NM3-1",,"posterior",-2984.5,0.010958
46,"R_Date","NM3-1",,"posterior",-2979.5,0.006524
46,"R_Date","NM3-1",,"posterior",-2974.5,0.004292
46,"R_Date","NM3-1",,"posterior",-2969.5,0.003273
46,"R_Date","NM3-1",,"posterior",-2964.5,0.0027694
46,"R_Date","NM3-1",,"posterior",-2959.5,0.0023971
46,"R_Date","NM3-1",,"posterior",-2954.5,0.0019504
46,"R_Date","NM3-1",,"posterior",-2949.5,0.0014297
46,"R_Date","NM3-1",,"posterior",-2944.5,0.0009536
46,"R_Date","NM3-1",,"posterior",-2939.5,0.0006488
46,"R_Date","NM3-1",,"posterior",-2934.5,0.0005025
46,"R_Date","NM3-1",,"posterior",-2929.5,0.0004252
46,"R_Date","NM3-1",,"posterior",-2924.5,0.0003376
46,"R_Date","NM3-1",,"posterior",-2919.5,0.0001703
46,"R_Date","NM3-1",,"posterior",-2914.5,0.00005099
46,"R_Date","NM3-1",,"posterior",-2909.5,0.000005403
46,"R_Date","NM3-1",,"posterior",-2904.5,0
46,"R_Date","NM3-1",,"posterior",-2899.5,0
46,"R_Date","NM3-1",,"posterior",-2894.5,0
47,"Combine","NM2",,"likelihood",-3294.5,0
47,"Combine","NM2",,"likelihood",-3289.5,0
47,"Combine","NM2",,"likelihood",-3284.5,0
47,"Combine","NM2",,"likelihood",-3279.5,1.1924e-8
47,"Combine","NM2",,"likelihood",-3274.5,0
47,"Combine","NM2",,"likelihood",-3269.5,0
47,"Combine","NM2",,"likelihood",-3264.5,0
47,"Combine","NM2",,"likelihood",-3259.5,8.347e-8
47,"Combine","NM2",,"likelihood",-3254.5,4.889e-7
47,"Combine","NM2",,"likelihood",-3249.5,8.347e-8
47,"Combine","NM2",,"likelihood",-3244.5,3.577e-8
47,"Combine","NM2",,"likelihood",-3239.5,0
47,"Combine","NM2",,"likelihood",-3234.5,0
47,"Combine","NM2",,"likelihood",-3229.5,0
47,"Combine","NM2",,"likelihood",-3224.5,0
47,"Combine","NM2",,"likelihood",-3219.5,0
47,"Combine","NM2",,"likelihood",-3214.5,0
47,"Combine","NM2",,"likelihood",-3209.5,0
47,"Combine","NM2",,"likelihood",-3204.5,0
47,"Combine","NM2",,"likelihood",-3199.5,0
47,"Combine","NM2",,"likelihood",-3194.5,0
47,"Combine","NM2",,"likelihood",-3189.5,0
47,"Combine","NM2",,"likelihood",-3184.5,0
47,"Combine","NM2",,"likelihood",-3179.5,0
47,"Combine","NM2",,"likelihood",-3174.5,0
47,"Combine","NM2",,"likelihood",-3169.5,0
47,"Combine","NM2",,"likelihood",-3164.5,0
47,"Combine","NM2",,"likelihood",-3159.5,0
47,"Combine","NM2",,"likelihood",-3154.5,0
47,"Combine","NM2",,"likelihood",-3149.5,0
47,"Combine","NM2",,"likelihood",-3144.5,0
47,"Combine","NM2",,"likelihood",-3139.5,0
47,"Combine","NM2",,"likelihood",-3134.5,0
47,"Combine","NM2",,"likelihood",-3129.5,0
47,"Combine","NM2",,"likelihood",-3124.5,0
47,"Combine","NM2",,"likelihood",-3119.5,0
47,"Combine","NM2",,"likelihood",-3114.5,0
47,"Combine","NM2",,"likelihood",-3109.5,0
47,"Combine","NM2",,"likelihood",-3104.5,0
47,"Combine","NM2",,"likelihood",-3099.5,4.769e-8
47,"Combine","NM2",,"likelihood",-3094.5,0.0000020986
47,"Combine","NM2",,"likelihood",-3089.5,0.00003953
47,"Combine","NM2",,"likelihood",-3084.5,0.00015253
47,"Combine","NM2",,"likelihood",-3079.5,0.0003391
47,"Combine","NM2",,"likelihood",-3074.5,0.0007187
47,"Combine","NM2",,"likelihood",-3069.5,0.0012384
47,"Combine","NM2",,"likelihood",-3064.5,0.0010728
47,"Combine","NM2",,"likelihood",-3059.5,0.00030424
47,"Combine","NM2",,"likelihood",-3054.5,0.00007368
47,"Combine","NM2",,"likelihood",-3049.5,0.000023788
47,"Combine","NM2",,"likelihood",-3044.5,0.000017802
47,"Combine","NM2",,"likelihood",-3039.5,0.000021164
47,"Combine","NM2",,"likelihood",-3034.5,0.000028724
47,"Combine","NM2",,"likelihood",-3029.5,0.00010192
47,"Combine","NM2",,"likelihood",-3024.5,0.0007076
47,"Combine","NM2",,"likelihood",-3019.5,0.0024885
47,"Combine","NM2",,"likelihood",-3014.5,0.004523
47,"Combine","NM2",,"likelihood",-3009.5,0.007967
47,"Combine","NM2",,"likelihood",-3004.5,0.011275
47,"Combine","NM2",,"likelihood",-2999.5,0.011693
47,"Combine","NM2",,"likelihood",-2994.5,0.011921
47,"Combine","NM2",,"likelihood",-2989.5,0.011592
47,"Combine","NM2",,"likelihood",-2984.5,0.010063
47,"Combine","NM2",,"likelihood",-2979.5,0.008915
47,"Combine","NM2",,"likelihood",-2974.5,0.008037
47,"Combine","NM2",,"likelihood",-2969.5,0.007812
47,"Combine","NM2",,"likelihood",-2964.5,0.008311
47,"Combine","NM2",,"likelihood",-2959.5,0.008917
47,"Combine","NM2",,"likelihood",-2954.5,0.009175
47,"Combine","NM2",,"likelihood",-2949.5,0.008908
47,"Combine","NM2",,"likelihood",-2944.5,0.008174
47,"Combine","NM2",,"likelihood",-2939.5,0.007799
47,"Combine","NM2",,"likelihood",-2934.5,0.008525
47,"Combine","NM2",,"likelihood",-2929.5,0.010474
47,"Combine","NM2",,"likelihood",-2924.5,0.011924
47,"Combine","NM2",,"likelihood",-2919.5,0.010081
47,"Combine","NM2",,"likelihood",-2914.5,0.005158
47,"Combine","NM2",,"likelihood",-2909.5,0.0012372
47,"Combine","NM2",,"likelihood",-2904.5,0.00017349
47,"Combine","NM2",,"likelihood",-2899.5,0.000015346
47,"Combine","NM2",,"likelihood",-2894.5,8.108e-7
47,"Combine","NM2",,"likelihood",-2889.5,2.3847e-8
47,"Combine","NM2",,"likelihood",-2884.5,0
47,"Combine","NM2",,"likelihood",-2879.5,0
47,"Combine","NM2",,"likelihood",-2874.5,0
47,"Combine","NM2",,"posterior",-3109.5,0
47,"Combine","NM2",,"posterior",-3104.5,0
47,"Combine","NM2",,"posterior",-3099.5,6.465e-8
47,"Combine","NM2",,"posterior",-3094.5,0.000003394
47,"Combine","NM2",,"posterior",-3089.5,0.0000547
47,"Combine","NM2",,"posterior",-3084.5,0.00022817
47,"Combine","NM2",,"posterior",-3079.5,0.0005348
47,"Combine","NM2",,"posterior",-3074.5,0.0011817
47,"Combine","NM2",,"posterior",-3069.5,0.0020112
47,"Combine","NM2",,"posterior",-3064.5,0.0018578
47,"Combine","NM2",,"posterior",-3059.5,0.0007238
47,"Combine","NM2",,"posterior",-3054.5,0.00021433
47,"Combine","NM2",,"posterior",-3049.5,0.00027553
47,"Combine","NM2",,"posterior",-3044.5,0.00017172
47,"Combine","NM2",,"posterior",-3039.5,0.00006734
47,"Combine","NM2",,"posterior",-3034.5,0.00010199
47,"Combine","NM2",,"posterior",-3029.5,0.000398
47,"Combine","NM2",,"posterior",-3024.5,0.0023438
47,"Combine","NM2",,"posterior",-3019.5,0.007583
47,"Combine","NM2",,"posterior",-3014.5,0.014567
47,"Combine","NM2",,"posterior",-3009.5,0.024671
47,"Combine","NM2",,"posterior",-3004.5,0.03233
47,"Combine","NM2",,"posterior",-2999.5,0.029634
47,"Combine","NM2",,"posterior",-2994.5,0.02341
47,"Combine","NM2",,"posterior",-2989.5,0.016962
47,"Combine","NM2",,"posterior",-2984.5,0.011178
47,"Combine","NM2",,"posterior",-2979.5,0.007503
47,"Combine","NM2",,"posterior",-2974.5,0.005185
47,"Combine","NM2",,"posterior",-2969.5,0.003913
47,"Combine","NM2",,"posterior",-2964.5,0.003217
47,"Combine","NM2",,"posterior",-2959.5,0.0026956
47,"Combine","NM2",,"posterior",-2954.5,0.0021772
47,"Combine","NM2",,"posterior",-2949.5,0.0015857
47,"Combine","NM2",,"posterior",-2944.5,0.0010891
47,"Combine","NM2",,"posterior",-2939.5,0.0007713
47,"Combine","NM2",,"posterior",-2934.5,0.0005675
47,"Combine","NM2",,"posterior",-2929.5,0.0004205
47,"Combine","NM2",,"posterior",-2924.5,0.00025655
47,"Combine","NM2",,"posterior",-2919.5,0.00009769
47,"Combine","NM2",,"posterior",-2914.5,0.000018491
47,"Combine","NM2",,"posterior",-2909.5,0.0000015517
47,"Combine","NM2",,"posterior",-2904.5,6.465e-8
47,"Combine","NM2",,"posterior",-2899.5,0
47,"Combine","NM2",,"posterior",-2894.5,0
48,"R_Date","NM2-2",,"likelihood",-3339.5,0
48,"R_Date","NM2-2",,"likelihood",-3334.5,0
48,"R_Date","NM2-2",,"likelihood",-3329.5,0
48,"R_Date","NM2-2",,"likelihood",-3324.5,2.804e-8
48,"R_Date","NM2-2",,"likelihood",-3319.5,1.1216e-7
48,"R_Date","NM2-2",,"likelihood",-3314.5,2.5236e-7
48,"R_Date","NM2-2",,"likelihood",-3309.5,4.767e-7
48,"R_Date","NM2-2",,"likelihood",-3304.5,7.571e-7
48,"R_Date","NM2-2",,"likelihood",-3299.5,5.468e-7
48,"R_Date","NM2-2",,"likelihood",-3294.5,2.3834e-7
48,"R_Date","NM2-2",,"likelihood",-3289.5,1.2618e-7
48,"R_Date","NM2-2",,"likelihood",-3284.5,2.3834e-7
48,"R_Date","NM2-2",,"likelihood",-3279.5,0.0000010094
48,"R_Date","NM2-2",,"likelihood",-3274.5,5.468e-7
48,"R_Date","NM2-2",,"likelihood",-3269.5,3.505e-7
48,"R_Date","NM2-2",,"likelihood",-3264.5,4.627e-7
48,"R_Date","NM2-2",,"likelihood",-3259.5,0.000002818
48,"R_Date","NM2-2",,"likelihood",-3254.5,0.0000083
48,"R_Date","NM2-2",,"likelihood",-3249.5,0.000002818
48,"R_Date","NM2-2",,"likelihood",-3244.5,0.0000015702
48,"R_Date","NM2-2",,"likelihood",-3239.5,3.365e-7
48,"R_Date","NM2-2",,"likelihood",-3234.5,7.01e-8
48,"R_Date","NM2-2",,"likelihood",-3229.5,2.804e-8
48,"R_Date","NM2-2",,"likelihood",-3224.5,1.402e-8
48,"R_Date","NM2-2",,"likelihood",-3219.5,1.402e-8
48,"R_Date","NM2-2",,"likelihood",-3214.5,0
48,"R_Date","NM2-2",,"likelihood",-3209.5,0
48,"R_Date","NM2-2",,"likelihood",-3204.5,0
48,"R_Date","NM2-2",,"likelihood",-3199.5,0
48,"R_Date","NM2-2",,"likelihood",-3194.5,0
48,"R_Date","NM2-2",,"likelihood",-3189.5,0
48,"R_Date","NM2-2",,"likelihood",-3184.5,0
48,"R_Date","NM2-2",,"likelihood",-3179.5,4.206e-8
48,"R_Date","NM2-2",,"likelihood",-3174.5,1.1216e-7
48,"R_Date","NM2-2",,"likelihood",-3169.5,2.5236e-7
48,"R_Date","NM2-2",,"likelihood",-3164.5,3.645e-7
48,"R_Date","NM2-2",,"likelihood",-3159.5,1.9628e-7
48,"R_Date","NM2-2",,"likelihood",-3154.5,2.804e-8
48,"R_Date","NM2-2",,"likelihood",-3149.5,0
48,"R_Date","NM2-2",,"likelihood",-3144.5,0
48,"R_Date","NM2-2",,"likelihood",-3139.5,0
48,"R_Date","NM2-2",,"likelihood",-3134.5,0
48,"R_Date","NM2-2",,"likelihood",-3129.5,0
48,"R_Date","NM2-2",,"likelihood",-3124.5,0
48,"R_Date","NM2-2",,"likelihood",-3119.5,1.402e-8
48,"R_Date","NM2-2",,"likelihood",-3114.5,1.402e-8
48,"R_Date","NM2-2",,"likelihood",-3109.5,2.804e-8
48,"R_Date","NM2-2",,"likelihood",-3104.5,1.2618e-7
48,"R_Date","NM2-2",,"likelihood",-3099.5,0.000002117
48,"R_Date","NM2-2",,"likelihood",-3094.5,0.000020273
48,"R_Date","NM2-2",,"likelihood",-3089.5,0.00013193
48,"R_Date","NM2-2",,"likelihood",-3084.5,0.0003172
48,"R_Date","NM2-2",,"likelihood",-3079.5,0.0005413
48,"R_Date","NM2-2",,"likelihood",-3074.5,0.0008865
48,"R_Date","NM2-2",,"likelihood",-3069.5,0.0013076
48,"R_Date","NM2-2",,"likelihood",-3064.5,0.001206
48,"R_Date","NM2-2",,"likelihood",-3059.5,0.0004899
48,"R_Date","NM2-2",,"likelihood",-3054.5,0.00019704
48,"R_Date","NM2-2",,"likelihood",-3049.5,0.00009291
48,"R_Date","NM2-2",,"likelihood",-3044.5,0.00007689
48,"R_Date","NM2-2",,"likelihood",-3039.5,0.0000858
48,"R_Date","NM2-2",,"likelihood",-3034.5,0.00010422
48,"R_Date","NM2-2",,"likelihood",-3029.5,0.00023636
48,"R_Date","NM2-2",,"likelihood",-3024.5,0.0008563
48,"R_Date","NM2-2",,"likelihood",-3019.5,0.0022031
48,"R_Date","NM2-2",,"likelihood",-3014.5,0.003565
48,"R_Date","NM2-2",,"likelihood",-3009.5,0.006009
48,"R_Date","NM2-2",,"likelihood",-3004.5,0.009386
48,"R_Date","NM2-2",,"likelihood",-2999.5,0.011476
48,"R_Date","NM2-2",,"likelihood",-2994.5,0.011529
48,"R_Date","NM2-2",,"likelihood",-2989.5,0.009978
48,"R_Date","NM2-2",,"likelihood",-2984.5,0.008036
48,"R_Date","NM2-2",,"likelihood",-2979.5,0.006789
48,"R_Date","NM2-2",,"likelihood",-2974.5,0.006067
48,"R_Date","NM2-2",,"likelihood",-2969.5,0.006108
48,"R_Date","NM2-2",,"likelihood",-2964.5,0.006286
48,"R_Date","NM2-2",,"likelihood",-2959.5,0.006789
48,"R_Date","NM2-2",,"likelihood",-2954.5,0.007016
48,"R_Date","NM2-2",,"likelihood",-2949.5,0.006781
48,"R_Date","NM2-2",,"likelihood",-2944.5,0.006173
48,"R_Date","NM2-2",,"likelihood",-2939.5,0.005986
48,"R_Date","NM2-2",,"likelihood",-2934.5,0.006579
48,"R_Date","NM2-2",,"likelihood",-2929.5,0.00832
48,"R_Date","NM2-2",,"likelihood",-2924.5,0.011168
48,"R_Date","NM2-2",,"likelihood",-2919.5,0.01356
48,"R_Date","NM2-2",,"likelihood",-2914.5,0.01402
48,"R_Date","NM2-2",,"likelihood",-2909.5,0.010541
48,"R_Date","NM2-2",,"likelihood",-2904.5,0.005649
48,"R_Date","NM2-2",,"likelihood",-2899.5,0.0024106
48,"R_Date","NM2-2",,"likelihood",-2894.5,0.0007937
48,"R_Date","NM2-2",,"likelihood",-2889.5,0.00018073
48,"R_Date","NM2-2",,"likelihood",-2884.5,0.000023722
48,"R_Date","NM2-2",,"likelihood",-2879.5,0.0000010655
48,"R_Date","NM2-2",,"likelihood",-2874.5,4.206e-8
48,"R_Date","NM2-2",,"likelihood",-2869.5,0
48,"R_Date","NM2-2",,"likelihood",-2864.5,0
48,"R_Date","NM2-2",,"likelihood",-2859.5,0
48,"R_Date","NM2-2",,"likelihood",-2854.5,0
48,"R_Date","NM2-2",,"likelihood",-2849.5,0
48,"R_Date","NM2-2",,"likelihood",-2844.5,0
48,"R_Date","NM2-2",,"likelihood",-2839.5,0
48,"R_Date","NM2-2",,"likelihood",-2834.5,0
48,"R_Date","NM2-2",,"likelihood",-2829.5,0
48,"R_Date","NM2-2",,"likelihood",-2824.5,0
48,"R_Date","NM2-2",,"likelihood",-2819.5,0
48,"R_Date","NM2-2",,"likelihood",-2814.5,0
48,"R_Date","NM2-2",,"likelihood",-2809.5,0
48,"R_Date","NM2-2",,"likelihood",-2804.5,0
48,"R_Date","NM2-2",,"likelihood",-2799.5,0
48,"R_Date","NM2-2",,"likelihood",-2794.5,1.402e-8
48,"R_Date","NM2-2",,"likelihood",-2789.5,1.402e-8
48,"R_Date","NM2-2",,"likelihood",-2784.5,1.402e-8
48,"R_Date","NM2-2",,"likelihood",-2779.5,0
48,"R_Date","NM2-2",,"likelihood",-2774.5,0
48,"R_Date","NM2-2",,"posterior",-3109.5,0
48,"R_Date","NM2-2",,"posterior",-3104.5,0
48,"R_Date","NM2-2",,"posterior",-3099.5,6.465e-8
48,"R_Date","NM2-2",,"posterior",-3094.5,0.000003394
48,"R_Date","NM2-2",,"posterior",-3089.5,0.0000547
48,"R_Date","NM2-2",,"posterior",-3084.5,0.00022817
48,"R_Date","NM2-2",,"posterior",-3079.5,0.0005348
48,"R_Date","NM2-2",,"posterior",-3074.5,0.0011817
48,"R_Date","NM2-2",,"posterior",-3069.5,0.0020112
48,"R_Date","NM2-2",,"posterior",-3064.5,0.0018578
48,"R_Date","NM2-2",,"posterior",-3059.5,0.0007238
48,"R_Date","NM2-2",,"posterior",-3054.5,0.00021433
48,"R_Date","NM2-2",,"posterior",-3049.5,0.00027553
48,"R_Date","NM2-2",,"posterior",-3044.5,0.00017172
48,"R_Date","NM2-2",,"posterior",-3039.5,0.00006734
48,"R_Date","NM2-2",,"posterior",-3034.5,0.00010199
48,"R_Date","NM2-2",,"posterior",-3029.5,0.000398
48,"R_Date","NM2-2",,"posterior",-3024.5,0.0023438
48,"R_Date","NM2-2",,"posterior",-3019.5,0.007583
48,"R_Date","NM2-2",,"posterior",-3014.5,0.014567
48,"R_Date","NM2-2",,"posterior",-3009.5,0.024671
48,"R_Date","NM2-2",,"posterior",-3004.5,0.03233
48,"R_Date","NM2-2",,"posterior",-2999.5,0.029634
48,"R_Date","NM2-2",,"posterior",-2994.5,0.02341
48,"R_Date","NM2-2",,"posterior",-2989.5,0.016962
48,"R_Date","NM2-2",,"posterior",-2984.5,0.011178
48,"R_Date","NM2-2",,"posterior",-2979.5,0.007503
48,"R_Date","NM2-2",,"posterior",-2974.5,0.005185
48,"R_Date","NM2-2",,"posterior",-2969.5,0.003913
48,"R_Date","NM2-2",,"posterior",-2964.5,0.003217
48,"R_Date","NM2-2",,"posterior",-2959.5,0.0026956
48,"R_Date","NM2-2",,"posterior",-2954.5,0.0021772
48,"R_Date","NM2-2",,"posterior",-2949.5,0.0015857
48,"R_Date","NM2-2",,"posterior",-2944.5,0.0010891
48,"R_Date","NM2-2",,"posterior",-2939.5,0.0007713
48,"R_Date","NM2-2",,"posterior",-2934.5,0.0005675
48,"R_Date","NM2-2",,"posterior",-2929.5,0.0004205
48,"R_Date","NM2-2",,"posterior",-2924.5,0.00025655
48,"R_Date","NM2-2",,"posterior",-2919.5,0.00009769
48,"R_Date","NM2-2",,"posterior",-2914.5,0.000018491
48,"R_Date","NM2-2",,"posterior",-2909.5,0.0000015517
48,"R_Date","NM2-2",,"posterior",-2904.5,6.465e-8
48,"R_Date","NM2-2",,"posterior",-2899.5,0
48,"R_Date","NM2-2",,"posterior",-2894.5,0
49,"R_Date","NM2-1",,"likelihood",-3354.5,0
49,"R_Date","NM2-1",,"likelihood",-3349.5,0
49,"R_Date","NM2-1",,"likelihood",-3344.5,7.845e-9
49,"R_Date","NM2-1",,"likelihood",-3339.5,2.3536e-8
49,"R_Date","NM2-1",,"likelihood",-3334.5,1.8829e-7
49,"R_Date","NM2-1",,"likelihood",-3329.5,0.000001522
49,"R_Date","NM2-1",,"likelihood",-3324.5,0.000006692
49,"R_Date","NM2-1",,"likelihood",-3319.5,0.000017974
49,"R_Date","NM2-1",,"likelihood",-3314.5,0.0000321
49,"R_Date","NM2-1",,"likelihood",-3309.5,0.00005
49,"R_Date","NM2-1",,"likelihood",-3304.5,0.00006887
49,"R_Date","NM2-1",,"likelihood",-3299.5,0.00005942
49,"R_Date","NM2-1",,"likelihood",-3294.5,0.00003401
49,"R_Date","NM2-1",,"likelihood",-3289.5,0.0000213
49,"R_Date","NM2-1",,"likelihood",-3284.5,0.00003401
49,"R_Date","NM2-1",,"likelihood",-3279.5,0.00008477
49,"R_Date","NM2-1",,"likelihood",-3274.5,0.00005942
49,"R_Date","NM2-1",,"likelihood",-3269.5,0.00004015
49,"R_Date","NM2-1",,"likelihood",-3264.5,0.00005328
49,"R_Date","NM2-1",,"likelihood",-3259.5,0.00018257
49,"R_Date","NM2-1",,"likelihood",-3254.5,0.0003472
49,"R_Date","NM2-1",,"likelihood",-3249.5,0.00018257
49,"R_Date","NM2-1",,"likelihood",-3244.5,0.00011476
49,"R_Date","NM2-1",,"likelihood",-3239.5,0.00004267
49,"R_Date","NM2-1",,"likelihood",-3234.5,0.000013086
49,"R_Date","NM2-1",,"likelihood",-3229.5,0.000006692
49,"R_Date","NM2-1",,"likelihood",-3224.5,0.000003562
49,"R_Date","NM2-1",,"likelihood",-3219.5,0.0000031068
49,"R_Date","NM2-1",,"likelihood",-3214.5,0.0000011533
49,"R_Date","NM2-1",,"likelihood",-3209.5,2.589e-7
49,"R_Date","NM2-1",,"likelihood",-3204.5,4.707e-8
49,"R_Date","NM2-1",,"likelihood",-3199.5,3.1382e-8
49,"R_Date","NM2-1",,"likelihood",-3194.5,1.0199e-7
49,"R_Date","NM2-1",,"likelihood",-3189.5,6.512e-7
49,"R_Date","NM2-1",,"likelihood",-3184.5,0.0000023144
49,"R_Date","NM2-1",,"likelihood",-3179.5,0.000008395
49,"R_Date","NM2-1",,"likelihood",-3174.5,0.000017974
49,"R_Date","NM2-1",,"likelihood",-3169.5,0.0000321
49,"R_Date","NM2-1",,"likelihood",-3164.5,0.00003815
49,"R_Date","NM2-1",,"likelihood",-3159.5,0.000024431
49,"R_Date","NM2-1",,"likelihood",-3154.5,0.000005884
49,"R_Date","NM2-1",,"likelihood",-3149.5,0.0000017574
49,"R_Date","NM2-1",,"likelihood",-3144.5,4.786e-7
49,"R_Date","NM2-1",,"likelihood",-3139.5,6.512e-7
49,"R_Date","NM2-1",,"likelihood",-3134.5,0.0000011533
49,"R_Date","NM2-1",,"likelihood",-3129.5,0.0000020084
49,"R_Date","NM2-1",,"likelihood",-3124.5,0.0000020084
49,"R_Date","NM2-1",,"likelihood",-3119.5,0.0000030126
49,"R_Date","NM2-1",,"likelihood",-3114.5,0.000004456
49,"R_Date","NM2-1",,"likelihood",-3109.5,0.000005068
49,"R_Date","NM2-1",,"likelihood",-3104.5,0.000017284
49,"R_Date","NM2-1",,"likelihood",-3099.5,0.00013055
49,"R_Date","NM2-1",,"likelihood",-3094.5,0.0006131
49,"R_Date","NM2-1",,"likelihood",-3089.5,0.001773
49,"R_Date","NM2-1",,"likelihood",-3084.5,0.0028453
49,"R_Date","NM2-1",,"likelihood",-3079.5,0.003707
49,"R_Date","NM2-1",,"likelihood",-3074.5,0.004797
49,"R_Date","NM2-1",,"likelihood",-3069.5,0.005604
49,"R_Date","NM2-1",,"likelihood",-3064.5,0.005264
49,"R_Date","NM2-1",,"likelihood",-3059.5,0.003675
49,"R_Date","NM2-1",,"likelihood",-3054.5,0.0022126
49,"R_Date","NM2-1",,"likelihood",-3049.5,0.0015148
49,"R_Date","NM2-1",,"likelihood",-3044.5,0.0013699
49,"R_Date","NM2-1",,"likelihood",-3039.5,0.0014594
49,"R_Date","NM2-1",,"likelihood",-3034.5,0.0016308
49,"R_Date","NM2-1",,"likelihood",-3029.5,0.0025515
49,"R_Date","NM2-1",,"likelihood",-3024.5,0.004889
49,"R_Date","NM2-1",,"likelihood",-3019.5,0.006684
49,"R_Date","NM2-1",,"likelihood",-3014.5,0.007507
49,"R_Date","NM2-1",,"likelihood",-3009.5,0.007845
49,"R_Date","NM2-1",,"likelihood",-3004.5,0.007108
49,"R_Date","NM2-1",,"likelihood",-2999.5,0.006029
49,"R_Date","NM2-1",,"likelihood",-2994.5,0.006118
49,"R_Date","NM2-1",,"likelihood",-2989.5,0.006874
49,"R_Date","NM2-1",,"likelihood",-2984.5,0.00741
49,"R_Date","NM2-1",,"likelihood",-2979.5,0.007771
49,"R_Date","NM2-1",,"likelihood",-2974.5,0.007838
49,"R_Date","NM2-1",,"likelihood",-2969.5,0.007568
49,"R_Date","NM2-1",,"likelihood",-2964.5,0.007823
49,"R_Date","NM2-1",,"likelihood",-2959.5,0.007772
49,"R_Date","NM2-1",,"likelihood",-2954.5,0.007738
49,"R_Date","NM2-1",,"likelihood",-2949.5,0.007773
49,"R_Date","NM2-1",,"likelihood",-2944.5,0.007835
49,"R_Date","NM2-1",,"likelihood",-2939.5,0.007709
49,"R_Date","NM2-1",,"likelihood",-2934.5,0.007668
49,"R_Date","NM2-1",,"likelihood",-2929.5,0.00745
49,"R_Date","NM2-1",,"likelihood",-2924.5,0.006317
49,"R_Date","NM2-1",,"likelihood",-2919.5,0.004399
49,"R_Date","NM2-1",,"likelihood",-2914.5,0.0021769
49,"R_Date","NM2-1",,"likelihood",-2909.5,0.0006945
49,"R_Date","NM2-1",,"likelihood",-2904.5,0.00018172
49,"R_Date","NM2-1",,"likelihood",-2899.5,0.00003766
49,"R_Date","NM2-1",,"likelihood",-2894.5,0.000006041
49,"R_Date","NM2-1",,"likelihood",-2889.5,6.355e-7
49,"R_Date","NM2-1",,"likelihood",-2884.5,3.923e-8
49,"R_Date","NM2-1",,"likelihood",-2879.5,0
49,"R_Date","NM2-1",,"likelihood",-2874.5,0
49,"R_Date","NM2-1",,"likelihood",-2869.5,0
49,"R_Date","NM2-1",,"posterior",-3109.5,0
49,"R_Date","NM2-1",,"posterior",-3104.5,0
49,"R_Date","NM2-1",,"posterior",-3099.5,6.465e-8
49,"R_Date","NM2-1",,"posterior",-3094.5,0.000003394
49,"R_Date","NM2-1",,"posterior",-3089.5,0.0000547
49,"R_Date","NM2-1",,"posterior",-3084.5,0.00022817
49,"R_Date","NM2-1",,"posterior",-3079.5,0.0005348
49,"R_Date","NM2-1",,"posterior",-3074.5,0.0011817
49,"R_Date","NM2-1",,"posterior",-3069.5,0.0020112
49,"R_Date","NM2-1",,"posterior",-3064.5,0.0018578
49,"R_Date","NM2-1",,"posterior",-3059.5,0.0007238
49,"R_Date","NM2-1",,"posterior",-3054.5,0.00021433
49,"R_Date","NM2-1",,"posterior",-3049.5,0.00027553
49,"R_Date","NM2-1",,"posterior",-3044.5,0.00017172
49,"R_Date","NM2-1",,"posterior",-3039.5,0.00006734
49,"R_Date","NM2-1",,"posterior",-3034.5,0.00010199
49,"R_Date","NM2-1",,"posterior",-3029.5,0.000398
49,"R_Date","NM2-1",,"posterior",-3024.5,0.0023438
49,"R_Date","NM2-1",,"posterior",-3019.5,0.007583
49,"R_Date","NM2-1",,"posterior",-3014.5,0.014567
49,"R_Date","NM2-1",,"posterior",-3009.5,0.024671
49,"R_Date","NM2-1",,"posterior",-3004.5,0.03233
49,"R_Date","NM2-1",,"posterior",-2999.5,0.029634
49,"R_Date","NM2-1",,"posterior",-2994.5,0.02341
49,"R_Date","NM2-1",,"posterior",-2989.5,0.016962
49,"R_Date","NM2-1",,"posterior",-2984.5,0.011178
49,"R_Date","NM2-1",,"posterior",-2979.5,0.007503
49,"R_Date","NM2-1",,"posterior",-2974.5,0.005185
49,"R_Date","NM2-1",,"posterior",-2969.5,0.003913
49,"R_Date","NM2-1",,"posterior",-2964.5,0.003217
49,"R_Date","NM2-1",,"posterior",-2959.5,0.0026956
49,"R_Date","NM2-1",,"posterior",-2954.5,0.0021772
49,"R_Date","NM2-1",,"posterior",-2949.5,0.0015857
49,"R_Date","NM2-1",,"posterior",-2944.5,0.0010891
49,"R_Date","NM2-1",,"posterior",-2939.5,0.0007713
49,"R_Date","NM2-1",,"posterior",-2934.5,0.0005675
49,"R_Date","NM2-1",,"posterior",-2929.5,0.0004205
49,"R_Date","NM2-1",,"posterior",-2924.5,0.00025655
49,"R_Date","NM2-1",,"posterior",-2919.5,0.00009769
49,"R_Date","NM2-1",,"posterior",-2914.5,0.000018491
49,"R_Date","NM2-1",,"posterior",-2909.5,0.0000015517
49,"R_Date","NM2-1",,"posterior",-2904.5,6.465e-8
49,"R_Date","NM2-1",,"posterior",-2899.5,0
49,"R_Date","NM2-1",,"posterior",-2894.5,0
50,"Interval","Stage I Duration",,"posterior",-2.5,0
50,"Interval","Stage I Duration",,"posterior",2.5,0.00014323
50,"Interval","Stage I Duration",,"posterior",7.5,0.00015469
50,"Interval","Stage I Duration",,"posterior",12.5,0.000014684
50,"Interval","Stage I Duration",,"posterior",17.5,0.00000328
50,"Interval","Stage I Duration",,"posterior",22.5,0.000014162
50,"Interval","Stage I Duration",,"posterior",27.5,0.00005573
50,"Interval","Stage I Duration",,"posterior",32.5,0.00017099
50,"Interval","Stage I Duration",,"posterior",37.5,0.0005667
50,"Interval","Stage I Duration",,"posterior",42.5,0.0015256
50,"Interval","Stage I Duration",,"posterior",47.5,0.003204
50,"Interval","Stage I Duration",,"posterior",52.5,0.005634
50,"Interval","Stage I Duration",,"posterior",57.5,0.007948
50,"Interval","Stage I Duration",,"posterior",62.5,0.009349
50,"Interval","Stage I Duration",,"posterior",67.5,0.009479
50,"Interval","Stage I Duration",,"posterior",72.5,0.008391
50,"Interval","Stage I Duration",,"posterior",77.5,0.006946
50,"Interval","Stage I Duration",,"posterior",82.5,0.00583
50,"Interval","Stage I Duration",,"posterior",87.5,0.005046
50,"Interval","Stage I Duration",,"posterior",92.5,0.004713
50,"Interval","Stage I Duration",,"posterior",97.5,0.004906
50,"Interval","Stage I Duration",,"posterior",102.5,0.005719
50,"Interval","Stage I Duration",,"posterior",107.5,0.006861
50,"Interval","Stage I Duration",,"posterior",112.5,0.008094
50,"Interval","Stage I Duration",,"posterior",117.5,0.008976
50,"Interval","Stage I Duration",,"posterior",122.5,0.009324
50,"Interval","Stage I Duration",,"posterior",127.5,0.009212
50,"Interval","Stage I Duration",,"posterior",132.5,0.008762
50,"Interval","Stage I Duration",,"posterior",137.5,0.008273
50,"Interval","Stage I Duration",,"posterior",142.5,0.00768
50,"Interval","Stage I Duration",,"posterior",147.5,0.007056
50,"Interval","Stage I Duration",,"posterior",152.5,0.006444
50,"Interval","Stage I Duration",,"posterior",157.5,0.005841
50,"Interval","Stage I Duration",,"posterior",162.5,0.005221
50,"Interval","Stage I Duration",,"posterior",167.5,0.004726
50,"Interval","Stage I Duration",,"posterior",172.5,0.004213
50,"Interval","Stage I Duration",,"posterior",177.5,0.003703
50,"Interval","Stage I Duration",,"posterior",182.5,0.0031377
50,"Interval","Stage I Duration",,"posterior",187.5,0.0025927
50,"Interval","Stage I Duration",,"posterior",192.5,0.0021249
50,"Interval","Stage I Duration",,"posterior",197.5,0.0016519
50,"Interval","Stage I Duration",,"posterior",202.5,0.0012781
50,"Interval","Stage I Duration",,"posterior",207.5,0.0010072
50,"Interval","Stage I Duration",,"posterior",212.5,0.0007757
50,"Interval","Stage I Duration",,"posterior",217.5,0.0006019
50,"Interval","Stage I Duration",,"posterior",222.5,0.0004641
50,"Interval","Stage I Duration",,"posterior",227.5,0.0003812
50,"Interval","Stage I Duration",,"posterior",232.5,0.00030359
50,"Interval","Stage I Duration",,"posterior",237.5,0.00025708
50,"Interval","Stage I Duration",,"posterior",242.5,0.0002114
50,"Interval","Stage I Duration",,"posterior",247.5,0.00018047
50,"Interval","Stage I Duration",,"posterior",252.5,0.00013869
50,"Interval","Stage I Duration",,"posterior",257.5,0.00011698
50,"Interval","Stage I Duration",,"posterior",262.5,0.00008755
50,"Interval","Stage I Duration",,"posterior",267.5,0.00006656
50,"Interval","Stage I Duration",,"posterior",272.5,0.00005156
50,"Interval","Stage I Duration",,"posterior",277.5,0.00003734
50,"Interval","Stage I Duration",,"posterior",282.5,0.00003343
50,"Interval","Stage I Duration",,"posterior",287.5,0.000025159
50,"Interval","Stage I Duration",,"posterior",292.5,0.000020153
50,"Interval","Stage I Duration",,"posterior",297.5,0.000016513
50,"Interval","Stage I Duration",,"posterior",302.5,0.00001365
50,"Interval","Stage I Duration",,"posterior",307.5,0.000012816
50,"Interval","Stage I Duration",,"posterior",312.5,0.000015309
50,"Interval","Stage I Duration",,"posterior",317.5,0.000011669
50,"Interval","Stage I Duration",,"posterior",322.5,0.000012029
50,"Interval","Stage I Duration",,"posterior",327.5,0.000013129
50,"Interval","Stage I Duration",,"posterior",332.5,0.000014845
50,"Interval","Stage I Duration",,"posterior",337.5,0.000014949
50,"Interval","Stage I Duration",,"posterior",342.5,0.000012191
50,"Interval","Stage I Duration",,"posterior",347.5,0.000012864
50,"Interval","Stage I Duration",,"posterior",352.5,0.000010048
50,"Interval","Stage I Duration",,"posterior",357.5,0.000011252
50,"Interval","Stage I Duration",,"posterior",362.5,0.000013442
50,"Interval","Stage I Duration",,"posterior",367.5,0.000009423
50,"Interval","Stage I Duration",,"posterior",372.5,0.000009423
50,"Interval","Stage I Duration",,"posterior",377.5,0.000008958
50,"Interval","Stage I Duration",,"posterior",382.5,0.000006038
50,"Interval","Stage I Duration",,"posterior",387.5,0.000006038
50,"Interval","Stage I Duration",,"posterior",392.5,0.000004844
50,"Interval","Stage I Duration",,"posterior",397.5,0.000004323
50,"Interval","Stage I Duration",,"posterior",402.5,0.00000328
50,"Interval","Stage I Duration",,"posterior",407.5,0.000004323
50,"Interval","Stage I Duration",,"posterior",412.5,0.00000328
50,"Interval","Stage I Duration",,"posterior",417.5,0.000003384
50,"Interval","Stage I Duration",,"posterior",422.5,0.000003384
50,"Interval","Stage I Duration",,"posterior",427.5,0.000001403
50,"Interval","Stage I Duration",,"posterior",432.5,5.688e-7
50,"Interval","Stage I Duration",,"posterior",437.5,4.171e-7
50,"Interval","Stage I Duration",,"posterior",442.5,5.214e-7
50,"Interval","Stage I Duration",,"posterior",447.5,1.0427e-7
50,"Interval","Stage I Duration",,"posterior",452.5,4.74e-8
50,"Interval","Stage I Duration",,"posterior",457.5,1.0427e-7
50,"Interval","Stage I Duration",,"posterior",462.5,0
50,"Interval","Stage I Duration",,"posterior",467.5,4.74e-8
51,"Boundary","Stage I to II",,"posterior",-3054.5,0
51,"Boundary","Stage I to II",,"posterior",-3049.5,0
51,"Boundary","Stage I to II",,"posterior",-3044.5,0.00029187
51,"Boundary","Stage I to II",,"posterior",-3039.5,0.000022075
51,"Boundary","Stage I to II",,"posterior",-3034.5,0.0000023837
51,"Boundary","Stage I to II",,"posterior",-3029.5,0.0000011919
51,"Boundary","Stage I to II",,"posterior",-3024.5,0.0000026687
51,"Boundary","Stage I to II",,"posterior",-3019.5,0.000008187
51,"Boundary","Stage I to II",,"posterior",-3014.5,0.00012678
51,"Boundary","Stage I to II",,"posterior",-3009.5,0.0010883
51,"Boundary","Stage I to II",,"posterior",-3004.5,0.006209
51,"Boundary","Stage I to II",,"posterior",-2999.5,0.017739
51,"Boundary","Stage I to II",,"posterior",-2994.5,0.025886
51,"Boundary","Stage I to II",,"posterior",-2989.5,0.02591
51,"Boundary","Stage I to II",,"posterior",-2984.5,0.021788
51,"Boundary","Stage I to II",,"posterior",-2979.5,0.017557
51,"Boundary","Stage I to II",,"posterior",-2974.5,0.014255
51,"Boundary","Stage I to II",,"posterior",-2969.5,0.011884
51,"Boundary","Stage I to II",,"posterior",-2964.5,0.010088
51,"Boundary","Stage I to II",,"posterior",-2959.5,0.008732
51,"Boundary","Stage I to II",,"posterior",-2954.5,0.007553
51,"Boundary","Stage I to II",,"posterior",-2949.5,0.006569
51,"Boundary","Stage I to II",,"posterior",-2944.5,0.005753
51,"Boundary","Stage I to II",,"posterior",-2939.5,0.005075
51,"Boundary","Stage I to II",,"posterior",-2934.5,0.004382
51,"Boundary","Stage I to II",,"posterior",-2929.5,0.003615
51,"Boundary","Stage I to II",,"posterior",-2924.5,0.0026451
51,"Boundary","Stage I to II",,"posterior",-2919.5,0.0016696
51,"Boundary","Stage I to II",,"posterior",-2914.5,0.0008168
51,"Boundary","Stage I to II",,"posterior",-2909.5,0.00026754
51,"Boundary","Stage I to II",,"posterior",-2904.5,0.00005687
51,"Boundary","Stage I to II",,"posterior",-2899.5,0.00000583
51,"Boundary","Stage I to II",,"posterior",-2894.5,5.182e-7
51,"Boundary","Stage I to II",,"posterior",-2889.5,0
53,"R_Date","NW13",,"likelihood",-3354.5,0
53,"R_Date","NW13",,"likelihood",-3349.5,0
53,"R_Date","NW13",,"likelihood",-3344.5,0
53,"R_Date","NW13",,"likelihood",-3339.5,8.06e-9
53,"R_Date","NW13",,"likelihood",-3334.5,8.06e-8
53,"R_Date","NW13",,"likelihood",-3329.5,7.657e-7
53,"R_Date","NW13",,"likelihood",-3324.5,0.000003571
53,"R_Date","NW13",,"likelihood",-3319.5,0.000010034
53,"R_Date","NW13",,"likelihood",-3314.5,0.000018441
53,"R_Date","NW13",,"likelihood",-3309.5,0.000029402
53,"R_Date","NW13",,"likelihood",-3304.5,0.00004121
53,"R_Date","NW13",,"likelihood",-3299.5,0.0000349
53,"R_Date","NW13",,"likelihood",-3294.5,0.000019384
53,"R_Date","NW13",,"likelihood",-3289.5,0.000011856
53,"R_Date","NW13",,"likelihood",-3284.5,0.000019384
53,"R_Date","NW13",,"likelihood",-3279.5,0.00005131
53,"R_Date","NW13",,"likelihood",-3274.5,0.0000349
53,"R_Date","NW13",,"likelihood",-3269.5,0.000023341
53,"R_Date","NW13",,"likelihood",-3264.5,0.000031103
53,"R_Date","NW13",,"likelihood",-3259.5,0.00011453
53,"R_Date","NW13",,"likelihood",-3254.5,0.00022925
53,"R_Date","NW13",,"likelihood",-3249.5,0.00011453
53,"R_Date","NW13",,"likelihood",-3244.5,0.00007068
53,"R_Date","NW13",,"likelihood",-3239.5,0.000024615
53,"R_Date","NW13",,"likelihood",-3234.5,0.000007109
53,"R_Date","NW13",,"likelihood",-3229.5,0.000003571
53,"R_Date","NW13",,"likelihood",-3224.5,0.0000018215
53,"R_Date","NW13",,"likelihood",-3219.5,0.0000015797
53,"R_Date","NW13",,"likelihood",-3214.5,5.642e-7
53,"R_Date","NW13",,"likelihood",-3209.5,1.209e-7
53,"R_Date","NW13",,"likelihood",-3204.5,2.4179e-8
53,"R_Date","NW13",,"likelihood",-3199.5,1.612e-8
53,"R_Date","NW13",,"likelihood",-3194.5,4.836e-8
53,"R_Date","NW13",,"likelihood",-3189.5,3.224e-7
53,"R_Date","NW13",,"likelihood",-3184.5,0.0000011767
53,"R_Date","NW13",,"likelihood",-3179.5,0.000004578
53,"R_Date","NW13",,"likelihood",-3174.5,0.000010034
53,"R_Date","NW13",,"likelihood",-3169.5,0.000018441
53,"R_Date","NW13",,"likelihood",-3164.5,0.000022366
53,"R_Date","NW13",,"likelihood",-3159.5,0.000014
53,"R_Date","NW13",,"likelihood",-3154.5,0.0000031192
53,"R_Date","NW13",,"likelihood",-3149.5,8.946e-7
53,"R_Date","NW13",,"likelihood",-3144.5,2.2567e-7
53,"R_Date","NW13",,"likelihood",-3139.5,3.224e-7
53,"R_Date","NW13",,"likelihood",-3134.5,5.803e-7
53,"R_Date","NW13",,"likelihood",-3129.5,0.0000010317
53,"R_Date","NW13",,"likelihood",-3124.5,0.0000010317
53,"R_Date","NW13",,"likelihood",-3119.5,0.0000015717
53,"R_Date","NW13",,"likelihood",-3114.5,0.0000023615
53,"R_Date","NW13",,"likelihood",-3109.5,0.0000027
53,"R_Date","NW13",,"likelihood",-3104.5,0.000009744
53,"R_Date","NW13",,"likelihood",-3099.5,0.00008183
53,"R_Date","NW13",,"likelihood",-3094.5,0.0004216
53,"R_Date","NW13",,"likelihood",-3089.5,0.001345
53,"R_Date","NW13",,"likelihood",-3084.5,0.0022707
53,"R_Date","NW13",,"likelihood",-3079.5,0.0030602
53,"R_Date","NW13",,"likelihood",-3074.5,0.004093
53,"R_Date","NW13",,"likelihood",-3069.5,0.004923
53,"R_Date","NW13",,"likelihood",-3064.5,0.004598
53,"R_Date","NW13",,"likelihood",-3059.5,0.0030096
53,"R_Date","NW13",,"likelihood",-3054.5,0.0017167
53,"R_Date","NW13",,"likelihood",-3049.5,0.0011249
53,"R_Date","NW13",,"likelihood",-3044.5,0.0010066
53,"R_Date","NW13",,"likelihood",-3039.5,0.0010787
53,"R_Date","NW13",,"likelihood",-3034.5,0.001218
53,"R_Date","NW13",,"likelihood",-3029.5,0.0019966
53,"R_Date","NW13",,"likelihood",-3024.5,0.004159
53,"R_Date","NW13",,"likelihood",-3019.5,0.006132
53,"R_Date","NW13",,"likelihood",-3014.5,0.00721
53,"R_Date","NW13",,"likelihood",-3009.5,0.008001
53,"R_Date","NW13",,"likelihood",-3004.5,0.007761
53,"R_Date","NW13",,"likelihood",-2999.5,0.006867
53,"R_Date","NW13",,"likelihood",-2994.5,0.006985
53,"R_Date","NW13",,"likelihood",-2989.5,0.007595
53,"R_Date","NW13",,"likelihood",-2984.5,0.007865
53,"R_Date","NW13",,"likelihood",-2979.5,0.008056
53,"R_Date","NW13",,"likelihood",-2974.5,0.008003
53,"R_Date","NW13",,"likelihood",-2969.5,0.007713
53,"R_Date","NW13",,"likelihood",-2964.5,0.008025
53,"R_Date","NW13",,"likelihood",-2959.5,0.008057
53,"R_Date","NW13",,"likelihood",-2954.5,0.00806
53,"R_Date","NW13",,"likelihood",-2949.5,0.008057
53,"R_Date","NW13",,"likelihood",-2944.5,0.008018
53,"R_Date","NW13",,"likelihood",-2939.5,0.007847
53,"R_Date","NW13",,"likelihood",-2934.5,0.007903
53,"R_Date","NW13",,"likelihood",-2929.5,0.007964
53,"R_Date","NW13",,"likelihood",-2924.5,0.007155
53,"R_Date","NW13",,"likelihood",-2919.5,0.005322
53,"R_Date","NW13",,"likelihood",-2914.5,0.0028992
53,"R_Date","NW13",,"likelihood",-2909.5,0.0010338
53,"R_Date","NW13",,"likelihood",-2904.5,0.00029484
53,"R_Date","NW13",,"likelihood",-2899.5,0.00006688
53,"R_Date","NW13",,"likelihood",-2894.5,0.000011743
53,"R_Date","NW13",,"likelihood",-2889.5,0.0000013702
53,"R_Date","NW13",,"likelihood",-2884.5,8.06e-8
53,"R_Date","NW13",,"likelihood",-2879.5,0
53,"R_Date","NW13",,"likelihood",-2874.5,0
53,"R_Date","NW13",,"likelihood",-2869.5,0
53,"R_Date","NW13",,"posterior",-3049.5,0
53,"R_Date","NW13",,"posterior",-3044.5,4.194e-7
53,"R_Date","NW13",,"posterior",-3039.5,0.0000020239
53,"R_Date","NW13",,"posterior",-3034.5,0.0000018234
53,"R_Date","NW13",,"posterior",-3029.5,0.000003902
53,"R_Date","NW13",,"posterior",-3024.5,0.000009427
53,"R_Date","NW13",,"posterior",-3019.5,0.000011815
53,"R_Date","NW13",,"posterior",-3014.5,0.000016045
53,"R_Date","NW13",,"posterior",-3009.5,0.0000401
53,"R_Date","NW13",,"posterior",-3004.5,0.00020489
53,"R_Date","NW13",,"posterior",-2999.5,0.0008072
53,"R_Date","NW13",,"posterior",-2994.5,0.0020861
53,"R_Date","NW13",,"posterior",-2989.5,0.003924
53,"R_Date","NW13",,"posterior",-2984.5,0.005749
53,"R_Date","NW13",,"posterior",-2979.5,0.00739
53,"R_Date","NW13",,"posterior",-2974.5,0.008596
53,"R_Date","NW13",,"posterior",-2969.5,0.009595
53,"R_Date","NW13",,"posterior",-2964.5,0.010934
53,"R_Date","NW13",,"posterior",-2959.5,0.011955
53,"R_Date","NW13",,"posterior",-2954.5,0.012976
53,"R_Date","NW13",,"posterior",-2949.5,0.014056
53,"R_Date","NW13",,"posterior",-2944.5,0.014934
53,"R_Date","NW13",,"posterior",-2939.5,0.015788
53,"R_Date","NW13",,"posterior",-2934.5,0.016981
53,"R_Date","NW13",,"posterior",-2929.5,0.018234
53,"R_Date","NW13",,"posterior",-2924.5,0.017652
53,"R_Date","NW13",,"posterior",-2919.5,0.014324
53,"R_Date","NW13",,"posterior",-2914.5,0.008663
53,"R_Date","NW13",,"posterior",-2909.5,0.00361
53,"R_Date","NW13",,"posterior",-2904.5,0.0011284
53,"R_Date","NW13",,"posterior",-2899.5,0.0002739
53,"R_Date","NW13",,"posterior",-2894.5,0.00004775
53,"R_Date","NW13",,"posterior",-2889.5,0.000005525
53,"R_Date","NW13",,"posterior",-2884.5,4.194e-7
53,"R_Date","NW13",,"posterior",-2879.5,0
53,"R_Date","NW13",,"posterior",-2874.5,0
54,"R_Date","NW10",,"likelihood",-3334.5,0
54,"R_Date","NW10",,"likelihood",-3329.5,0
54,"R_Date","NW10",,"likelihood",-3324.5,1.1472e-8
54,"R_Date","NW10",,"likelihood",-3319.5,3.442e-8
54,"R_Date","NW10",,"likelihood",-3314.5,8.031e-8
54,"R_Date","NW10",,"likelihood",-3309.5,1.8356e-7
54,"R_Date","NW10",,"likelihood",-3304.5,3.0975e-7
54,"R_Date","NW10",,"likelihood",-3299.5,1.9503e-7
54,"R_Date","NW10",,"likelihood",-3294.5,6.883e-8
54,"R_Date","NW10",,"likelihood",-3289.5,3.442e-8
54,"R_Date","NW10",,"likelihood",-3284.5,6.883e-8
54,"R_Date","NW10",,"likelihood",-3279.5,4.474e-7
54,"R_Date","NW10",,"likelihood",-3274.5,1.9503e-7
54,"R_Date","NW10",,"likelihood",-3269.5,1.2619e-7
54,"R_Date","NW10",,"likelihood",-3264.5,1.6061e-7
54,"R_Date","NW10",,"likelihood",-3259.5,0.000001434
54,"R_Date","NW10",,"likelihood",-3254.5,0.000005541
54,"R_Date","NW10",,"likelihood",-3249.5,0.000001434
54,"R_Date","NW10",,"likelihood",-3244.5,7.572e-7
54,"R_Date","NW10",,"likelihood",-3239.5,1.0325e-7
54,"R_Date","NW10",,"likelihood",-3234.5,1.1472e-8
54,"R_Date","NW10",,"likelihood",-3229.5,1.1472e-8
54,"R_Date","NW10",,"likelihood",-3224.5,0
54,"R_Date","NW10",,"likelihood",-3219.5,0
54,"R_Date","NW10",,"likelihood",-3214.5,0
54,"R_Date","NW10",,"likelihood",-3209.5,0
54,"R_Date","NW10",,"likelihood",-3204.5,0
54,"R_Date","NW10",,"likelihood",-3199.5,0
54,"R_Date","NW10",,"likelihood",-3194.5,0
54,"R_Date","NW10",,"likelihood",-3189.5,0
54,"R_Date","NW10",,"likelihood",-3184.5,0
54,"R_Date","NW10",,"likelihood",-3179.5,1.1472e-8
54,"R_Date","NW10",,"likelihood",-3174.5,3.442e-8
54,"R_Date","NW10",,"likelihood",-3169.5,8.031e-8
54,"R_Date","NW10",,"likelihood",-3164.5,1.3767e-7
54,"R_Date","NW10",,"likelihood",-3159.5,6.883e-8
54,"R_Date","NW10",,"likelihood",-3154.5,0
54,"R_Date","NW10",,"likelihood",-3149.5,0
54,"R_Date","NW10",,"likelihood",-3144.5,0
54,"R_Date","NW10",,"likelihood",-3139.5,0
54,"R_Date","NW10",,"likelihood",-3134.5,0
54,"R_Date","NW10",,"likelihood",-3129.5,0
54,"R_Date","NW10",,"likelihood",-3124.5,0
54,"R_Date","NW10",,"likelihood",-3119.5,0
54,"R_Date","NW10",,"likelihood",-3114.5,0
54,"R_Date","NW10",,"likelihood",-3109.5,0
54,"R_Date","NW10",,"likelihood",-3104.5,3.442e-8
54,"R_Date","NW10",,"likelihood",-3099.5,0.0000011587
54,"R_Date","NW10",,"likelihood",-3094.5,0.000015866
54,"R_Date","NW10",,"likelihood",-3089.5,0.00014115
54,"R_Date","NW10",,"likelihood",-3084.5,0.0003752
54,"R_Date","NW10",,"likelihood",-3079.5,0.0006725
54,"R_Date","NW10",,"likelihood",-3074.5,0.0011386
54,"R_Date","NW10",,"likelihood",-3069.5,0.0017168
54,"R_Date","NW10",,"likelihood",-3064.5,0.0015752
54,"R_Date","NW10",,"likelihood",-3059.5,0.0005994
54,"R_Date","NW10",,"likelihood",-3054.5,0.0002213
54,"R_Date","NW10",,"likelihood",-3049.5,0.0000931
54,"R_Date","NW10",,"likelihood",-3044.5,0.0000746
54,"R_Date","NW10",,"likelihood",-3039.5,0.00008463
54,"R_Date","NW10",,"likelihood",-3034.5,0.00010572
54,"R_Date","NW10",,"likelihood",-3029.5,0.00026711
54,"R_Date","NW10",,"likelihood",-3024.5,0.0010944
54,"R_Date","NW10",,"likelihood",-3019.5,0.0029299
54,"R_Date","NW10",,"likelihood",-3014.5,0.004685
54,"R_Date","NW10",,"likelihood",-3009.5,0.007476
54,"R_Date","NW10",,"likelihood",-3004.5,0.010395
54,"R_Date","NW10",,"likelihood",-2999.5,0.011228
54,"R_Date","NW10",,"likelihood",-2994.5,0.011472
54,"R_Date","NW10",,"likelihood",-2989.5,0.010765
54,"R_Date","NW10",,"likelihood",-2984.5,0.009231
54,"R_Date","NW10",,"likelihood",-2979.5,0.008254
54,"R_Date","NW10",,"likelihood",-2974.5,0.007533
54,"R_Date","NW10",,"likelihood",-2969.5,0.00737
54,"R_Date","NW10",,"likelihood",-2964.5,0.007757
54,"R_Date","NW10",,"likelihood",-2959.5,0.008255
54,"R_Date","NW10",,"likelihood",-2954.5,0.008471
54,"R_Date","NW10",,"likelihood",-2949.5,0.008248
54,"R_Date","NW10",,"likelihood",-2944.5,0.007644
54,"R_Date","NW10",,"likelihood",-2939.5,0.007351
54,"R_Date","NW10",,"likelihood",-2934.5,0.007937
54,"R_Date","NW10",,"likelihood",-2929.5,0.009606
54,"R_Date","NW10",,"likelihood",-2924.5,0.011351
54,"R_Date","NW10",,"likelihood",-2919.5,0.011026
54,"R_Date","NW10",,"likelihood",-2914.5,0.008011
54,"R_Date","NW10",,"likelihood",-2909.5,0.003501
54,"R_Date","NW10",,"likelihood",-2904.5,0.0010473
54,"R_Date","NW10",,"likelihood",-2899.5,0.00022861
54,"R_Date","NW10",,"likelihood",-2894.5,0.00003515
54,"R_Date","NW10",,"likelihood",-2889.5,0.000003201
54,"R_Date","NW10",,"likelihood",-2884.5,1.3767e-7
54,"R_Date","NW10",,"likelihood",-2879.5,0
54,"R_Date","NW10",,"likelihood",-2874.5,0
54,"R_Date","NW10",,"likelihood",-2869.5,0
54,"R_Date","NW10",,"posterior",-3039.5,0
54,"R_Date","NW10",,"posterior",-3034.5,3.615e-7
54,"R_Date","NW10",,"posterior",-3029.5,3.19e-7
54,"R_Date","NW10",,"posterior",-3024.5,0.000001935
54,"R_Date","NW10",,"posterior",-3019.5,0.000005316
54,"R_Date","NW10",,"posterior",-3014.5,0.000007867
54,"R_Date","NW10",,"posterior",-3009.5,0.00003693
54,"R_Date","NW10",,"posterior",-3004.5,0.00023256
54,"R_Date","NW10",,"posterior",-2999.5,0.0010474
54,"R_Date","NW10",,"posterior",-2994.5,0.0026981
54,"R_Date","NW10",,"posterior",-2989.5,0.004512
54,"R_Date","NW10",,"posterior",-2984.5,0.005603
54,"R_Date","NW10",,"posterior",-2979.5,0.006309
54,"R_Date","NW10",,"posterior",-2974.5,0.006772
54,"R_Date","NW10",,"posterior",-2969.5,0.007581
54,"R_Date","NW10",,"posterior",-2964.5,0.008708
54,"R_Date","NW10",,"posterior",-2959.5,0.010058
54,"R_Date","NW10",,"posterior",-2954.5,0.011168
54,"R_Date","NW10",,"posterior",-2949.5,0.011617
54,"R_Date","NW10",,"posterior",-2944.5,0.011573
54,"R_Date","NW10",,"posterior",-2939.5,0.01195
54,"R_Date","NW10",,"posterior",-2934.5,0.013659
54,"R_Date","NW10",,"posterior",-2929.5,0.01717
54,"R_Date","NW10",,"posterior",-2924.5,0.020992
54,"R_Date","NW10",,"posterior",-2919.5,0.021263
54,"R_Date","NW10",,"posterior",-2914.5,0.016139
54,"R_Date","NW10",,"posterior",-2909.5,0.00773
54,"R_Date","NW10",,"posterior",-2904.5,0.0024894
54,"R_Date","NW10",,"posterior",-2899.5,0.0005776
54,"R_Date","NW10",,"posterior",-2894.5,0.00008858
54,"R_Date","NW10",,"posterior",-2889.5,0.000008909
54,"R_Date","NW10",,"posterior",-2884.5,1.4884e-7
54,"R_Date","NW10",,"posterior",-2879.5,0
54,"R_Date","NW10",,"posterior",-2874.5,0
55,"R_Date","NW7",,"likelihood",-3104.5,0
55,"R_Date","NW7",,"likelihood",-3099.5,0
55,"R_Date","NW7",,"likelihood",-3094.5,0
55,"R_Date","NW7",,"likelihood",-3089.5,1.2595e-7
55,"R_Date","NW7",,"likelihood",-3084.5,5.038e-7
55,"R_Date","NW7",,"likelihood",-3079.5,0.0000012595
55,"R_Date","NW7",,"likelihood",-3074.5,0.000002603
55,"R_Date","NW7",,"likelihood",-3069.5,0.000005374
55,"R_Date","NW7",,"likelihood",-3064.5,0.000005458
55,"R_Date","NW7",,"likelihood",-3059.5,8.817e-7
55,"R_Date","NW7",,"likelihood",-3054.5,2.0992e-7
55,"R_Date","NW7",,"likelihood",-3049.5,4.198e-8
55,"R_Date","NW7",,"likelihood",-3044.5,4.198e-8
55,"R_Date","NW7",,"likelihood",-3039.5,4.198e-8
55,"R_Date","NW7",,"likelihood",-3034.5,4.198e-8
55,"R_Date","NW7",,"likelihood",-3029.5,2.519e-7
55,"R_Date","NW7",,"likelihood",-3024.5,0.0000020572
55,"R_Date","NW7",,"likelihood",-3019.5,0.000015156
55,"R_Date","NW7",,"likelihood",-3014.5,0.00004224
55,"R_Date","NW7",,"likelihood",-3009.5,0.00014489
55,"R_Date","NW7",,"likelihood",-3004.5,0.0005088
55,"R_Date","NW7",,"likelihood",-2999.5,0.0012108
55,"R_Date","NW7",,"likelihood",-2994.5,0.0010627
55,"R_Date","NW7",,"likelihood",-2989.5,0.0006237
55,"R_Date","NW7",,"likelihood",-2984.5,0.000367
55,"R_Date","NW7",,"likelihood",-2979.5,0.00019947
55,"R_Date","NW7",,"likelihood",-2974.5,0.00014913
55,"R_Date","NW7",,"likelihood",-2969.5,0.00020266
55,"R_Date","NW7",,"likelihood",-2964.5,0.00016336
55,"R_Date","NW7",,"likelihood",-2959.5,0.00019926
55,"R_Date","NW7",,"likelihood",-2954.5,0.0002176
55,"R_Date","NW7",,"likelihood",-2949.5,0.00019858
55,"R_Date","NW7",,"likelihood",-2944.5,0.00015534
55,"R_Date","NW7",,"likelihood",-2939.5,0.00016634
55,"R_Date","NW7",,"likelihood",-2934.5,0.0002121
55,"R_Date","NW7",,"likelihood",-2929.5,0.0003524
55,"R_Date","NW7",,"likelihood",-2924.5,0.0009339
55,"R_Date","NW7",,"likelihood",-2919.5,0.0029286
55,"R_Date","NW7",,"likelihood",-2914.5,0.008024
55,"R_Date","NW7",,"likelihood",-2909.5,0.019048
55,"R_Date","NW7",,"likelihood",-2904.5,0.03354
55,"R_Date","NW7",,"likelihood",-2899.5,0.04198
55,"R_Date","NW7",,"likelihood",-2894.5,0.04016
55,"R_Date","NW7",,"likelihood",-2889.5,0.028583
55,"R_Date","NW7",,"likelihood",-2884.5,0.013575
55,"R_Date","NW7",,"likelihood",-2879.5,0.003368
55,"R_Date","NW7",,"likelihood",-2874.5,0.0005201
55,"R_Date","NW7",,"likelihood",-2869.5,0.00008149
55,"R_Date","NW7",,"likelihood",-2864.5,0.000013057
55,"R_Date","NW7",,"likelihood",-2859.5,0.000003904
55,"R_Date","NW7",,"likelihood",-2854.5,0.0000016794
55,"R_Date","NW7",,"likelihood",-2849.5,4.198e-7
55,"R_Date","NW7",,"likelihood",-2844.5,4.198e-8
55,"R_Date","NW7",,"likelihood",-2839.5,0
55,"R_Date","NW7",,"likelihood",-2834.5,0
55,"R_Date","NW7",,"likelihood",-2829.5,0
55,"R_Date","NW7",,"likelihood",-2824.5,0
55,"R_Date","NW7",,"likelihood",-2819.5,0
55,"R_Date","NW7",,"likelihood",-2814.5,0
55,"R_Date","NW7",,"likelihood",-2809.5,8.397e-8
55,"R_Date","NW7",,"likelihood",-2804.5,0.0000020152
55,"R_Date","NW7",,"likelihood",-2799.5,0.00003027
55,"R_Date","NW7",,"likelihood",-2794.5,0.00020375
55,"R_Date","NW7",,"likelihood",-2789.5,0.0003289
55,"R_Date","NW7",,"likelihood",-2784.5,0.00022075
55,"R_Date","NW7",,"likelihood",-2779.5,0.00007599
55,"R_Date","NW7",,"likelihood",-2774.5,0.00004274
55,"R_Date","NW7",,"likelihood",-2769.5,0.000018893
55,"R_Date","NW7",,"likelihood",-2764.5,0.000014694
55,"R_Date","NW7",,"likelihood",-2759.5,0.00001142
55,"R_Date","NW7",,"likelihood",-2754.5,0.000006843
55,"R_Date","NW7",,"likelihood",-2749.5,0.0000019313
55,"R_Date","NW7",,"likelihood",-2744.5,2.9389e-7
55,"R_Date","NW7",,"likelihood",-2739.5,4.198e-8
55,"R_Date","NW7",,"likelihood",-2734.5,4.198e-8
55,"R_Date","NW7",,"likelihood",-2729.5,4.198e-8
55,"R_Date","NW7",,"likelihood",-2724.5,4.618e-7
55,"R_Date","NW7",,"likelihood",-2719.5,0.000004618
55,"R_Date","NW7",,"likelihood",-2714.5,0.000015912
55,"R_Date","NW7",,"likelihood",-2709.5,0.000029599
55,"R_Date","NW7",,"likelihood",-2704.5,0.000014149
55,"R_Date","NW7",,"likelihood",-2699.5,0.0000018893
55,"R_Date","NW7",,"likelihood",-2694.5,2.9389e-7
55,"R_Date","NW7",,"likelihood",-2689.5,8.397e-8
55,"R_Date","NW7",,"likelihood",-2684.5,1.2595e-7
55,"R_Date","NW7",,"likelihood",-2679.5,2.9389e-7
55,"R_Date","NW7",,"likelihood",-2674.5,1.2595e-7
55,"R_Date","NW7",,"likelihood",-2669.5,4.198e-8
55,"R_Date","NW7",,"likelihood",-2664.5,0
55,"R_Date","NW7",,"likelihood",-2659.5,0
55,"R_Date","NW7",,"posterior",-3024.5,0
55,"R_Date","NW7",,"posterior",-3019.5,4.542e-8
55,"R_Date","NW7",,"posterior",-3014.5,4.542e-8
55,"R_Date","NW7",,"posterior",-3009.5,7.722e-7
55,"R_Date","NW7",,"posterior",-3004.5,0.000011946
55,"R_Date","NW7",,"posterior",-2999.5,0.00009825
55,"R_Date","NW7",,"posterior",-2994.5,0.00020912
55,"R_Date","NW7",,"posterior",-2989.5,0.00022193
55,"R_Date","NW7",,"posterior",-2984.5,0.00017623
55,"R_Date","NW7",,"posterior",-2979.5,0.00012563
55,"R_Date","NW7",,"posterior",-2974.5,0.00010819
55,"R_Date","NW7",,"posterior",-2969.5,0.00014053
55,"R_Date","NW7",,"posterior",-2964.5,0.00014053
55,"R_Date","NW7",,"posterior",-2959.5,0.00016497
55,"R_Date","NW7",,"posterior",-2954.5,0.00018895
55,"R_Date","NW7",,"posterior",-2949.5,0.00018118
55,"R_Date","NW7",,"posterior",-2944.5,0.00016229
55,"R_Date","NW7",,"posterior",-2939.5,0.00017047
55,"R_Date","NW7",,"posterior",-2934.5,0.00022443
55,"R_Date","NW7",,"posterior",-2929.5,0.0004063
55,"R_Date","NW7",,"posterior",-2924.5,0.0011023
55,"R_Date","NW7",,"posterior",-2919.5,0.003343
55,"R_Date","NW7",,"posterior",-2914.5,0.009164
55,"R_Date","NW7",,"posterior",-2909.5,0.021296
55,"R_Date","NW7",,"posterior",-2904.5,0.0366
55,"R_Date","NW7",,"posterior",-2899.5,0.04542
55,"R_Date","NW7",,"posterior",-2894.5,0.04196
55,"R_Date","NW7",,"posterior",-2889.5,0.026871
55,"R_Date","NW7",,"posterior",-2884.5,0.009809
55,"R_Date","NW7",,"posterior",-2879.5,0.0015757
55,"R_Date","NW7",,"posterior",-2874.5,0.00011314
55,"R_Date","NW7",,"posterior",-2869.5,0.000008403
55,"R_Date","NW7",,"posterior",-2864.5,7.722e-7
55,"R_Date","NW7",,"posterior",-2859.5,3.179e-7
55,"R_Date","NW7",,"posterior",-2854.5,0
55,"R_Date","NW7",,"posterior",-2849.5,0
55,"R_Date","NW7",,"posterior",-2844.5,0
55,"R_Date","NW7",,"posterior",-2839.5,0
55,"R_Date","NW7",,"posterior",-2834.5,0
55,"R_Date","NW7",,"posterior",-2829.5,0
55,"R_Date","NW7",,"posterior",-2824.5,0
55,"R_Date","NW7",,"posterior",-2819.5,0
55,"R_Date","NW7",,"posterior",-2814.5,0
55,"R_Date","NW7",,"posterior",-2809.5,0
55,"R_Date","NW7",,"posterior",-2804.5,0
55,"R_Date","NW7",,"posterior",-2799.5,6.359e-7
55,"R_Date","NW7",,"posterior",-2794.5,0.0000021802
55,"R_Date","NW7",,"posterior",-2789.5,0.0000026344
55,"R_Date","NW7",,"posterior",-2784.5,5.905e-7
55,"R_Date","NW7",,"posterior",-2779.5,0
55,"R_Date","NW7",,"posterior",-2774.5,4.542e-8
55,"R_Date","NW7",,"posterior",-2769.5,0
55,"R_Date","NW7",,"posterior",-2764.5,4.542e-8
55,"R_Date","NW7",,"posterior",-2759.5,0
55,"R_Date","NW7",,"posterior",-2754.5,0
55,"R_Date","NW7",,"posterior",-2749.5,0
56,"R_Date","NW6",,"likelihood",-3094.5,0
56,"R_Date","NW6",,"likelihood",-3089.5,0
56,"R_Date","NW6",,"likelihood",-3084.5,4.352e-8
56,"R_Date","NW6",,"likelihood",-3079.5,1.3056e-7
56,"R_Date","NW6",,"likelihood",-3074.5,2.6112e-7
56,"R_Date","NW6",,"likelihood",-3069.5,5.658e-7
56,"R_Date","NW6",,"likelihood",-3064.5,6.093e-7
56,"R_Date","NW6",,"likelihood",-3059.5,8.704e-8
56,"R_Date","NW6",,"likelihood",-3054.5,0
56,"R_Date","NW6",,"likelihood",-3049.5,0
56,"R_Date","NW6",,"likelihood",-3044.5,0
56,"R_Date","NW6",,"likelihood",-3039.5,0
56,"R_Date","NW6",,"likelihood",-3034.5,0
56,"R_Date","NW6",,"likelihood",-3029.5,0
56,"R_Date","NW6",,"likelihood",-3024.5,1.7408e-7
56,"R_Date","NW6",,"likelihood",-3019.5,0.0000017843
56,"R_Date","NW6",,"likelihood",-3014.5,0.000005745
56,"R_Date","NW6",,"likelihood",-3009.5,0.000023501
56,"R_Date","NW6",,"likelihood",-3004.5,0.00010088
56,"R_Date","NW6",,"likelihood",-2999.5,0.00028971
56,"R_Date","NW6",,"likelihood",-2994.5,0.00024053
56,"R_Date","NW6",,"likelihood",-2989.5,0.00012817
56,"R_Date","NW6",,"likelihood",-2984.5,0.00007133
56,"R_Date","NW6",,"likelihood",-2979.5,0.00003399
56,"R_Date","NW6",,"likelihood",-2974.5,0.000024327
56,"R_Date","NW6",,"likelihood",-2969.5,0.00003721
56,"R_Date","NW6",,"likelihood",-2964.5,0.000027026
56,"R_Date","NW6",,"likelihood",-2959.5,0.00003395
56,"R_Date","NW6",,"likelihood",-2954.5,0.00003756
56,"R_Date","NW6",,"likelihood",-2949.5,0.00003381
56,"R_Date","NW6",,"likelihood",-2944.5,0.000025459
56,"R_Date","NW6",,"likelihood",-2939.5,0.000028592
56,"R_Date","NW6",,"likelihood",-2934.5,0.00003782
56,"R_Date","NW6",,"likelihood",-2929.5,0.00006576
56,"R_Date","NW6",,"likelihood",-2924.5,0.00020624
56,"R_Date","NW6",,"likelihood",-2919.5,0.0008372
56,"R_Date","NW6",,"likelihood",-2914.5,0.0028578
56,"R_Date","NW6",,"likelihood",-2909.5,0.00882
56,"R_Date","NW6",,"likelihood",-2904.5,0.021345
56,"R_Date","NW6",,"likelihood",-2899.5,0.03492
56,"R_Date","NW6",,"likelihood",-2894.5,0.04352
56,"R_Date","NW6",,"likelihood",-2889.5,0.04111
56,"R_Date","NW6",,"likelihood",-2884.5,0.026869
56,"R_Date","NW6",,"likelihood",-2879.5,0.009968
56,"R_Date","NW6",,"likelihood",-2874.5,0.0022441
56,"R_Date","NW6",,"likelihood",-2869.5,0.0004608
56,"R_Date","NW6",,"likelihood",-2864.5,0.00009831
56,"R_Date","NW6",,"likelihood",-2859.5,0.00003416
56,"R_Date","NW6",,"likelihood",-2854.5,0.00001558
56,"R_Date","NW6",,"likelihood",-2849.5,0.0000047
56,"R_Date","NW6",,"likelihood",-2844.5,7.834e-7
56,"R_Date","NW6",,"likelihood",-2839.5,1.7408e-7
56,"R_Date","NW6",,"likelihood",-2834.5,4.352e-8
56,"R_Date","NW6",,"likelihood",-2829.5,0
56,"R_Date","NW6",,"likelihood",-2824.5,0
56,"R_Date","NW6",,"likelihood",-2819.5,0
56,"R_Date","NW6",,"likelihood",-2814.5,1.3056e-7
56,"R_Date","NW6",,"likelihood",-2809.5,0.0000011315
56,"R_Date","NW6",,"likelihood",-2804.5,0.000019192
56,"R_Date","NW6",,"likelihood",-2799.5,0.00020345
56,"R_Date","NW6",,"likelihood",-2794.5,0.0010016
56,"R_Date","NW6",,"likelihood",-2789.5,0.0015359
56,"R_Date","NW6",,"likelihood",-2784.5,0.001102
56,"R_Date","NW6",,"likelihood",-2779.5,0.0004471
56,"R_Date","NW6",,"likelihood",-2774.5,0.00025659
56,"R_Date","NW6",,"likelihood",-2769.5,0.00013099
56,"R_Date","NW6",,"likelihood",-2764.5,0.00010519
56,"R_Date","NW6",,"likelihood",-2759.5,0.0000846
56,"R_Date","NW6",,"likelihood",-2754.5,0.00005405
56,"R_Date","NW6",,"likelihood",-2749.5,0.00001793
56,"R_Date","NW6",,"likelihood",-2744.5,0.000003482
56,"R_Date","NW6",,"likelihood",-2739.5,7.398e-7
56,"R_Date","NW6",,"likelihood",-2734.5,4.352e-7
56,"R_Date","NW6",,"likelihood",-2729.5,6.528e-7
56,"R_Date","NW6",,"likelihood",-2724.5,0.000005048
56,"R_Date","NW6",,"likelihood",-2719.5,0.0000369
56,"R_Date","NW6",,"likelihood",-2714.5,0.00011289
56,"R_Date","NW6",,"likelihood",-2709.5,0.0001931
56,"R_Date","NW6",,"likelihood",-2704.5,0.00010175
56,"R_Date","NW6",,"likelihood",-2699.5,0.000017495
56,"R_Date","NW6",,"likelihood",-2694.5,0.000003307
56,"R_Date","NW6",,"likelihood",-2689.5,0.0000010445
56,"R_Date","NW6",,"likelihood",-2684.5,0.0000014797
56,"R_Date","NW6",,"likelihood",-2679.5,0.0000030029
56,"R_Date","NW6",,"likelihood",-2674.5,0.0000013491
56,"R_Date","NW6",,"likelihood",-2669.5,4.787e-7
56,"R_Date","NW6",,"likelihood",-2664.5,4.352e-8
56,"R_Date","NW6",,"likelihood",-2659.5,0
56,"R_Date","NW6",,"likelihood",-2654.5,0
56,"R_Date","NW6",,"likelihood",-2649.5,4.352e-8
56,"R_Date","NW6",,"likelihood",-2644.5,2.176e-7
56,"R_Date","NW6",,"likelihood",-2639.5,1.7408e-7
56,"R_Date","NW6",,"likelihood",-2634.5,8.704e-8
56,"R_Date","NW6",,"likelihood",-2629.5,0
56,"R_Date","NW6",,"likelihood",-2624.5,0
56,"R_Date","NW6",,"likelihood",-2619.5,0
56,"R_Date","NW6",,"posterior",-3014.5,0
56,"R_Date","NW6",,"posterior",-3009.5,0
56,"R_Date","NW6",,"posterior",-3004.5,0.000002931
56,"R_Date","NW6",,"posterior",-2999.5,0.00002767
56,"R_Date","NW6",,"posterior",-2994.5,0.00005012
56,"R_Date","NW6",,"posterior",-2989.5,0.0000467
56,"R_Date","NW6",,"posterior",-2984.5,0.00003626
56,"R_Date","NW6",,"posterior",-2979.5,0.000023845
56,"R_Date","NW6",,"posterior",-2974.5,0.000020268
56,"R_Date","NW6",,"posterior",-2969.5,0.000027273
56,"R_Date","NW6",,"posterior",-2964.5,0.000025485
56,"R_Date","NW6",,"posterior",-2959.5,0.00003368
56,"R_Date","NW6",,"posterior",-2954.5,0.00003607
56,"R_Date","NW6",,"posterior",-2949.5,0.00003463
56,"R_Date","NW6",,"posterior",-2944.5,0.000029111
56,"R_Date","NW6",,"posterior",-2939.5,0.0000308
56,"R_Date","NW6",,"posterior",-2934.5,0.00004362
56,"R_Date","NW6",,"posterior",-2929.5,0.00008619
56,"R_Date","NW6",,"posterior",-2924.5,0.00028242
56,"R_Date","NW6",,"posterior",-2919.5,0.0010891
56,"R_Date","NW6",,"posterior",-2914.5,0.00372
56,"R_Date","NW6",,"posterior",-2909.5,0.011284
56,"R_Date","NW6",,"posterior",-2904.5,0.026026
56,"R_Date","NW6",,"posterior",-2899.5,0.04197
56,"R_Date","NW6",,"posterior",-2894.5,0.04968
56,"R_Date","NW6",,"posterior",-2889.5,0.04085
56,"R_Date","NW6",,"posterior",-2884.5,0.019507
56,"R_Date","NW6",,"posterior",-2879.5,0.00447
56,"R_Date","NW6",,"posterior",-2874.5,0.0004775
56,"R_Date","NW6",,"posterior",-2869.5,0.00004759
56,"R_Date","NW6",,"posterior",-2864.5,0.000007154
56,"R_Date","NW6",,"posterior",-2859.5,0.0000025832
56,"R_Date","NW6",,"posterior",-2854.5,8.942e-7
56,"R_Date","NW6",,"posterior",-2849.5,3.477e-7
56,"R_Date","NW6",,"posterior",-2844.5,1.9871e-7
56,"R_Date","NW6",,"posterior",-2839.5,0
56,"R_Date","NW6",,"posterior",-2834.5,0
56,"R_Date","NW6",,"posterior",-2829.5,0
56,"R_Date","NW6",,"posterior",-2824.5,0
56,"R_Date","NW6",,"posterior",-2819.5,0
56,"R_Date","NW6",,"posterior",-2814.5,0
56,"R_Date","NW6",,"posterior",-2809.5,0
56,"R_Date","NW6",,"posterior",-2804.5,6.955e-7
56,"R_Date","NW6",,"posterior",-2799.5,0.000003974
56,"R_Date","NW6",,"posterior",-2794.5,0.000015251
56,"R_Date","NW6",,"posterior",-2789.5,0.000011376
56,"R_Date","NW6",,"posterior",-2784.5,0.000003477
56,"R_Date","NW6",,"posterior",-2779.5,8.445e-7
56,"R_Date","NW6",,"posterior",-2774.5,1.9871e-7
56,"R_Date","NW6",,"posterior",-2769.5,4.968e-8
57,"R_Date","NW14",,"likelihood",-3029.5,0
57,"R_Date","NW14",,"likelihood",-3024.5,0
57,"R_Date","NW14",,"likelihood",-3019.5,0
57,"R_Date","NW14",,"likelihood",-3014.5,3.558e-8
57,"R_Date","NW14",,"likelihood",-3009.5,2.1346e-7
57,"R_Date","NW14",,"likelihood",-3004.5,0.0000013519
57,"R_Date","NW14",,"likelihood",-2999.5,0.00000587
57,"R_Date","NW14",,"likelihood",-2994.5,0.000004234
57,"R_Date","NW14",,"likelihood",-2989.5,0.0000018499
57,"R_Date","NW14",,"likelihood",-2984.5,9.605e-7
57,"R_Date","NW14",,"likelihood",-2979.5,3.558e-7
57,"R_Date","NW14",,"likelihood",-2974.5,2.1346e-7
57,"R_Date","NW14",,"likelihood",-2969.5,4.625e-7
57,"R_Date","NW14",,"likelihood",-2964.5,2.4903e-7
57,"R_Date","NW14",,"likelihood",-2959.5,3.558e-7
57,"R_Date","NW14",,"likelihood",-2954.5,3.913e-7
57,"R_Date","NW14",,"likelihood",-2949.5,3.202e-7
57,"R_Date","NW14",,"likelihood",-2944.5,2.4903e-7
57,"R_Date","NW14",,"likelihood",-2939.5,2.8461e-7
57,"R_Date","NW14",,"likelihood",-2934.5,4.269e-7
57,"R_Date","NW14",,"likelihood",-2929.5,7.827e-7
57,"R_Date","NW14",,"likelihood",-2924.5,0.000003451
57,"R_Date","NW14",,"likelihood",-2919.5,0.00002412
57,"R_Date","NW14",,"likelihood",-2914.5,0.00012427
57,"R_Date","NW14",,"likelihood",-2909.5,0.0006297
57,"R_Date","NW14",,"likelihood",-2904.5,0.0029487
57,"R_Date","NW14",,"likelihood",-2899.5,0.008227
57,"R_Date","NW14",,"likelihood",-2894.5,0.017356
57,"R_Date","NW14",,"likelihood",-2889.5,0.028807
57,"R_Date","NW14",,"likelihood",-2884.5,0.03558
57,"R_Date","NW14",,"likelihood",-2879.5,0.02861
57,"R_Date","NW14",,"likelihood",-2874.5,0.013638
57,"R_Date","NW14",,"likelihood",-2869.5,0.004941
57,"R_Date","NW14",,"likelihood",-2864.5,0.0018116
57,"R_Date","NW14",,"likelihood",-2859.5,0.0008561
57,"R_Date","NW14",,"likelihood",-2854.5,0.0004562
57,"R_Date","NW14",,"likelihood",-2849.5,0.00018638
57,"R_Date","NW14",,"likelihood",-2844.5,0.00005002
57,"R_Date","NW14",,"likelihood",-2839.5,0.000015084
57,"R_Date","NW14",,"likelihood",-2834.5,0.000004803
57,"R_Date","NW14",,"likelihood",-2829.5,0.0000019211
57,"R_Date","NW14",,"likelihood",-2824.5,0.0000013163
57,"R_Date","NW14",,"likelihood",-2819.5,0.0000021346
57,"R_Date","NW14",,"likelihood",-2814.5,0.000010637
57,"R_Date","NW14",,"likelihood",-2809.5,0.00006802
57,"R_Date","NW14",,"likelihood",-2804.5,0.0005643
57,"R_Date","NW14",,"likelihood",-2799.5,0.0029915
57,"R_Date","NW14",,"likelihood",-2794.5,0.008126
57,"R_Date","NW14",,"likelihood",-2789.5,0.010933
57,"R_Date","NW14",,"likelihood",-2784.5,0.008952
57,"R_Date","NW14",,"likelihood",-2779.5,0.005046
57,"R_Date","NW14",,"likelihood",-2774.5,0.00319
57,"R_Date","NW14",,"likelihood",-2769.5,0.0021054
57,"R_Date","NW14",,"likelihood",-2764.5,0.0018073
57,"R_Date","NW14",,"likelihood",-2759.5,0.0015505
57,"R_Date","NW14",,"likelihood",-2754.5,0.0011276
57,"R_Date","NW14",,"likelihood",-2749.5,0.0005052
57,"R_Date","NW14",,"likelihood",-2744.5,0.00014849
57,"R_Date","NW14",,"likelihood",-2739.5,0.00004497
57,"R_Date","NW14",,"likelihood",-2734.5,0.000029243
57,"R_Date","NW14",,"likelihood",-2729.5,0.00004415
57,"R_Date","NW14",,"likelihood",-2724.5,0.00019588
57,"R_Date","NW14",,"likelihood",-2719.5,0.0008106
57,"R_Date","NW14",,"likelihood",-2714.5,0.0018985
57,"R_Date","NW14",,"likelihood",-2709.5,0.0027539
57,"R_Date","NW14",,"likelihood",-2704.5,0.0017656
57,"R_Date","NW14",,"likelihood",-2699.5,0.0004961
57,"R_Date","NW14",,"likelihood",-2694.5,0.00013359
57,"R_Date","NW14",,"likelihood",-2689.5,0.00005802
57,"R_Date","NW14",,"likelihood",-2684.5,0.00007699
57,"R_Date","NW14",,"likelihood",-2679.5,0.00012416
57,"R_Date","NW14",,"likelihood",-2674.5,0.00007169
57,"R_Date","NW14",,"likelihood",-2669.5,0.000030666
57,"R_Date","NW14",,"likelihood",-2664.5,0.000005301
57,"R_Date","NW14",,"likelihood",-2659.5,0.0000019923
57,"R_Date","NW14",,"likelihood",-2654.5,0.0000022057
57,"R_Date","NW14",,"likelihood",-2649.5,0.000003309
57,"R_Date","NW14",,"likelihood",-2644.5,0.000014408
57,"R_Date","NW14",,"likelihood",-2639.5,0.000012274
57,"R_Date","NW14",,"likelihood",-2634.5,0.000007898
57,"R_Date","NW14",,"likelihood",-2629.5,0.0000017788
57,"R_Date","NW14",,"likelihood",-2624.5,3.558e-7
57,"R_Date","NW14",,"likelihood",-2619.5,3.558e-8
57,"R_Date","NW14",,"likelihood",-2614.5,0
57,"R_Date","NW14",,"likelihood",-2609.5,0
57,"R_Date","NW14",,"likelihood",-2604.5,3.558e-8
57,"R_Date","NW14",,"likelihood",-2599.5,3.558e-8
57,"R_Date","NW14",,"likelihood",-2594.5,3.558e-8
57,"R_Date","NW14",,"likelihood",-2589.5,3.558e-8
57,"R_Date","NW14",,"likelihood",-2584.5,7.115e-8
57,"R_Date","NW14",,"likelihood",-2579.5,0
57,"R_Date","NW14",,"likelihood",-2574.5,0
57,"R_Date","NW14",,"likelihood",-2569.5,0
57,"R_Date","NW14",,"posterior",-3004.5,0
57,"R_Date","NW14",,"posterior",-2999.5,0.0000011724
57,"R_Date","NW14",,"posterior",-2994.5,0.0000018982
57,"R_Date","NW14",,"posterior",-2989.5,0.0000023449
57,"R_Date","NW14",,"posterior",-2984.5,0.0000015074
57,"R_Date","NW14",,"posterior",-2979.5,3.908e-7
57,"R_Date","NW14",,"posterior",-2974.5,2.2332e-7
57,"R_Date","NW14",,"posterior",-2969.5,9.491e-7
57,"R_Date","NW14",,"posterior",-2964.5,3.35e-7
57,"R_Date","NW14",,"posterior",-2959.5,6.141e-7
57,"R_Date","NW14",,"posterior",-2954.5,6.7e-7
57,"R_Date","NW14",,"posterior",-2949.5,0.0000011166
57,"R_Date","NW14",,"posterior",-2944.5,5.025e-7
57,"R_Date","NW14",,"posterior",-2939.5,6.141e-7
57,"R_Date","NW14",,"posterior",-2934.5,0.0000014516
57,"R_Date","NW14",,"posterior",-2929.5,0.0000024565
57,"R_Date","NW14",,"posterior",-2924.5,0.000013288
57,"R_Date","NW14",,"posterior",-2919.5,0.00008441
57,"R_Date","NW14",,"posterior",-2914.5,0.0004415
57,"R_Date","NW14",,"posterior",-2909.5,0.002162
57,"R_Date","NW14",,"posterior",-2904.5,0.008956
57,"R_Date","NW14",,"posterior",-2899.5,0.023473
57,"R_Date","NW14",,"posterior",-2894.5,0.04359
57,"R_Date","NW14",,"posterior",-2889.5,0.05583
57,"R_Date","NW14",,"posterior",-2884.5,0.04312
57,"R_Date","NW14",,"posterior",-2879.5,0.017564
57,"R_Date","NW14",,"posterior",-2874.5,0.003496
57,"R_Date","NW14",,"posterior",-2869.5,0.000574
57,"R_Date","NW14",,"posterior",-2864.5,0.00015828
57,"R_Date","NW14",,"posterior",-2859.5,0.00006376
57,"R_Date","NW14",,"posterior",-2854.5,0.00003327
57,"R_Date","NW14",,"posterior",-2849.5,0.000016637
57,"R_Date","NW14",,"posterior",-2844.5,0.000003685
57,"R_Date","NW14",,"posterior",-2839.5,7.816e-7
57,"R_Date","NW14",,"posterior",-2834.5,3.908e-7
57,"R_Date","NW14",,"posterior",-2829.5,0
57,"R_Date","NW14",,"posterior",-2824.5,1.6749e-7
57,"R_Date","NW14",,"posterior",-2819.5,1.1166e-7
57,"R_Date","NW14",,"posterior",-2814.5,6.7e-7
57,"R_Date","NW14",,"posterior",-2809.5,0.000004299
57,"R_Date","NW14",,"posterior",-2804.5,0.000026854
57,"R_Date","NW14",,"posterior",-2799.5,0.00007772
57,"R_Date","NW14",,"posterior",-2794.5,0.00014678
57,"R_Date","NW14",,"posterior",-2789.5,0.00009748
57,"R_Date","NW14",,"posterior",-2784.5,0.00003679
57,"R_Date","NW14",,"posterior",-2779.5,0.000007035
57,"R_Date","NW14",,"posterior",-2774.5,0.0000015074
57,"R_Date","NW14",,"posterior",-2769.5,3.908e-7
57,"R_Date","NW14",,"posterior",-2764.5,3.35e-7
57,"R_Date","NW14",,"posterior",-2759.5,0
58,"Interval","Stage II Duration",,"posterior",-12.5,0
58,"Interval","Stage II Duration",,"posterior",-7.5,0
58,"Interval","Stage II Duration",,"posterior",-2.5,0
58,"Interval","Stage II Duration",,"posterior",2.5,0.000031404
58,"Interval","Stage II Duration",,"posterior",7.5,0.00004495
58,"Interval","Stage II Duration",,"posterior",12.5,0.00008177
58,"Interval","Stage II Duration",,"posterior",17.5,0.00017522
58,"Interval","Stage II Duration",,"posterior",22.5,0.000382
58,"Interval","Stage II Duration",,"posterior",27.5,0.0007623
58,"Interval","Stage II Duration",,"posterior",32.5,0.001299
58,"Interval","Stage II Duration",,"posterior",37.5,0.0019693
58,"Interval","Stage II Duration",,"posterior",42.5,0.002742
58,"Interval","Stage II Duration",,"posterior",47.5,0.003496
58,"Interval","Stage II Duration",,"posterior",52.5,0.004154
58,"Interval","Stage II Duration",,"posterior",57.5,0.004822
58,"Interval","Stage II Duration",,"posterior",62.5,0.005527
58,"Interval","Stage II Duration",,"posterior",67.5,0.006344
58,"Interval","Stage II Duration",,"posterior",72.5,0.007256
58,"Interval","Stage II Duration",,"posterior",77.5,0.008349
58,"Interval","Stage II Duration",,"posterior",82.5,0.009723
58,"Interval","Stage II Duration",,"posterior",87.5,0.011453
58,"Interval","Stage II Duration",,"posterior",92.5,0.013663
58,"Interval","Stage II Duration",,"posterior",97.5,0.016449
58,"Interval","Stage II Duration",,"posterior",102.5,0.019307
58,"Interval","Stage II Duration",,"posterior",107.5,0.021162
58,"Interval","Stage II Duration",,"posterior",112.5,0.019998
58,"Interval","Stage II Duration",,"posterior",117.5,0.015314
58,"Interval","Stage II Duration",,"posterior",122.5,0.009066
58,"Interval","Stage II Duration",,"posterior",127.5,0.00396
58,"Interval","Stage II Duration",,"posterior",132.5,0.001366
58,"Interval","Stage II Duration",,"posterior",137.5,0.0005454
58,"Interval","Stage II Duration",,"posterior",142.5,0.0003672
58,"Interval","Stage II Duration",,"posterior",147.5,0.0003756
58,"Interval","Stage II Duration",,"posterior",152.5,0.0004385
58,"Interval","Stage II Duration",,"posterior",157.5,0.0005707
58,"Interval","Stage II Duration",,"posterior",162.5,0.0006687
58,"Interval","Stage II Duration",,"posterior",167.5,0.0007269
58,"Interval","Stage II Duration",,"posterior",172.5,0.0007807
58,"Interval","Stage II Duration",,"posterior",177.5,0.0009039
58,"Interval","Stage II Duration",,"posterior",182.5,0.0010074
58,"Interval","Stage II Duration",,"posterior",187.5,0.0010278
58,"Interval","Stage II Duration",,"posterior",192.5,0.0010207
58,"Interval","Stage II Duration",,"posterior",197.5,0.000934
58,"Interval","Stage II Duration",,"posterior",202.5,0.000705
58,"Interval","Stage II Duration",,"posterior",207.5,0.0004991
58,"Interval","Stage II Duration",,"posterior",212.5,0.00028907
58,"Interval","Stage II Duration",,"posterior",217.5,0.00013491
58,"Interval","Stage II Duration",,"posterior",222.5,0.00006875
58,"Interval","Stage II Duration",,"posterior",227.5,0.000025161
58,"Interval","Stage II Duration",,"posterior",232.5,0.00000802
58,"Interval","Stage II Duration",,"posterior",237.5,0.0000026029
58,"Interval","Stage II Duration",,"posterior",242.5,0.0000017141
58,"Interval","Stage II Duration",,"posterior",247.5,8.253e-7
58,"Interval","Stage II Duration",,"posterior",252.5,4.232e-8
58,"Interval","Stage II Duration",,"posterior",257.5,0
59,"Boundary","Stage II to III",,"posterior",-2924.5,0
59,"Boundary","Stage II to III",,"posterior",-2919.5,0
59,"Boundary","Stage II to III",,"posterior",-2914.5,4.413e-7
59,"Boundary","Stage II to III",,"posterior",-2909.5,0.000013679
59,"Boundary","Stage II to III",,"posterior",-2904.5,0.00018947
59,"Boundary","Stage II to III",,"posterior",-2899.5,0.0015798
59,"Boundary","Stage II to III",,"posterior",-2894.5,0.00899
59,"Boundary","Stage II to III",,"posterior",-2889.5,0.029876
59,"Boundary","Stage II to III",,"posterior",-2884.5,0.05482
59,"Boundary","Stage II to III",,"posterior",-2879.5,0.05516
59,"Boundary","Stage II to III",,"posterior",-2874.5,0.029864
59,"Boundary","Stage II to III",,"posterior",-2869.5,0.00685
59,"Boundary","Stage II to III",,"posterior",-2864.5,0.0011029
59,"Boundary","Stage II to III",,"posterior",-2859.5,0.0004013
59,"Boundary","Stage II to III",,"posterior",-2854.5,0.00027342
59,"Boundary","Stage II to III",,"posterior",-2849.5,0.00023856
59,"Boundary","Stage II to III",,"posterior",-2844.5,0.00022493
59,"Boundary","Stage II to III",,"posterior",-2839.5,0.00023078
59,"Boundary","Stage II to III",,"posterior",-2834.5,0.00026227
59,"Boundary","Stage II to III",,"posterior",-2829.5,0.0003222
59,"Boundary","Stage II to III",,"posterior",-2824.5,0.0004065
59,"Boundary","Stage II to III",,"posterior",-2819.5,0.0005413
59,"Boundary","Stage II to III",,"posterior",-2814.5,0.0007802
59,"Boundary","Stage II to III",,"posterior",-2809.5,0.0010691
59,"Boundary","Stage II to III",,"posterior",-2804.5,0.0014038
59,"Boundary","Stage II to III",,"posterior",-2799.5,0.0017423
59,"Boundary","Stage II to III",,"posterior",-2794.5,0.0014906
59,"Boundary","Stage II to III",,"posterior",-2789.5,0.0011324
59,"Boundary","Stage II to III",,"posterior",-2784.5,0.000621
59,"Boundary","Stage II to III",,"posterior",-2779.5,0.00024137
59,"Boundary","Stage II to III",,"posterior",-2774.5,0.00009432
59,"Boundary","Stage II to III",,"posterior",-2769.5,0.00003828
59,"Boundary","Stage II to III",,"posterior",-2764.5,0.000023442
59,"Boundary","Stage II to III",,"posterior",-2759.5,0.000007281
59,"Boundary","Stage II to III",,"posterior",-2754.5,0.000003144
59,"Boundary","Stage II to III",,"posterior",-2749.5,6.067e-7
59,"Boundary","Stage II to III",,"posterior",-2744.5,5.516e-7
59,"Boundary","Stage II to III",,"posterior",-2739.5,0.0000014893
61,"R_Date","NM34",,"likelihood",-3104.5,0
61,"R_Date","NM34",,"likelihood",-3099.5,0
61,"R_Date","NM34",,"likelihood",-3094.5,3.593e-8
61,"R_Date","NM34",,"likelihood",-3089.5,2.8743e-7
61,"R_Date","NM34",,"likelihood",-3084.5,9.341e-7
61,"R_Date","NM34",,"likelihood",-3079.5,0.0000020839
61,"R_Date","NM34",,"likelihood",-3074.5,0.000003988
61,"R_Date","NM34",,"likelihood",-3069.5,0.000007437
61,"R_Date","NM34",,"likelihood",-3064.5,0.000007222
61,"R_Date","NM34",,"likelihood",-3059.5,0.0000016168
61,"R_Date","NM34",,"likelihood",-3054.5,4.671e-7
61,"R_Date","NM34",,"likelihood",-3049.5,1.4371e-7
61,"R_Date","NM34",,"likelihood",-3044.5,1.0779e-7
61,"R_Date","NM34",,"likelihood",-3039.5,1.4371e-7
61,"R_Date","NM34",,"likelihood",-3034.5,1.7964e-7
61,"R_Date","NM34",,"likelihood",-3029.5,5.749e-7
61,"R_Date","NM34",,"likelihood",-3024.5,0.000003449
61,"R_Date","NM34",,"likelihood",-3019.5,0.000017821
61,"R_Date","NM34",,"likelihood",-3014.5,0.00004268
61,"R_Date","NM34",,"likelihood",-3009.5,0.00012334
61,"R_Date","NM34",,"likelihood",-3004.5,0.0003698
61,"R_Date","NM34",,"likelihood",-2999.5,0.000793
61,"R_Date","NM34",,"likelihood",-2994.5,0.0007115
61,"R_Date","NM34",,"likelihood",-2989.5,0.0004427
61,"R_Date","NM34",,"likelihood",-2984.5,0.0002732
61,"R_Date","NM34",,"likelihood",-2979.5,0.00016279
61,"R_Date","NM34",,"likelihood",-2974.5,0.00012643
61,"R_Date","NM34",,"likelihood",-2969.5,0.00015913
61,"R_Date","NM34",,"likelihood",-2964.5,0.00013682
61,"R_Date","NM34",,"likelihood",-2959.5,0.00016268
61,"R_Date","NM34",,"likelihood",-2954.5,0.00017565
61,"R_Date","NM34",,"likelihood",-2949.5,0.00016218
61,"R_Date","NM34",,"likelihood",-2944.5,0.00013103
61,"R_Date","NM34",,"likelihood",-2939.5,0.00013635
61,"R_Date","NM34",,"likelihood",-2934.5,0.00016865
61,"R_Date","NM34",,"likelihood",-2929.5,0.00026767
61,"R_Date","NM34",,"likelihood",-2924.5,0.000634
61,"R_Date","NM34",,"likelihood",-2919.5,0.0017772
61,"R_Date","NM34",,"likelihood",-2914.5,0.004601
61,"R_Date","NM34",,"likelihood",-2909.5,0.010879
61,"R_Date","NM34",,"likelihood",-2904.5,0.020981
61,"R_Date","NM34",,"likelihood",-2899.5,0.030425
61,"R_Date","NM34",,"likelihood",-2894.5,0.03593
61,"R_Date","NM34",,"likelihood",-2889.5,0.03441
61,"R_Date","NM34",,"likelihood",-2884.5,0.024954
61,"R_Date","NM34",,"likelihood",-2879.5,0.011901
61,"R_Date","NM34",,"likelihood",-2874.5,0.00389
61,"R_Date","NM34",,"likelihood",-2869.5,0.001151
61,"R_Date","NM34",,"likelihood",-2864.5,0.0003716
61,"R_Date","NM34",,"likelihood",-2859.5,0.00016811
61,"R_Date","NM34",,"likelihood",-2854.5,0.00008856
61,"R_Date","NM34",,"likelihood",-2849.5,0.00003578
61,"R_Date","NM34",,"likelihood",-2844.5,0.000009773
61,"R_Date","NM34",,"likelihood",-2839.5,0.0000030899
61,"R_Date","NM34",,"likelihood",-2834.5,0.0000010419
61,"R_Date","NM34",,"likelihood",-2829.5,4.311e-7
61,"R_Date","NM34",,"likelihood",-2824.5,3.234e-7
61,"R_Date","NM34",,"likelihood",-2819.5,5.03e-7
61,"R_Date","NM34",,"likelihood",-2814.5,0.0000021916
61,"R_Date","NM34",,"likelihood",-2809.5,0.000013186
61,"R_Date","NM34",,"likelihood",-2804.5,0.00010922
61,"R_Date","NM34",,"likelihood",-2799.5,0.0006419
61,"R_Date","NM34",,"likelihood",-2794.5,0.0020717
61,"R_Date","NM34",,"likelihood",-2789.5,0.0029259
61,"R_Date","NM34",,"likelihood",-2784.5,0.0022815
61,"R_Date","NM34",,"likelihood",-2779.5,0.0011579
61,"R_Date","NM34",,"likelihood",-2774.5,0.0007139
61,"R_Date","NM34",,"likelihood",-2769.5,0.0004437
61,"R_Date","NM34",,"likelihood",-2764.5,0.000376
61,"R_Date","NM34",,"likelihood",-2759.5,0.0003188
61,"R_Date","NM34",,"likelihood",-2754.5,0.0002271
61,"R_Date","NM34",,"likelihood",-2749.5,0.00009837
61,"R_Date","NM34",,"likelihood",-2744.5,0.000028491
61,"R_Date","NM34",,"likelihood",-2739.5,0.000008802
61,"R_Date","NM34",,"likelihood",-2734.5,0.000005784
61,"R_Date","NM34",,"likelihood",-2729.5,0.000008659
61,"R_Date","NM34",,"likelihood",-2724.5,0.00003762
61,"R_Date","NM34",,"likelihood",-2719.5,0.0001624
61,"R_Date","NM34",,"likelihood",-2714.5,0.0003965
61,"R_Date","NM34",,"likelihood",-2709.5,0.0005956
61,"R_Date","NM34",,"likelihood",-2704.5,0.0003666
61,"R_Date","NM34",,"likelihood",-2699.5,0.00009654
61,"R_Date","NM34",,"likelihood",-2694.5,0.000025761
61,"R_Date","NM34",,"likelihood",-2689.5,0.000011282
61,"R_Date","NM34",,"likelihood",-2684.5,0.000014874
61,"R_Date","NM34",,"likelihood",-2679.5,0.000023928
61,"R_Date","NM34",,"likelihood",-2674.5,0.000013868
61,"R_Date","NM34",,"likelihood",-2669.5,0.000006036
61,"R_Date","NM34",,"likelihood",-2664.5,0.0000011138
61,"R_Date","NM34",,"likelihood",-2659.5,4.311e-7
61,"R_Date","NM34",,"likelihood",-2654.5,4.671e-7
61,"R_Date","NM34",,"likelihood",-2649.5,7.186e-7
61,"R_Date","NM34",,"likelihood",-2644.5,0.0000028743
61,"R_Date","NM34",,"likelihood",-2639.5,0.0000024791
61,"R_Date","NM34",,"likelihood",-2634.5,0.0000016168
61,"R_Date","NM34",,"likelihood",-2629.5,3.952e-7
61,"R_Date","NM34",,"likelihood",-2624.5,7.186e-8
61,"R_Date","NM34",,"likelihood",-2619.5,0
61,"R_Date","NM34",,"likelihood",-2614.5,0
61,"R_Date","NM34",,"likelihood",-2609.5,0
61,"R_Date","NM34",,"posterior",-2919.5,0
61,"R_Date","NM34",,"posterior",-2914.5,0
61,"R_Date","NM34",,"posterior",-2909.5,3.45e-7
61,"R_Date","NM34",,"posterior",-2904.5,0.000011214
61,"R_Date","NM34",,"posterior",-2899.5,0.00017171
61,"R_Date","NM34",,"posterior",-2894.5,0.0017412
61,"R_Date","NM34",,"posterior",-2889.5,0.010444
61,"R_Date","NM34",,"posterior",-2884.5,0.03401
61,"R_Date","NM34",,"posterior",-2879.5,0.05751
61,"R_Date","NM34",,"posterior",-2874.5,0.05204
61,"R_Date","NM34",,"posterior",-2869.5,0.021818
61,"R_Date","NM34",,"posterior",-2864.5,0.005003
61,"R_Date","NM34",,"posterior",-2859.5,0.001223
61,"R_Date","NM34",,"posterior",-2854.5,0.0003297
61,"R_Date","NM34",,"posterior",-2849.5,0.00007999
61,"R_Date","NM34",,"posterior",-2844.5,0.000015757
61,"R_Date","NM34",,"posterior",-2839.5,0.0000030478
61,"R_Date","NM34",,"posterior",-2834.5,6.326e-7
61,"R_Date","NM34",,"posterior",-2829.5,2.8753e-7
61,"R_Date","NM34",,"posterior",-2824.5,2.3003e-7
61,"R_Date","NM34",,"posterior",-2819.5,2.8753e-7
61,"R_Date","NM34",,"posterior",-2814.5,0.0000025303
61,"R_Date","NM34",,"posterior",-2809.5,0.000015239
61,"R_Date","NM34",,"posterior",-2804.5,0.00013589
61,"R_Date","NM34",,"posterior",-2799.5,0.0009559
61,"R_Date","NM34",,"posterior",-2794.5,0.0030119
61,"R_Date","NM34",,"posterior",-2789.5,0.004245
61,"R_Date","NM34",,"posterior",-2784.5,0.003301
61,"R_Date","NM34",,"posterior",-2779.5,0.0017147
61,"R_Date","NM34",,"posterior",-2774.5,0.0008449
61,"R_Date","NM34",,"posterior",-2769.5,0.0004523
61,"R_Date","NM34",,"posterior",-2764.5,0.00031134
61,"R_Date","NM34",,"posterior",-2759.5,0.00020305
61,"R_Date","NM34",,"posterior",-2754.5,0.00011547
61,"R_Date","NM34",,"posterior",-2749.5,0.00004296
61,"R_Date","NM34",,"posterior",-2744.5,0.000010984
61,"R_Date","NM34",,"posterior",-2739.5,0.0000030478
61,"R_Date","NM34",,"posterior",-2734.5,0.0000015527
61,"R_Date","NM34",,"posterior",-2729.5,0.0000028178
61,"R_Date","NM34",,"posterior",-2724.5,0.000008971
61,"R_Date","NM34",,"posterior",-2719.5,0.00002674
61,"R_Date","NM34",,"posterior",-2714.5,0.00006469
61,"R_Date","NM34",,"posterior",-2709.5,0.00007206
61,"R_Date","NM34",,"posterior",-2704.5,0.0000429
61,"R_Date","NM34",,"posterior",-2699.5,0.000010984
61,"R_Date","NM34",,"posterior",-2694.5,0.0000026453
61,"R_Date","NM34",,"posterior",-2689.5,7.476e-7
61,"R_Date","NM34",,"posterior",-2684.5,0.0000011501
61,"R_Date","NM34",,"posterior",-2679.5,0.0000010351
61,"R_Date","NM34",,"posterior",-2674.5,5.751e-7
61,"R_Date","NM34",,"posterior",-2669.5,5.751e-8
61,"R_Date","NM34",,"posterior",-2664.5,0
62,"R_Date","NM32",,"likelihood",-3029.5,0
62,"R_Date","NM32",,"likelihood",-3024.5,0
62,"R_Date","NM32",,"likelihood",-3019.5,1.6738e-8
62,"R_Date","NM32",,"likelihood",-3014.5,3.348e-8
62,"R_Date","NM32",,"likelihood",-3009.5,1.339e-7
62,"R_Date","NM32",,"likelihood",-3004.5,6.528e-7
62,"R_Date","NM32",,"likelihood",-2999.5,0.0000022261
62,"R_Date","NM32",,"likelihood",-2994.5,0.000001724
62,"R_Date","NM32",,"likelihood",-2989.5,8.369e-7
62,"R_Date","NM32",,"likelihood",-2984.5,4.519e-7
62,"R_Date","NM32",,"likelihood",-2979.5,2.0085e-7
62,"R_Date","NM32",,"likelihood",-2974.5,1.339e-7
62,"R_Date","NM32",,"likelihood",-2969.5,2.3433e-7
62,"R_Date","NM32",,"likelihood",-2964.5,1.5064e-7
62,"R_Date","NM32",,"likelihood",-2959.5,2.0085e-7
62,"R_Date","NM32",,"likelihood",-2954.5,2.1759e-7
62,"R_Date","NM32",,"likelihood",-2949.5,2.0085e-7
62,"R_Date","NM32",,"likelihood",-2944.5,1.5064e-7
62,"R_Date","NM32",,"likelihood",-2939.5,1.6738e-7
62,"R_Date","NM32",,"likelihood",-2934.5,2.1759e-7
62,"R_Date","NM32",,"likelihood",-2929.5,4.017e-7
62,"R_Date","NM32",,"likelihood",-2924.5,0.0000014395
62,"R_Date","NM32",,"likelihood",-2919.5,0.000007783
62,"R_Date","NM32",,"likelihood",-2914.5,0.00003453
62,"R_Date","NM32",,"likelihood",-2909.5,0.00015412
62,"R_Date","NM32",,"likelihood",-2904.5,0.00067
62,"R_Date","NM32",,"likelihood",-2899.5,0.001897
62,"R_Date","NM32",,"likelihood",-2894.5,0.004337
62,"R_Date","NM32",,"likelihood",-2889.5,0.00843
62,"R_Date","NM32",,"likelihood",-2884.5,0.013597
62,"R_Date","NM32",,"likelihood",-2879.5,0.016738
62,"R_Date","NM32",,"likelihood",-2874.5,0.013948
62,"R_Date","NM32",,"likelihood",-2869.5,0.008732
62,"R_Date","NM32",,"likelihood",-2864.5,0.005332
62,"R_Date","NM32",,"likelihood",-2859.5,0.00354
62,"R_Date","NM32",,"likelihood",-2854.5,0.0023836
62,"R_Date","NM32",,"likelihood",-2849.5,0.0014085
62,"R_Date","NM32",,"likelihood",-2844.5,0.0006743
62,"R_Date","NM32",,"likelihood",-2839.5,0.0003245
62,"R_Date","NM32",,"likelihood",-2834.5,0.00015908
62,"R_Date","NM32",,"likelihood",-2829.5,0.00008953
62,"R_Date","NM32",,"likelihood",-2824.5,0.00007052
62,"R_Date","NM32",,"likelihood",-2819.5,0.00009582
62,"R_Date","NM32",,"likelihood",-2814.5,0.000244
62,"R_Date","NM32",,"likelihood",-2809.5,0.0008112
62,"R_Date","NM32",,"likelihood",-2804.5,0.0028032
62,"R_Date","NM32",,"likelihood",-2799.5,0.00694
62,"R_Date","NM32",,"likelihood",-2794.5,0.011059
62,"R_Date","NM32",,"likelihood",-2789.5,0.012785
62,"R_Date","NM32",,"likelihood",-2784.5,0.011751
62,"R_Date","NM32",,"likelihood",-2779.5,0.009008
62,"R_Date","NM32",,"likelihood",-2774.5,0.006815
62,"R_Date","NM32",,"likelihood",-2769.5,0.005613
62,"R_Date","NM32",,"likelihood",-2764.5,0.005171
62,"R_Date","NM32",,"likelihood",-2759.5,0.004757
62,"R_Date","NM32",,"likelihood",-2754.5,0.003989
62,"R_Date","NM32",,"likelihood",-2749.5,0.0025286
62,"R_Date","NM32",,"likelihood",-2744.5,0.0012301
62,"R_Date","NM32",,"likelihood",-2739.5,0.000596
62,"R_Date","NM32",,"likelihood",-2734.5,0.0004572
62,"R_Date","NM32",,"likelihood",-2729.5,0.000625
62,"R_Date","NM32",,"likelihood",-2724.5,0.0014485
62,"R_Date","NM32",,"likelihood",-2719.5,0.003195
62,"R_Date","NM32",,"likelihood",-2714.5,0.00531
62,"R_Date","NM32",,"likelihood",-2709.5,0.006477
62,"R_Date","NM32",,"likelihood",-2704.5,0.005106
62,"R_Date","NM32",,"likelihood",-2699.5,0.0025016
62,"R_Date","NM32",,"likelihood",-2694.5,0.0010974
62,"R_Date","NM32",,"likelihood",-2689.5,0.000696
62,"R_Date","NM32",,"likelihood",-2684.5,0.0008267
62,"R_Date","NM32",,"likelihood",-2679.5,0.0010484
62,"R_Date","NM32",,"likelihood",-2674.5,0.0007921
62,"R_Date","NM32",,"likelihood",-2669.5,0.000442
62,"R_Date","NM32",,"likelihood",-2664.5,0.00015662
62,"R_Date","NM32",,"likelihood",-2659.5,0.00007765
62,"R_Date","NM32",,"likelihood",-2654.5,0.00007597
62,"R_Date","NM32",,"likelihood",-2649.5,0.000107
62,"R_Date","NM32",,"likelihood",-2644.5,0.00023863
62,"R_Date","NM32",,"likelihood",-2639.5,0.00024805
62,"R_Date","NM32",,"likelihood",-2634.5,0.00018773
62,"R_Date","NM32",,"likelihood",-2629.5,0.00007875
62,"R_Date","NM32",,"likelihood",-2624.5,0.000024571
62,"R_Date","NM32",,"likelihood",-2619.5,0.00000482
62,"R_Date","NM32",,"likelihood",-2614.5,0.0000018077
62,"R_Date","NM32",,"likelihood",-2609.5,0.0000021592
62,"R_Date","NM32",,"likelihood",-2604.5,0.000004837
62,"R_Date","NM32",,"likelihood",-2599.5,0.000006126
62,"R_Date","NM32",,"likelihood",-2594.5,0.000006427
62,"R_Date","NM32",,"likelihood",-2589.5,0.000007817
62,"R_Date","NM32",,"likelihood",-2584.5,0.000008871
62,"R_Date","NM32",,"likelihood",-2579.5,0.0000027283
62,"R_Date","NM32",,"likelihood",-2574.5,2.0085e-7
62,"R_Date","NM32",,"likelihood",-2569.5,0
62,"R_Date","NM32",,"likelihood",-2564.5,0
62,"R_Date","NM32",,"likelihood",-2559.5,0
62,"R_Date","NM32",,"likelihood",-2554.5,0
62,"R_Date","NM32",,"likelihood",-2549.5,0
62,"R_Date","NM32",,"likelihood",-2544.5,0
62,"R_Date","NM32",,"likelihood",-2539.5,0
62,"R_Date","NM32",,"likelihood",-2534.5,0
62,"R_Date","NM32",,"likelihood",-2529.5,0
62,"R_Date","NM32",,"likelihood",-2524.5,0
62,"R_Date","NM32",,"likelihood",-2519.5,0
62,"R_Date","NM32",,"likelihood",-2514.5,0
62,"R_Date","NM32",,"likelihood",-2509.5,1.6738e-8
62,"R_Date","NM32",,"likelihood",-2504.5,3.348e-8
62,"R_Date","NM32",,"likelihood",-2499.5,0
62,"R_Date","NM32",,"likelihood",-2494.5,0
62,"R_Date","NM32",,"likelihood",-2489.5,0
62,"R_Date","NM32",,"posterior",-2919.5,0
62,"R_Date","NM32",,"posterior",-2914.5,0
62,"R_Date","NM32",,"posterior",-2909.5,0
62,"R_Date","NM32",,"posterior",-2904.5,4.208e-7
62,"R_Date","NM32",,"posterior",-2899.5,0.000019057
62,"R_Date","NM32",,"posterior",-2894.5,0.00031399
62,"R_Date","NM32",,"posterior",-2889.5,0.0028576
62,"R_Date","NM32",,"posterior",-2884.5,0.014639
62,"R_Date","NM32",,"posterior",-2879.5,0.04146
62,"R_Date","NM32",,"posterior",-2874.5,0.06012
62,"R_Date","NM32",,"posterior",-2869.5,0.03768
62,"R_Date","NM32",,"posterior",-2864.5,0.014929
62,"R_Date","NM32",,"posterior",-2859.5,0.005869
62,"R_Date","NM32",,"posterior",-2854.5,0.0023333
62,"R_Date","NM32",,"posterior",-2849.5,0.00089
62,"R_Date","NM32",,"posterior",-2844.5,0.00028105
62,"R_Date","NM32",,"posterior",-2839.5,0.00009504
62,"R_Date","NM32",,"posterior",-2834.5,0.00003571
62,"R_Date","NM32",,"posterior",-2829.5,0.000017614
62,"R_Date","NM32",,"posterior",-2824.5,0.000013346
62,"R_Date","NM32",,"posterior",-2819.5,0.000016292
62,"R_Date","NM32",,"posterior",-2814.5,0.00004112
62,"R_Date","NM32",,"posterior",-2809.5,0.00015288
62,"R_Date","NM32",,"posterior",-2804.5,0.0005519
62,"R_Date","NM32",,"posterior",-2799.5,0.0016629
62,"R_Date","NM32",,"posterior",-2794.5,0.0029566
62,"R_Date","NM32",,"posterior",-2789.5,0.00349
62,"R_Date","NM32",,"posterior",-2784.5,0.0030311
62,"R_Date","NM32",,"posterior",-2779.5,0.0020704
62,"R_Date","NM32",,"posterior",-2774.5,0.0012875
62,"R_Date","NM32",,"posterior",-2769.5,0.0008393
62,"R_Date","NM32",,"posterior",-2764.5,0.0006413
62,"R_Date","NM32",,"posterior",-2759.5,0.0004619
62,"R_Date","NM32",,"posterior",-2754.5,0.0003247
62,"R_Date","NM32",,"posterior",-2749.5,0.00016833
62,"R_Date","NM32",,"posterior",-2744.5,0.00007112
62,"R_Date","NM32",,"posterior",-2739.5,0.000029998
62,"R_Date","NM32",,"posterior",-2734.5,0.000019117
62,"R_Date","NM32",,"posterior",-2729.5,0.000024347
62,"R_Date","NM32",,"posterior",-2724.5,0.00004713
62,"R_Date","NM32",,"posterior",-2719.5,0.00009084
62,"R_Date","NM32",,"posterior",-2714.5,0.00013352
62,"R_Date","NM32",,"posterior",-2709.5,0.00013707
62,"R_Date","NM32",,"posterior",-2704.5,0.00010292
62,"R_Date","NM32",,"posterior",-2699.5,0.00004617
62,"R_Date","NM32",,"posterior",-2694.5,0.000016111
62,"R_Date","NM32",,"posterior",-2689.5,0.000007875
62,"R_Date","NM32",,"posterior",-2684.5,0.000007274
62,"R_Date","NM32",,"posterior",-2679.5,0.000007515
62,"R_Date","NM32",,"posterior",-2674.5,0.00000535
62,"R_Date","NM32",,"posterior",-2669.5,0.0000029457
62,"R_Date","NM32",,"posterior",-2664.5,9.018e-7
62,"R_Date","NM32",,"posterior",-2659.5,1.8035e-7
62,"R_Date","NM32",,"posterior",-2654.5,3.0058e-7
62,"R_Date","NM32",,"posterior",-2649.5,4.208e-7
62,"R_Date","NM32",,"posterior",-2644.5,9.619e-7
62,"R_Date","NM32",,"posterior",-2639.5,5.411e-7
62,"R_Date","NM32",,"posterior",-2634.5,1.8035e-7
62,"R_Date","NM32",,"posterior",-2629.5,1.2023e-7
62,"R_Date","NM32",,"posterior",-2624.5,0
62,"R_Date","NM32",,"posterior",-2619.5,0
62,"R_Date","NM32",,"posterior",-2614.5,0
63,"R_Date","NM31",,"likelihood",-3024.5,0
63,"R_Date","NM31",,"likelihood",-3019.5,0
63,"R_Date","NM31",,"likelihood",-3014.5,1.4488e-8
63,"R_Date","NM31",,"likelihood",-3009.5,5.795e-8
63,"R_Date","NM31",,"likelihood",-3004.5,2.8977e-7
63,"R_Date","NM31",,"likelihood",-2999.5,0.0000010432
63,"R_Date","NM31",,"likelihood",-2994.5,7.969e-7
63,"R_Date","NM31",,"likelihood",-2989.5,3.767e-7
63,"R_Date","NM31",,"likelihood",-2984.5,2.0284e-7
63,"R_Date","NM31",,"likelihood",-2979.5,8.693e-8
63,"R_Date","NM31",,"likelihood",-2974.5,5.795e-8
63,"R_Date","NM31",,"likelihood",-2969.5,1.0142e-7
63,"R_Date","NM31",,"likelihood",-2964.5,5.795e-8
63,"R_Date","NM31",,"likelihood",-2959.5,8.693e-8
63,"R_Date","NM31",,"likelihood",-2954.5,8.693e-8
63,"R_Date","NM31",,"likelihood",-2949.5,8.693e-8
63,"R_Date","NM31",,"likelihood",-2944.5,5.795e-8
63,"R_Date","NM31",,"likelihood",-2939.5,7.244e-8
63,"R_Date","NM31",,"likelihood",-2934.5,1.0142e-7
63,"R_Date","NM31",,"likelihood",-2929.5,1.7386e-7
63,"R_Date","NM31",,"likelihood",-2924.5,6.665e-7
63,"R_Date","NM31",,"likelihood",-2919.5,0.000003825
63,"R_Date","NM31",,"likelihood",-2914.5,0.000017835
63,"R_Date","NM31",,"likelihood",-2909.5,0.00008448
63,"R_Date","NM31",,"likelihood",-2904.5,0.0003994
63,"R_Date","NM31",,"likelihood",-2899.5,0.0012087
63,"R_Date","NM31",,"likelihood",-2894.5,0.0029504
63,"R_Date","NM31",,"likelihood",-2889.5,0.006153
63,"R_Date","NM31",,"likelihood",-2884.5,0.010745
63,"R_Date","NM31",,"likelihood",-2879.5,0.014488
63,"R_Date","NM31",,"likelihood",-2874.5,0.013249
63,"R_Date","NM31",,"likelihood",-2869.5,0.008966
63,"R_Date","NM31",,"likelihood",-2864.5,0.005813
63,"R_Date","NM31",,"likelihood",-2859.5,0.00401
63,"R_Date","NM31",,"likelihood",-2854.5,0.0027755
63,"R_Date","NM31",,"likelihood",-2849.5,0.0017033
63,"R_Date","NM31",,"likelihood",-2844.5,0.0008592
63,"R_Date","NM31",,"likelihood",-2839.5,0.0004312
63,"R_Date","NM31",,"likelihood",-2834.5,0.00021943
63,"R_Date","NM31",,"likelihood",-2829.5,0.00012702
63,"R_Date","NM31",,"likelihood",-2824.5,0.00010116
63,"R_Date","NM31",,"likelihood",-2819.5,0.00013548
63,"R_Date","NM31",,"likelihood",-2814.5,0.0003272
63,"R_Date","NM31",,"likelihood",-2809.5,0.001022
63,"R_Date","NM31",,"likelihood",-2804.5,0.003238
63,"R_Date","NM31",,"likelihood",-2799.5,0.007357
63,"R_Date","NM31",,"likelihood",-2794.5,0.010964
63,"R_Date","NM31",,"likelihood",-2789.5,0.012386
63,"R_Date","NM31",,"likelihood",-2784.5,0.011571
63,"R_Date","NM31",,"likelihood",-2779.5,0.009243
63,"R_Date","NM31",,"likelihood",-2774.5,0.007184
63,"R_Date","NM31",,"likelihood",-2769.5,0.006064
63,"R_Date","NM31",,"likelihood",-2764.5,0.005633
63,"R_Date","NM31",,"likelihood",-2759.5,0.005224
63,"R_Date","NM31",,"likelihood",-2754.5,0.004452
63,"R_Date","NM31",,"likelihood",-2749.5,0.002931
63,"R_Date","NM31",,"likelihood",-2744.5,0.0015011
63,"R_Date","NM31",,"likelihood",-2739.5,0.0007608
63,"R_Date","NM31",,"likelihood",-2734.5,0.0005926
63,"R_Date","NM31",,"likelihood",-2729.5,0.0008
63,"R_Date","NM31",,"likelihood",-2724.5,0.001748
63,"R_Date","NM31",,"likelihood",-2719.5,0.003619
63,"R_Date","NM31",,"likelihood",-2714.5,0.005769
63,"R_Date","NM31",,"likelihood",-2709.5,0.006892
63,"R_Date","NM31",,"likelihood",-2704.5,0.005569
63,"R_Date","NM31",,"likelihood",-2699.5,0.0029021
63,"R_Date","NM31",,"likelihood",-2694.5,0.0013421
63,"R_Date","NM31",,"likelihood",-2689.5,0.0008802
63,"R_Date","NM31",,"likelihood",-2684.5,0.0010346
63,"R_Date","NM31",,"likelihood",-2679.5,0.0012857
63,"R_Date","NM31",,"likelihood",-2674.5,0.000994
63,"R_Date","NM31",,"likelihood",-2669.5,0.0005706
63,"R_Date","NM31",,"likelihood",-2664.5,0.00021476
63,"R_Date","NM31",,"likelihood",-2659.5,0.00010931
63,"R_Date","NM31",,"likelihood",-2654.5,0.00010629
63,"R_Date","NM31",,"likelihood",-2649.5,0.00014842
63,"R_Date","NM31",,"likelihood",-2644.5,0.00031409
63,"R_Date","NM31",,"likelihood",-2639.5,0.0003301
63,"R_Date","NM31",,"likelihood",-2634.5,0.00025343
63,"R_Date","NM31",,"likelihood",-2629.5,0.0001116
63,"R_Date","NM31",,"likelihood",-2624.5,0.00003638
63,"R_Date","NM31",,"likelihood",-2619.5,0.000007621
63,"R_Date","NM31",,"likelihood",-2614.5,0.0000029556
63,"R_Date","NM31",,"likelihood",-2609.5,0.000003492
63,"R_Date","NM31",,"likelihood",-2604.5,0.000007577
63,"R_Date","NM31",,"likelihood",-2599.5,0.00000949
63,"R_Date","NM31",,"likelihood",-2594.5,0.00001004
63,"R_Date","NM31",,"likelihood",-2589.5,0.000012214
63,"R_Date","NM31",,"likelihood",-2584.5,0.000013663
63,"R_Date","NM31",,"likelihood",-2579.5,0.000004404
63,"R_Date","NM31",,"likelihood",-2574.5,3.622e-7
63,"R_Date","NM31",,"likelihood",-2569.5,1.4488e-8
63,"R_Date","NM31",,"likelihood",-2564.5,0
63,"R_Date","NM31",,"likelihood",-2559.5,0
63,"R_Date","NM31",,"likelihood",-2554.5,0
63,"R_Date","NM31",,"likelihood",-2549.5,0
63,"R_Date","NM31",,"likelihood",-2544.5,0
63,"R_Date","NM31",,"likelihood",-2539.5,0
63,"R_Date","NM31",,"likelihood",-2534.5,0
63,"R_Date","NM31",,"likelihood",-2529.5,0
63,"R_Date","NM31",,"likelihood",-2524.5,0
63,"R_Date","NM31",,"likelihood",-2519.5,0
63,"R_Date","NM31",,"likelihood",-2514.5,1.4488e-8
63,"R_Date","NM31",,"likelihood",-2509.5,4.347e-8
63,"R_Date","NM31",,"likelihood",-2504.5,4.347e-8
63,"R_Date","NM31",,"likelihood",-2499.5,1.4488e-8
63,"R_Date","NM31",,"likelihood",-2494.5,0
63,"R_Date","NM31",,"likelihood",-2489.5,0
63,"R_Date","NM31",,"posterior",-2914.5,0
63,"R_Date","NM31",,"posterior",-2909.5,0
63,"R_Date","NM31",,"posterior",-2904.5,2.9901e-7
63,"R_Date","NM31",,"posterior",-2899.5,0.000012558
63,"R_Date","NM31",,"posterior",-2894.5,0.00023221
63,"R_Date","NM31",,"posterior",-2889.5,0.0023447
63,"R_Date","NM31",,"posterior",-2884.5,0.01276
63,"R_Date","NM31",,"posterior",-2879.5,0.03885
63,"R_Date","NM31",,"posterior",-2874.5,0.0598
63,"R_Date","NM31",,"posterior",-2869.5,0.03958
63,"R_Date","NM31",,"posterior",-2864.5,0.016528
63,"R_Date","NM31",,"posterior",-2859.5,0.006789
63,"R_Date","NM31",,"posterior",-2854.5,0.0028333
63,"R_Date","NM31",,"posterior",-2849.5,0.0010664
63,"R_Date","NM31",,"posterior",-2844.5,0.0003586
63,"R_Date","NM31",,"posterior",-2839.5,0.00012319
63,"R_Date","NM31",,"posterior",-2834.5,0.00005185
63,"R_Date","NM31",,"posterior",-2829.5,0.000022904
63,"R_Date","NM31",,"posterior",-2824.5,0.00001818
63,"R_Date","NM31",,"posterior",-2819.5,0.000022246
63,"R_Date","NM31",,"posterior",-2814.5,0.0000531
63,"R_Date","NM31",,"posterior",-2809.5,0.00018688
63,"R_Date","NM31",,"posterior",-2804.5,0.0006414
63,"R_Date","NM31",,"posterior",-2799.5,0.0017088
63,"R_Date","NM31",,"posterior",-2794.5,0.0028877
63,"R_Date","NM31",,"posterior",-2789.5,0.003389
63,"R_Date","NM31",,"posterior",-2784.5,0.0029618
63,"R_Date","NM31",,"posterior",-2779.5,0.0020956
63,"R_Date","NM31",,"posterior",-2774.5,0.0013071
63,"R_Date","NM31",,"posterior",-2769.5,0.0008695
63,"R_Date","NM31",,"posterior",-2764.5,0.0006686
63,"R_Date","NM31",,"posterior",-2759.5,0.0004901
63,"R_Date","NM31",,"posterior",-2754.5,0.0003318
63,"R_Date","NM31",,"posterior",-2749.5,0.00018138
63,"R_Date","NM31",,"posterior",-2744.5,0.00008055
63,"R_Date","NM31",,"posterior",-2739.5,0.00003576
63,"R_Date","NM31",,"posterior",-2734.5,0.000024818
63,"R_Date","NM31",,"posterior",-2729.5,0.00003199
63,"R_Date","NM31",,"posterior",-2724.5,0.00005149
63,"R_Date","NM31",,"posterior",-2719.5,0.00009825
63,"R_Date","NM31",,"posterior",-2714.5,0.00013527
63,"R_Date","NM31",,"posterior",-2709.5,0.0001449
63,"R_Date","NM31",,"posterior",-2704.5,0.00009921
63,"R_Date","NM31",,"posterior",-2699.5,0.00005065
63,"R_Date","NM31",,"posterior",-2694.5,0.000021229
63,"R_Date","NM31",,"posterior",-2689.5,0.0000119
63,"R_Date","NM31",,"posterior",-2684.5,0.000010106
63,"R_Date","NM31",,"posterior",-2679.5,0.000010106
63,"R_Date","NM31",,"posterior",-2674.5,0.000007176
63,"R_Date","NM31",,"posterior",-2669.5,0.0000030499
63,"R_Date","NM31",,"posterior",-2664.5,0.0000016146
63,"R_Date","NM31",,"posterior",-2659.5,4.186e-7
63,"R_Date","NM31",,"posterior",-2654.5,7.774e-7
63,"R_Date","NM31",,"posterior",-2649.5,7.176e-7
63,"R_Date","NM31",,"posterior",-2644.5,8.97e-7
63,"R_Date","NM31",,"posterior",-2639.5,8.372e-7
63,"R_Date","NM31",,"posterior",-2634.5,4.186e-7
63,"R_Date","NM31",,"posterior",-2629.5,1.794e-7
63,"R_Date","NM31",,"posterior",-2624.5,0
64,"R_Date","NM15",,"likelihood",-2934.5,0
64,"R_Date","NM15",,"likelihood",-2929.5,0
64,"R_Date","NM15",,"likelihood",-2924.5,0
64,"R_Date","NM15",,"likelihood",-2919.5,5.495e-8
64,"R_Date","NM15",,"likelihood",-2914.5,4.258e-7
64,"R_Date","NM15",,"likelihood",-2909.5,0.000003668
64,"R_Date","NM15",,"likelihood",-2904.5,0.00003864
64,"R_Date","NM15",,"likelihood",-2899.5,0.00020036
64,"R_Date","NM15",,"likelihood",-2894.5,0.000778
64,"R_Date","NM15",,"likelihood",-2889.5,0.0024828
64,"R_Date","NM15",,"likelihood",-2884.5,0.006413
64,"R_Date","NM15",,"likelihood",-2879.5,0.012082
64,"R_Date","NM15",,"likelihood",-2874.5,0.013737
64,"R_Date","NM15",,"likelihood",-2869.5,0.010085
64,"R_Date","NM15",,"likelihood",-2864.5,0.006607
64,"R_Date","NM15",,"likelihood",-2859.5,0.004456
64,"R_Date","NM15",,"likelihood",-2854.5,0.0029827
64,"R_Date","NM15",,"likelihood",-2849.5,0.0017286
64,"R_Date","NM15",,"likelihood",-2844.5,0.0007819
64,"R_Date","NM15",,"likelihood",-2839.5,0.0003487
64,"R_Date","NM15",,"likelihood",-2834.5,0.00015653
64,"R_Date","NM15",,"likelihood",-2829.5,0.00008142
64,"R_Date","NM15",,"likelihood",-2824.5,0.00006194
64,"R_Date","NM15",,"likelihood",-2819.5,0.00008801
64,"R_Date","NM15",,"likelihood",-2814.5,0.00025661
64,"R_Date","NM15",,"likelihood",-2809.5,0.0009562
64,"R_Date","NM15",,"likelihood",-2804.5,0.003528
64,"R_Date","NM15",,"likelihood",-2799.5,0.008391
64,"R_Date","NM15",,"likelihood",-2794.5,0.012002
64,"R_Date","NM15",,"likelihood",-2789.5,0.013231
64,"R_Date","NM15",,"likelihood",-2784.5,0.012618
64,"R_Date","NM15",,"likelihood",-2779.5,0.010433
64,"R_Date","NM15",,"likelihood",-2774.5,0.008119
64,"R_Date","NM15",,"likelihood",-2769.5,0.006879
64,"R_Date","NM15",,"likelihood",-2764.5,0.006377
64,"R_Date","NM15",,"likelihood",-2759.5,0.005896
64,"R_Date","NM15",,"likelihood",-2754.5,0.004982
64,"R_Date","NM15",,"likelihood",-2749.5,0.003167
64,"R_Date","NM15",,"likelihood",-2744.5,0.0014981
64,"R_Date","NM15",,"likelihood",-2739.5,0.0006872
64,"R_Date","NM15",,"likelihood",-2734.5,0.0005142
64,"R_Date","NM15",,"likelihood",-2729.5,0.0007197
64,"R_Date","NM15",,"likelihood",-2724.5,0.0017803
64,"R_Date","NM15",,"likelihood",-2719.5,0.003988
64,"R_Date","NM15",,"likelihood",-2714.5,0.006536
64,"R_Date","NM15",,"likelihood",-2709.5,0.007829
64,"R_Date","NM15",,"likelihood",-2704.5,0.006302
64,"R_Date","NM15",,"likelihood",-2699.5,0.003133
64,"R_Date","NM15",,"likelihood",-2694.5,0.0013289
64,"R_Date","NM15",,"likelihood",-2689.5,0.0008134
64,"R_Date","NM15",,"likelihood",-2684.5,0.0009797
64,"R_Date","NM15",,"likelihood",-2679.5,0.0012661
64,"R_Date","NM15",,"likelihood",-2674.5,0.0009355
64,"R_Date","NM15",,"likelihood",-2669.5,0.0004992
64,"R_Date","NM15",,"likelihood",-2664.5,0.00015624
64,"R_Date","NM15",,"likelihood",-2659.5,0.00007208
64,"R_Date","NM15",,"likelihood",-2654.5,0.00007169
64,"R_Date","NM15",,"likelihood",-2649.5,0.0001035
64,"R_Date","NM15",,"likelihood",-2644.5,0.00025891
64,"R_Date","NM15",,"likelihood",-2639.5,0.0002645
64,"R_Date","NM15",,"likelihood",-2634.5,0.00019404
64,"R_Date","NM15",,"likelihood",-2629.5,0.00007177
64,"R_Date","NM15",,"likelihood",-2624.5,0.000019451
64,"R_Date","NM15",,"likelihood",-2619.5,0.0000029671
64,"R_Date","NM15",,"likelihood",-2614.5,9.478e-7
64,"R_Date","NM15",,"likelihood",-2609.5,0.0000011539
64,"R_Date","NM15",,"likelihood",-2604.5,0.0000031044
64,"R_Date","NM15",,"likelihood",-2599.5,0.00000408
64,"R_Date","NM15",,"likelihood",-2594.5,0.000004148
64,"R_Date","NM15",,"likelihood",-2589.5,0.000005
64,"R_Date","NM15",,"likelihood",-2584.5,0.000006017
64,"R_Date","NM15",,"likelihood",-2579.5,0.0000015248
64,"R_Date","NM15",,"likelihood",-2574.5,6.868e-8
64,"R_Date","NM15",,"likelihood",-2569.5,0
64,"R_Date","NM15",,"likelihood",-2564.5,0
64,"R_Date","NM15",,"likelihood",-2559.5,0
64,"R_Date","NM15",,"posterior",-2914.5,0
64,"R_Date","NM15",,"posterior",-2909.5,0
64,"R_Date","NM15",,"posterior",-2904.5,1.242e-7
64,"R_Date","NM15",,"posterior",-2899.5,0.0000027945
64,"R_Date","NM15",,"posterior",-2894.5,0.00007582
64,"R_Date","NM15",,"posterior",-2889.5,0.0011466
64,"R_Date","NM15",,"posterior",-2884.5,0.008752
64,"R_Date","NM15",,"posterior",-2879.5,0.03474
64,"R_Date","NM15",,"posterior",-2874.5,0.0621
64,"R_Date","NM15",,"posterior",-2869.5,0.04345
64,"R_Date","NM15",,"posterior",-2864.5,0.018501
64,"R_Date","NM15",,"posterior",-2859.5,0.007546
64,"R_Date","NM15",,"posterior",-2854.5,0.0030575
64,"R_Date","NM15",,"posterior",-2849.5,0.0011112
64,"R_Date","NM15",,"posterior",-2844.5,0.0003391
64,"R_Date","NM15",,"posterior",-2839.5,0.00009955
64,"R_Date","NM15",,"posterior",-2834.5,0.00003471
64,"R_Date","NM15",,"posterior",-2829.5,0.000016332
64,"R_Date","NM15",,"posterior",-2824.5,0.000009253
64,"R_Date","NM15",,"posterior",-2819.5,0.000014407
64,"R_Date","NM15",,"posterior",-2814.5,0.00004167
64,"R_Date","NM15",,"posterior",-2809.5,0.00016556
64,"R_Date","NM15",,"posterior",-2804.5,0.0006621
64,"R_Date","NM15",,"posterior",-2799.5,0.0017907
64,"R_Date","NM15",,"posterior",-2794.5,0.0029571
64,"R_Date","NM15",,"posterior",-2789.5,0.003358
64,"R_Date","NM15",,"posterior",-2784.5,0.002999
64,"R_Date","NM15",,"posterior",-2779.5,0.0021593
64,"R_Date","NM15",,"posterior",-2774.5,0.0013615
64,"R_Date","NM15",,"posterior",-2769.5,0.000919
64,"R_Date","NM15",,"posterior",-2764.5,0.0006962
64,"R_Date","NM15",,"posterior",-2759.5,0.0005139
64,"R_Date","NM15",,"posterior",-2754.5,0.000356
64,"R_Date","NM15",,"posterior",-2749.5,0.0001863
64,"R_Date","NM15",,"posterior",-2744.5,0.00008079
64,"R_Date","NM15",,"posterior",-2739.5,0.000031112
64,"R_Date","NM15",,"posterior",-2734.5,0.000019313
64,"R_Date","NM15",,"posterior",-2729.5,0.000026579
64,"R_Date","NM15",,"posterior",-2724.5,0.00005471
64,"R_Date","NM15",,"posterior",-2719.5,0.00009383
64,"R_Date","NM15",,"posterior",-2714.5,0.00014941
64,"R_Date","NM15",,"posterior",-2709.5,0.00015736
64,"R_Date","NM15",,"posterior",-2704.5,0.00011675
64,"R_Date","NM15",,"posterior",-2699.5,0.00004645
64,"R_Date","NM15",,"posterior",-2694.5,0.000019002
64,"R_Date","NM15",,"posterior",-2689.5,0.000009129
64,"R_Date","NM15",,"posterior",-2684.5,0.000008259
64,"R_Date","NM15",,"posterior",-2679.5,0.000008818
64,"R_Date","NM15",,"posterior",-2674.5,0.000005154
64,"R_Date","NM15",,"posterior",-2669.5,0.0000029808
64,"R_Date","NM15",,"posterior",-2664.5,0.0000010557
64,"R_Date","NM15",,"posterior",-2659.5,3.105e-7
64,"R_Date","NM15",,"posterior",-2654.5,3.726e-7
64,"R_Date","NM15",,"posterior",-2649.5,4.968e-7
64,"R_Date","NM15",,"posterior",-2644.5,9.936e-7
64,"R_Date","NM15",,"posterior",-2639.5,4.968e-7
64,"R_Date","NM15",,"posterior",-2634.5,3.726e-7
64,"R_Date","NM15",,"posterior",-2629.5,1.863e-7
64,"R_Date","NM15",,"posterior",-2624.5,1.863e-7
65,"R_Date","NM13",,"likelihood",-2924.5,0
65,"R_Date","NM13",,"likelihood",-2919.5,0
65,"R_Date","NM13",,"likelihood",-2914.5,0
65,"R_Date","NM13",,"likelihood",-2909.5,1.4172e-8
65,"R_Date","NM13",,"likelihood",-2904.5,3.543e-7
65,"R_Date","NM13",,"likelihood",-2899.5,0.0000030894
65,"R_Date","NM13",,"likelihood",-2894.5,0.000020145
65,"R_Date","NM13",,"likelihood",-2889.5,0.00011223
65,"R_Date","NM13",,"likelihood",-2884.5,0.0005436
65,"R_Date","NM13",,"likelihood",-2879.5,0.0020349
65,"R_Date","NM13",,"likelihood",-2874.5,0.004848
65,"R_Date","NM13",,"likelihood",-2869.5,0.006763
65,"R_Date","NM13",,"likelihood",-2864.5,0.006983
65,"R_Date","NM13",,"likelihood",-2859.5,0.006373
65,"R_Date","NM13",,"likelihood",-2854.5,0.005397
65,"R_Date","NM13",,"likelihood",-2849.5,0.004214
65,"R_Date","NM13",,"likelihood",-2844.5,0.002852
65,"R_Date","NM13",,"likelihood",-2839.5,0.0017739
65,"R_Date","NM13",,"likelihood",-2834.5,0.0010703
65,"R_Date","NM13",,"likelihood",-2829.5,0.0006954
65,"R_Date","NM13",,"likelihood",-2824.5,0.0005782
65,"R_Date","NM13",,"likelihood",-2819.5,0.000732
65,"R_Date","NM13",,"likelihood",-2814.5,0.0014107
65,"R_Date","NM13",,"likelihood",-2809.5,0.003187
65,"R_Date","NM13",,"likelihood",-2804.5,0.005894
65,"R_Date","NM13",,"likelihood",-2799.5,0.007086
65,"R_Date","NM13",,"likelihood",-2794.5,0.00611
65,"R_Date","NM13",,"likelihood",-2789.5,0.005462
65,"R_Date","NM13",,"likelihood",-2784.5,0.005927
65,"R_Date","NM13",,"likelihood",-2779.5,0.006804
65,"R_Date","NM13",,"likelihood",-2774.5,0.006847
65,"R_Date","NM13",,"likelihood",-2769.5,0.006896
65,"R_Date","NM13",,"likelihood",-2764.5,0.006823
65,"R_Date","NM13",,"likelihood",-2759.5,0.006723
65,"R_Date","NM13",,"likelihood",-2754.5,0.006454
65,"R_Date","NM13",,"likelihood",-2749.5,0.00553
65,"R_Date","NM13",,"likelihood",-2744.5,0.003923
65,"R_Date","NM13",,"likelihood",-2739.5,0.0025642
65,"R_Date","NM13",,"likelihood",-2734.5,0.0021627
65,"R_Date","NM13",,"likelihood",-2729.5,0.0027205
65,"R_Date","NM13",,"likelihood",-2724.5,0.004271
65,"R_Date","NM13",,"likelihood",-2719.5,0.005896
65,"R_Date","NM13",,"likelihood",-2714.5,0.006849
65,"R_Date","NM13",,"likelihood",-2709.5,0.006967
65,"R_Date","NM13",,"likelihood",-2704.5,0.006809
65,"R_Date","NM13",,"likelihood",-2699.5,0.005505
65,"R_Date","NM13",,"likelihood",-2694.5,0.003582
65,"R_Date","NM13",,"likelihood",-2689.5,0.0028219
65,"R_Date","NM13",,"likelihood",-2684.5,0.0031297
65,"R_Date","NM13",,"likelihood",-2679.5,0.003489
65,"R_Date","NM13",,"likelihood",-2674.5,0.0030522
65,"R_Date","NM13",,"likelihood",-2669.5,0.0020503
65,"R_Date","NM13",,"likelihood",-2664.5,0.0010241
65,"R_Date","NM13",,"likelihood",-2659.5,0.0005831
65,"R_Date","NM13",,"likelihood",-2654.5,0.0005542
65,"R_Date","NM13",,"likelihood",-2649.5,0.0007452
65,"R_Date","NM13",,"likelihood",-2644.5,0.0012561
65,"R_Date","NM13",,"likelihood",-2639.5,0.0013801
65,"R_Date","NM13",,"likelihood",-2634.5,0.0011316
65,"R_Date","NM13",,"likelihood",-2629.5,0.0006098
65,"R_Date","NM13",,"likelihood",-2624.5,0.00023256
65,"R_Date","NM13",,"likelihood",-2619.5,0.00005834
65,"R_Date","NM13",,"likelihood",-2614.5,0.00002451
65,"R_Date","NM13",,"likelihood",-2609.5,0.000028556
65,"R_Date","NM13",,"likelihood",-2604.5,0.00005666
65,"R_Date","NM13",,"likelihood",-2599.5,0.00006944
65,"R_Date","NM13",,"likelihood",-2594.5,0.00007485
65,"R_Date","NM13",,"likelihood",-2589.5,0.00009148
65,"R_Date","NM13",,"likelihood",-2584.5,0.00009869
65,"R_Date","NM13",,"likelihood",-2579.5,0.00003533
65,"R_Date","NM13",,"likelihood",-2574.5,0.000003373
65,"R_Date","NM13",,"likelihood",-2569.5,9.212e-8
65,"R_Date","NM13",,"likelihood",-2564.5,0
65,"R_Date","NM13",,"likelihood",-2559.5,0
65,"R_Date","NM13",,"likelihood",-2554.5,0
65,"R_Date","NM13",,"likelihood",-2549.5,0
65,"R_Date","NM13",,"likelihood",-2544.5,0
65,"R_Date","NM13",,"likelihood",-2539.5,0
65,"R_Date","NM13",,"likelihood",-2534.5,0
65,"R_Date","NM13",,"likelihood",-2529.5,0
65,"R_Date","NM13",,"likelihood",-2524.5,7.086e-9
65,"R_Date","NM13",,"likelihood",-2519.5,2.1257e-8
65,"R_Date","NM13",,"likelihood",-2514.5,8.503e-8
65,"R_Date","NM13",,"likelihood",-2509.5,3.755e-7
65,"R_Date","NM13",,"likelihood",-2504.5,4.606e-7
65,"R_Date","NM13",,"likelihood",-2499.5,1.3463e-7
65,"R_Date","NM13",,"likelihood",-2494.5,7.086e-9
65,"R_Date","NM13",,"likelihood",-2489.5,0
65,"R_Date","NM13",,"likelihood",-2484.5,0
65,"R_Date","NM13",,"posterior",-2909.5,0
65,"R_Date","NM13",,"posterior",-2904.5,0
65,"R_Date","NM13",,"posterior",-2899.5,1.0399e-7
65,"R_Date","NM13",,"posterior",-2894.5,0.000004888
65,"R_Date","NM13",,"posterior",-2889.5,0.00012411
65,"R_Date","NM13",,"posterior",-2884.5,0.0019182
65,"R_Date","NM13",,"posterior",-2879.5,0.016064
65,"R_Date","NM13",,"posterior",-2874.5,0.05022
65,"R_Date","NM13",,"posterior",-2869.5,0.052
65,"R_Date","NM13",,"posterior",-2864.5,0.030712
65,"R_Date","NM13",,"posterior",-2859.5,0.015844
65,"R_Date","NM13",,"posterior",-2854.5,0.007761
65,"R_Date","NM13",,"posterior",-2849.5,0.003606
65,"R_Date","NM13",,"posterior",-2844.5,0.0015389
65,"R_Date","NM13",,"posterior",-2839.5,0.0006527
65,"R_Date","NM13",,"posterior",-2834.5,0.0002852
65,"R_Date","NM13",,"posterior",-2829.5,0.00015167
65,"R_Date","NM13",,"posterior",-2824.5,0.00011403
65,"R_Date","NM13",,"posterior",-2819.5,0.00013238
65,"R_Date","NM13",,"posterior",-2814.5,0.00026357
65,"R_Date","NM13",,"posterior",-2809.5,0.000614
65,"R_Date","NM13",,"posterior",-2804.5,0.0012791
65,"R_Date","NM13",,"posterior",-2799.5,0.0019619
65,"R_Date","NM13",,"posterior",-2794.5,0.0022178
65,"R_Date","NM13",,"posterior",-2789.5,0.0021987
65,"R_Date","NM13",,"posterior",-2784.5,0.0020922
65,"R_Date","NM13",,"posterior",-2779.5,0.001903
65,"R_Date","NM13",,"posterior",-2774.5,0.001413
65,"R_Date","NM13",,"posterior",-2769.5,0.001095
65,"R_Date","NM13",,"posterior",-2764.5,0.0008531
65,"R_Date","NM13",,"posterior",-2759.5,0.0006725
65,"R_Date","NM13",,"posterior",-2754.5,0.000519
65,"R_Date","NM13",,"posterior",-2749.5,0.0003581
65,"R_Date","NM13",,"posterior",-2744.5,0.00021131
65,"R_Date","NM13",,"posterior",-2739.5,0.00011787
65,"R_Date","NM13",,"posterior",-2734.5,0.00008522
65,"R_Date","NM13",,"posterior",-2729.5,0.00009245
65,"R_Date","NM13",,"posterior",-2724.5,0.00012261
65,"R_Date","NM13",,"posterior",-2719.5,0.00014933
65,"R_Date","NM13",,"posterior",-2714.5,0.00014933
65,"R_Date","NM13",,"posterior",-2709.5,0.00013462
65,"R_Date","NM13",,"posterior",-2704.5,0.00011179
65,"R_Date","NM13",,"posterior",-2699.5,0.00008117
65,"R_Date","NM13",,"posterior",-2694.5,0.00004487
65,"R_Date","NM13",,"posterior",-2689.5,0.000031249
65,"R_Date","NM13",,"posterior",-2684.5,0.000025322
65,"R_Date","NM13",,"posterior",-2679.5,0.000024386
65,"R_Date","NM13",,"posterior",-2674.5,0.000018302
65,"R_Date","NM13",,"posterior",-2669.5,0.000011023
65,"R_Date","NM13",,"posterior",-2664.5,0.00000468
65,"R_Date","NM13",,"posterior",-2659.5,0.0000029118
65,"R_Date","NM13",,"posterior",-2654.5,0.0000025998
65,"R_Date","NM13",,"posterior",-2649.5,0.0000019758
65,"R_Date","NM13",,"posterior",-2644.5,0.0000030158
65,"R_Date","NM13",,"posterior",-2639.5,0.000003588
65,"R_Date","NM13",,"posterior",-2634.5,0.0000022358
65,"R_Date","NM13",,"posterior",-2629.5,8.319e-7
65,"R_Date","NM13",,"posterior",-2624.5,3.1197e-7
65,"R_Date","NM13",,"posterior",-2619.5,5.2e-8
65,"R_Date","NM13",,"posterior",-2614.5,1.0399e-7
66,"R_Date","NM16",,"likelihood",-2924.5,0
66,"R_Date","NM16",,"likelihood",-2919.5,0
66,"R_Date","NM16",,"likelihood",-2914.5,0
66,"R_Date","NM16",,"likelihood",-2909.5,1.4172e-8
66,"R_Date","NM16",,"likelihood",-2904.5,3.543e-7
66,"R_Date","NM16",,"likelihood",-2899.5,0.0000030894
66,"R_Date","NM16",,"likelihood",-2894.5,0.000020145
66,"R_Date","NM16",,"likelihood",-2889.5,0.00011223
66,"R_Date","NM16",,"likelihood",-2884.5,0.0005436
66,"R_Date","NM16",,"likelihood",-2879.5,0.0020349
66,"R_Date","NM16",,"likelihood",-2874.5,0.004848
66,"R_Date","NM16",,"likelihood",-2869.5,0.006763
66,"R_Date","NM16",,"likelihood",-2864.5,0.006983
66,"R_Date","NM16",,"likelihood",-2859.5,0.006373
66,"R_Date","NM16",,"likelihood",-2854.5,0.005397
66,"R_Date","NM16",,"likelihood",-2849.5,0.004214
66,"R_Date","NM16",,"likelihood",-2844.5,0.002852
66,"R_Date","NM16",,"likelihood",-2839.5,0.0017739
66,"R_Date","NM16",,"likelihood",-2834.5,0.0010703
66,"R_Date","NM16",,"likelihood",-2829.5,0.0006954
66,"R_Date","NM16",,"likelihood",-2824.5,0.0005782
66,"R_Date","NM16",,"likelihood",-2819.5,0.000732
66,"R_Date","NM16",,"likelihood",-2814.5,0.0014107
66,"R_Date","NM16",,"likelihood",-2809.5,0.003187
66,"R_Date","NM16",,"likelihood",-2804.5,0.005894
66,"R_Date","NM16",,"likelihood",-2799.5,0.007086
66,"R_Date","NM16",,"likelihood",-2794.5,0.00611
66,"R_Date","NM16",,"likelihood",-2789.5,0.005462
66,"R_Date","NM16",,"likelihood",-2784.5,0.005927
66,"R_Date","NM16",,"likelihood",-2779.5,0.006804
66,"R_Date","NM16",,"likelihood",-2774.5,0.006847
66,"R_Date","NM16",,"likelihood",-2769.5,0.006896
66,"R_Date","NM16",,"likelihood",-2764.5,0.006823
66,"R_Date","NM16",,"likelihood",-2759.5,0.006723
66,"R_Date","NM16",,"likelihood",-2754.5,0.006454
66,"R_Date","NM16",,"likelihood",-2749.5,0.00553
66,"R_Date","NM16",,"likelihood",-2744.5,0.003923
66,"R_Date","NM16",,"likelihood",-2739.5,0.0025642
66,"R_Date","NM16",,"likelihood",-2734.5,0.0021627
66,"R_Date","NM16",,"likelihood",-2729.5,0.0027205
66,"R_Date","NM16",,"likelihood",-2724.5,0.004271
66,"R_Date","NM16",,"likelihood",-2719.5,0.005896
66,"R_Date","NM16",,"likelihood",-2714.5,0.006849
66,"R_Date","NM16",,"likelihood",-2709.5,0.006967
66,"R_Date","NM16",,"likelihood",-2704.5,0.006809
66,"R_Date","NM16",,"likelihood",-2699.5,0.005505
66,"R_Date","NM16",,"likelihood",-2694.5,0.003582
66,"R_Date","NM16",,"likelihood",-2689.5,0.0028219
66,"R_Date","NM16",,"likelihood",-2684.5,0.0031297
66,"R_Date","NM16",,"likelihood",-2679.5,0.003489
66,"R_Date","NM16",,"likelihood",-2674.5,0.0030522
66,"R_Date","NM16",,"likelihood",-2669.5,0.0020503
66,"R_Date","NM16",,"likelihood",-2664.5,0.0010241
66,"R_Date","NM16",,"likelihood",-2659.5,0.0005831
66,"R_Date","NM16",,"likelihood",-2654.5,0.0005542
66,"R_Date","NM16",,"likelihood",-2649.5,0.0007452
66,"R_Date","NM16",,"likelihood",-2644.5,0.0012561
66,"R_Date","NM16",,"likelihood",-2639.5,0.0013801
66,"R_Date","NM16",,"likelihood",-2634.5,0.0011316
66,"R_Date","NM16",,"likelihood",-2629.5,0.0006098
66,"R_Date","NM16",,"likelihood",-2624.5,0.00023256
66,"R_Date","NM16",,"likelihood",-2619.5,0.00005834
66,"R_Date","NM16",,"likelihood",-2614.5,0.00002451
66,"R_Date","NM16",,"likelihood",-2609.5,0.000028556
66,"R_Date","NM16",,"likelihood",-2604.5,0.00005666
66,"R_Date","NM16",,"likelihood",-2599.5,0.00006944
66,"R_Date","NM16",,"likelihood",-2594.5,0.00007485
66,"R_Date","NM16",,"likelihood",-2589.5,0.00009148
66,"R_Date","NM16",,"likelihood",-2584.5,0.00009869
66,"R_Date","NM16",,"likelihood",-2579.5,0.00003533
66,"R_Date","NM16",,"likelihood",-2574.5,0.000003373
66,"R_Date","NM16",,"likelihood",-2569.5,9.212e-8
66,"R_Date","NM16",,"likelihood",-2564.5,0
66,"R_Date","NM16",,"likelihood",-2559.5,0
66,"R_Date","NM16",,"likelihood",-2554.5,0
66,"R_Date","NM16",,"likelihood",-2549.5,0
66,"R_Date","NM16",,"likelihood",-2544.5,0
66,"R_Date","NM16",,"likelihood",-2539.5,0
66,"R_Date","NM16",,"likelihood",-2534.5,0
66,"R_Date","NM16",,"likelihood",-2529.5,0
66,"R_Date","NM16",,"likelihood",-2524.5,7.086e-9
66,"R_Date","NM16",,"likelihood",-2519.5,2.1257e-8
66,"R_Date","NM16",,"likelihood",-2514.5,8.503e-8
66,"R_Date","NM16",,"likelihood",-2509.5,3.755e-7
66,"R_Date","NM16",,"likelihood",-2504.5,4.606e-7
66,"R_Date","NM16",,"likelihood",-2499.5,1.3463e-7
66,"R_Date","NM16",,"likelihood",-2494.5,7.086e-9
66,"R_Date","NM16",,"likelihood",-2489.5,0
66,"R_Date","NM16",,"likelihood",-2484.5,0
66,"R_Date","NM16",,"posterior",-2909.5,0
66,"R_Date","NM16",,"posterior",-2904.5,0
66,"R_Date","NM16",,"posterior",-2899.5,5.188e-8
66,"R_Date","NM16",,"posterior",-2894.5,0.000004773
66,"R_Date","NM16",,"posterior",-2889.5,0.00012891
66,"R_Date","NM16",,"posterior",-2884.5,0.0019268
66,"R_Date","NM16",,"posterior",-2879.5,0.016094
66,"R_Date","NM16",,"posterior",-2874.5,0.0502
66,"R_Date","NM16",,"posterior",-2869.5,0.05188
66,"R_Date","NM16",,"posterior",-2864.5,0.030785
66,"R_Date","NM16",,"posterior",-2859.5,0.015851
66,"R_Date","NM16",,"posterior",-2854.5,0.007759
66,"R_Date","NM16",,"posterior",-2849.5,0.003611
66,"R_Date","NM16",,"posterior",-2844.5,0.0015453
66,"R_Date","NM16",,"posterior",-2839.5,0.0006369
66,"R_Date","NM16",,"posterior",-2834.5,0.00028817
66,"R_Date","NM16",,"posterior",-2829.5,0.00015226
66,"R_Date","NM16",,"posterior",-2824.5,0.0001133
66,"R_Date","NM16",,"posterior",-2819.5,0.0001356
66,"R_Date","NM16",,"posterior",-2814.5,0.0002667
66,"R_Date","NM16",,"posterior",-2809.5,0.0006287
66,"R_Date","NM16",,"posterior",-2804.5,0.0012525
66,"R_Date","NM16",,"posterior",-2799.5,0.0019799
66,"R_Date","NM16",,"posterior",-2794.5,0.0022405
66,"R_Date","NM16",,"posterior",-2789.5,0.0021762
66,"R_Date","NM16",,"posterior",-2784.5,0.0020917
66,"R_Date","NM16",,"posterior",-2779.5,0.0018951
66,"R_Date","NM16",,"posterior",-2774.5,0.0014195
66,"R_Date","NM16",,"posterior",-2769.5,0.001094
66,"R_Date","NM16",,"posterior",-2764.5,0.0008595
66,"R_Date","NM16",,"posterior",-2759.5,0.0006729
66,"R_Date","NM16",,"posterior",-2754.5,0.0004992
66,"R_Date","NM16",,"posterior",-2749.5,0.0003509
66,"R_Date","NM16",,"posterior",-2744.5,0.00021767
66,"R_Date","NM16",,"posterior",-2739.5,0.00012222
66,"R_Date","NM16",,"posterior",-2734.5,0.0000858
66,"R_Date","NM16",,"posterior",-2729.5,0.00009369
66,"R_Date","NM16",,"posterior",-2724.5,0.00012289
66,"R_Date","NM16",,"posterior",-2719.5,0.00014479
66,"R_Date","NM16",,"posterior",-2714.5,0.00015418
66,"R_Date","NM16",,"posterior",-2709.5,0.00013773
66,"R_Date","NM16",,"posterior",-2704.5,0.00012217
66,"R_Date","NM16",,"posterior",-2699.5,0.00008196
66,"R_Date","NM16",,"posterior",-2694.5,0.00004923
66,"R_Date","NM16",,"posterior",-2689.5,0.000031126
66,"R_Date","NM16",,"posterior",-2684.5,0.000027442
66,"R_Date","NM16",,"posterior",-2679.5,0.000026509
66,"R_Date","NM16",,"posterior",-2674.5,0.000017067
66,"R_Date","NM16",,"posterior",-2669.5,0.00001105
66,"R_Date","NM16",,"posterior",-2664.5,0.00000581
66,"R_Date","NM16",,"posterior",-2659.5,0.0000027494
66,"R_Date","NM16",,"posterior",-2654.5,0.0000019194
66,"R_Date","NM16",,"posterior",-2649.5,0.0000012969
66,"R_Date","NM16",,"posterior",-2644.5,0.0000029051
66,"R_Date","NM16",,"posterior",-2639.5,0.000003787
66,"R_Date","NM16",,"posterior",-2634.5,0.0000023863
66,"R_Date","NM16",,"posterior",-2629.5,0.0000016082
66,"R_Date","NM16",,"posterior",-2624.5,2.5938e-7
66,"R_Date","NM16",,"posterior",-2619.5,5.188e-8
66,"R_Date","NM16",,"posterior",-2614.5,0
67,"R_Date","NM14",,"likelihood",-2914.5,0
67,"R_Date","NM14",,"likelihood",-2909.5,0
67,"R_Date","NM14",,"likelihood",-2904.5,0
67,"R_Date","NM14",,"likelihood",-2899.5,1.0762e-8
67,"R_Date","NM14",,"likelihood",-2894.5,1.2914e-7
67,"R_Date","NM14",,"likelihood",-2889.5,0.000001356
67,"R_Date","NM14",,"likelihood",-2884.5,0.000013597
67,"R_Date","NM14",,"likelihood",-2879.5,0.00010798
67,"R_Date","NM14",,"likelihood",-2874.5,0.0006062
67,"R_Date","NM14",,"likelihood",-2869.5,0.0018639
67,"R_Date","NM14",,"likelihood",-2864.5,0.0031155
67,"R_Date","NM14",,"likelihood",-2859.5,0.004037
67,"R_Date","NM14",,"likelihood",-2854.5,0.004705
67,"R_Date","NM14",,"likelihood",-2849.5,0.005191
67,"R_Date","NM14",,"likelihood",-2844.5,0.005344
67,"R_Date","NM14",,"likelihood",-2839.5,0.004888
67,"R_Date","NM14",,"likelihood",-2834.5,0.004156
67,"R_Date","NM14",,"likelihood",-2829.5,0.003495
67,"R_Date","NM14",,"likelihood",-2824.5,0.003221
67,"R_Date","NM14",,"likelihood",-2819.5,0.00357
67,"R_Date","NM14",,"likelihood",-2814.5,0.004463
67,"R_Date","NM14",,"likelihood",-2809.5,0.005381
67,"R_Date","NM14",,"likelihood",-2804.5,0.004464
67,"R_Date","NM14",,"likelihood",-2799.5,0.0024356
67,"R_Date","NM14",,"likelihood",-2794.5,0.0012234
67,"R_Date","NM14",,"likelihood",-2789.5,0.0008193
67,"R_Date","NM14",,"likelihood",-2784.5,0.0010319
67,"R_Date","NM14",,"likelihood",-2779.5,0.001736
67,"R_Date","NM14",,"likelihood",-2774.5,0.0025802
67,"R_Date","NM14",,"likelihood",-2769.5,0.003033
67,"R_Date","NM14",,"likelihood",-2764.5,0.003233
67,"R_Date","NM14",,"likelihood",-2759.5,0.003431
67,"R_Date","NM14",,"likelihood",-2754.5,0.003819
67,"R_Date","NM14",,"likelihood",-2749.5,0.004624
67,"R_Date","NM14",,"likelihood",-2744.5,0.00525
67,"R_Date","NM14",,"likelihood",-2739.5,0.005176
67,"R_Date","NM14",,"likelihood",-2734.5,0.005017
67,"R_Date","NM14",,"likelihood",-2729.5,0.005316
67,"R_Date","NM14",,"likelihood",-2724.5,0.005174
67,"R_Date","NM14",,"likelihood",-2719.5,0.00426
67,"R_Date","NM14",,"likelihood",-2714.5,0.003169
67,"R_Date","NM14",,"likelihood",-2709.5,0.0026669
67,"R_Date","NM14",,"likelihood",-2704.5,0.003264
67,"R_Date","NM14",,"likelihood",-2699.5,0.004639
67,"R_Date","NM14",,"likelihood",-2694.5,0.005197
67,"R_Date","NM14",,"likelihood",-2689.5,0.005239
67,"R_Date","NM14",,"likelihood",-2684.5,0.005281
67,"R_Date","NM14",,"likelihood",-2679.5,0.005199
67,"R_Date","NM14",,"likelihood",-2674.5,0.005275
67,"R_Date","NM14",,"likelihood",-2669.5,0.004853
67,"R_Date","NM14",,"likelihood",-2664.5,0.003979
67,"R_Date","NM14",,"likelihood",-2659.5,0.003035
67,"R_Date","NM14",,"likelihood",-2654.5,0.0028684
67,"R_Date","NM14",,"likelihood",-2649.5,0.00339
67,"R_Date","NM14",,"likelihood",-2644.5,0.003967
67,"R_Date","NM14",,"likelihood",-2639.5,0.004319
67,"R_Date","NM14",,"likelihood",-2634.5,0.004025
67,"R_Date","NM14",,"likelihood",-2629.5,0.003199
67,"R_Date","NM14",,"likelihood",-2624.5,0.0019032
67,"R_Date","NM14",,"likelihood",-2619.5,0.00085
67,"R_Date","NM14",,"likelihood",-2614.5,0.0004913
67,"R_Date","NM14",,"likelihood",-2609.5,0.0005417
67,"R_Date","NM14",,"likelihood",-2604.5,0.0007944
67,"R_Date","NM14",,"likelihood",-2599.5,0.0009009
67,"R_Date","NM14",,"likelihood",-2594.5,0.0009886
67,"R_Date","NM14",,"likelihood",-2589.5,0.0011672
67,"R_Date","NM14",,"likelihood",-2584.5,0.0011675
67,"R_Date","NM14",,"likelihood",-2579.5,0.0006213
67,"R_Date","NM14",,"likelihood",-2574.5,0.0001296
67,"R_Date","NM14",,"likelihood",-2569.5,0.000009788
67,"R_Date","NM14",,"likelihood",-2564.5,5.758e-7
67,"R_Date","NM14",,"likelihood",-2559.5,8.609e-8
67,"R_Date","NM14",,"likelihood",-2554.5,3.767e-8
67,"R_Date","NM14",,"likelihood",-2549.5,2.6904e-8
67,"R_Date","NM14",,"likelihood",-2544.5,2.6904e-8
67,"R_Date","NM14",,"likelihood",-2539.5,4.305e-8
67,"R_Date","NM14",,"likelihood",-2534.5,1.3452e-7
67,"R_Date","NM14",,"likelihood",-2529.5,5.973e-7
67,"R_Date","NM14",,"likelihood",-2524.5,0.0000017757
67,"R_Date","NM14",,"likelihood",-2519.5,0.0000031263
67,"R_Date","NM14",,"likelihood",-2514.5,0.000008938
67,"R_Date","NM14",,"likelihood",-2509.5,0.000026996
67,"R_Date","NM14",,"likelihood",-2504.5,0.000031451
67,"R_Date","NM14",,"likelihood",-2499.5,0.000011833
67,"R_Date","NM14",,"likelihood",-2494.5,9.147e-7
67,"R_Date","NM14",,"likelihood",-2489.5,6.995e-8
67,"R_Date","NM14",,"likelihood",-2484.5,2.1523e-8
67,"R_Date","NM14",,"likelihood",-2479.5,2.6904e-8
67,"R_Date","NM14",,"likelihood",-2474.5,2.1523e-8
67,"R_Date","NM14",,"likelihood",-2469.5,0
67,"R_Date","NM14",,"likelihood",-2464.5,0
67,"R_Date","NM14",,"likelihood",-2459.5,0
67,"R_Date","NM14",,"posterior",-2904.5,0
67,"R_Date","NM14",,"posterior",-2899.5,0
67,"R_Date","NM14",,"posterior",-2894.5,5.144e-8
67,"R_Date","NM14",,"posterior",-2889.5,0.000008951
67,"R_Date","NM14",,"posterior",-2884.5,0.00031463
67,"R_Date","NM14",,"posterior",-2879.5,0.006783
67,"R_Date","NM14",,"posterior",-2874.5,0.03558
67,"R_Date","NM14",,"posterior",-2869.5,0.05144
67,"R_Date","NM14",,"posterior",-2864.5,0.03744
67,"R_Date","NM14",,"posterior",-2859.5,0.022246
67,"R_Date","NM14",,"posterior",-2854.5,0.01256
67,"R_Date","NM14",,"posterior",-2849.5,0.006939
67,"R_Date","NM14",,"posterior",-2844.5,0.003862
67,"R_Date","NM14",,"posterior",-2839.5,0.0021709
67,"R_Date","NM14",,"posterior",-2834.5,0.0013156
67,"R_Date","NM14",,"posterior",-2829.5,0.0009048
67,"R_Date","NM14",,"posterior",-2824.5,0.0007472
67,"R_Date","NM14",,"posterior",-2819.5,0.0007958
67,"R_Date","NM14",,"posterior",-2814.5,0.0010427
67,"R_Date","NM14",,"posterior",-2809.5,0.0014317
67,"R_Date","NM14",,"posterior",-2804.5,0.0015669
67,"R_Date","NM14",,"posterior",-2799.5,0.0014763
67,"R_Date","NM14",,"posterior",-2794.5,0.0013228
67,"R_Date","NM14",,"posterior",-2789.5,0.0011616
67,"R_Date","NM14",,"posterior",-2784.5,0.0011837
67,"R_Date","NM14",,"posterior",-2779.5,0.0012912
67,"R_Date","NM14",,"posterior",-2774.5,0.0011373
67,"R_Date","NM14",,"posterior",-2769.5,0.0009091
67,"R_Date","NM14",,"posterior",-2764.5,0.0007144
67,"R_Date","NM14",,"posterior",-2759.5,0.0005632
67,"R_Date","NM14",,"posterior",-2754.5,0.0004796
67,"R_Date","NM14",,"posterior",-2749.5,0.0004413
67,"R_Date","NM14",,"posterior",-2744.5,0.0003735
67,"R_Date","NM14",,"posterior",-2739.5,0.00029904
67,"R_Date","NM14",,"posterior",-2734.5,0.00024178
67,"R_Date","NM14",,"posterior",-2729.5,0.0002193
67,"R_Date","NM14",,"posterior",-2724.5,0.00018489
67,"R_Date","NM14",,"posterior",-2719.5,0.00013905
67,"R_Date","NM14",,"posterior",-2714.5,0.00009378
67,"R_Date","NM14",,"posterior",-2709.5,0.0000696
67,"R_Date","NM14",,"posterior",-2704.5,0.00007048
67,"R_Date","NM14",,"posterior",-2699.5,0.00007902
67,"R_Date","NM14",,"posterior",-2694.5,0.00007243
67,"R_Date","NM14",,"posterior",-2689.5,0.00006436
67,"R_Date","NM14",,"posterior",-2684.5,0.00005427
67,"R_Date","NM14",,"posterior",-2679.5,0.00004265
67,"R_Date","NM14",,"posterior",-2674.5,0.00003524
67,"R_Date","NM14",,"posterior",-2669.5,0.000029992
67,"R_Date","NM14",,"posterior",-2664.5,0.000020989
67,"R_Date","NM14",,"posterior",-2659.5,0.000014147
67,"R_Date","NM14",,"posterior",-2654.5,0.000011318
67,"R_Date","NM14",,"posterior",-2649.5,0.000009929
67,"R_Date","NM14",,"posterior",-2644.5,0.000010134
67,"R_Date","NM14",,"posterior",-2639.5,0.000008077
67,"R_Date","NM14",,"posterior",-2634.5,0.000008025
67,"R_Date","NM14",,"posterior",-2629.5,0.000004476
67,"R_Date","NM14",,"posterior",-2624.5,0.000003189
67,"R_Date","NM14",,"posterior",-2619.5,0.0000011832
67,"R_Date","NM14",,"posterior",-2614.5,4.115e-7
67,"R_Date","NM14",,"posterior",-2609.5,6.173e-7
67,"R_Date","NM14",,"posterior",-2604.5,8.745e-7
67,"R_Date","NM14",,"posterior",-2599.5,3.601e-7
67,"R_Date","NM14",,"posterior",-2594.5,7.717e-7
67,"R_Date","NM14",,"posterior",-2589.5,7.202e-7
67,"R_Date","NM14",,"posterior",-2584.5,6.173e-7
67,"R_Date","NM14",,"posterior",-2579.5,1.0289e-7
67,"R_Date","NM14",,"posterior",-2574.5,1.5433e-7
67,"R_Date","NM14",,"posterior",-2569.5,0
68,"Interval","Stage III Duration",,"posterior",-12.5,0
68,"Interval","Stage III Duration",,"posterior",-7.5,0
68,"Interval","Stage III Duration",,"posterior",-2.5,0
68,"Interval","Stage III Duration",,"posterior",2.5,0.019138
68,"Interval","Stage III Duration",,"posterior",7.5,0.020855
68,"Interval","Stage III Duration",,"posterior",12.5,0.023779
68,"Interval","Stage III Duration",,"posterior",17.5,0.025268
68,"Interval","Stage III Duration",,"posterior",22.5,0.02431
68,"Interval","Stage III Duration",,"posterior",27.5,0.020817
68,"Interval","Stage III Duration",,"posterior",32.5,0.016448
68,"Interval","Stage III Duration",,"posterior",37.5,0.011979
68,"Interval","Stage III Duration",,"posterior",42.5,0.008136
68,"Interval","Stage III Duration",,"posterior",47.5,0.005328
68,"Interval","Stage III Duration",,"posterior",52.5,0.003354
68,"Interval","Stage III Duration",,"posterior",57.5,0.002179
68,"Interval","Stage III Duration",,"posterior",62.5,0.0014028
68,"Interval","Stage III Duration",,"posterior",67.5,0.0009719
68,"Interval","Stage III Duration",,"posterior",72.5,0.0006966
68,"Interval","Stage III Duration",,"posterior",77.5,0.0005916
68,"Interval","Stage III Duration",,"posterior",82.5,0.0005794
68,"Interval","Stage III Duration",,"posterior",87.5,0.0005939
68,"Interval","Stage III Duration",,"posterior",92.5,0.0006748
68,"Interval","Stage III Duration",,"posterior",97.5,0.0007815
68,"Interval","Stage III Duration",,"posterior",102.5,0.0008423
68,"Interval","Stage III Duration",,"posterior",107.5,0.0008939
68,"Interval","Stage III Duration",,"posterior",112.5,0.0008989
68,"Interval","Stage III Duration",,"posterior",117.5,0.0008696
68,"Interval","Stage III Duration",,"posterior",122.5,0.0008489
68,"Interval","Stage III Duration",,"posterior",127.5,0.0007766
68,"Interval","Stage III Duration",,"posterior",132.5,0.0007422
68,"Interval","Stage III Duration",,"posterior",137.5,0.0006534
68,"Interval","Stage III Duration",,"posterior",142.5,0.0005982
68,"Interval","Stage III Duration",,"posterior",147.5,0.000528
68,"Interval","Stage III Duration",,"posterior",152.5,0.0004529
68,"Interval","Stage III Duration",,"posterior",157.5,0.000406
68,"Interval","Stage III Duration",,"posterior",162.5,0.0003575
68,"Interval","Stage III Duration",,"posterior",167.5,0.0003311
68,"Interval","Stage III Duration",,"posterior",172.5,0.00030359
68,"Interval","Stage III Duration",,"posterior",177.5,0.00029172
68,"Interval","Stage III Duration",,"posterior",182.5,0.00026829
68,"Interval","Stage III Duration",,"posterior",187.5,0.00025344
68,"Interval","Stage III Duration",,"posterior",192.5,0.00023734
68,"Interval","Stage III Duration",,"posterior",197.5,0.00021147
68,"Interval","Stage III Duration",,"posterior",202.5,0.00018812
68,"Interval","Stage III Duration",,"posterior",207.5,0.00015616
68,"Interval","Stage III Duration",,"posterior",212.5,0.00012323
68,"Interval","Stage III Duration",,"posterior",217.5,0.00011343
68,"Interval","Stage III Duration",,"posterior",222.5,0.00009741
68,"Interval","Stage III Duration",,"posterior",227.5,0.00008884
68,"Interval","Stage III Duration",,"posterior",232.5,0.00007833
68,"Interval","Stage III Duration",,"posterior",237.5,0.0000686
68,"Interval","Stage III Duration",,"posterior",242.5,0.00005751
68,"Interval","Stage III Duration",,"posterior",247.5,0.00004892
68,"Interval","Stage III Duration",,"posterior",252.5,0.00004563
68,"Interval","Stage III Duration",,"posterior",257.5,0.00003603
68,"Interval","Stage III Duration",,"posterior",262.5,0.000030675
68,"Interval","Stage III Duration",,"posterior",267.5,0.000027592
68,"Interval","Stage III Duration",,"posterior",272.5,0.000023752
68,"Interval","Stage III Duration",,"posterior",277.5,0.00001933
68,"Interval","Stage III Duration",,"posterior",282.5,0.000018117
68,"Interval","Stage III Duration",,"posterior",287.5,0.000015616
68,"Interval","Stage III Duration",,"posterior",292.5,0.000015565
68,"Interval","Stage III Duration",,"posterior",297.5,0.000011775
68,"Interval","Stage III Duration",,"posterior",302.5,0.000010057
68,"Interval","Stage III Duration",,"posterior",307.5,0.00000849
68,"Interval","Stage III Duration",,"posterior",312.5,0.000006974
68,"Interval","Stage III Duration",,"posterior",317.5,0.000005357
68,"Interval","Stage III Duration",,"posterior",322.5,0.00000609
68,"Interval","Stage III Duration",,"posterior",327.5,0.000005508
68,"Interval","Stage III Duration",,"posterior",332.5,0.000003866
68,"Interval","Stage III Duration",,"posterior",337.5,0.000004523
68,"Interval","Stage III Duration",,"posterior",342.5,0.00000427
68,"Interval","Stage III Duration",,"posterior",347.5,0.000003436
68,"Interval","Stage III Duration",,"posterior",352.5,0.0000029058
68,"Interval","Stage III Duration",,"posterior",357.5,0.0000029563
68,"Interval","Stage III Duration",,"posterior",362.5,0.0000030321
68,"Interval","Stage III Duration",,"posterior",367.5,0.0000023499
68,"Interval","Stage III Duration",,"posterior",372.5,0.000001415
68,"Interval","Stage III Duration",,"posterior",377.5,0.0000012381
68,"Interval","Stage III Duration",,"posterior",382.5,0.0000020214
68,"Interval","Stage III Duration",,"posterior",387.5,0.0000014655
68,"Interval","Stage III Duration",,"posterior",392.5,0.0000010865
68,"Interval","Stage III Duration",,"posterior",397.5,8.338e-7
68,"Interval","Stage III Duration",,"posterior",402.5,6.822e-7
68,"Interval","Stage III Duration",,"posterior",407.5,8.844e-7
68,"Interval","Stage III Duration",,"posterior",412.5,5.812e-7
68,"Interval","Stage III Duration",,"posterior",417.5,9.854e-7
68,"Interval","Stage III Duration",,"posterior",422.5,4.801e-7
68,"Interval","Stage III Duration",,"posterior",427.5,3.0321e-7
68,"Interval","Stage III Duration",,"posterior",432.5,8.844e-7
68,"Interval","Stage III Duration",,"posterior",437.5,4.043e-7
68,"Interval","Stage III Duration",,"posterior",442.5,2.5268e-7
68,"Interval","Stage III Duration",,"posterior",447.5,3.537e-7
68,"Interval","Stage III Duration",,"posterior",452.5,7.328e-7
68,"Interval","Stage III Duration",,"posterior",457.5,2.5268e-7
68,"Interval","Stage III Duration",,"posterior",462.5,2.5268e-7
68,"Interval","Stage III Duration",,"posterior",467.5,3.0321e-7
68,"Interval","Stage III Duration",,"posterior",472.5,2.0214e-7
68,"Interval","Stage III Duration",,"posterior",477.5,5.054e-8
68,"Interval","Stage III Duration",,"posterior",482.5,3.537e-7
68,"Interval","Stage III Duration",,"posterior",487.5,2.0214e-7
68,"Interval","Stage III Duration",,"posterior",492.5,1.0107e-7
68,"Interval","Stage III Duration",,"posterior",497.5,2.5268e-7
68,"Interval","Stage III Duration",,"posterior",502.5,2.5268e-7
68,"Interval","Stage III Duration",,"posterior",507.5,5.054e-8
68,"Interval","Stage III Duration",,"posterior",512.5,5.054e-8
68,"Interval","Stage III Duration",,"posterior",517.5,1.0107e-7
68,"Interval","Stage III Duration",,"posterior",522.5,0
68,"Interval","Stage III Duration",,"posterior",527.5,1.5161e-7
68,"Interval","Stage III Duration",,"posterior",532.5,0
69,"Boundary","Cemetery End",,"posterior",-2894.5,0
69,"Boundary","Cemetery End",,"posterior",-2889.5,0
69,"Boundary","Cemetery End",,"posterior",-2884.5,0.00001139
69,"Boundary","Cemetery End",,"posterior",-2879.5,0.0012163
69,"Boundary","Cemetery End",,"posterior",-2874.5,0.014197
69,"Boundary","Cemetery End",,"posterior",-2869.5,0.03416
69,"Boundary","Cemetery End",,"posterior",-2864.5,0.03734
69,"Boundary","Cemetery End",,"posterior",-2859.5,0.031116
69,"Boundary","Cemetery End",,"posterior",-2854.5,0.022025
69,"Boundary","Cemetery End",,"posterior",-2849.5,0.014746
69,"Boundary","Cemetery End",,"posterior",-2844.5,0.008901
69,"Boundary","Cemetery End",,"posterior",-2839.5,0.005181
69,"Boundary","Cemetery End",,"posterior",-2834.5,0.0029326
69,"Boundary","Cemetery End",,"posterior",-2829.5,0.0017337
69,"Boundary","Cemetery End",,"posterior",-2824.5,0.000935
69,"Boundary","Cemetery End",,"posterior",-2819.5,0.0006125
69,"Boundary","Cemetery End",,"posterior",-2814.5,0.0003905
69,"Boundary","Cemetery End",,"posterior",-2809.5,0.00030166
69,"Boundary","Cemetery End",,"posterior",-2804.5,0.00026312
69,"Boundary","Cemetery End",,"posterior",-2799.5,0.0003523
69,"Boundary","Cemetery End",,"posterior",-2794.5,0.0007642
69,"Boundary","Cemetery End",,"posterior",-2789.5,0.0013545
69,"Boundary","Cemetery End",,"posterior",-2784.5,0.0018845
69,"Boundary","Cemetery End",,"posterior",-2779.5,0.0022721
69,"Boundary","Cemetery End",,"posterior",-2774.5,0.0021687
69,"Boundary","Cemetery End",,"posterior",-2769.5,0.0017954
69,"Boundary","Cemetery End",,"posterior",-2764.5,0.0017092
69,"Boundary","Cemetery End",,"posterior",-2759.5,0.0015057
69,"Boundary","Cemetery End",,"posterior",-2754.5,0.0013278
69,"Boundary","Cemetery End",,"posterior",-2749.5,0.0011866
69,"Boundary","Cemetery End",,"posterior",-2744.5,0.0010267
69,"Boundary","Cemetery End",,"posterior",-2739.5,0.0007783
69,"Boundary","Cemetery End",,"posterior",-2734.5,0.0006367
69,"Boundary","Cemetery End",,"posterior",-2729.5,0.000519
69,"Boundary","Cemetery End",,"posterior",-2724.5,0.0004478
69,"Boundary","Cemetery End",,"posterior",-2719.5,0.0003747
69,"Boundary","Cemetery End",,"posterior",-2714.5,0.0003716
69,"Boundary","Cemetery End",,"posterior",-2709.5,0.000375
69,"Boundary","Cemetery End",,"posterior",-2704.5,0.0003728
69,"Boundary","Cemetery End",,"posterior",-2699.5,0.0003582
69,"Boundary","Cemetery End",,"posterior",-2694.5,0.0003399
69,"Boundary","Cemetery End",,"posterior",-2689.5,0.00029621
69,"Boundary","Cemetery End",,"posterior",-2684.5,0.00025337
69,"Boundary","Cemetery End",,"posterior",-2679.5,0.00021151
69,"Boundary","Cemetery End",,"posterior",-2674.5,0.00017828
69,"Boundary","Cemetery End",,"posterior",-2669.5,0.00014172
69,"Boundary","Cemetery End",,"posterior",-2664.5,0.00013429
69,"Boundary","Cemetery End",,"posterior",-2659.5,0.00010897
69,"Boundary","Cemetery End",,"posterior",-2654.5,0.00009418
69,"Boundary","Cemetery End",,"posterior",-2649.5,0.00007775
69,"Boundary","Cemetery End",,"posterior",-2644.5,0.00006557
69,"Boundary","Cemetery End",,"posterior",-2639.5,0.00006416
69,"Boundary","Cemetery End",,"posterior",-2634.5,0.00004724
69,"Boundary","Cemetery End",,"posterior",-2629.5,0.0000435
69,"Boundary","Cemetery End",,"posterior",-2624.5,0.00004231
69,"Boundary","Cemetery End",,"posterior",-2619.5,0.000036
69,"Boundary","Cemetery End",,"posterior",-2614.5,0.000028381
69,"Boundary","Cemetery End",,"posterior",-2609.5,0.000023452
69,"Boundary","Cemetery End",,"posterior",-2604.5,0.000022705
69,"Boundary","Cemetery End",,"posterior",-2599.5,0.000018634
69,"Boundary","Cemetery End",,"posterior",-2594.5,0.000015721
69,"Boundary","Cemetery End",,"posterior",-2589.5,0.000013444
69,"Boundary","Cemetery End",,"posterior",-2584.5,0.000012659
69,"Boundary","Cemetery End",,"posterior",-2579.5,0.000009896
69,"Boundary","Cemetery End",,"posterior",-2574.5,0.00000661
69,"Boundary","Cemetery End",,"posterior",-2569.5,0.000006162
69,"Boundary","Cemetery End",,"posterior",-2564.5,0.000007133
69,"Boundary","Cemetery End",,"posterior",-2559.5,0.00000478
69,"Boundary","Cemetery End",,"posterior",-2554.5,0.000006759
69,"Boundary","Cemetery End",,"posterior",-2549.5,0.00000422
69,"Boundary","Cemetery End",,"posterior",-2544.5,0.000003846
69,"Boundary","Cemetery End",,"posterior",-2539.5,0.000003921
69,"Boundary","Cemetery End",,"posterior",-2534.5,0.000004257
69,"Boundary","Cemetery End",,"posterior",-2529.5,0.000003846
69,"Boundary","Cemetery End",,"posterior",-2524.5,0.000003286
69,"Boundary","Cemetery End",,"posterior",-2519.5,0.0000018298
69,"Boundary","Cemetery End",,"posterior",-2514.5,0.0000022032
69,"Boundary","Cemetery End",,"posterior",-2509.5,0.0000011576
69,"Boundary","Cemetery End",,"posterior",-2504.5,0.0000015684
69,"Boundary","Cemetery End",,"posterior",-2499.5,0.0000017551
69,"Boundary","Cemetery End",,"posterior",-2494.5,0.0000010456
69,"Boundary","Cemetery End",,"posterior",-2489.5,0.0000012323
69,"Boundary","Cemetery End",,"posterior",-2484.5,5.601e-7
69,"Boundary","Cemetery End",,"posterior",-2479.5,0.0000010456
69,"Boundary","Cemetery End",,"posterior",-2474.5,8.962e-7
69,"Boundary","Cemetery End",,"posterior",-2469.5,9.336e-7
69,"Boundary","Cemetery End",,"posterior",-2464.5,6.722e-7
69,"Boundary","Cemetery End",,"posterior",-2459.5,4.108e-7
69,"Boundary","Cemetery End",,"posterior",-2454.5,8.216e-7
69,"Boundary","Cemetery End",,"posterior",-2449.5,5.601e-7
69,"Boundary","Cemetery End",,"posterior",-2444.5,3.734e-7
69,"Boundary","Cemetery End",,"posterior",-2439.5,2.9875e-7
69,"Boundary","Cemetery End",,"posterior",-2434.5,5.228e-7
69,"Boundary","Cemetery End",,"posterior",-2429.5,1.4937e-7
69,"Boundary","Cemetery End",,"posterior",-2424.5,5.601e-7
69,"Boundary","Cemetery End",,"posterior",-2419.5,2.9875e-7
69,"Boundary","Cemetery End",,"posterior",-2414.5,1.1203e-7
69,"Boundary","Cemetery End",,"posterior",-2409.5,4.855e-7
69,"Boundary","Cemetery End",,"posterior",-2404.5,2.614e-7
69,"Boundary","Cemetery End",,"posterior",-2399.5,2.2406e-7
69,"Boundary","Cemetery End",,"posterior",-2394.5,1.4937e-7
69,"Boundary","Cemetery End",,"posterior",-2389.5,2.2406e-7
69,"Boundary","Cemetery End",,"posterior",-2384.5,1.4937e-7
69,"Boundary","Cemetery End",,"posterior",-2379.5,1.1203e-7
69,"Boundary","Cemetery End",,"posterior",-2374.5,2.2406e-7
69,"Boundary","Cemetery End",,"posterior",-2369.5,0
69,"Boundary","Cemetery End",,"posterior",-2364.5,3.734e-8
69,"Boundary","Cemetery End",,"posterior",-2359.5,2.2406e-7
69,"Boundary","Cemetery End",,"posterior",-2354.5,0
