"index","op","name","z","type","value","probability"
2,"Boundary","Cemetery Start",,"posterior",-3434.5,0
2,"Boundary","Cemetery Start",,"posterior",-3429.5,1.8082e-7
2,"Boundary","Cemetery Start",,"posterior",-3424.5,8.036e-8
2,"Boundary","Cemetery Start",,"posterior",-3419.5,1.8082e-7
2,"Boundary","Cemetery Start",,"posterior",-3414.5,5.224e-7
2,"Boundary","Cemetery Start",,"posterior",-3409.5,3.416e-7
2,"Boundary","Cemetery Start",,"posterior",-3404.5,0
2,"Boundary","Cemetery Start",,"posterior",-3399.5,1.8082e-7
2,"Boundary","Cemetery Start",,"posterior",-3394.5,6.027e-7
2,"Boundary","Cemetery Start",,"posterior",-3389.5,5.224e-7
2,"Boundary","Cemetery Start",,"posterior",-3384.5,2.6119e-7
2,"Boundary","Cemetery Start",,"posterior",-3379.5,0.000002431
2,"Boundary","Cemetery Start",,"posterior",-3374.5,0.0000013059
2,"Boundary","Cemetery Start",,"posterior",-3369.5,0.000010407
2,"Boundary","Cemetery Start",,"posterior",-3364.5,0.0000031342
2,"Boundary","Cemetery Start",,"posterior",-3359.5,0.0000019087
2,"Boundary","Cemetery Start",,"posterior",-3354.5,0.000002873
2,"Boundary","Cemetery Start",,"posterior",-3349.5,0.000006851
2,"Boundary","Cemetery Start",,"posterior",-3344.5,0.000007373
2,"Boundary","Cemetery Start",,"posterior",-3339.5,0.000017098
2,"Boundary","Cemetery Start",,"posterior",-3334.5,0.000016756
2,"Boundary","Cemetery Start",,"posterior",-3329.5,0.000010588
2,"Boundary","Cemetery Start",,"posterior",-3324.5,0.000011713
2,"Boundary","Cemetery Start",,"posterior",-3319.5,0.000009383
2,"Boundary","Cemetery Start",,"posterior",-3314.5,0.00002204
2,"Boundary","Cemetery Start",,"posterior",-3309.5,0.00004141
2,"Boundary","Cemetery Start",,"posterior",-3304.5,0.000020232
2,"Boundary","Cemetery Start",,"posterior",-3299.5,0.00003213
2,"Boundary","Cemetery Start",,"posterior",-3294.5,0.000022924
2,"Boundary","Cemetery Start",,"posterior",-3289.5,0.000021698
2,"Boundary","Cemetery Start",,"posterior",-3284.5,0.000025958
2,"Boundary","Cemetery Start",,"posterior",-3279.5,0.000022924
2,"Boundary","Cemetery Start",,"posterior",-3274.5,0.000022824
2,"Boundary","Cemetery Start",,"posterior",-3269.5,0.000019348
2,"Boundary","Cemetery Start",,"posterior",-3264.5,0.00001987
2,"Boundary","Cemetery Start",,"posterior",-3259.5,0.000023607
2,"Boundary","Cemetery Start",,"posterior",-3254.5,0.00004235
2,"Boundary","Cemetery Start",,"posterior",-3249.5,0.000022141
2,"Boundary","Cemetery Start",,"posterior",-3244.5,0.000014928
2,"Boundary","Cemetery Start",,"posterior",-3239.5,0.000019348
2,"Boundary","Cemetery Start",,"posterior",-3234.5,0.000022141
2,"Boundary","Cemetery Start",,"posterior",-3229.5,0.000017178
2,"Boundary","Cemetery Start",,"posterior",-3224.5,0.000028208
2,"Boundary","Cemetery Start",,"posterior",-3219.5,0.00003542
2,"Boundary","Cemetery Start",,"posterior",-3214.5,0.00003715
2,"Boundary","Cemetery Start",,"posterior",-3209.5,0.00005364
2,"Boundary","Cemetery Start",,"posterior",-3204.5,0.0000836
2,"Boundary","Cemetery Start",,"posterior",-3199.5,0.00011319
2,"Boundary","Cemetery Start",,"posterior",-3194.5,0.00019115
2,"Boundary","Cemetery Start",,"posterior",-3189.5,0.00027682
2,"Boundary","Cemetery Start",,"posterior",-3184.5,0.0003333
2,"Boundary","Cemetery Start",,"posterior",-3179.5,0.0004505
2,"Boundary","Cemetery Start",,"posterior",-3174.5,0.0005805
2,"Boundary","Cemetery Start",,"posterior",-3169.5,0.0006601
2,"Boundary","Cemetery Start",,"posterior",-3164.5,0.000688
2,"Boundary","Cemetery Start",,"posterior",-3159.5,0.0007593
2,"Boundary","Cemetery Start",,"posterior",-3154.5,0.0008929
2,"Boundary","Cemetery Start",,"posterior",-3149.5,0.0012855
2,"Boundary","Cemetery Start",,"posterior",-3144.5,0.0018004
2,"Boundary","Cemetery Start",,"posterior",-3139.5,0.0028865
2,"Boundary","Cemetery Start",,"posterior",-3134.5,0.004128
2,"Boundary","Cemetery Start",,"posterior",-3129.5,0.006029
2,"Boundary","Cemetery Start",,"posterior",-3124.5,0.009121
2,"Boundary","Cemetery Start",,"posterior",-3119.5,0.012347
2,"Boundary","Cemetery Start",,"posterior",-3114.5,0.016197
2,"Boundary","Cemetery Start",,"posterior",-3109.5,0.019902
2,"Boundary","Cemetery Start",,"posterior",-3104.5,0.020091
2,"Boundary","Cemetery Start",,"posterior",-3099.5,0.014506
2,"Boundary","Cemetery Start",,"posterior",-3094.5,0.009054
2,"Boundary","Cemetery Start",,"posterior",-3089.5,0.005686
2,"Boundary","Cemetery Start",,"posterior",-3084.5,0.004604
2,"Boundary","Cemetery Start",,"posterior",-3079.5,0.004333
2,"Boundary","Cemetery Start",,"posterior",-3074.5,0.004982
2,"Boundary","Cemetery Start",,"posterior",-3069.5,0.007008
2,"Boundary","Cemetery Start",,"posterior",-3064.5,0.010596
2,"Boundary","Cemetery Start",,"posterior",-3059.5,0.013484
2,"Boundary","Cemetery Start",,"posterior",-3054.5,0.013001
2,"Boundary","Cemetery Start",,"posterior",-3049.5,0.008341
2,"Boundary","Cemetery Start",,"posterior",-3044.5,0.00356
2,"Boundary","Cemetery Start",,"posterior",-3039.5,0.0010616
2,"Boundary","Cemetery Start",,"posterior",-3034.5,0.00027344
2,"Boundary","Cemetery Start",,"posterior",-3029.5,6.027e-7
2,"Boundary","Cemetery Start",,"posterior",-3024.5,0
2,"Boundary","Cemetery Start",,"posterior",-3019.5,0
4,"R_Date","NM20",,"likelihood",-3504.5,0
4,"R_Date","NM20",,"likelihood",-3499.5,0
4,"R_Date","NM20",,"likelihood",-3494.5,0
4,"R_Date","NM20",,"likelihood",-3489.5,1.512e-8
4,"R_Date","NM20",,"likelihood",-3484.5,2.2176e-7
4,"R_Date","NM20",,"likelihood",-3479.5,7.258e-7
4,"R_Date","NM20",,"likelihood",-3474.5,5.443e-7
4,"R_Date","NM20",,"likelihood",-3469.5,1.4112e-7
4,"R_Date","NM20",,"likelihood",-3464.5,1.512e-8
4,"R_Date","NM20",,"likelihood",-3459.5,5.04e-9
4,"R_Date","NM20",,"likelihood",-3454.5,0
4,"R_Date","NM20",,"likelihood",-3449.5,0
4,"R_Date","NM20",,"likelihood",-3444.5,0
4,"R_Date","NM20",,"likelihood",-3439.5,0
4,"R_Date","NM20",,"likelihood",-3434.5,0
4,"R_Date","NM20",,"likelihood",-3429.5,0
4,"R_Date","NM20",,"likelihood",-3424.5,0
4,"R_Date","NM20",,"likelihood",-3419.5,0
4,"R_Date","NM20",,"likelihood",-3414.5,0
4,"R_Date","NM20",,"likelihood",-3409.5,0
4,"R_Date","NM20",,"likelihood",-3404.5,0
4,"R_Date","NM20",,"likelihood",-3399.5,0
4,"R_Date","NM20",,"likelihood",-3394.5,0
4,"R_Date","NM20",,"likelihood",-3389.5,0
4,"R_Date","NM20",,"likelihood",-3384.5,0
4,"R_Date","NM20",,"likelihood",-3379.5,0
4,"R_Date","NM20",,"likelihood",-3374.5,5.04e-9
4,"R_Date","NM20",,"likelihood",-3369.5,6.25e-7
4,"R_Date","NM20",,"likelihood",-3364.5,0.000025341
4,"R_Date","NM20",,"likelihood",-3359.5,0.00023847
4,"R_Date","NM20",,"likelihood",-3354.5,0.0008426
4,"R_Date","NM20",,"likelihood",-3349.5,0.0016292
4,"R_Date","NM20",,"likelihood",-3344.5,0.0023981
4,"R_Date","NM20",,"likelihood",-3339.5,0.003346
4,"R_Date","NM20",,"likelihood",-3334.5,0.004552
4,"R_Date","NM20",,"likelihood",-3329.5,0.004953
4,"R_Date","NM20",,"likelihood",-3324.5,0.004671
4,"R_Date","NM20",,"likelihood",-3319.5,0.004093
4,"R_Date","NM20",,"likelihood",-3314.5,0.003627
4,"R_Date","NM20",,"likelihood",-3309.5,0.003223
4,"R_Date","NM20",,"likelihood",-3304.5,0.0029134
4,"R_Date","NM20",,"likelihood",-3299.5,0.0029093
4,"R_Date","NM20",,"likelihood",-3294.5,0.003442
4,"R_Date","NM20",,"likelihood",-3289.5,0.003851
4,"R_Date","NM20",,"likelihood",-3284.5,0.003442
4,"R_Date","NM20",,"likelihood",-3279.5,0.0027077
4,"R_Date","NM20",,"likelihood",-3274.5,0.0029093
4,"R_Date","NM20",,"likelihood",-3269.5,0.003427
4,"R_Date","NM20",,"likelihood",-3264.5,0.0030162
4,"R_Date","NM20",,"likelihood",-3259.5,0.0018045
4,"R_Date","NM20",,"likelihood",-3254.5,0.0013446
4,"R_Date","NM20",,"likelihood",-3249.5,0.0018045
4,"R_Date","NM20",,"likelihood",-3244.5,0.0024047
4,"R_Date","NM20",,"likelihood",-3239.5,0.00323
4,"R_Date","NM20",,"likelihood",-3234.5,0.004226
4,"R_Date","NM20",,"likelihood",-3229.5,0.004671
4,"R_Date","NM20",,"likelihood",-3224.5,0.004894
4,"R_Date","NM20",,"likelihood",-3219.5,0.004933
4,"R_Date","NM20",,"likelihood",-3214.5,0.00504
4,"R_Date","NM20",,"likelihood",-3209.5,0.004489
4,"R_Date","NM20",,"likelihood",-3204.5,0.003859
4,"R_Date","NM20",,"likelihood",-3199.5,0.003555
4,"R_Date","NM20",,"likelihood",-3194.5,0.004011
4,"R_Date","NM20",,"likelihood",-3189.5,0.004651
4,"R_Date","NM20",,"likelihood",-3184.5,0.004944
4,"R_Date","NM20",,"likelihood",-3179.5,0.004598
4,"R_Date","NM20",,"likelihood",-3174.5,0.004093
4,"R_Date","NM20",,"likelihood",-3169.5,0.003627
4,"R_Date","NM20",,"likelihood",-3164.5,0.003601
4,"R_Date","NM20",,"likelihood",-3159.5,0.003963
4,"R_Date","NM20",,"likelihood",-3154.5,0.004724
4,"R_Date","NM20",,"likelihood",-3149.5,0.004858
4,"R_Date","NM20",,"likelihood",-3144.5,0.004727
4,"R_Date","NM20",,"likelihood",-3139.5,0.004651
4,"R_Date","NM20",,"likelihood",-3134.5,0.004801
4,"R_Date","NM20",,"likelihood",-3129.5,0.004866
4,"R_Date","NM20",,"likelihood",-3124.5,0.004866
4,"R_Date","NM20",,"likelihood",-3119.5,0.004857
4,"R_Date","NM20",,"likelihood",-3114.5,0.004799
4,"R_Date","NM20",,"likelihood",-3109.5,0.004769
4,"R_Date","NM20",,"likelihood",-3104.5,0.004207
4,"R_Date","NM20",,"likelihood",-3099.5,0.0024229
4,"R_Date","NM20",,"likelihood",-3094.5,0.0008853
4,"R_Date","NM20",,"likelihood",-3089.5,0.0003225
4,"R_Date","NM20",,"likelihood",-3084.5,0.00015153
4,"R_Date","NM20",,"likelihood",-3079.5,0.00008696
4,"R_Date","NM20",,"likelihood",-3074.5,0.0000369
4,"R_Date","NM20",,"likelihood",-3069.5,0.000021193
4,"R_Date","NM20",,"likelihood",-3064.5,0.000031435
4,"R_Date","NM20",,"likelihood",-3059.5,0.0000763
4,"R_Date","NM20",,"likelihood",-3054.5,0.00023322
4,"R_Date","NM20",,"likelihood",-3049.5,0.0003566
4,"R_Date","NM20",,"likelihood",-3044.5,0.0003957
4,"R_Date","NM20",,"likelihood",-3039.5,0.000366
4,"R_Date","NM20",,"likelihood",-3034.5,0.000317
4,"R_Date","NM20",,"likelihood",-3029.5,0.0001598
4,"R_Date","NM20",,"likelihood",-3024.5,0.00002963
4,"R_Date","NM20",,"likelihood",-3019.5,0.000008815
4,"R_Date","NM20",,"likelihood",-3014.5,0.000003261
4,"R_Date","NM20",,"likelihood",-3009.5,7.963e-7
4,"R_Date","NM20",,"likelihood",-3004.5,1.3608e-7
4,"R_Date","NM20",,"likelihood",-2999.5,5.544e-8
4,"R_Date","NM20",,"likelihood",-2994.5,4.032e-8
4,"R_Date","NM20",,"likelihood",-2989.5,1.008e-7
4,"R_Date","NM20",,"likelihood",-2984.5,3.931e-7
4,"R_Date","NM20",,"likelihood",-2979.5,5.292e-7
4,"R_Date","NM20",,"likelihood",-2974.5,7.812e-7
4,"R_Date","NM20",,"likelihood",-2969.5,0.0000014717
4,"R_Date","NM20",,"likelihood",-2964.5,6.955e-7
4,"R_Date","NM20",,"likelihood",-2959.5,5.292e-7
4,"R_Date","NM20",,"likelihood",-2954.5,4.687e-7
4,"R_Date","NM20",,"likelihood",-2949.5,5.292e-7
4,"R_Date","NM20",,"likelihood",-2944.5,7.308e-7
4,"R_Date","NM20",,"likelihood",-2939.5,0.000001129
4,"R_Date","NM20",,"likelihood",-2934.5,8.316e-7
4,"R_Date","NM20",,"likelihood",-2929.5,2.4192e-7
4,"R_Date","NM20",,"likelihood",-2924.5,5.04e-8
4,"R_Date","NM20",,"likelihood",-2919.5,1.008e-8
4,"R_Date","NM20",,"likelihood",-2914.5,0
4,"R_Date","NM20",,"likelihood",-2909.5,0
4,"R_Date","NM20",,"likelihood",-2904.5,0
4,"R_Date","NM20",,"posterior",-3374.5,0
4,"R_Date","NM20",,"posterior",-3369.5,0
4,"R_Date","NM20",,"posterior",-3364.5,0
4,"R_Date","NM20",,"posterior",-3359.5,8.369e-8
4,"R_Date","NM20",,"posterior",-3354.5,0
4,"R_Date","NM20",,"posterior",-3349.5,8.369e-8
4,"R_Date","NM20",,"posterior",-3344.5,8.369e-8
4,"R_Date","NM20",,"posterior",-3339.5,1.6738e-7
4,"R_Date","NM20",,"posterior",-3334.5,0.0000019876
4,"R_Date","NM20",,"posterior",-3329.5,0.0000013809
4,"R_Date","NM20",,"posterior",-3324.5,0.0000012135
4,"R_Date","NM20",,"posterior",-3319.5,0.0000018202
4,"R_Date","NM20",,"posterior",-3314.5,0.000003724
4,"R_Date","NM20",,"posterior",-3309.5,0.0000017366
4,"R_Date","NM20",,"posterior",-3304.5,0.000004331
4,"R_Date","NM20",,"posterior",-3299.5,0.00000408
4,"R_Date","NM20",,"posterior",-3294.5,0.000004164
4,"R_Date","NM20",,"posterior",-3289.5,0.0000030337
4,"R_Date","NM20",,"posterior",-3284.5,0.0000031174
4,"R_Date","NM20",,"posterior",-3279.5,0.000004164
4,"R_Date","NM20",,"posterior",-3274.5,0.000006067
4,"R_Date","NM20",,"posterior",-3269.5,0.000007197
4,"R_Date","NM20",,"posterior",-3264.5,0.000006339
4,"R_Date","NM20",,"posterior",-3259.5,0.000004164
4,"R_Date","NM20",,"posterior",-3254.5,0.000003557
4,"R_Date","NM20",,"posterior",-3249.5,0.000006172
4,"R_Date","NM20",,"posterior",-3244.5,0.000007992
4,"R_Date","NM20",,"posterior",-3239.5,0.000010147
4,"R_Date","NM20",,"posterior",-3234.5,0.000016319
4,"R_Date","NM20",,"posterior",-3229.5,0.000016759
4,"R_Date","NM20",,"posterior",-3224.5,0.000022659
4,"R_Date","NM20",,"posterior",-3219.5,0.000023182
4,"R_Date","NM20",,"posterior",-3214.5,0.000022052
4,"R_Date","NM20",,"posterior",-3209.5,0.000021006
4,"R_Date","NM20",,"posterior",-3204.5,0.00002586
4,"R_Date","NM20",,"posterior",-3199.5,0.00002404
4,"R_Date","NM20",,"posterior",-3194.5,0.00003203
4,"R_Date","NM20",,"posterior",-3189.5,0.00005078
4,"R_Date","NM20",,"posterior",-3184.5,0.00006614
4,"R_Date","NM20",,"posterior",-3179.5,0.00008151
4,"R_Date","NM20",,"posterior",-3174.5,0.00009974
4,"R_Date","NM20",,"posterior",-3169.5,0.00014166
4,"R_Date","NM20",,"posterior",-3164.5,0.00016345
4,"R_Date","NM20",,"posterior",-3159.5,0.00023029
4,"R_Date","NM20",,"posterior",-3154.5,0.0003439
4,"R_Date","NM20",,"posterior",-3149.5,0.0004691
4,"R_Date","NM20",,"posterior",-3144.5,0.000596
4,"R_Date","NM20",,"posterior",-3139.5,0.0008227
4,"R_Date","NM20",,"posterior",-3134.5,0.0013201
4,"R_Date","NM20",,"posterior",-3129.5,0.0020055
4,"R_Date","NM20",,"posterior",-3124.5,0.003251
4,"R_Date","NM20",,"posterior",-3119.5,0.005365
4,"R_Date","NM20",,"posterior",-3114.5,0.009022
4,"R_Date","NM20",,"posterior",-3109.5,0.014775
4,"R_Date","NM20",,"posterior",-3104.5,0.020922
4,"R_Date","NM20",,"posterior",-3099.5,0.019113
4,"R_Date","NM20",,"posterior",-3094.5,0.010544
4,"R_Date","NM20",,"posterior",-3089.5,0.00488
4,"R_Date","NM20",,"posterior",-3084.5,0.0025906
4,"R_Date","NM20",,"posterior",-3079.5,0.0015267
4,"R_Date","NM20",,"posterior",-3074.5,0.0008305
4,"R_Date","NM20",,"posterior",-3069.5,0.0005627
4,"R_Date","NM20",,"posterior",-3064.5,0.0009848
4,"R_Date","NM20",,"posterior",-3059.5,0.0029496
4,"R_Date","NM20",,"posterior",-3054.5,0.009482
4,"R_Date","NM20",,"posterior",-3049.5,0.016883
4,"R_Date","NM20",,"posterior",-3044.5,0.020651
4,"R_Date","NM20",,"posterior",-3039.5,0.020241
4,"R_Date","NM20",,"posterior",-3034.5,0.017092
4,"R_Date","NM20",,"posterior",-3029.5,0.008781
4,"R_Date","NM20",,"posterior",-3024.5,0.0020036
4,"R_Date","NM20",,"posterior",-3019.5,0.0005515
4,"R_Date","NM20",,"posterior",-3014.5,0.0001909
4,"R_Date","NM20",,"posterior",-3009.5,0.00004871
4,"R_Date","NM20",,"posterior",-3004.5,0.00000929
4,"R_Date","NM20",,"posterior",-2999.5,0.0000028664
4,"R_Date","NM20",,"posterior",-2994.5,9.624e-7
4,"R_Date","NM20",,"posterior",-2989.5,0.0000021759
4,"R_Date","NM20",,"posterior",-2984.5,0.000007197
4,"R_Date","NM20",,"posterior",-2979.5,0.000010064
4,"R_Date","NM20",,"posterior",-2974.5,0.0000118
4,"R_Date","NM20",,"posterior",-2969.5,0.00001111
4,"R_Date","NM20",,"posterior",-2964.5,0.000006674
4,"R_Date","NM20",,"posterior",-2959.5,0.000003557
4,"R_Date","NM20",,"posterior",-2954.5,0.0000022596
4,"R_Date","NM20",,"posterior",-2949.5,0.0000012972
4,"R_Date","NM20",,"posterior",-2944.5,0.0000023433
4,"R_Date","NM20",,"posterior",-2939.5,0.0000025107
4,"R_Date","NM20",,"posterior",-2934.5,0.0000013809
4,"R_Date","NM20",,"posterior",-2929.5,2.5107e-7
4,"R_Date","NM20",,"posterior",-2924.5,0
4,"R_Date","NM20",,"posterior",-2919.5,0
5,"R_Date","NM28",,"likelihood",-3499.5,0
5,"R_Date","NM28",,"likelihood",-3494.5,0
5,"R_Date","NM28",,"likelihood",-3489.5,0
5,"R_Date","NM28",,"likelihood",-3484.5,2.7358e-8
5,"R_Date","NM28",,"likelihood",-3479.5,7.752e-8
5,"R_Date","NM28",,"likelihood",-3474.5,5.928e-8
5,"R_Date","NM28",,"likelihood",-3469.5,1.8239e-8
5,"R_Date","NM28",,"likelihood",-3464.5,0
5,"R_Date","NM28",,"likelihood",-3459.5,0
5,"R_Date","NM28",,"likelihood",-3454.5,0
5,"R_Date","NM28",,"likelihood",-3449.5,0
5,"R_Date","NM28",,"likelihood",-3444.5,0
5,"R_Date","NM28",,"likelihood",-3439.5,0
5,"R_Date","NM28",,"likelihood",-3434.5,0
5,"R_Date","NM28",,"likelihood",-3429.5,0
5,"R_Date","NM28",,"likelihood",-3424.5,0
5,"R_Date","NM28",,"likelihood",-3419.5,0
5,"R_Date","NM28",,"likelihood",-3414.5,0
5,"R_Date","NM28",,"likelihood",-3409.5,0
5,"R_Date","NM28",,"likelihood",-3404.5,0
5,"R_Date","NM28",,"likelihood",-3399.5,0
5,"R_Date","NM28",,"likelihood",-3394.5,0
5,"R_Date","NM28",,"likelihood",-3389.5,0
5,"R_Date","NM28",,"likelihood",-3384.5,0
5,"R_Date","NM28",,"likelihood",-3379.5,0
5,"R_Date","NM28",,"likelihood",-3374.5,0
5,"R_Date","NM28",,"likelihood",-3369.5,6.84e-8
5,"R_Date","NM28",,"likelihood",-3364.5,0.0000026857
5,"R_Date","NM28",,"likelihood",-3359.5,0.000029315
5,"R_Date","NM28",,"likelihood",-3354.5,0.0001277
5,"R_Date","NM28",,"likelihood",-3349.5,0.00030712
5,"R_Date","NM28",,"likelihood",-3344.5,0.0005002
5,"R_Date","NM28",,"likelihood",-3339.5,0.0008527
5,"R_Date","NM28",,"likelihood",-3334.5,0.0016202
5,"R_Date","NM28",,"likelihood",-3329.5,0.002565
5,"R_Date","NM28",,"likelihood",-3324.5,0.003452
5,"R_Date","NM28",,"likelihood",-3319.5,0.004005
5,"R_Date","NM28",,"likelihood",-3314.5,0.004271
5,"R_Date","NM28",,"likelihood",-3309.5,0.004425
5,"R_Date","NM28",,"likelihood",-3304.5,0.004502
5,"R_Date","NM28",,"likelihood",-3299.5,0.00456
5,"R_Date","NM28",,"likelihood",-3294.5,0.004407
5,"R_Date","NM28",,"likelihood",-3289.5,0.004219
5,"R_Date","NM28",,"likelihood",-3284.5,0.004407
5,"R_Date","NM28",,"likelihood",-3279.5,0.004534
5,"R_Date","NM28",,"likelihood",-3274.5,0.00456
5,"R_Date","NM28",,"likelihood",-3269.5,0.004355
5,"R_Date","NM28",,"likelihood",-3264.5,0.004537
5,"R_Date","NM28",,"likelihood",-3259.5,0.004536
5,"R_Date","NM28",,"likelihood",-3254.5,0.004268
5,"R_Date","NM28",,"likelihood",-3249.5,0.004536
5,"R_Date","NM28",,"likelihood",-3244.5,0.004552
5,"R_Date","NM28",,"likelihood",-3239.5,0.00448
5,"R_Date","NM28",,"likelihood",-3234.5,0.00398
5,"R_Date","NM28",,"likelihood",-3229.5,0.003452
5,"R_Date","NM28",,"likelihood",-3224.5,0.003229
5,"R_Date","NM28",,"likelihood",-3219.5,0.0031469
5,"R_Date","NM28",,"likelihood",-3214.5,0.0025595
5,"R_Date","NM28",,"likelihood",-3209.5,0.0016427
5,"R_Date","NM28",,"likelihood",-3204.5,0.0011113
5,"R_Date","NM28",,"likelihood",-3199.5,0.0009506
5,"R_Date","NM28",,"likelihood",-3194.5,0.0012537
5,"R_Date","NM28",,"likelihood",-3189.5,0.0019509
5,"R_Date","NM28",,"likelihood",-3184.5,0.0028109
5,"R_Date","NM28",,"likelihood",-3179.5,0.003431
5,"R_Date","NM28",,"likelihood",-3174.5,0.004005
5,"R_Date","NM28",,"likelihood",-3169.5,0.004271
5,"R_Date","NM28",,"likelihood",-3164.5,0.004221
5,"R_Date","NM28",,"likelihood",-3159.5,0.004022
5,"R_Date","NM28",,"likelihood",-3154.5,0.003375
5,"R_Date","NM28",,"likelihood",-3149.5,0.0024901
5,"R_Date","NM28",,"likelihood",-3144.5,0.0019328
5,"R_Date","NM28",,"likelihood",-3139.5,0.0019509
5,"R_Date","NM28",,"likelihood",-3134.5,0.0022544
5,"R_Date","NM28",,"likelihood",-3129.5,0.0025696
5,"R_Date","NM28",,"likelihood",-3124.5,0.0025696
5,"R_Date","NM28",,"likelihood",-3119.5,0.0028091
5,"R_Date","NM28",,"likelihood",-3114.5,0.0030473
5,"R_Date","NM28",,"likelihood",-3109.5,0.0031258
5,"R_Date","NM28",,"likelihood",-3104.5,0.003844
5,"R_Date","NM28",,"likelihood",-3099.5,0.00449
5,"R_Date","NM28",,"likelihood",-3094.5,0.003874
5,"R_Date","NM28",,"likelihood",-3089.5,0.0027177
5,"R_Date","NM28",,"likelihood",-3084.5,0.0020109
5,"R_Date","NM28",,"likelihood",-3079.5,0.0015817
5,"R_Date","NM28",,"likelihood",-3074.5,0.0011213
5,"R_Date","NM28",,"likelihood",-3069.5,0.000863
5,"R_Date","NM28",,"likelihood",-3064.5,0.0009886
5,"R_Date","NM28",,"likelihood",-3059.5,0.0015578
5,"R_Date","NM28",,"likelihood",-3054.5,0.002398
5,"R_Date","NM28",,"likelihood",-3049.5,0.0028906
5,"R_Date","NM28",,"likelihood",-3044.5,0.0030134
5,"R_Date","NM28",,"likelihood",-3039.5,0.0029314
5,"R_Date","NM28",,"likelihood",-3034.5,0.0027831
5,"R_Date","NM28",,"likelihood",-3029.5,0.0021332
5,"R_Date","NM28",,"likelihood",-3024.5,0.0010639
5,"R_Date","NM28",,"likelihood",-3019.5,0.0005619
5,"R_Date","NM28",,"likelihood",-3014.5,0.0003389
5,"R_Date","NM28",,"likelihood",-3009.5,0.00016098
5,"R_Date","NM28",,"likelihood",-3004.5,0.00006158
5,"R_Date","NM28",,"likelihood",-2999.5,0.0000341
5,"R_Date","NM28",,"likelihood",-2994.5,0.000030906
5,"R_Date","NM28",,"likelihood",-2989.5,0.00005158
5,"R_Date","NM28",,"likelihood",-2984.5,0.00010039
5,"R_Date","NM28",,"likelihood",-2979.5,0.00012929
5,"R_Date","NM28",,"likelihood",-2974.5,0.00015879
5,"R_Date","NM28",,"likelihood",-2969.5,0.00019078
5,"R_Date","NM28",,"likelihood",-2964.5,0.00014922
5,"R_Date","NM28",,"likelihood",-2959.5,0.00012917
5,"R_Date","NM28",,"likelihood",-2954.5,0.00012121
5,"R_Date","NM28",,"likelihood",-2949.5,0.00012945
5,"R_Date","NM28",,"likelihood",-2944.5,0.00015371
5,"R_Date","NM28",,"likelihood",-2939.5,0.00017906
5,"R_Date","NM28",,"likelihood",-2934.5,0.0001514
5,"R_Date","NM28",,"likelihood",-2929.5,0.00008405
5,"R_Date","NM28",,"likelihood",-2924.5,0.00003504
5,"R_Date","NM28",,"likelihood",-2919.5,0.000012147
5,"R_Date","NM28",,"likelihood",-2914.5,0.000001906
5,"R_Date","NM28",,"likelihood",-2909.5,1.8239e-7
5,"R_Date","NM28",,"likelihood",-2904.5,2.2799e-8
5,"R_Date","NM28",,"likelihood",-2899.5,0
5,"R_Date","NM28",,"likelihood",-2894.5,0
5,"R_Date","NM28",,"likelihood",-2889.5,0
5,"R_Date","NM28",,"posterior",-3354.5,0
5,"R_Date","NM28",,"posterior",-3349.5,0
5,"R_Date","NM28",,"posterior",-3344.5,0
5,"R_Date","NM28",,"posterior",-3339.5,2.5967e-7
5,"R_Date","NM28",,"posterior",-3334.5,0
5,"R_Date","NM28",,"posterior",-3329.5,0.0000012185
5,"R_Date","NM28",,"posterior",-3324.5,0.000001558
5,"R_Date","NM28",,"posterior",-3319.5,0.0000022572
5,"R_Date","NM28",,"posterior",-3314.5,0.0000018177
5,"R_Date","NM28",,"posterior",-3309.5,0.0000019975
5,"R_Date","NM28",,"posterior",-3304.5,0.000004514
5,"R_Date","NM28",,"posterior",-3299.5,0.000005813
5,"R_Date","NM28",,"posterior",-3294.5,0.000003556
5,"R_Date","NM28",,"posterior",-3289.5,0.000007371
5,"R_Date","NM28",,"posterior",-3284.5,0.000006072
5,"R_Date","NM28",,"posterior",-3279.5,0.00000817
5,"R_Date","NM28",,"posterior",-3274.5,0.000009628
5,"R_Date","NM28",,"posterior",-3269.5,0.000010407
5,"R_Date","NM28",,"posterior",-3264.5,0.000011466
5,"R_Date","NM28",,"posterior",-3259.5,0.000009208
5,"R_Date","NM28",,"posterior",-3254.5,0.000011286
5,"R_Date","NM28",,"posterior",-3249.5,0.000011725
5,"R_Date","NM28",,"posterior",-3244.5,0.000015281
5,"R_Date","NM28",,"posterior",-3239.5,0.000012764
5,"R_Date","NM28",,"posterior",-3234.5,0.000012245
5,"R_Date","NM28",,"posterior",-3229.5,0.000010687
5,"R_Date","NM28",,"posterior",-3224.5,0.000012245
5,"R_Date","NM28",,"posterior",-3219.5,0.000011885
5,"R_Date","NM28",,"posterior",-3214.5,0.000010327
5,"R_Date","NM28",,"posterior",-3209.5,0.00000789
5,"R_Date","NM28",,"posterior",-3204.5,0.000007031
5,"R_Date","NM28",,"posterior",-3199.5,0.000007211
5,"R_Date","NM28",,"posterior",-3194.5,0.000011805
5,"R_Date","NM28",,"posterior",-3189.5,0.000018656
5,"R_Date","NM28",,"posterior",-3184.5,0.00004185
5,"R_Date","NM28",,"posterior",-3179.5,0.00006068
5,"R_Date","NM28",,"posterior",-3174.5,0.00009878
5,"R_Date","NM28",,"posterior",-3169.5,0.00013367
5,"R_Date","NM28",,"posterior",-3164.5,0.00017404
5,"R_Date","NM28",,"posterior",-3159.5,0.00018037
5,"R_Date","NM28",,"posterior",-3154.5,0.00021319
5,"R_Date","NM28",,"posterior",-3149.5,0.00019861
5,"R_Date","NM28",,"posterior",-3144.5,0.00021337
5,"R_Date","NM28",,"posterior",-3139.5,0.00027961
5,"R_Date","NM28",,"posterior",-3134.5,0.000441
5,"R_Date","NM28",,"posterior",-3129.5,0.0007313
5,"R_Date","NM28",,"posterior",-3124.5,0.0011139
5,"R_Date","NM28",,"posterior",-3119.5,0.0018312
5,"R_Date","NM28",,"posterior",-3114.5,0.0028226
5,"R_Date","NM28",,"posterior",-3109.5,0.004351
5,"R_Date","NM28",,"posterior",-3104.5,0.007157
5,"R_Date","NM28",,"posterior",-3099.5,0.010119
5,"R_Date","NM28",,"posterior",-3094.5,0.010055
5,"R_Date","NM28",,"posterior",-3089.5,0.007953
5,"R_Date","NM28",,"posterior",-3084.5,0.006165
5,"R_Date","NM28",,"posterior",-3079.5,0.005042
5,"R_Date","NM28",,"posterior",-3074.5,0.003898
5,"R_Date","NM28",,"posterior",-3069.5,0.003347
5,"R_Date","NM28",,"posterior",-3064.5,0.00425
5,"R_Date","NM28",,"posterior",-3059.5,0.007525
5,"R_Date","NM28",,"posterior",-3054.5,0.012947
5,"R_Date","NM28",,"posterior",-3049.5,0.017597
5,"R_Date","NM28",,"posterior",-3044.5,0.019563
5,"R_Date","NM28",,"posterior",-3039.5,0.019975
5,"R_Date","NM28",,"posterior",-3034.5,0.018725
5,"R_Date","NM28",,"posterior",-3029.5,0.014276
5,"R_Date","NM28",,"posterior",-3024.5,0.007671
5,"R_Date","NM28",,"posterior",-3019.5,0.004022
5,"R_Date","NM28",,"posterior",-3014.5,0.002325
5,"R_Date","NM28",,"posterior",-3009.5,0.0011124
5,"R_Date","NM28",,"posterior",-3004.5,0.0004362
5,"R_Date","NM28",,"posterior",-2999.5,0.00020278
5,"R_Date","NM28",,"posterior",-2994.5,0.00016042
5,"R_Date","NM28",,"posterior",-2989.5,0.00020998
5,"R_Date","NM28",,"posterior",-2984.5,0.00030895
5,"R_Date","NM28",,"posterior",-2979.5,0.0003203
5,"R_Date","NM28",,"posterior",-2974.5,0.00034
5,"R_Date","NM28",,"posterior",-2969.5,0.0003229
5,"R_Date","NM28",,"posterior",-2964.5,0.00022691
5,"R_Date","NM28",,"posterior",-2959.5,0.00016433
5,"R_Date","NM28",,"posterior",-2954.5,0.000125
5,"R_Date","NM28",,"posterior",-2949.5,0.00009957
5,"R_Date","NM28",,"posterior",-2944.5,0.00009174
5,"R_Date","NM28",,"posterior",-2939.5,0.00007257
5,"R_Date","NM28",,"posterior",-2934.5,0.00004107
5,"R_Date","NM28",,"posterior",-2929.5,0.000015361
5,"R_Date","NM28",,"posterior",-2924.5,0.000003655
5,"R_Date","NM28",,"posterior",-2919.5,5.992e-7
5,"R_Date","NM28",,"posterior",-2914.5,7.99e-8
5,"R_Date","NM28",,"posterior",-2909.5,0
6,"R_Date","NM25",,"likelihood",-3379.5,0
6,"R_Date","NM25",,"likelihood",-3374.5,0
6,"R_Date","NM25",,"likelihood",-3369.5,0
6,"R_Date","NM25",,"likelihood",-3364.5,1.2986e-7
6,"R_Date","NM25",,"likelihood",-3359.5,0.000003501
6,"R_Date","NM25",,"likelihood",-3354.5,0.000027205
6,"R_Date","NM25",,"likelihood",-3349.5,0.00009728
6,"R_Date","NM25",,"likelihood",-3344.5,0.00017948
6,"R_Date","NM25",,"likelihood",-3339.5,0.0003866
6,"R_Date","NM25",,"likelihood",-3334.5,0.0009859
6,"R_Date","NM25",,"likelihood",-3329.5,0.0019869
6,"R_Date","NM25",,"likelihood",-3324.5,0.0031398
6,"R_Date","NM25",,"likelihood",-3319.5,0.004007
6,"R_Date","NM25",,"likelihood",-3314.5,0.004492
6,"R_Date","NM25",,"likelihood",-3309.5,0.00482
6,"R_Date","NM25",,"likelihood",-3304.5,0.005019
6,"R_Date","NM25",,"likelihood",-3299.5,0.005096
6,"R_Date","NM25",,"likelihood",-3294.5,0.004724
6,"R_Date","NM25",,"likelihood",-3289.5,0.004349
6,"R_Date","NM25",,"likelihood",-3284.5,0.004724
6,"R_Date","NM25",,"likelihood",-3279.5,0.005126
6,"R_Date","NM25",,"likelihood",-3274.5,0.005096
6,"R_Date","NM25",,"likelihood",-3269.5,0.004664
6,"R_Date","NM25",,"likelihood",-3264.5,0.005031
6,"R_Date","NM25",,"likelihood",-3259.5,0.005411
6,"R_Date","NM25",,"likelihood",-3254.5,0.005169
6,"R_Date","NM25",,"likelihood",-3249.5,0.005411
6,"R_Date","NM25",,"likelihood",-3244.5,0.005244
6,"R_Date","NM25",,"likelihood",-3239.5,0.004887
6,"R_Date","NM25",,"likelihood",-3234.5,0.003928
6,"R_Date","NM25",,"likelihood",-3229.5,0.0031398
6,"R_Date","NM25",,"likelihood",-3224.5,0.002796
6,"R_Date","NM25",,"likelihood",-3219.5,0.0026847
6,"R_Date","NM25",,"likelihood",-3214.5,0.0019527
6,"R_Date","NM25",,"likelihood",-3209.5,0.0010265
6,"R_Date","NM25",,"likelihood",-3204.5,0.0005676
6,"R_Date","NM25",,"likelihood",-3199.5,0.0004524
6,"R_Date","NM25",,"likelihood",-3194.5,0.0006928
6,"R_Date","NM25",,"likelihood",-3189.5,0.0013449
6,"R_Date","NM25",,"likelihood",-3184.5,0.0022828
6,"R_Date","NM25",,"likelihood",-3179.5,0.003142
6,"R_Date","NM25",,"likelihood",-3174.5,0.004007
6,"R_Date","NM25",,"likelihood",-3169.5,0.004492
6,"R_Date","NM25",,"likelihood",-3164.5,0.004439
6,"R_Date","NM25",,"likelihood",-3159.5,0.004073
6,"R_Date","NM25",,"likelihood",-3154.5,0.0030295
6,"R_Date","NM25",,"likelihood",-3149.5,0.0019277
6,"R_Date","NM25",,"likelihood",-3144.5,0.0013034
6,"R_Date","NM25",,"likelihood",-3139.5,0.0013449
6,"R_Date","NM25",,"likelihood",-3134.5,0.0016633
6,"R_Date","NM25",,"likelihood",-3129.5,0.0020203
6,"R_Date","NM25",,"likelihood",-3124.5,0.0020203
6,"R_Date","NM25",,"likelihood",-3119.5,0.0023099
6,"R_Date","NM25",,"likelihood",-3114.5,0.0026144
6,"R_Date","NM25",,"likelihood",-3109.5,0.0027185
6,"R_Date","NM25",,"likelihood",-3104.5,0.003774
6,"R_Date","NM25",,"likelihood",-3099.5,0.005154
6,"R_Date","NM25",,"likelihood",-3094.5,0.004739
6,"R_Date","NM25",,"likelihood",-3089.5,0.003237
6,"R_Date","NM25",,"likelihood",-3084.5,0.0022961
6,"R_Date","NM25",,"likelihood",-3079.5,0.0017348
6,"R_Date","NM25",,"likelihood",-3074.5,0.001145
6,"R_Date","NM25",,"likelihood",-3069.5,0.0008345
6,"R_Date","NM25",,"likelihood",-3064.5,0.0009922
6,"R_Date","NM25",,"likelihood",-3059.5,0.0016963
6,"R_Date","NM25",,"likelihood",-3054.5,0.0028107
6,"R_Date","NM25",,"likelihood",-3049.5,0.003471
6,"R_Date","NM25",,"likelihood",-3044.5,0.003636
6,"R_Date","NM25",,"likelihood",-3039.5,0.003526
6,"R_Date","NM25",,"likelihood",-3034.5,0.003327
6,"R_Date","NM25",,"likelihood",-3029.5,0.0024543
6,"R_Date","NM25",,"likelihood",-3024.5,0.001066
6,"R_Date","NM25",,"likelihood",-3019.5,0.0004946
6,"R_Date","NM25",,"likelihood",-3014.5,0.00026562
6,"R_Date","NM25",,"likelihood",-3009.5,0.00010558
6,"R_Date","NM25",,"likelihood",-3004.5,0.00003181
6,"R_Date","NM25",,"likelihood",-2999.5,0.00001581
6,"R_Date","NM25",,"likelihood",-2994.5,0.000013402
6,"R_Date","NM25",,"likelihood",-2989.5,0.00002549
6,"R_Date","NM25",,"likelihood",-2984.5,0.00006047
6,"R_Date","NM25",,"likelihood",-2979.5,0.0000804
6,"R_Date","NM25",,"likelihood",-2974.5,0.00010389
6,"R_Date","NM25",,"likelihood",-2969.5,0.00013695
6,"R_Date","NM25",,"likelihood",-2964.5,0.00009616
6,"R_Date","NM25",,"likelihood",-2959.5,0.00008029
6,"R_Date","NM25",,"likelihood",-2954.5,0.00007418
6,"R_Date","NM25",,"likelihood",-2949.5,0.00008051
6,"R_Date","NM25",,"likelihood",-2944.5,0.00009971
6,"R_Date","NM25",,"likelihood",-2939.5,0.00012365
6,"R_Date","NM25",,"likelihood",-2934.5,0.00010053
6,"R_Date","NM25",,"likelihood",-2929.5,0.00004699
6,"R_Date","NM25",,"likelihood",-2924.5,0.00001568
6,"R_Date","NM25",,"likelihood",-2919.5,0.000004356
6,"R_Date","NM25",,"likelihood",-2914.5,3.95e-7
6,"R_Date","NM25",,"likelihood",-2909.5,1.6232e-8
6,"R_Date","NM25",,"likelihood",-2904.5,0
6,"R_Date","NM25",,"likelihood",-2899.5,0
6,"R_Date","NM25",,"likelihood",-2894.5,0
6,"R_Date","NM25",,"posterior",-3349.5,0
6,"R_Date","NM25",,"posterior",-3344.5,0
6,"R_Date","NM25",,"posterior",-3339.5,1.7023e-7
6,"R_Date","NM25",,"posterior",-3334.5,2.5535e-7
6,"R_Date","NM25",,"posterior",-3329.5,6.171e-7
6,"R_Date","NM25",,"posterior",-3324.5,0.0000013831
6,"R_Date","NM25",,"posterior",-3319.5,0.0000016598
6,"R_Date","NM25",,"posterior",-3314.5,0.0000025961
6,"R_Date","NM25",,"posterior",-3309.5,0.0000029578
6,"R_Date","NM25",,"posterior",-3304.5,0.000003724
6,"R_Date","NM25",,"posterior",-3299.5,0.000005894
6,"R_Date","NM25",,"posterior",-3294.5,0.000007809
6,"R_Date","NM25",,"posterior",-3289.5,0.000006171
6,"R_Date","NM25",,"posterior",-3284.5,0.000006852
6,"R_Date","NM25",,"posterior",-3279.5,0.000009022
6,"R_Date","NM25",,"posterior",-3274.5,0.00001181
6,"R_Date","NM25",,"posterior",-3269.5,0.000008682
6,"R_Date","NM25",,"posterior",-3264.5,0.000009639
6,"R_Date","NM25",,"posterior",-3259.5,0.000012767
6,"R_Date","NM25",,"posterior",-3254.5,0.000013278
6,"R_Date","NM25",,"posterior",-3249.5,0.000016066
6,"R_Date","NM25",,"posterior",-3244.5,0.000014853
6,"R_Date","NM25",,"posterior",-3239.5,0.000013448
6,"R_Date","NM25",,"posterior",-3234.5,0.000011363
6,"R_Date","NM25",,"posterior",-3229.5,0.00001198
6,"R_Date","NM25",,"posterior",-3224.5,0.00000981
6,"R_Date","NM25",,"posterior",-3219.5,0.000010852
6,"R_Date","NM25",,"posterior",-3214.5,0.000008937
6,"R_Date","NM25",,"posterior",-3209.5,0.000004958
6,"R_Date","NM25",,"posterior",-3204.5,0.0000030429
6,"R_Date","NM25",,"posterior",-3199.5,0.0000026812
6,"R_Date","NM25",,"posterior",-3194.5,0.000006171
6,"R_Date","NM25",,"posterior",-3189.5,0.000015364
6,"R_Date","NM25",,"posterior",-3184.5,0.0000356
6,"R_Date","NM25",,"posterior",-3179.5,0.0000619
6,"R_Date","NM25",,"posterior",-3174.5,0.00010157
6,"R_Date","NM25",,"posterior",-3169.5,0.00014157
6,"R_Date","NM25",,"posterior",-3164.5,0.00017596
6,"R_Date","NM25",,"posterior",-3159.5,0.00021511
6,"R_Date","NM25",,"posterior",-3154.5,0.00019166
6,"R_Date","NM25",,"posterior",-3149.5,0.00015408
6,"R_Date","NM25",,"posterior",-3144.5,0.00013663
6,"R_Date","NM25",,"posterior",-3139.5,0.0001967
6,"R_Date","NM25",,"posterior",-3134.5,0.0003341
6,"R_Date","NM25",,"posterior",-3129.5,0.0005674
6,"R_Date","NM25",,"posterior",-3124.5,0.0008608
6,"R_Date","NM25",,"posterior",-3119.5,0.0014075
6,"R_Date","NM25",,"posterior",-3114.5,0.0022746
6,"R_Date","NM25",,"posterior",-3109.5,0.003559
6,"R_Date","NM25",,"posterior",-3104.5,0.00651
6,"R_Date","NM25",,"posterior",-3099.5,0.010621
6,"R_Date","NM25",,"posterior",-3094.5,0.01115
6,"R_Date","NM25",,"posterior",-3089.5,0.008598
6,"R_Date","NM25",,"posterior",-3084.5,0.006509
6,"R_Date","NM25",,"posterior",-3079.5,0.004986
6,"R_Date","NM25",,"posterior",-3074.5,0.003611
6,"R_Date","NM25",,"posterior",-3069.5,0.0029809
6,"R_Date","NM25",,"posterior",-3064.5,0.003925
6,"R_Date","NM25",,"posterior",-3059.5,0.007375
6,"R_Date","NM25",,"posterior",-3054.5,0.013367
6,"R_Date","NM25",,"posterior",-3049.5,0.018722
6,"R_Date","NM25",,"posterior",-3044.5,0.021247
6,"R_Date","NM25",,"posterior",-3039.5,0.021279
6,"R_Date","NM25",,"posterior",-3034.5,0.019737
6,"R_Date","NM25",,"posterior",-3029.5,0.014635
6,"R_Date","NM25",,"posterior",-3024.5,0.006998
6,"R_Date","NM25",,"posterior",-3019.5,0.0031418
6,"R_Date","NM25",,"posterior",-3014.5,0.0016189
6,"R_Date","NM25",,"posterior",-3009.5,0.0006409
6,"R_Date","NM25",,"posterior",-3004.5,0.00019583
6,"R_Date","NM25",,"posterior",-2999.5,0.0000855
6,"R_Date","NM25",,"posterior",-2994.5,0.00006658
6,"R_Date","NM25",,"posterior",-2989.5,0.00009635
6,"R_Date","NM25",,"posterior",-2984.5,0.00015685
6,"R_Date","NM25",,"posterior",-2979.5,0.00019045
6,"R_Date","NM25",,"posterior",-2974.5,0.00020598
6,"R_Date","NM25",,"posterior",-2969.5,0.00020719
6,"R_Date","NM25",,"posterior",-2964.5,0.00012804
6,"R_Date","NM25",,"posterior",-2959.5,0.00009054
6,"R_Date","NM25",,"posterior",-2954.5,0.00007101
6,"R_Date","NM25",,"posterior",-2949.5,0.00006128
6,"R_Date","NM25",,"posterior",-2944.5,0.00005686
6,"R_Date","NM25",,"posterior",-2939.5,0.00004809
6,"R_Date","NM25",,"posterior",-2934.5,0.000028557
6,"R_Date","NM25",,"posterior",-2929.5,0.000008852
6,"R_Date","NM25",,"posterior",-2924.5,0.0000020002
6,"R_Date","NM25",,"posterior",-2919.5,2.5535e-7
6,"R_Date","NM25",,"posterior",-2914.5,0
7,"R_Date","NM18",,"likelihood",-3379.5,0
7,"R_Date","NM18",,"likelihood",-3374.5,0
7,"R_Date","NM18",,"likelihood",-3369.5,0
7,"R_Date","NM18",,"likelihood",-3364.5,1.2986e-7
7,"R_Date","NM18",,"likelihood",-3359.5,0.000003501
7,"R_Date","NM18",,"likelihood",-3354.5,0.000027205
7,"R_Date","NM18",,"likelihood",-3349.5,0.00009728
7,"R_Date","NM18",,"likelihood",-3344.5,0.00017948
7,"R_Date","NM18",,"likelihood",-3339.5,0.0003866
7,"R_Date","NM18",,"likelihood",-3334.5,0.0009859
7,"R_Date","NM18",,"likelihood",-3329.5,0.0019869
7,"R_Date","NM18",,"likelihood",-3324.5,0.0031398
7,"R_Date","NM18",,"likelihood",-3319.5,0.004007
7,"R_Date","NM18",,"likelihood",-3314.5,0.004492
7,"R_Date","NM18",,"likelihood",-3309.5,0.00482
7,"R_Date","NM18",,"likelihood",-3304.5,0.005019
7,"R_Date","NM18",,"likelihood",-3299.5,0.005096
7,"R_Date","NM18",,"likelihood",-3294.5,0.004724
7,"R_Date","NM18",,"likelihood",-3289.5,0.004349
7,"R_Date","NM18",,"likelihood",-3284.5,0.004724
7,"R_Date","NM18",,"likelihood",-3279.5,0.005126
7,"R_Date","NM18",,"likelihood",-3274.5,0.005096
7,"R_Date","NM18",,"likelihood",-3269.5,0.004664
7,"R_Date","NM18",,"likelihood",-3264.5,0.005031
7,"R_Date","NM18",,"likelihood",-3259.5,0.005411
7,"R_Date","NM18",,"likelihood",-3254.5,0.005169
7,"R_Date","NM18",,"likelihood",-3249.5,0.005411
7,"R_Date","NM18",,"likelihood",-3244.5,0.005244
7,"R_Date","NM18",,"likelihood",-3239.5,0.004887
7,"R_Date","NM18",,"likelihood",-3234.5,0.003928
7,"R_Date","NM18",,"likelihood",-3229.5,0.0031398
7,"R_Date","NM18",,"likelihood",-3224.5,0.002796
7,"R_Date","NM18",,"likelihood",-3219.5,0.0026847
7,"R_Date","NM18",,"likelihood",-3214.5,0.0019527
7,"R_Date","NM18",,"likelihood",-3209.5,0.0010265
7,"R_Date","NM18",,"likelihood",-3204.5,0.0005676
7,"R_Date","NM18",,"likelihood",-3199.5,0.0004524
7,"R_Date","NM18",,"likelihood",-3194.5,0.0006928
7,"R_Date","NM18",,"likelihood",-3189.5,0.0013449
7,"R_Date","NM18",,"likelihood",-3184.5,0.0022828
7,"R_Date","NM18",,"likelihood",-3179.5,0.003142
7,"R_Date","NM18",,"likelihood",-3174.5,0.004007
7,"R_Date","NM18",,"likelihood",-3169.5,0.004492
7,"R_Date","NM18",,"likelihood",-3164.5,0.004439
7,"R_Date","NM18",,"likelihood",-3159.5,0.004073
7,"R_Date","NM18",,"likelihood",-3154.5,0.0030295
7,"R_Date","NM18",,"likelihood",-3149.5,0.0019277
7,"R_Date","NM18",,"likelihood",-3144.5,0.0013034
7,"R_Date","NM18",,"likelihood",-3139.5,0.0013449
7,"R_Date","NM18",,"likelihood",-3134.5,0.0016633
7,"R_Date","NM18",,"likelihood",-3129.5,0.0020203
7,"R_Date","NM18",,"likelihood",-3124.5,0.0020203
7,"R_Date","NM18",,"likelihood",-3119.5,0.0023099
7,"R_Date","NM18",,"likelihood",-3114.5,0.0026144
7,"R_Date","NM18",,"likelihood",-3109.5,0.0027185
7,"R_Date","NM18",,"likelihood",-3104.5,0.003774
7,"R_Date","NM18",,"likelihood",-3099.5,0.005154
7,"R_Date","NM18",,"likelihood",-3094.5,0.004739
7,"R_Date","NM18",,"likelihood",-3089.5,0.003237
7,"R_Date","NM18",,"likelihood",-3084.5,0.0022961
7,"R_Date","NM18",,"likelihood",-3079.5,0.0017348
7,"R_Date","NM18",,"likelihood",-3074.5,0.001145
7,"R_Date","NM18",,"likelihood",-3069.5,0.0008345
7,"R_Date","NM18",,"likelihood",-3064.5,0.0009922
7,"R_Date","NM18",,"likelihood",-3059.5,0.0016963
7,"R_Date","NM18",,"likelihood",-3054.5,0.0028107
7,"R_Date","NM18",,"likelihood",-3049.5,0.003471
7,"R_Date","NM18",,"likelihood",-3044.5,0.003636
7,"R_Date","NM18",,"likelihood",-3039.5,0.003526
7,"R_Date","NM18",,"likelihood",-3034.5,0.003327
7,"R_Date","NM18",,"likelihood",-3029.5,0.0024543
7,"R_Date","NM18",,"likelihood",-3024.5,0.001066
7,"R_Date","NM18",,"likelihood",-3019.5,0.0004946
7,"R_Date","NM18",,"likelihood",-3014.5,0.00026562
7,"R_Date","NM18",,"likelihood",-3009.5,0.00010558
7,"R_Date","NM18",,"likelihood",-3004.5,0.00003181
7,"R_Date","NM18",,"likelihood",-2999.5,0.00001581
7,"R_Date","NM18",,"likelihood",-2994.5,0.000013402
7,"R_Date","NM18",,"likelihood",-2989.5,0.00002549
7,"R_Date","NM18",,"likelihood",-2984.5,0.00006047
7,"R_Date","NM18",,"likelihood",-2979.5,0.0000804
7,"R_Date","NM18",,"likelihood",-2974.5,0.00010389
7,"R_Date","NM18",,"likelihood",-2969.5,0.00013695
7,"R_Date","NM18",,"likelihood",-2964.5,0.00009616
7,"R_Date","NM18",,"likelihood",-2959.5,0.00008029
7,"R_Date","NM18",,"likelihood",-2954.5,0.00007418
7,"R_Date","NM18",,"likelihood",-2949.5,0.00008051
7,"R_Date","NM18",,"likelihood",-2944.5,0.00009971
7,"R_Date","NM18",,"likelihood",-2939.5,0.00012365
7,"R_Date","NM18",,"likelihood",-2934.5,0.00010053
7,"R_Date","NM18",,"likelihood",-2929.5,0.00004699
7,"R_Date","NM18",,"likelihood",-2924.5,0.00001568
7,"R_Date","NM18",,"likelihood",-2919.5,0.000004356
7,"R_Date","NM18",,"likelihood",-2914.5,3.95e-7
7,"R_Date","NM18",,"likelihood",-2909.5,1.6232e-8
7,"R_Date","NM18",,"likelihood",-2904.5,0
7,"R_Date","NM18",,"likelihood",-2899.5,0
7,"R_Date","NM18",,"likelihood",-2894.5,0
7,"R_Date","NM18",,"posterior",-3349.5,0
7,"R_Date","NM18",,"posterior",-3344.5,0
7,"R_Date","NM18",,"posterior",-3339.5,8.51e-8
7,"R_Date","NM18",,"posterior",-3334.5,2.5531e-7
7,"R_Date","NM18",,"posterior",-3329.5,6.17e-7
7,"R_Date","NM18",,"posterior",-3324.5,0.0000011276
7,"R_Date","NM18",,"posterior",-3319.5,0.0000011276
7,"R_Date","NM18",,"posterior",-3314.5,0.0000028723
7,"R_Date","NM18",,"posterior",-3309.5,0.000004085
7,"R_Date","NM18",,"posterior",-3304.5,0.000005808
7,"R_Date","NM18",,"posterior",-3299.5,0.000004957
7,"R_Date","NM18",,"posterior",-3294.5,0.000007127
7,"R_Date","NM18",,"posterior",-3289.5,0.00000651
7,"R_Date","NM18",,"posterior",-3284.5,0.000007127
7,"R_Date","NM18",,"posterior",-3279.5,0.000008255
7,"R_Date","NM18",,"posterior",-3274.5,0.000011276
7,"R_Date","NM18",,"posterior",-3269.5,0.000011808
7,"R_Date","NM18",,"posterior",-3264.5,0.000012404
7,"R_Date","NM18",,"posterior",-3259.5,0.000012936
7,"R_Date","NM18",,"posterior",-3254.5,0.000012234
7,"R_Date","NM18",,"posterior",-3249.5,0.000014766
7,"R_Date","NM18",,"posterior",-3244.5,0.000012595
7,"R_Date","NM18",,"posterior",-3239.5,0.000011553
7,"R_Date","NM18",,"posterior",-3234.5,0.000010425
7,"R_Date","NM18",,"posterior",-3229.5,0.000011021
7,"R_Date","NM18",,"posterior",-3224.5,0.000012149
7,"R_Date","NM18",,"posterior",-3219.5,0.000007808
7,"R_Date","NM18",,"posterior",-3214.5,0.000008064
7,"R_Date","NM18",,"posterior",-3209.5,0.000004957
7,"R_Date","NM18",,"posterior",-3204.5,0.000003468
7,"R_Date","NM18",,"posterior",-3199.5,0.000003298
7,"R_Date","NM18",,"posterior",-3194.5,0.000007127
7,"R_Date","NM18",,"posterior",-3189.5,0.000017106
7,"R_Date","NM18",,"posterior",-3184.5,0.00003551
7,"R_Date","NM18",,"posterior",-3179.5,0.00005225
7,"R_Date","NM18",,"posterior",-3174.5,0.00009366
7,"R_Date","NM18",,"posterior",-3169.5,0.00014766
7,"R_Date","NM18",,"posterior",-3164.5,0.00018376
7,"R_Date","NM18",,"posterior",-3159.5,0.00020312
7,"R_Date","NM18",,"posterior",-3154.5,0.00017891
7,"R_Date","NM18",,"posterior",-3149.5,0.00015183
7,"R_Date","NM18",,"posterior",-3144.5,0.00013672
7,"R_Date","NM18",,"posterior",-3139.5,0.00018393
7,"R_Date","NM18",,"posterior",-3134.5,0.0003382
7,"R_Date","NM18",,"posterior",-3129.5,0.0005742
7,"R_Date","NM18",,"posterior",-3124.5,0.0008681
7,"R_Date","NM18",,"posterior",-3119.5,0.0014188
7,"R_Date","NM18",,"posterior",-3114.5,0.0022968
7,"R_Date","NM18",,"posterior",-3109.5,0.003559
7,"R_Date","NM18",,"posterior",-3104.5,0.006609
7,"R_Date","NM18",,"posterior",-3099.5,0.010592
7,"R_Date","NM18",,"posterior",-3094.5,0.011142
7,"R_Date","NM18",,"posterior",-3089.5,0.00858
7,"R_Date","NM18",,"posterior",-3084.5,0.006415
7,"R_Date","NM18",,"posterior",-3079.5,0.005087
7,"R_Date","NM18",,"posterior",-3074.5,0.003604
7,"R_Date","NM18",,"posterior",-3069.5,0.0030049
7,"R_Date","NM18",,"posterior",-3064.5,0.003909
7,"R_Date","NM18",,"posterior",-3059.5,0.007332
7,"R_Date","NM18",,"posterior",-3054.5,0.013553
7,"R_Date","NM18",,"posterior",-3049.5,0.01876
7,"R_Date","NM18",,"posterior",-3044.5,0.021222
7,"R_Date","NM18",,"posterior",-3039.5,0.021276
7,"R_Date","NM18",,"posterior",-3034.5,0.019744
7,"R_Date","NM18",,"posterior",-3029.5,0.01445
7,"R_Date","NM18",,"posterior",-3024.5,0.006957
7,"R_Date","NM18",,"posterior",-3019.5,0.0031551
7,"R_Date","NM18",,"posterior",-3014.5,0.0016148
7,"R_Date","NM18",,"posterior",-3009.5,0.0006519
7,"R_Date","NM18",,"posterior",-3004.5,0.00020225
7,"R_Date","NM18",,"posterior",-2999.5,0.00008255
7,"R_Date","NM18",,"posterior",-2994.5,0.00006181
7,"R_Date","NM18",,"posterior",-2989.5,0.00009098
7,"R_Date","NM18",,"posterior",-2984.5,0.0001697
7,"R_Date","NM18",,"posterior",-2979.5,0.00017908
7,"R_Date","NM18",,"posterior",-2974.5,0.00020625
7,"R_Date","NM18",,"posterior",-2969.5,0.00020261
7,"R_Date","NM18",,"posterior",-2964.5,0.00013063
7,"R_Date","NM18",,"posterior",-2959.5,0.00008759
7,"R_Date","NM18",,"posterior",-2954.5,0.00006727
7,"R_Date","NM18",,"posterior",-2949.5,0.00006042
7,"R_Date","NM18",,"posterior",-2944.5,0.00005547
7,"R_Date","NM18",,"posterior",-2939.5,0.00004853
7,"R_Date","NM18",,"posterior",-2934.5,0.000026999
7,"R_Date","NM18",,"posterior",-2929.5,0.000008766
7,"R_Date","NM18",,"posterior",-2924.5,0.0000015531
7,"R_Date","NM18",,"posterior",-2919.5,2.5531e-7
7,"R_Date","NM18",,"posterior",-2914.5,0
8,"R_Date","NM26",,"likelihood",-3499.5,0
8,"R_Date","NM26",,"likelihood",-3494.5,0
8,"R_Date","NM26",,"likelihood",-3489.5,0
8,"R_Date","NM26",,"likelihood",-3484.5,4.948e-9
8,"R_Date","NM26",,"likelihood",-3479.5,1.9791e-8
8,"R_Date","NM26",,"likelihood",-3474.5,1.4843e-8
8,"R_Date","NM26",,"likelihood",-3469.5,4.948e-9
8,"R_Date","NM26",,"likelihood",-3464.5,0
8,"R_Date","NM26",,"likelihood",-3459.5,0
8,"R_Date","NM26",,"likelihood",-3454.5,0
8,"R_Date","NM26",,"likelihood",-3449.5,0
8,"R_Date","NM26",,"likelihood",-3444.5,0
8,"R_Date","NM26",,"likelihood",-3439.5,0
8,"R_Date","NM26",,"likelihood",-3434.5,0
8,"R_Date","NM26",,"likelihood",-3429.5,0
8,"R_Date","NM26",,"likelihood",-3424.5,0
8,"R_Date","NM26",,"likelihood",-3419.5,0
8,"R_Date","NM26",,"likelihood",-3414.5,0
8,"R_Date","NM26",,"likelihood",-3409.5,0
8,"R_Date","NM26",,"likelihood",-3404.5,0
8,"R_Date","NM26",,"likelihood",-3399.5,0
8,"R_Date","NM26",,"likelihood",-3394.5,0
8,"R_Date","NM26",,"likelihood",-3389.5,0
8,"R_Date","NM26",,"likelihood",-3384.5,0
8,"R_Date","NM26",,"likelihood",-3379.5,0
8,"R_Date","NM26",,"likelihood",-3374.5,0
8,"R_Date","NM26",,"likelihood",-3369.5,1.9791e-8
8,"R_Date","NM26",,"likelihood",-3364.5,8.906e-7
8,"R_Date","NM26",,"likelihood",-3359.5,0.00001186
8,"R_Date","NM26",,"likelihood",-3354.5,0.00005986
8,"R_Date","NM26",,"likelihood",-3349.5,0.00016155
8,"R_Date","NM26",,"likelihood",-3344.5,0.00027441
8,"R_Date","NM26",,"likelihood",-3339.5,0.0005071
8,"R_Date","NM26",,"likelihood",-3334.5,0.0010831
8,"R_Date","NM26",,"likelihood",-3329.5,0.001929
8,"R_Date","NM26",,"likelihood",-3324.5,0.0028603
8,"R_Date","NM26",,"likelihood",-3319.5,0.003562
8,"R_Date","NM26",,"likelihood",-3314.5,0.00397
8,"R_Date","NM26",,"likelihood",-3309.5,0.004262
8,"R_Date","NM26",,"likelihood",-3304.5,0.004453
8,"R_Date","NM26",,"likelihood",-3299.5,0.004499
8,"R_Date","NM26",,"likelihood",-3294.5,0.004155
8,"R_Date","NM26",,"likelihood",-3289.5,0.003836
8,"R_Date","NM26",,"likelihood",-3284.5,0.004155
8,"R_Date","NM26",,"likelihood",-3279.5,0.004565
8,"R_Date","NM26",,"likelihood",-3274.5,0.004499
8,"R_Date","NM26",,"likelihood",-3269.5,0.004121
8,"R_Date","NM26",,"likelihood",-3264.5,0.004436
8,"R_Date","NM26",,"likelihood",-3259.5,0.004948
8,"R_Date","NM26",,"likelihood",-3254.5,0.00491
8,"R_Date","NM26",,"likelihood",-3249.5,0.004948
8,"R_Date","NM26",,"likelihood",-3244.5,0.004706
8,"R_Date","NM26",,"likelihood",-3239.5,0.004301
8,"R_Date","NM26",,"likelihood",-3234.5,0.00349
8,"R_Date","NM26",,"likelihood",-3229.5,0.0028603
8,"R_Date","NM26",,"likelihood",-3224.5,0.0025863
8,"R_Date","NM26",,"likelihood",-3219.5,0.0024975
8,"R_Date","NM26",,"likelihood",-3214.5,0.0019067
8,"R_Date","NM26",,"likelihood",-3209.5,0.0011117
8,"R_Date","NM26",,"likelihood",-3204.5,0.0006913
8,"R_Date","NM26",,"likelihood",-3199.5,0.0005756
8,"R_Date","NM26",,"likelihood",-3194.5,0.0008049
8,"R_Date","NM26",,"likelihood",-3189.5,0.0013833
8,"R_Date","NM26",,"likelihood",-3184.5,0.0021706
8,"R_Date","NM26",,"likelihood",-3179.5,0.0028631
8,"R_Date","NM26",,"likelihood",-3174.5,0.003562
8,"R_Date","NM26",,"likelihood",-3169.5,0.00397
8,"R_Date","NM26",,"likelihood",-3164.5,0.00394
8,"R_Date","NM26",,"likelihood",-3159.5,0.003627
8,"R_Date","NM26",,"likelihood",-3154.5,0.0027719
8,"R_Date","NM26",,"likelihood",-3149.5,0.0018747
8,"R_Date","NM26",,"likelihood",-3144.5,0.0013548
8,"R_Date","NM26",,"likelihood",-3139.5,0.0013833
8,"R_Date","NM26",,"likelihood",-3134.5,0.0016542
8,"R_Date","NM26",,"likelihood",-3129.5,0.0019512
8,"R_Date","NM26",,"likelihood",-3124.5,0.0019512
8,"R_Date","NM26",,"likelihood",-3119.5,0.0021887
8,"R_Date","NM26",,"likelihood",-3114.5,0.0024363
8,"R_Date","NM26",,"likelihood",-3109.5,0.0025205
8,"R_Date","NM26",,"likelihood",-3104.5,0.003378
8,"R_Date","NM26",,"likelihood",-3099.5,0.004648
8,"R_Date","NM26",,"likelihood",-3094.5,0.004744
8,"R_Date","NM26",,"likelihood",-3089.5,0.003778
8,"R_Date","NM26",,"likelihood",-3084.5,0.0030237
8,"R_Date","NM26",,"likelihood",-3079.5,0.0025062
8,"R_Date","NM26",,"likelihood",-3074.5,0.0019122
8,"R_Date","NM26",,"likelihood",-3069.5,0.0015394
8,"R_Date","NM26",,"likelihood",-3064.5,0.0017093
8,"R_Date","NM26",,"likelihood",-3059.5,0.0024946
8,"R_Date","NM26",,"likelihood",-3054.5,0.003452
8,"R_Date","NM26",,"likelihood",-3049.5,0.003967
8,"R_Date","NM26",,"likelihood",-3044.5,0.004085
8,"R_Date","NM26",,"likelihood",-3039.5,0.00401
8,"R_Date","NM26",,"likelihood",-3034.5,0.003869
8,"R_Date","NM26",,"likelihood",-3029.5,0.003186
8,"R_Date","NM26",,"likelihood",-3024.5,0.001846
8,"R_Date","NM26",,"likelihood",-3019.5,0.0010715
8,"R_Date","NM26",,"likelihood",-3014.5,0.0006933
8,"R_Date","NM26",,"likelihood",-3009.5,0.0003612
8,"R_Date","NM26",,"likelihood",-3004.5,0.00015349
8,"R_Date","NM26",,"likelihood",-2999.5,0.00008897
8,"R_Date","NM26",,"likelihood",-2994.5,0.00008246
8,"R_Date","NM26",,"likelihood",-2989.5,0.00013089
8,"R_Date","NM26",,"likelihood",-2984.5,0.0002348
8,"R_Date","NM26",,"likelihood",-2979.5,0.00029744
8,"R_Date","NM26",,"likelihood",-2974.5,0.0003567
8,"R_Date","NM26",,"likelihood",-2969.5,0.0004104
8,"R_Date","NM26",,"likelihood",-2964.5,0.0003377
8,"R_Date","NM26",,"likelihood",-2959.5,0.00029723
8,"R_Date","NM26",,"likelihood",-2954.5,0.00028091
8,"R_Date","NM26",,"likelihood",-2949.5,0.00029779
8,"R_Date","NM26",,"likelihood",-2944.5,0.0003467
8,"R_Date","NM26",,"likelihood",-2939.5,0.0003924
8,"R_Date","NM26",,"likelihood",-2934.5,0.0003383
8,"R_Date","NM26",,"likelihood",-2929.5,0.00020273
8,"R_Date","NM26",,"likelihood",-2924.5,0.0000924
8,"R_Date","NM26",,"likelihood",-2919.5,0.00003482
8,"R_Date","NM26",,"likelihood",-2914.5,0.000006457
8,"R_Date","NM26",,"likelihood",-2909.5,7.422e-7
8,"R_Date","NM26",,"likelihood",-2904.5,1.039e-7
8,"R_Date","NM26",,"likelihood",-2899.5,9.895e-9
8,"R_Date","NM26",,"likelihood",-2894.5,0
8,"R_Date","NM26",,"likelihood",-2889.5,0
8,"R_Date","NM26",,"likelihood",-2884.5,0
8,"R_Date","NM26",,"posterior",-3354.5,0
8,"R_Date","NM26",,"posterior",-3349.5,0
8,"R_Date","NM26",,"posterior",-3344.5,0
8,"R_Date","NM26",,"posterior",-3339.5,2.659e-7
8,"R_Date","NM26",,"posterior",-3334.5,6.078e-7
8,"R_Date","NM26",,"posterior",-3329.5,5.128e-7
8,"R_Date","NM26",,"posterior",-3324.5,0.0000021652
8,"R_Date","NM26",,"posterior",-3319.5,0.0000013105
8,"R_Date","NM26",,"posterior",-3314.5,0.000002526
8,"R_Date","NM26",,"posterior",-3309.5,0.000003305
8,"R_Date","NM26",,"posterior",-3304.5,0.000004083
8,"R_Date","NM26",,"posterior",-3299.5,0.000004691
8,"R_Date","NM26",,"posterior",-3294.5,0.000004691
8,"R_Date","NM26",,"posterior",-3289.5,0.000005736
8,"R_Date","NM26",,"posterior",-3284.5,0.000006685
8,"R_Date","NM26",,"posterior",-3279.5,0.000007559
8,"R_Date","NM26",,"posterior",-3274.5,0.000006856
8,"R_Date","NM26",,"posterior",-3269.5,0.000008072
8,"R_Date","NM26",,"posterior",-3264.5,0.000009895
8,"R_Date","NM26",,"posterior",-3259.5,0.000011377
8,"R_Date","NM26",,"posterior",-3254.5,0.000011624
8,"R_Date","NM26",,"posterior",-3249.5,0.000010237
8,"R_Date","NM26",,"posterior",-3244.5,0.000012668
8,"R_Date","NM26",,"posterior",-3239.5,0.000011548
8,"R_Date","NM26",,"posterior",-3234.5,0.000009553
8,"R_Date","NM26",,"posterior",-3229.5,0.000009022
8,"R_Date","NM26",,"posterior",-3224.5,0.000008851
8,"R_Date","NM26",,"posterior",-3219.5,0.000011377
8,"R_Date","NM26",,"posterior",-3214.5,0.000006344
8,"R_Date","NM26",,"posterior",-3209.5,0.00000547
8,"R_Date","NM26",,"posterior",-3204.5,0.000004862
8,"R_Date","NM26",,"posterior",-3199.5,0.00000321
8,"R_Date","NM26",,"posterior",-3194.5,0.000006078
8,"R_Date","NM26",,"posterior",-3189.5,0.000013884
8,"R_Date","NM26",,"posterior",-3184.5,0.000025773
8,"R_Date","NM26",,"posterior",-3179.5,0.00005103
8,"R_Date","NM26",,"posterior",-3174.5,0.0000776
8,"R_Date","NM26",,"posterior",-3169.5,0.00011259
8,"R_Date","NM26",,"posterior",-3164.5,0.00014904
8,"R_Date","NM26",,"posterior",-3159.5,0.00016719
8,"R_Date","NM26",,"posterior",-3154.5,0.00015521
8,"R_Date","NM26",,"posterior",-3149.5,0.00013116
8,"R_Date","NM26",,"posterior",-3144.5,0.00013039
8,"R_Date","NM26",,"posterior",-3139.5,0.00017335
8,"R_Date","NM26",,"posterior",-3134.5,0.00028134
8,"R_Date","NM26",,"posterior",-3129.5,0.0004618
8,"R_Date","NM26",,"posterior",-3124.5,0.0007013
8,"R_Date","NM26",,"posterior",-3119.5,0.001149
8,"R_Date","NM26",,"posterior",-3114.5,0.0017746
8,"R_Date","NM26",,"posterior",-3109.5,0.0027172
8,"R_Date","NM26",,"posterior",-3104.5,0.004916
8,"R_Date","NM26",,"posterior",-3099.5,0.007951
8,"R_Date","NM26",,"posterior",-3094.5,0.009197
8,"R_Date","NM26",,"posterior",-3089.5,0.008045
8,"R_Date","NM26",,"posterior",-3084.5,0.006824
8,"R_Date","NM26",,"posterior",-3079.5,0.005822
8,"R_Date","NM26",,"posterior",-3074.5,0.004792
8,"R_Date","NM26",,"posterior",-3069.5,0.004273
8,"R_Date","NM26",,"posterior",-3064.5,0.005217
8,"R_Date","NM26",,"posterior",-3059.5,0.008453
8,"R_Date","NM26",,"posterior",-3054.5,0.013211
8,"R_Date","NM26",,"posterior",-3049.5,0.017017
8,"R_Date","NM26",,"posterior",-3044.5,0.018897
8,"R_Date","NM26",,"posterior",-3039.5,0.018993
8,"R_Date","NM26",,"posterior",-3034.5,0.018374
8,"R_Date","NM26",,"posterior",-3029.5,0.014923
8,"R_Date","NM26",,"posterior",-3024.5,0.009082
8,"R_Date","NM26",,"posterior",-3019.5,0.005275
8,"R_Date","NM26",,"posterior",-3014.5,0.003287
8,"R_Date","NM26",,"posterior",-3009.5,0.0016891
8,"R_Date","NM26",,"posterior",-3004.5,0.0007273
8,"R_Date","NM26",,"posterior",-2999.5,0.0003701
8,"R_Date","NM26",,"posterior",-2994.5,0.00028993
8,"R_Date","NM26",,"posterior",-2989.5,0.0003628
8,"R_Date","NM26",,"posterior",-2984.5,0.0005214
8,"R_Date","NM26",,"posterior",-2979.5,0.0005516
8,"R_Date","NM26",,"posterior",-2974.5,0.0005501
8,"R_Date","NM26",,"posterior",-2969.5,0.0005131
8,"R_Date","NM26",,"posterior",-2964.5,0.0003762
8,"R_Date","NM26",,"posterior",-2959.5,0.00026624
8,"R_Date","NM26",,"posterior",-2954.5,0.00020347
8,"R_Date","NM26",,"posterior",-2949.5,0.00016849
8,"R_Date","NM26",,"posterior",-2944.5,0.00015608
8,"R_Date","NM26",,"posterior",-2939.5,0.00012674
8,"R_Date","NM26",,"posterior",-2934.5,0.00007787
8,"R_Date","NM26",,"posterior",-2929.5,0.000029002
8,"R_Date","NM26",,"posterior",-2924.5,0.000007369
8,"R_Date","NM26",,"posterior",-2919.5,0.0000010446
8,"R_Date","NM26",,"posterior",-2914.5,9.496e-8
8,"R_Date","NM26",,"posterior",-2909.5,0
9,"R_Date","NM22",,"likelihood",-3494.5,0
9,"R_Date","NM22",,"likelihood",-3489.5,0
9,"R_Date","NM22",,"likelihood",-3484.5,5.124e-9
9,"R_Date","NM22",,"likelihood",-3479.5,1.0248e-8
9,"R_Date","NM22",,"likelihood",-3474.5,5.124e-9
9,"R_Date","NM22",,"likelihood",-3469.5,0
9,"R_Date","NM22",,"likelihood",-3464.5,0
9,"R_Date","NM22",,"likelihood",-3459.5,0
9,"R_Date","NM22",,"likelihood",-3454.5,0
9,"R_Date","NM22",,"likelihood",-3449.5,0
9,"R_Date","NM22",,"likelihood",-3444.5,0
9,"R_Date","NM22",,"likelihood",-3439.5,0
9,"R_Date","NM22",,"likelihood",-3434.5,0
9,"R_Date","NM22",,"likelihood",-3429.5,0
9,"R_Date","NM22",,"likelihood",-3424.5,0
9,"R_Date","NM22",,"likelihood",-3419.5,0
9,"R_Date","NM22",,"likelihood",-3414.5,0
9,"R_Date","NM22",,"likelihood",-3409.5,0
9,"R_Date","NM22",,"likelihood",-3404.5,0
9,"R_Date","NM22",,"likelihood",-3399.5,0
9,"R_Date","NM22",,"likelihood",-3394.5,0
9,"R_Date","NM22",,"likelihood",-3389.5,0
9,"R_Date","NM22",,"likelihood",-3384.5,0
9,"R_Date","NM22",,"likelihood",-3379.5,0
9,"R_Date","NM22",,"likelihood",-3374.5,0
9,"R_Date","NM22",,"likelihood",-3369.5,1.0248e-8
9,"R_Date","NM22",,"likelihood",-3364.5,5.021e-7
9,"R_Date","NM22",,"likelihood",-3359.5,0.000007343
9,"R_Date","NM22",,"likelihood",-3354.5,0.00003991
9,"R_Date","NM22",,"likelihood",-3349.5,0.00011418
9,"R_Date","NM22",,"likelihood",-3344.5,0.00019772
9,"R_Date","NM22",,"likelihood",-3339.5,0.0003804
9,"R_Date","NM22",,"likelihood",-3334.5,0.0008613
9,"R_Date","NM22",,"likelihood",-3329.5,0.0016283
9,"R_Date","NM22",,"likelihood",-3324.5,0.0025341
9,"R_Date","NM22",,"likelihood",-3319.5,0.003269
9,"R_Date","NM22",,"likelihood",-3314.5,0.003725
9,"R_Date","NM22",,"likelihood",-3309.5,0.00407
9,"R_Date","NM22",,"likelihood",-3304.5,0.004309
9,"R_Date","NM22",,"likelihood",-3299.5,0.004346
9,"R_Date","NM22",,"likelihood",-3294.5,0.003923
9,"R_Date","NM22",,"likelihood",-3289.5,0.003556
9,"R_Date","NM22",,"likelihood",-3284.5,0.003923
9,"R_Date","NM22",,"likelihood",-3279.5,0.004457
9,"R_Date","NM22",,"likelihood",-3274.5,0.004346
9,"R_Date","NM22",,"likelihood",-3269.5,0.003901
9,"R_Date","NM22",,"likelihood",-3264.5,0.004265
9,"R_Date","NM22",,"likelihood",-3259.5,0.005024
9,"R_Date","NM22",,"likelihood",-3254.5,0.005124
9,"R_Date","NM22",,"likelihood",-3249.5,0.005024
9,"R_Date","NM22",,"likelihood",-3244.5,0.004657
9,"R_Date","NM22",,"likelihood",-3239.5,0.004098
9,"R_Date","NM22",,"likelihood",-3234.5,0.003178
9,"R_Date","NM22",,"likelihood",-3229.5,0.0025341
9,"R_Date","NM22",,"likelihood",-3224.5,0.0022507
9,"R_Date","NM22",,"likelihood",-3219.5,0.0021636
9,"R_Date","NM22",,"likelihood",-3214.5,0.0016004
9,"R_Date","NM22",,"likelihood",-3209.5,0.0008902
9,"R_Date","NM22",,"likelihood",-3204.5,0.0005304
9,"R_Date","NM22",,"likelihood",-3199.5,0.0004357
9,"R_Date","NM22",,"likelihood",-3194.5,0.0006278
9,"R_Date","NM22",,"likelihood",-3189.5,0.0011347
9,"R_Date","NM22",,"likelihood",-3184.5,0.0018565
9,"R_Date","NM22",,"likelihood",-3179.5,0.0025478
9,"R_Date","NM22",,"likelihood",-3174.5,0.003269
9,"R_Date","NM22",,"likelihood",-3169.5,0.003725
9,"R_Date","NM22",,"likelihood",-3164.5,0.003707
9,"R_Date","NM22",,"likelihood",-3159.5,0.003355
9,"R_Date","NM22",,"likelihood",-3154.5,0.002445
9,"R_Date","NM22",,"likelihood",-3149.5,0.0015846
9,"R_Date","NM22",,"likelihood",-3144.5,0.0011041
9,"R_Date","NM22",,"likelihood",-3139.5,0.0011347
9,"R_Date","NM22",,"likelihood",-3134.5,0.0013804
9,"R_Date","NM22",,"likelihood",-3129.5,0.0016564
9,"R_Date","NM22",,"likelihood",-3124.5,0.0016564
9,"R_Date","NM22",,"likelihood",-3119.5,0.001882
9,"R_Date","NM22",,"likelihood",-3114.5,0.002122
9,"R_Date","NM22",,"likelihood",-3109.5,0.0022048
9,"R_Date","NM22",,"likelihood",-3104.5,0.0030844
9,"R_Date","NM22",,"likelihood",-3099.5,0.004606
9,"R_Date","NM22",,"likelihood",-3094.5,0.005107
9,"R_Date","NM22",,"likelihood",-3089.5,0.004338
9,"R_Date","NM22",,"likelihood",-3084.5,0.00361
9,"R_Date","NM22",,"likelihood",-3079.5,0.0030714
9,"R_Date","NM22",,"likelihood",-3074.5,0.0024288
9,"R_Date","NM22",,"likelihood",-3069.5,0.0019997
9,"R_Date","NM22",,"likelihood",-3064.5,0.0021883
9,"R_Date","NM22",,"likelihood",-3059.5,0.0030707
9,"R_Date","NM22",,"likelihood",-3054.5,0.004033
9,"R_Date","NM22",,"likelihood",-3049.5,0.004521
9,"R_Date","NM22",,"likelihood",-3044.5,0.004627
9,"R_Date","NM22",,"likelihood",-3039.5,0.004562
9,"R_Date","NM22",,"likelihood",-3034.5,0.004437
9,"R_Date","NM22",,"likelihood",-3029.5,0.003787
9,"R_Date","NM22",,"likelihood",-3024.5,0.0023629
9,"R_Date","NM22",,"likelihood",-3019.5,0.001439
9,"R_Date","NM22",,"likelihood",-3014.5,0.0009645
9,"R_Date","NM22",,"likelihood",-3009.5,0.0005261
9,"R_Date","NM22",,"likelihood",-3004.5,0.00023563
9,"R_Date","NM22",,"likelihood",-2999.5,0.00013988
9,"R_Date","NM22",,"likelihood",-2994.5,0.00013097
9,"R_Date","NM22",,"likelihood",-2989.5,0.00020273
9,"R_Date","NM22",,"likelihood",-2984.5,0.0003495
9,"R_Date","NM22",,"likelihood",-2979.5,0.0004387
9,"R_Date","NM22",,"likelihood",-2974.5,0.00052
9,"R_Date","NM22",,"likelihood",-2969.5,0.0005865
9,"R_Date","NM22",,"likelihood",-2964.5,0.0004939
9,"R_Date","NM22",,"likelihood",-2959.5,0.0004384
9,"R_Date","NM22",,"likelihood",-2954.5,0.0004158
9,"R_Date","NM22",,"likelihood",-2949.5,0.0004392
9,"R_Date","NM22",,"likelihood",-2944.5,0.0005064
9,"R_Date","NM22",,"likelihood",-2939.5,0.0005655
9,"R_Date","NM22",,"likelihood",-2934.5,0.0004922
9,"R_Date","NM22",,"likelihood",-2929.5,0.00030615
9,"R_Date","NM22",,"likelihood",-2924.5,0.00014589
9,"R_Date","NM22",,"likelihood",-2919.5,0.00005736
9,"R_Date","NM22",,"likelihood",-2914.5,0.000011549
9,"R_Date","NM22",,"likelihood",-2909.5,0.0000014603
9,"R_Date","NM22",,"likelihood",-2904.5,2.152e-7
9,"R_Date","NM22",,"likelihood",-2899.5,2.5619e-8
9,"R_Date","NM22",,"likelihood",-2894.5,0
9,"R_Date","NM22",,"likelihood",-2889.5,0
9,"R_Date","NM22",,"likelihood",-2884.5,0
9,"R_Date","NM22",,"posterior",-3349.5,0
9,"R_Date","NM22",,"posterior",-3344.5,0
9,"R_Date","NM22",,"posterior",-3339.5,0
9,"R_Date","NM22",,"posterior",-3334.5,3.511e-7
9,"R_Date","NM22",,"posterior",-3329.5,7.762e-7
9,"R_Date","NM22",,"posterior",-3324.5,0.0000018295
9,"R_Date","NM22",,"posterior",-3319.5,0.0000012197
9,"R_Date","NM22",,"posterior",-3314.5,0.0000012197
9,"R_Date","NM22",,"posterior",-3309.5,0.000003216
9,"R_Date","NM22",,"posterior",-3304.5,0.000003992
9,"R_Date","NM22",,"posterior",-3299.5,0.000004694
9,"R_Date","NM22",,"posterior",-3294.5,0.0000022546
9,"R_Date","NM22",,"posterior",-3289.5,0.000005378
9,"R_Date","NM22",,"posterior",-3284.5,0.000004694
9,"R_Date","NM22",,"posterior",-3279.5,0.000006339
9,"R_Date","NM22",,"posterior",-3274.5,0.00001094
9,"R_Date","NM22",,"posterior",-3269.5,0.000008168
9,"R_Date","NM22",,"posterior",-3264.5,0.000009037
9,"R_Date","NM22",,"posterior",-3259.5,0.000009721
9,"R_Date","NM22",,"posterior",-3254.5,0.00001033
9,"R_Date","NM22",,"posterior",-3249.5,0.000014673
9,"R_Date","NM22",,"posterior",-3244.5,0.000015191
9,"R_Date","NM22",,"posterior",-3239.5,0.000009813
9,"R_Date","NM22",,"posterior",-3234.5,0.000010848
9,"R_Date","NM22",,"posterior",-3229.5,0.000008076
9,"R_Date","NM22",,"posterior",-3224.5,0.000007817
9,"R_Date","NM22",,"posterior",-3219.5,0.000009462
9,"R_Date","NM22",,"posterior",-3214.5,0.000006505
9,"R_Date","NM22",,"posterior",-3209.5,0.000003382
9,"R_Date","NM22",,"posterior",-3204.5,0.0000025133
9,"R_Date","NM22",,"posterior",-3199.5,0.0000021622
9,"R_Date","NM22",,"posterior",-3194.5,0.000006246
9,"R_Date","NM22",,"posterior",-3189.5,0.000011365
9,"R_Date","NM22",,"posterior",-3184.5,0.000022491
9,"R_Date","NM22",,"posterior",-3179.5,0.00003914
9,"R_Date","NM22",,"posterior",-3174.5,0.00006753
9,"R_Date","NM22",,"posterior",-3169.5,0.00009105
9,"R_Date","NM22",,"posterior",-3164.5,0.00012517
9,"R_Date","NM22",,"posterior",-3159.5,0.00014193
9,"R_Date","NM22",,"posterior",-3154.5,0.0001269
9,"R_Date","NM22",,"posterior",-3149.5,0.00010643
9,"R_Date","NM22",,"posterior",-3144.5,0.00009453
9,"R_Date","NM22",,"posterior",-3139.5,0.00012709
9,"R_Date","NM22",,"posterior",-3134.5,0.00021032
9,"R_Date","NM22",,"posterior",-3129.5,0.0003542
9,"R_Date","NM22",,"posterior",-3124.5,0.0005396
9,"R_Date","NM22",,"posterior",-3119.5,0.000871
9,"R_Date","NM22",,"posterior",-3114.5,0.0013909
9,"R_Date","NM22",,"posterior",-3109.5,0.0021529
9,"R_Date","NM22",,"posterior",-3104.5,0.003957
9,"R_Date","NM22",,"posterior",-3099.5,0.006891
9,"R_Date","NM22",,"posterior",-3094.5,0.00859
9,"R_Date","NM22",,"posterior",-3089.5,0.008025
9,"R_Date","NM22",,"posterior",-3084.5,0.007055
9,"R_Date","NM22",,"posterior",-3079.5,0.006175
9,"R_Date","NM22",,"posterior",-3074.5,0.005195
9,"R_Date","NM22",,"posterior",-3069.5,0.004764
9,"R_Date","NM22",,"posterior",-3064.5,0.005713
9,"R_Date","NM22",,"posterior",-3059.5,0.008932
9,"R_Date","NM22",,"posterior",-3054.5,0.013199
9,"R_Date","NM22",,"posterior",-3049.5,0.016492
9,"R_Date","NM22",,"posterior",-3044.5,0.018096
9,"R_Date","NM22",,"posterior",-3039.5,0.01848
9,"R_Date","NM22",,"posterior",-3034.5,0.017905
9,"R_Date","NM22",,"posterior",-3029.5,0.015048
9,"R_Date","NM22",,"posterior",-3024.5,0.009947
9,"R_Date","NM22",,"posterior",-3019.5,0.006086
9,"R_Date","NM22",,"posterior",-3014.5,0.003908
9,"R_Date","NM22",,"posterior",-3009.5,0.0021132
9,"R_Date","NM22",,"posterior",-3004.5,0.0009441
9,"R_Date","NM22",,"posterior",-2999.5,0.0005095
9,"R_Date","NM22",,"posterior",-2994.5,0.0003988
9,"R_Date","NM22",,"posterior",-2989.5,0.0004819
9,"R_Date","NM22",,"posterior",-2984.5,0.0006534
9,"R_Date","NM22",,"posterior",-2979.5,0.0006961
9,"R_Date","NM22",,"posterior",-2974.5,0.0006987
9,"R_Date","NM22",,"posterior",-2969.5,0.0006249
9,"R_Date","NM22",,"posterior",-2964.5,0.0004582
9,"R_Date","NM22",,"posterior",-2959.5,0.0003368
9,"R_Date","NM22",,"posterior",-2954.5,0.00026268
9,"R_Date","NM22",,"posterior",-2949.5,0.00021962
9,"R_Date","NM22",,"posterior",-2944.5,0.00019366
9,"R_Date","NM22",,"posterior",-2939.5,0.00015851
9,"R_Date","NM22",,"posterior",-2934.5,0.0000895
9,"R_Date","NM22",,"posterior",-2929.5,0.00003837
9,"R_Date","NM22",,"posterior",-2924.5,0.000010072
9,"R_Date","NM22",,"posterior",-2919.5,0.0000010349
9,"R_Date","NM22",,"posterior",-2914.5,0
9,"R_Date","NM22",,"posterior",-2909.5,0
10,"R_Date","NM21",,"likelihood",-3379.5,0
10,"R_Date","NM21",,"likelihood",-3374.5,0
10,"R_Date","NM21",,"likelihood",-3369.5,0
10,"R_Date","NM21",,"likelihood",-3364.5,7.635e-8
10,"R_Date","NM21",,"likelihood",-3359.5,0.0000015329
10,"R_Date","NM21",,"likelihood",-3354.5,0.000010366
10,"R_Date","NM21",,"likelihood",-3349.5,0.00003543
10,"R_Date","NM21",,"likelihood",-3344.5,0.00006458
10,"R_Date","NM21",,"likelihood",-3339.5,0.00014018
10,"R_Date","NM21",,"likelihood",-3334.5,0.000378
10,"R_Date","NM21",,"likelihood",-3329.5,0.000857
10,"R_Date","NM21",,"likelihood",-3324.5,0.0015418
10,"R_Date","NM21",,"likelihood",-3319.5,0.0022107
10,"R_Date","NM21",,"likelihood",-3314.5,0.0026912
10,"R_Date","NM21",,"likelihood",-3309.5,0.0031002
10,"R_Date","NM21",,"likelihood",-3304.5,0.003416
10,"R_Date","NM21",,"likelihood",-3299.5,0.003411
10,"R_Date","NM21",,"likelihood",-3294.5,0.0028773
10,"R_Date","NM21",,"likelihood",-3289.5,0.0024705
10,"R_Date","NM21",,"likelihood",-3284.5,0.0028773
10,"R_Date","NM21",,"likelihood",-3279.5,0.003627
10,"R_Date","NM21",,"likelihood",-3274.5,0.003411
10,"R_Date","NM21",,"likelihood",-3269.5,0.0028936
10,"R_Date","NM21",,"likelihood",-3264.5,0.003303
10,"R_Date","NM21",,"likelihood",-3259.5,0.004581
10,"R_Date","NM21",,"likelihood",-3254.5,0.005089
10,"R_Date","NM21",,"likelihood",-3249.5,0.004581
10,"R_Date","NM21",,"likelihood",-3244.5,0.003944
10,"R_Date","NM21",,"likelihood",-3239.5,0.0030883
10,"R_Date","NM21",,"likelihood",-3234.5,0.0020908
10,"R_Date","NM21",,"likelihood",-3229.5,0.0015418
10,"R_Date","NM21",,"likelihood",-3224.5,0.0012934
10,"R_Date","NM21",,"likelihood",-3219.5,0.0012267
10,"R_Date","NM21",,"likelihood",-3214.5,0.0008255
10,"R_Date","NM21",,"likelihood",-3209.5,0.0004002
10,"R_Date","NM21",,"likelihood",-3204.5,0.000209
10,"R_Date","NM21",,"likelihood",-3199.5,0.00016491
10,"R_Date","NM21",,"likelihood",-3194.5,0.00026087
10,"R_Date","NM21",,"likelihood",-3189.5,0.0005502
10,"R_Date","NM21",,"likelihood",-3184.5,0.0010165
10,"R_Date","NM21",,"likelihood",-3179.5,0.0015762
10,"R_Date","NM21",,"likelihood",-3174.5,0.0022107
10,"R_Date","NM21",,"likelihood",-3169.5,0.0026912
10,"R_Date","NM21",,"likelihood",-3164.5,0.002711
10,"R_Date","NM21",,"likelihood",-3159.5,0.00233
10,"R_Date","NM21",,"likelihood",-3154.5,0.001468
10,"R_Date","NM21",,"likelihood",-3149.5,0.0008404
10,"R_Date","NM21",,"likelihood",-3144.5,0.0005231
10,"R_Date","NM21",,"likelihood",-3139.5,0.0005502
10,"R_Date","NM21",,"likelihood",-3134.5,0.0007045
10,"R_Date","NM21",,"likelihood",-3129.5,0.0008898
10,"R_Date","NM21",,"likelihood",-3124.5,0.0008898
10,"R_Date","NM21",,"likelihood",-3119.5,0.0010507
10,"R_Date","NM21",,"likelihood",-3114.5,0.0012311
10,"R_Date","NM21",,"likelihood",-3109.5,0.0012957
10,"R_Date","NM21",,"likelihood",-3104.5,0.0020612
10,"R_Date","NM21",,"likelihood",-3099.5,0.003932
10,"R_Date","NM21",,"likelihood",-3094.5,0.005568
10,"R_Date","NM21",,"likelihood",-3089.5,0.005754
10,"R_Date","NM21",,"likelihood",-3084.5,0.005384
10,"R_Date","NM21",,"likelihood",-3079.5,0.004953
10,"R_Date","NM21",,"likelihood",-3074.5,0.004344
10,"R_Date","NM21",,"likelihood",-3069.5,0.003825
10,"R_Date","NM21",,"likelihood",-3064.5,0.004021
10,"R_Date","NM21",,"likelihood",-3059.5,0.005
10,"R_Date","NM21",,"likelihood",-3054.5,0.005635
10,"R_Date","NM21",,"likelihood",-3049.5,0.005851
10,"R_Date","NM21",,"likelihood",-3044.5,0.005873
10,"R_Date","NM21",,"likelihood",-3039.5,0.005868
10,"R_Date","NM21",,"likelihood",-3034.5,0.005847
10,"R_Date","NM21",,"likelihood",-3029.5,0.005554
10,"R_Date","NM21",,"likelihood",-3024.5,0.004309
10,"R_Date","NM21",,"likelihood",-3019.5,0.0030412
10,"R_Date","NM21",,"likelihood",-3014.5,0.0022644
10,"R_Date","NM21",,"likelihood",-3009.5,0.0014178
10,"R_Date","NM21",,"likelihood",-3004.5,0.000743
10,"R_Date","NM21",,"likelihood",-2999.5,0.0004754
10,"R_Date","NM21",,"likelihood",-2994.5,0.0004573
10,"R_Date","NM21",,"likelihood",-2989.5,0.0006566
10,"R_Date","NM21",,"likelihood",-2984.5,0.0010088
10,"R_Date","NM21",,"likelihood",-2979.5,0.0012274
10,"R_Date","NM21",,"likelihood",-2974.5,0.0014042
10,"R_Date","NM21",,"likelihood",-2969.5,0.001504
10,"R_Date","NM21",,"likelihood",-2964.5,0.0013483
10,"R_Date","NM21",,"likelihood",-2959.5,0.0012269
10,"R_Date","NM21",,"likelihood",-2954.5,0.0011762
10,"R_Date","NM21",,"likelihood",-2949.5,0.0012287
10,"R_Date","NM21",,"likelihood",-2944.5,0.0013756
10,"R_Date","NM21",,"likelihood",-2939.5,0.0014809
10,"R_Date","NM21",,"likelihood",-2934.5,0.0013271
10,"R_Date","NM21",,"likelihood",-2929.5,0.0009192
10,"R_Date","NM21",,"likelihood",-2924.5,0.0005004
10,"R_Date","NM21",,"likelihood",-2919.5,0.00022435
10,"R_Date","NM21",,"likelihood",-2914.5,0.00005752
10,"R_Date","NM21",,"likelihood",-2909.5,0.000009556
10,"R_Date","NM21",,"likelihood",-2904.5,0.0000016739
10,"R_Date","NM21",,"likelihood",-2899.5,2.4081e-7
10,"R_Date","NM21",,"likelihood",-2894.5,2.9367e-8
10,"R_Date","NM21",,"likelihood",-2889.5,0
10,"R_Date","NM21",,"likelihood",-2884.5,0
10,"R_Date","NM21",,"likelihood",-2879.5,0
10,"R_Date","NM21",,"posterior",-3339.5,0
10,"R_Date","NM21",,"posterior",-3334.5,0
10,"R_Date","NM21",,"posterior",-3329.5,8.013e-8
10,"R_Date","NM21",,"posterior",-3324.5,0.0000010417
10,"R_Date","NM21",,"posterior",-3319.5,0.0000012982
10,"R_Date","NM21",,"posterior",-3314.5,0.000001218
10,"R_Date","NM21",,"posterior",-3309.5,0.000001827
10,"R_Date","NM21",,"posterior",-3304.5,0.000003301
10,"R_Date","NM21",,"posterior",-3299.5,0.0000028688
10,"R_Date","NM21",,"posterior",-3294.5,0.000003301
10,"R_Date","NM21",,"posterior",-3289.5,0.0000025162
10,"R_Date","NM21",,"posterior",-3284.5,0.000003991
10,"R_Date","NM21",,"posterior",-3279.5,0.00000617
10,"R_Date","NM21",,"posterior",-3274.5,0.000007212
10,"R_Date","NM21",,"posterior",-3269.5,0.00000617
10,"R_Date","NM21",,"posterior",-3264.5,0.000008254
10,"R_Date","NM21",,"posterior",-3259.5,0.000009632
10,"R_Date","NM21",,"posterior",-3254.5,0.000012757
10,"R_Date","NM21",,"posterior",-3249.5,0.000011026
10,"R_Date","NM21",,"posterior",-3244.5,0.00000851
10,"R_Date","NM21",,"posterior",-3239.5,0.000009552
10,"R_Date","NM21",,"posterior",-3234.5,0.000005994
10,"R_Date","NM21",,"posterior",-3229.5,0.000005129
10,"R_Date","NM21",,"posterior",-3224.5,0.00000391
10,"R_Date","NM21",,"posterior",-3219.5,0.000004343
10,"R_Date","NM21",,"posterior",-3214.5,0.000003734
10,"R_Date","NM21",,"posterior",-3209.5,0.000001218
10,"R_Date","NM21",,"posterior",-3204.5,7.853e-7
10,"R_Date","NM21",,"posterior",-3199.5,9.616e-7
10,"R_Date","NM21",,"posterior",-3194.5,0.0000019072
10,"R_Date","NM21",,"posterior",-3189.5,0.000004167
10,"R_Date","NM21",,"posterior",-3184.5,0.000010417
10,"R_Date","NM21",,"posterior",-3179.5,0.000019536
10,"R_Date","NM21",,"posterior",-3174.5,0.00004358
10,"R_Date","NM21",,"posterior",-3169.5,0.00005972
10,"R_Date","NM21",,"posterior",-3164.5,0.0000796
10,"R_Date","NM21",,"posterior",-3159.5,0.00008029
10,"R_Date","NM21",,"posterior",-3154.5,0.00006597
10,"R_Date","NM21",,"posterior",-3149.5,0.00004515
10,"R_Date","NM21",,"posterior",-3144.5,0.00003628
10,"R_Date","NM21",,"posterior",-3139.5,0.00004584
10,"R_Date","NM21",,"posterior",-3134.5,0.00008247
10,"R_Date","NM21",,"posterior",-3129.5,0.00015009
10,"R_Date","NM21",,"posterior",-3124.5,0.00021641
10,"R_Date","NM21",,"posterior",-3119.5,0.0003648
10,"R_Date","NM21",,"posterior",-3114.5,0.0005938
10,"R_Date","NM21",,"posterior",-3109.5,0.0009029
10,"R_Date","NM21",,"posterior",-3104.5,0.0019323
10,"R_Date","NM21",,"posterior",-3099.5,0.004177
10,"R_Date","NM21",,"posterior",-3094.5,0.006554
10,"R_Date","NM21",,"posterior",-3089.5,0.007338
10,"R_Date","NM21",,"posterior",-3084.5,0.007208
10,"R_Date","NM21",,"posterior",-3079.5,0.006976
10,"R_Date","NM21",,"posterior",-3074.5,0.006393
10,"R_Date","NM21",,"posterior",-3069.5,0.006109
10,"R_Date","NM21",,"posterior",-3064.5,0.007075
10,"R_Date","NM21",,"posterior",-3059.5,0.00971
10,"R_Date","NM21",,"posterior",-3054.5,0.012614
10,"R_Date","NM21",,"posterior",-3049.5,0.014505
10,"R_Date","NM21",,"posterior",-3044.5,0.015638
10,"R_Date","NM21",,"posterior",-3039.5,0.016027
10,"R_Date","NM21",,"posterior",-3034.5,0.016006
10,"R_Date","NM21",,"posterior",-3029.5,0.015072
10,"R_Date","NM21",,"posterior",-3024.5,0.012028
10,"R_Date","NM21",,"posterior",-3019.5,0.008488
10,"R_Date","NM21",,"posterior",-3014.5,0.006092
10,"R_Date","NM21",,"posterior",-3009.5,0.003771
10,"R_Date","NM21",,"posterior",-3004.5,0.0019624
10,"R_Date","NM21",,"posterior",-2999.5,0.0011367
10,"R_Date","NM21",,"posterior",-2994.5,0.0009234
10,"R_Date","NM21",,"posterior",-2989.5,0.0010463
10,"R_Date","NM21",,"posterior",-2984.5,0.0012837
10,"R_Date","NM21",,"posterior",-2979.5,0.0013307
10,"R_Date","NM21",,"posterior",-2974.5,0.0012641
10,"R_Date","NM21",,"posterior",-2969.5,0.0010839
10,"R_Date","NM21",,"posterior",-2964.5,0.0008484
10,"R_Date","NM21",,"posterior",-2959.5,0.0006464
10,"R_Date","NM21",,"posterior",-2954.5,0.0005063
10,"R_Date","NM21",,"posterior",-2949.5,0.0004184
10,"R_Date","NM21",,"posterior",-2944.5,0.0003495
10,"R_Date","NM21",,"posterior",-2939.5,0.00028072
10,"R_Date","NM21",,"posterior",-2934.5,0.00017379
10,"R_Date","NM21",,"posterior",-2929.5,0.00007422
10,"R_Date","NM21",,"posterior",-2924.5,0.000024473
10,"R_Date","NM21",,"posterior",-2919.5,0.000004952
10,"R_Date","NM21",,"posterior",-2914.5,5.129e-7
10,"R_Date","NM21",,"posterior",-2909.5,8.013e-8
11,"R_Date","NM12",,"likelihood",-3499.5,0
11,"R_Date","NM12",,"likelihood",-3494.5,0
11,"R_Date","NM12",,"likelihood",-3489.5,0
11,"R_Date","NM12",,"likelihood",-3484.5,5.184e-9
11,"R_Date","NM12",,"likelihood",-3479.5,1.5551e-8
11,"R_Date","NM12",,"likelihood",-3474.5,1.5551e-8
11,"R_Date","NM12",,"likelihood",-3469.5,5.184e-9
11,"R_Date","NM12",,"likelihood",-3464.5,0
11,"R_Date","NM12",,"likelihood",-3459.5,0
11,"R_Date","NM12",,"likelihood",-3454.5,0
11,"R_Date","NM12",,"likelihood",-3449.5,0
11,"R_Date","NM12",,"likelihood",-3444.5,0
11,"R_Date","NM12",,"likelihood",-3439.5,0
11,"R_Date","NM12",,"likelihood",-3434.5,0
11,"R_Date","NM12",,"likelihood",-3429.5,0
11,"R_Date","NM12",,"likelihood",-3424.5,0
11,"R_Date","NM12",,"likelihood",-3419.5,0
11,"R_Date","NM12",,"likelihood",-3414.5,0
11,"R_Date","NM12",,"likelihood",-3409.5,0
11,"R_Date","NM12",,"likelihood",-3404.5,0
11,"R_Date","NM12",,"likelihood",-3399.5,0
11,"R_Date","NM12",,"likelihood",-3394.5,0
11,"R_Date","NM12",,"likelihood",-3389.5,0
11,"R_Date","NM12",,"likelihood",-3384.5,0
11,"R_Date","NM12",,"likelihood",-3379.5,0
11,"R_Date","NM12",,"likelihood",-3374.5,0
11,"R_Date","NM12",,"likelihood",-3369.5,1.5551e-8
11,"R_Date","NM12",,"likelihood",-3364.5,4.976e-7
11,"R_Date","NM12",,"likelihood",-3359.5,0.000005412
11,"R_Date","NM12",,"likelihood",-3354.5,0.000025193
11,"R_Date","NM12",,"likelihood",-3349.5,0.00006664
11,"R_Date","NM12",,"likelihood",-3344.5,0.00011257
11,"R_Date","NM12",,"likelihood",-3339.5,0.00021088
11,"R_Date","NM12",,"likelihood",-3334.5,0.0004734
11,"R_Date","NM12",,"likelihood",-3329.5,0.0009234
11,"R_Date","NM12",,"likelihood",-3324.5,0.001511
11,"R_Date","NM12",,"likelihood",-3319.5,0.0020531
11,"R_Date","NM12",,"likelihood",-3314.5,0.0024323
11,"R_Date","NM12",,"likelihood",-3309.5,0.0027516
11,"R_Date","NM12",,"likelihood",-3304.5,0.0029968
11,"R_Date","NM12",,"likelihood",-3299.5,0.0029934
11,"R_Date","NM12",,"likelihood",-3294.5,0.0025801
11,"R_Date","NM12",,"likelihood",-3289.5,0.0022624
11,"R_Date","NM12",,"likelihood",-3284.5,0.0025801
11,"R_Date","NM12",,"likelihood",-3279.5,0.0031614
11,"R_Date","NM12",,"likelihood",-3274.5,0.0029934
11,"R_Date","NM12",,"likelihood",-3269.5,0.0025906
11,"R_Date","NM12",,"likelihood",-3264.5,0.0029098
11,"R_Date","NM12",,"likelihood",-3259.5,0.003904
11,"R_Date","NM12",,"likelihood",-3254.5,0.004327
11,"R_Date","NM12",,"likelihood",-3249.5,0.003904
11,"R_Date","NM12",,"likelihood",-3244.5,0.003408
11,"R_Date","NM12",,"likelihood",-3239.5,0.0027438
11,"R_Date","NM12",,"likelihood",-3234.5,0.0019619
11,"R_Date","NM12",,"likelihood",-3229.5,0.001511
11,"R_Date","NM12",,"likelihood",-3224.5,0.0013088
11,"R_Date","NM12",,"likelihood",-3219.5,0.0012521
11,"R_Date","NM12",,"likelihood",-3214.5,0.0009008
11,"R_Date","NM12",,"likelihood",-3209.5,0.0004914
11,"R_Date","NM12",,"likelihood",-3204.5,0.0002918
11,"R_Date","NM12",,"likelihood",-3199.5,0.00024063
11,"R_Date","NM12",,"likelihood",-3194.5,0.0003457
11,"R_Date","NM12",,"likelihood",-3189.5,0.000634
11,"R_Date","NM12",,"likelihood",-3184.5,0.0010647
11,"R_Date","NM12",,"likelihood",-3179.5,0.001534
11,"R_Date","NM12",,"likelihood",-3174.5,0.0020531
11,"R_Date","NM12",,"likelihood",-3169.5,0.0024323
11,"R_Date","NM12",,"likelihood",-3164.5,0.0024451
11,"R_Date","NM12",,"likelihood",-3159.5,0.0021439
11,"R_Date","NM12",,"likelihood",-3154.5,0.0014497
11,"R_Date","NM12",,"likelihood",-3149.5,0.0009027
11,"R_Date","NM12",,"likelihood",-3144.5,0.000613
11,"R_Date","NM12",,"likelihood",-3139.5,0.000634
11,"R_Date","NM12",,"likelihood",-3134.5,0.0007789
11,"R_Date","NM12",,"likelihood",-3129.5,0.0009469
11,"R_Date","NM12",,"likelihood",-3124.5,0.0009469
11,"R_Date","NM12",,"likelihood",-3119.5,0.0010887
11,"R_Date","NM12",,"likelihood",-3114.5,0.0012443
11,"R_Date","NM12",,"likelihood",-3109.5,0.0012992
11,"R_Date","NM12",,"likelihood",-3104.5,0.0019291
11,"R_Date","NM12",,"likelihood",-3099.5,0.003402
11,"R_Date","NM12",,"likelihood",-3094.5,0.004753
11,"R_Date","NM12",,"likelihood",-3089.5,0.005133
11,"R_Date","NM12",,"likelihood",-3084.5,0.005024
11,"R_Date","NM12",,"likelihood",-3079.5,0.004804
11,"R_Date","NM12",,"likelihood",-3074.5,0.004454
11,"R_Date","NM12",,"likelihood",-3069.5,0.004106
11,"R_Date","NM12",,"likelihood",-3064.5,0.004223
11,"R_Date","NM12",,"likelihood",-3059.5,0.004848
11,"R_Date","NM12",,"likelihood",-3054.5,0.005119
11,"R_Date","NM12",,"likelihood",-3049.5,0.005163
11,"R_Date","NM12",,"likelihood",-3044.5,0.005152
11,"R_Date","NM12",,"likelihood",-3039.5,0.005167
11,"R_Date","NM12",,"likelihood",-3034.5,0.005184
11,"R_Date","NM12",,"likelihood",-3029.5,0.005121
11,"R_Date","NM12",,"likelihood",-3024.5,0.004449
11,"R_Date","NM12",,"likelihood",-3019.5,0.003526
11,"R_Date","NM12",,"likelihood",-3014.5,0.0028817
11,"R_Date","NM12",,"likelihood",-3009.5,0.002076
11,"R_Date","NM12",,"likelihood",-3004.5,0.0013089
11,"R_Date","NM12",,"likelihood",-2999.5,0.0009346
11,"R_Date","NM12",,"likelihood",-2994.5,0.0009217
11,"R_Date","NM12",,"likelihood",-2989.5,0.0011973
11,"R_Date","NM12",,"likelihood",-2984.5,0.0016125
11,"R_Date","NM12",,"likelihood",-2979.5,0.0018739
11,"R_Date","NM12",,"likelihood",-2974.5,0.0020614
11,"R_Date","NM12",,"likelihood",-2969.5,0.0021268
11,"R_Date","NM12",,"likelihood",-2964.5,0.0020029
11,"R_Date","NM12",,"likelihood",-2959.5,0.0018736
11,"R_Date","NM12",,"likelihood",-2954.5,0.0018182
11,"R_Date","NM12",,"likelihood",-2949.5,0.0018755
11,"R_Date","NM12",,"likelihood",-2944.5,0.0020319
11,"R_Date","NM12",,"likelihood",-2939.5,0.0021222
11,"R_Date","NM12",,"likelihood",-2934.5,0.0019626
11,"R_Date","NM12",,"likelihood",-2929.5,0.0015245
11,"R_Date","NM12",,"likelihood",-2924.5,0.0009841
11,"R_Date","NM12",,"likelihood",-2919.5,0.000539
11,"R_Date","NM12",,"likelihood",-2914.5,0.00020178
11,"R_Date","NM12",,"likelihood",-2909.5,0.0000551
11,"R_Date","NM12",,"likelihood",-2904.5,0.000014541
11,"R_Date","NM12",,"likelihood",-2899.5,0.000003359
11,"R_Date","NM12",,"likelihood",-2894.5,6.687e-7
11,"R_Date","NM12",,"likelihood",-2889.5,9.849e-8
11,"R_Date","NM12",,"likelihood",-2884.5,1.0368e-8
11,"R_Date","NM12",,"likelihood",-2879.5,0
11,"R_Date","NM12",,"likelihood",-2874.5,0
11,"R_Date","NM12",,"likelihood",-2869.5,0
11,"R_Date","NM12",,"posterior",-3364.5,0
11,"R_Date","NM12",,"posterior",-3359.5,0
11,"R_Date","NM12",,"posterior",-3354.5,0
11,"R_Date","NM12",,"posterior",-3349.5,8.494e-8
11,"R_Date","NM12",,"posterior",-3344.5,0
11,"R_Date","NM12",,"posterior",-3339.5,8.494e-8
11,"R_Date","NM12",,"posterior",-3334.5,0
11,"R_Date","NM12",,"posterior",-3329.5,5.238e-7
11,"R_Date","NM12",,"posterior",-3324.5,3.539e-7
11,"R_Date","NM12",,"posterior",-3319.5,6.937e-7
11,"R_Date","NM12",,"posterior",-3314.5,0.0000027747
11,"R_Date","NM12",,"posterior",-3309.5,0.0000019961
11,"R_Date","NM12",,"posterior",-3304.5,0.000002166
11,"R_Date","NM12",,"posterior",-3299.5,0.000004162
11,"R_Date","NM12",,"posterior",-3294.5,0.000003822
11,"R_Date","NM12",,"posterior",-3289.5,0.0000028597
11,"R_Date","NM12",,"posterior",-3284.5,0.000004346
11,"R_Date","NM12",,"posterior",-3279.5,0.000004771
11,"R_Date","NM12",,"posterior",-3274.5,0.000004771
11,"R_Date","NM12",,"posterior",-3269.5,0.000005733
11,"R_Date","NM12",,"posterior",-3264.5,0.000003553
11,"R_Date","NM12",,"posterior",-3259.5,0.000011028
11,"R_Date","NM12",,"posterior",-3254.5,0.000009372
11,"R_Date","NM12",,"posterior",-3249.5,0.000009457
11,"R_Date","NM12",,"posterior",-3244.5,0.000007814
11,"R_Date","NM12",,"posterior",-3239.5,0.000009726
11,"R_Date","NM12",,"posterior",-3234.5,0.000005988
11,"R_Date","NM12",,"posterior",-3229.5,0.000004601
11,"R_Date","NM12",,"posterior",-3224.5,0.000004771
11,"R_Date","NM12",,"posterior",-3219.5,0.00000521
11,"R_Date","NM12",,"posterior",-3214.5,0.0000030437
11,"R_Date","NM12",,"posterior",-3209.5,0.0000022509
11,"R_Date","NM12",,"posterior",-3204.5,6.937e-7
11,"R_Date","NM12",,"posterior",-3199.5,0.0000011325
11,"R_Date","NM12",,"posterior",-3194.5,0.0000026048
11,"R_Date","NM12",,"posterior",-3189.5,0.000006158
11,"R_Date","NM12",,"posterior",-3184.5,0.000011453
11,"R_Date","NM12",,"posterior",-3179.5,0.000019791
11,"R_Date","NM12",,"posterior",-3174.5,0.00003689
11,"R_Date","NM12",,"posterior",-3169.5,0.00005295
11,"R_Date","NM12",,"posterior",-3164.5,0.00006901
11,"R_Date","NM12",,"posterior",-3159.5,0.00007118
11,"R_Date","NM12",,"posterior",-3154.5,0.00005799
11,"R_Date","NM12",,"posterior",-3149.5,0.00004853
11,"R_Date","NM12",,"posterior",-3144.5,0.00004332
11,"R_Date","NM12",,"posterior",-3139.5,0.00005338
11,"R_Date","NM12",,"posterior",-3134.5,0.00009072
11,"R_Date","NM12",,"posterior",-3129.5,0.00015555
11,"R_Date","NM12",,"posterior",-3124.5,0.00022682
11,"R_Date","NM12",,"posterior",-3119.5,0.0003665
11,"R_Date","NM12",,"posterior",-3114.5,0.000607
11,"R_Date","NM12",,"posterior",-3109.5,0.0008951
11,"R_Date","NM12",,"posterior",-3104.5,0.0017935
11,"R_Date","NM12",,"posterior",-3099.5,0.003621
11,"R_Date","NM12",,"posterior",-3094.5,0.005512
11,"R_Date","NM12",,"posterior",-3089.5,0.006504
11,"R_Date","NM12",,"posterior",-3084.5,0.00671
11,"R_Date","NM12",,"posterior",-3079.5,0.006664
11,"R_Date","NM12",,"posterior",-3074.5,0.006511
11,"R_Date","NM12",,"posterior",-3069.5,0.006474
11,"R_Date","NM12",,"posterior",-3064.5,0.007346
11,"R_Date","NM12",,"posterior",-3059.5,0.00935
11,"R_Date","NM12",,"posterior",-3054.5,0.011378
11,"R_Date","NM12",,"posterior",-3049.5,0.012774
11,"R_Date","NM12",,"posterior",-3044.5,0.013616
11,"R_Date","NM12",,"posterior",-3039.5,0.013903
11,"R_Date","NM12",,"posterior",-3034.5,0.014157
11,"R_Date","NM12",,"posterior",-3029.5,0.013949
11,"R_Date","NM12",,"posterior",-3024.5,0.012256
11,"R_Date","NM12",,"posterior",-3019.5,0.009735
11,"R_Date","NM12",,"posterior",-3014.5,0.00781
11,"R_Date","NM12",,"posterior",-3009.5,0.005558
11,"R_Date","NM12",,"posterior",-3004.5,0.003413
11,"R_Date","NM12",,"posterior",-2999.5,0.0022076
11,"R_Date","NM12",,"posterior",-2994.5,0.0017846
11,"R_Date","NM12",,"posterior",-2989.5,0.0018863
11,"R_Date","NM12",,"posterior",-2984.5,0.0020345
11,"R_Date","NM12",,"posterior",-2979.5,0.0019728
11,"R_Date","NM12",,"posterior",-2974.5,0.0018112
11,"R_Date","NM12",,"posterior",-2969.5,0.0015325
11,"R_Date","NM12",,"posterior",-2964.5,0.0012087
11,"R_Date","NM12",,"posterior",-2959.5,0.0009427
11,"R_Date","NM12",,"posterior",-2954.5,0.0007407
11,"R_Date","NM12",,"posterior",-2949.5,0.0006072
11,"R_Date","NM12",,"posterior",-2944.5,0.0004997
11,"R_Date","NM12",,"posterior",-2939.5,0.0003807
11,"R_Date","NM12",,"posterior",-2934.5,0.00025339
11,"R_Date","NM12",,"posterior",-2929.5,0.00011744
11,"R_Date","NM12",,"posterior",-2924.5,0.00004349
11,"R_Date","NM12",,"posterior",-2919.5,0.000007984
11,"R_Date","NM12",,"posterior",-2914.5,0.0000011325
11,"R_Date","NM12",,"posterior",-2909.5,1.6988e-7
12,"Combine","NM23",,"likelihood",-3369.5,0
12,"Combine","NM23",,"likelihood",-3364.5,0
12,"Combine","NM23",,"likelihood",-3359.5,0
12,"Combine","NM23",,"likelihood",-3354.5,2.746e-8
12,"Combine","NM23",,"likelihood",-3349.5,4.119e-7
12,"Combine","NM23",,"likelihood",-3344.5,0.0000015195
12,"Combine","NM23",,"likelihood",-3339.5,0.000008769
12,"Combine","NM23",,"likelihood",-3334.5,0.00007796
12,"Combine","NM23",,"likelihood",-3329.5,0.0004391
12,"Combine","NM23",,"likelihood",-3324.5,0.001418
12,"Combine","NM23",,"likelihood",-3319.5,0.0027848
12,"Combine","NM23",,"likelihood",-3314.5,0.003935
12,"Combine","NM23",,"likelihood",-3309.5,0.004975
12,"Combine","NM23",,"likelihood",-3304.5,0.005788
12,"Combine","NM23",,"likelihood",-3299.5,0.005893
12,"Combine","NM23",,"likelihood",-3294.5,0.004485
12,"Combine","NM23",,"likelihood",-3289.5,0.003451
12,"Combine","NM23",,"likelihood",-3284.5,0.004485
12,"Combine","NM23",,"likelihood",-3279.5,0.006328
12,"Combine","NM23",,"likelihood",-3274.5,0.005893
12,"Combine","NM23",,"likelihood",-3269.5,0.004446
12,"Combine","NM23",,"likelihood",-3264.5,0.005607
12,"Combine","NM23",,"likelihood",-3259.5,0.008681
12,"Combine","NM23",,"likelihood",-3254.5,0.009153
12,"Combine","NM23",,"likelihood",-3249.5,0.008681
12,"Combine","NM23",,"likelihood",-3244.5,0.007107
12,"Combine","NM23",,"likelihood",-3239.5,0.005039
12,"Combine","NM23",,"likelihood",-3234.5,0.0025539
12,"Combine","NM23",,"likelihood",-3229.5,0.001418
12,"Combine","NM23",,"likelihood",-3224.5,0.0010161
12,"Combine","NM23",,"likelihood",-3219.5,0.0009144
12,"Combine","NM23",,"likelihood",-3214.5,0.0004085
12,"Combine","NM23",,"likelihood",-3209.5,0.00008861
12,"Combine","NM23",,"likelihood",-3204.5,0.000021318
12,"Combine","NM23",,"likelihood",-3199.5,0.000012595
12,"Combine","NM23",,"likelihood",-3194.5,0.0000351
12,"Combine","NM23",,"likelihood",-3189.5,0.00017446
12,"Combine","NM23",,"likelihood",-3184.5,0.0006217
12,"Combine","NM23",,"likelihood",-3179.5,0.0014612
12,"Combine","NM23",,"likelihood",-3174.5,0.0027848
12,"Combine","NM23",,"likelihood",-3169.5,0.003935
12,"Combine","NM23",,"likelihood",-3164.5,0.003913
12,"Combine","NM23",,"likelihood",-3159.5,0.0030099
12,"Combine","NM23",,"likelihood",-3154.5,0.0012896
12,"Combine","NM23",,"likelihood",-3149.5,0.0004196
12,"Combine","NM23",,"likelihood",-3144.5,0.00015681
12,"Combine","NM23",,"likelihood",-3139.5,0.00017446
12,"Combine","NM23",,"likelihood",-3134.5,0.00029199
12,"Combine","NM23",,"likelihood",-3129.5,0.0004714
12,"Combine","NM23",,"likelihood",-3124.5,0.0004714
12,"Combine","NM23",,"likelihood",-3119.5,0.0006594
12,"Combine","NM23",,"likelihood",-3114.5,0.0009038
12,"Combine","NM23",,"likelihood",-3109.5,0.0009994
12,"Combine","NM23",,"likelihood",-3104.5,0.0024141
12,"Combine","NM23",,"likelihood",-3099.5,0.006921
12,"Combine","NM23",,"likelihood",-3094.5,0.009074
12,"Combine","NM23",,"likelihood",-3089.5,0.005913
12,"Combine","NM23",,"likelihood",-3084.5,0.003653
12,"Combine","NM23",,"likelihood",-3079.5,0.0023911
12,"Combine","NM23",,"likelihood",-3074.5,0.0012705
12,"Combine","NM23",,"likelihood",-3069.5,0.0007599
12,"Combine","NM23",,"likelihood",-3064.5,0.0009831
12,"Combine","NM23",,"likelihood",-3059.5,0.0023621
12,"Combine","NM23",,"likelihood",-3054.5,0.004883
12,"Combine","NM23",,"likelihood",-3049.5,0.006577
12,"Combine","NM23",,"likelihood",-3044.5,0.006988
12,"Combine","NM23",,"likelihood",-3039.5,0.006731
12,"Combine","NM23",,"likelihood",-3034.5,0.006254
12,"Combine","NM23",,"likelihood",-3029.5,0.004112
12,"Combine","NM23",,"likelihood",-3024.5,0.0011602
12,"Combine","NM23",,"likelihood",-3019.5,0.0003183
12,"Combine","NM23",,"likelihood",-3014.5,0.00011053
12,"Combine","NM23",,"likelihood",-3009.5,0.00002227
12,"Combine","NM23",,"likelihood",-3004.5,0.0000026637
12,"Combine","NM23",,"likelihood",-2999.5,7.323e-7
12,"Combine","NM23",,"likelihood",-2994.5,5.675e-7
12,"Combine","NM23",,"likelihood",-2989.5,0.0000017941
12,"Combine","NM23",,"likelihood",-2984.5,0.000008037
12,"Combine","NM23",,"likelihood",-2979.5,0.000013794
12,"Combine","NM23",,"likelihood",-2974.5,0.00002163
12,"Combine","NM23",,"likelihood",-2969.5,0.00003277
12,"Combine","NM23",,"likelihood",-2964.5,0.000018884
12,"Combine","NM23",,"likelihood",-2959.5,0.000013767
12,"Combine","NM23",,"likelihood",-2954.5,0.000011964
12,"Combine","NM23",,"likelihood",-2949.5,0.000013831
12,"Combine","NM23",,"likelihood",-2944.5,0.000020138
12,"Combine","NM23",,"likelihood",-2939.5,0.000028357
12,"Combine","NM23",,"likelihood",-2934.5,0.000019717
12,"Combine","NM23",,"likelihood",-2929.5,0.000005336
12,"Combine","NM23",,"likelihood",-2924.5,7.506e-7
12,"Combine","NM23",,"likelihood",-2919.5,7.323e-8
12,"Combine","NM23",,"likelihood",-2914.5,0
12,"Combine","NM23",,"likelihood",-2909.5,0
12,"Combine","NM23",,"likelihood",-2904.5,0
12,"Combine","NM23",,"posterior",-3339.5,0
12,"Combine","NM23",,"posterior",-3334.5,0
12,"Combine","NM23",,"posterior",-3329.5,0
12,"Combine","NM23",,"posterior",-3324.5,5.097e-7
12,"Combine","NM23",,"posterior",-3319.5,6.116e-7
12,"Combine","NM23",,"posterior",-3314.5,0.0000018349
12,"Combine","NM23",,"posterior",-3309.5,0.000005556
12,"Combine","NM23",,"posterior",-3304.5,0.00000739
12,"Combine","NM23",,"posterior",-3299.5,0.000005301
12,"Combine","NM23",,"posterior",-3294.5,0.000005301
12,"Combine","NM23",,"posterior",-3289.5,0.000005046
12,"Combine","NM23",,"posterior",-3284.5,0.000004766
12,"Combine","NM23",,"posterior",-3279.5,0.000011621
12,"Combine","NM23",,"posterior",-3274.5,0.000010245
12,"Combine","NM23",,"posterior",-3269.5,0.000007289
12,"Combine","NM23",,"posterior",-3264.5,0.000009455
12,"Combine","NM23",,"posterior",-3259.5,0.000018323
12,"Combine","NM23",,"posterior",-3254.5,0.000023012
12,"Combine","NM23",,"posterior",-3249.5,0.000021967
12,"Combine","NM23",,"posterior",-3244.5,0.000025255
12,"Combine","NM23",,"posterior",-3239.5,0.00001631
12,"Combine","NM23",,"posterior",-3234.5,0.000006779
12,"Combine","NM23",,"posterior",-3229.5,0.000005301
12,"Combine","NM23",,"posterior",-3224.5,0.000004689
12,"Combine","NM23",,"posterior",-3219.5,0.0000028542
12,"Combine","NM23",,"posterior",-3214.5,0.0000015545
12,"Combine","NM23",,"posterior",-3209.5,4.332e-7
12,"Combine","NM23",,"posterior",-3204.5,0
12,"Combine","NM23",,"posterior",-3199.5,1.7839e-7
12,"Combine","NM23",,"posterior",-3194.5,6.881e-7
12,"Combine","NM23",,"posterior",-3189.5,0.0000022681
12,"Combine","NM23",,"posterior",-3184.5,0.000009633
12,"Combine","NM23",,"posterior",-3179.5,0.000027778
12,"Combine","NM23",,"posterior",-3174.5,0.00007309
12,"Combine","NM23",,"posterior",-3169.5,0.00011328
12,"Combine","NM23",,"posterior",-3164.5,0.0001356
12,"Combine","NM23",,"posterior",-3159.5,0.00014557
12,"Combine","NM23",,"posterior",-3154.5,0.00007406
12,"Combine","NM23",,"posterior",-3149.5,0.000030199
12,"Combine","NM23",,"posterior",-3144.5,0.000015877
12,"Combine","NM23",,"posterior",-3139.5,0.000026555
12,"Combine","NM23",,"posterior",-3134.5,0.00004452
12,"Combine","NM23",,"posterior",-3129.5,0.00010347
12,"Combine","NM23",,"posterior",-3124.5,0.00016555
12,"Combine","NM23",,"posterior",-3119.5,0.00030703
12,"Combine","NM23",,"posterior",-3114.5,0.0005772
12,"Combine","NM23",,"posterior",-3109.5,0.0010213
12,"Combine","NM23",,"posterior",-3104.5,0.003281
12,"Combine","NM23",,"posterior",-3099.5,0.009981
12,"Combine","NM23",,"posterior",-3094.5,0.014223
12,"Combine","NM23",,"posterior",-3089.5,0.010732
12,"Combine","NM23",,"posterior",-3084.5,0.006891
12,"Combine","NM23",,"posterior",-3079.5,0.004613
12,"Combine","NM23",,"posterior",-3074.5,0.0027076
12,"Combine","NM23",,"posterior",-3069.5,0.0018455
12,"Combine","NM23",,"posterior",-3064.5,0.0026247
12,"Combine","NM23",,"posterior",-3059.5,0.00673
12,"Combine","NM23",,"posterior",-3054.5,0.014961
12,"Combine","NM23",,"posterior",-3049.5,0.02208
12,"Combine","NM23",,"posterior",-3044.5,0.025401
12,"Combine","NM23",,"posterior",-3039.5,0.025484
12,"Combine","NM23",,"posterior",-3034.5,0.023124
12,"Combine","NM23",,"posterior",-3029.5,0.01516
12,"Combine","NM23",,"posterior",-3024.5,0.005026
12,"Combine","NM23",,"posterior",-3019.5,0.0013605
12,"Combine","NM23",,"posterior",-3014.5,0.0004298
12,"Combine","NM23",,"posterior",-3009.5,0.00008983
12,"Combine","NM23",,"posterior",-3004.5,0.000012768
12,"Combine","NM23",,"posterior",-2999.5,0.0000023446
12,"Combine","NM23",,"posterior",-2994.5,0.0000022681
12,"Combine","NM23",,"posterior",-2989.5,0.000004154
12,"Combine","NM23",,"posterior",-2984.5,0.000013099
12,"Combine","NM23",,"posterior",-2979.5,0.000022299
12,"Combine","NM23",,"posterior",-2974.5,0.000029078
12,"Combine","NM23",,"posterior",-2969.5,0.000028288
12,"Combine","NM23",,"posterior",-2964.5,0.000016488
12,"Combine","NM23",,"posterior",-2959.5,0.00001129
12,"Combine","NM23",,"posterior",-2954.5,0.000008767
12,"Combine","NM23",,"posterior",-2949.5,0.000007543
12,"Combine","NM23",,"posterior",-2944.5,0.00000869
12,"Combine","NM23",,"posterior",-2939.5,0.0000079
12,"Combine","NM23",,"posterior",-2934.5,0.000003899
12,"Combine","NM23",,"posterior",-2929.5,6.881e-7
12,"Combine","NM23",,"posterior",-2924.5,7.645e-8
12,"Combine","NM23",,"posterior",-2919.5,0
13,"R_Date","NM23-1",,"likelihood",-3379.5,0
13,"R_Date","NM23-1",,"likelihood",-3374.5,0
13,"R_Date","NM23-1",,"likelihood",-3369.5,0
13,"R_Date","NM23-1",,"likelihood",-3364.5,2.9796e-8
13,"R_Date","NM23-1",,"likelihood",-3359.5,0.0000010071
13,"R_Date","NM23-1",,"likelihood",-3354.5,0.000009547
13,"R_Date","NM23-1",,"likelihood",-3349.5,0.00004018
13,"R_Date","NM23-1",,"likelihood",-3344.5,0.00007686
13,"R_Date","NM23-1",,"likelihood",-3339.5,0.00018443
13,"R_Date","NM23-1",,"likelihood",-3334.5,0.00055
13,"R_Date","NM23-1",,"likelihood",-3329.5,0.0013053
13,"R_Date","NM23-1",,"likelihood",-3324.5,0.0023455
13,"R_Date","NM23-1",,"likelihood",-3319.5,0.003287
13,"R_Date","NM23-1",,"likelihood",-3314.5,0.003907
13,"R_Date","NM23-1",,"likelihood",-3309.5,0.004394
13,"R_Date","NM23-1",,"likelihood",-3304.5,0.004739
13,"R_Date","NM23-1",,"likelihood",-3299.5,0.004782
13,"R_Date","NM23-1",,"likelihood",-3294.5,0.004171
13,"R_Date","NM23-1",,"likelihood",-3289.5,0.003659
13,"R_Date","NM23-1",,"likelihood",-3284.5,0.004171
13,"R_Date","NM23-1",,"likelihood",-3279.5,0.004955
13,"R_Date","NM23-1",,"likelihood",-3274.5,0.004782
13,"R_Date","NM23-1",,"likelihood",-3269.5,0.004153
13,"R_Date","NM23-1",,"likelihood",-3264.5,0.004664
13,"R_Date","NM23-1",,"likelihood",-3259.5,0.005804
13,"R_Date","NM23-1",,"likelihood",-3254.5,0.005959
13,"R_Date","NM23-1",,"likelihood",-3249.5,0.005804
13,"R_Date","NM23-1",,"likelihood",-3244.5,0.005251
13,"R_Date","NM23-1",,"likelihood",-3239.5,0.004422
13,"R_Date","NM23-1",,"likelihood",-3234.5,0.0031477
13,"R_Date","NM23-1",,"likelihood",-3229.5,0.0023455
13,"R_Date","NM23-1",,"likelihood",-3224.5,0.0019855
13,"R_Date","NM23-1",,"likelihood",-3219.5,0.0018835
13,"R_Date","NM23-1",,"likelihood",-3214.5,0.0012589
13,"R_Date","NM23-1",,"likelihood",-3209.5,0.0005863
13,"R_Date","NM23-1",,"likelihood",-3204.5,0.00028759
13,"R_Date","NM23-1",,"likelihood",-3199.5,0.00022109
13,"R_Date","NM23-1",,"likelihood",-3194.5,0.0003691
13,"R_Date","NM23-1",,"likelihood",-3189.5,0.0008227
13,"R_Date","NM23-1",,"likelihood",-3184.5,0.0015531
13,"R_Date","NM23-1",,"likelihood",-3179.5,0.002381
13,"R_Date","NM23-1",,"likelihood",-3174.5,0.003287
13,"R_Date","NM23-1",,"likelihood",-3169.5,0.003907
13,"R_Date","NM23-1",,"likelihood",-3164.5,0.003896
13,"R_Date","NM23-1",,"likelihood",-3159.5,0.003417
13,"R_Date","NM23-1",,"likelihood",-3154.5,0.0022368
13,"R_Date","NM23-1",,"likelihood",-3149.5,0.0012759
13,"R_Date","NM23-1",,"likelihood",-3144.5,0.00078
13,"R_Date","NM23-1",,"likelihood",-3139.5,0.0008227
13,"R_Date","NM23-1",,"likelihood",-3134.5,0.0010643
13,"R_Date","NM23-1",,"likelihood",-3129.5,0.0013523
13,"R_Date","NM23-1",,"likelihood",-3124.5,0.0013523
13,"R_Date","NM23-1",,"likelihood",-3119.5,0.0015994
13,"R_Date","NM23-1",,"likelihood",-3114.5,0.0018725
13,"R_Date","NM23-1",,"likelihood",-3109.5,0.0019691
13,"R_Date","NM23-1",,"likelihood",-3104.5,0.0030604
13,"R_Date","NM23-1",,"likelihood",-3099.5,0.005182
13,"R_Date","NM23-1",,"likelihood",-3094.5,0.005933
13,"R_Date","NM23-1",,"likelihood",-3089.5,0.00479
13,"R_Date","NM23-1",,"likelihood",-3084.5,0.003765
13,"R_Date","NM23-1",,"likelihood",-3079.5,0.0030458
13,"R_Date","NM23-1",,"likelihood",-3074.5,0.0022202
13,"R_Date","NM23-1",,"likelihood",-3069.5,0.001717
13,"R_Date","NM23-1",,"likelihood",-3064.5,0.001953
13,"R_Date","NM23-1",,"likelihood",-3059.5,0.0030273
13,"R_Date","NM23-1",,"likelihood",-3054.5,0.004353
13,"R_Date","NM23-1",,"likelihood",-3049.5,0.005051
13,"R_Date","NM23-1",,"likelihood",-3044.5,0.005207
13,"R_Date","NM23-1",,"likelihood",-3039.5,0.00511
13,"R_Date","NM23-1",,"likelihood",-3034.5,0.004926
13,"R_Date","NM23-1",,"likelihood",-3029.5,0.003994
13,"R_Date","NM23-1",,"likelihood",-3024.5,0.0021217
13,"R_Date","NM23-1",,"likelihood",-3019.5,0.0011112
13,"R_Date","NM23-1",,"likelihood",-3014.5,0.0006548
13,"R_Date","NM23-1",,"likelihood",-3009.5,0.00029396
13,"R_Date","NM23-1",,"likelihood",-3004.5,0.00010172
13,"R_Date","NM23-1",,"likelihood",-2999.5,0.00005325
13,"R_Date","NM23-1",,"likelihood",-2994.5,0.00004687
13,"R_Date","NM23-1",,"likelihood",-2989.5,0.00008344
13,"R_Date","NM23-1",,"likelihood",-2984.5,0.00017662
13,"R_Date","NM23-1",,"likelihood",-2979.5,0.00023132
13,"R_Date","NM23-1",,"likelihood",-2974.5,0.00028967
13,"R_Date","NM23-1",,"likelihood",-2969.5,0.0003566
13,"R_Date","NM23-1",,"likelihood",-2964.5,0.00027066
13,"R_Date","NM23-1",,"likelihood",-2959.5,0.00023108
13,"R_Date","NM23-1",,"likelihood",-2954.5,0.00021548
13,"R_Date","NM23-1",,"likelihood",-2949.5,0.00023161
13,"R_Date","NM23-1",,"likelihood",-2944.5,0.00027953
13,"R_Date","NM23-1",,"likelihood",-2939.5,0.0003317
13,"R_Date","NM23-1",,"likelihood",-2934.5,0.00027661
13,"R_Date","NM23-1",,"likelihood",-2929.5,0.00014385
13,"R_Date","NM23-1",,"likelihood",-2924.5,0.000054
13,"R_Date","NM23-1",,"likelihood",-2919.5,0.000016573
13,"R_Date","NM23-1",,"likelihood",-2914.5,0.000001901
13,"R_Date","NM23-1",,"likelihood",-2909.5,1.1323e-7
13,"R_Date","NM23-1",,"likelihood",-2904.5,1.1919e-8
13,"R_Date","NM23-1",,"likelihood",-2899.5,0
13,"R_Date","NM23-1",,"likelihood",-2894.5,0
13,"R_Date","NM23-1",,"likelihood",-2889.5,0
13,"R_Date","NM23-1",,"posterior",-3339.5,0
13,"R_Date","NM23-1",,"posterior",-3334.5,0
13,"R_Date","NM23-1",,"posterior",-3329.5,0
13,"R_Date","NM23-1",,"posterior",-3324.5,5.097e-7
13,"R_Date","NM23-1",,"posterior",-3319.5,6.116e-7
13,"R_Date","NM23-1",,"posterior",-3314.5,0.0000018349
13,"R_Date","NM23-1",,"posterior",-3309.5,0.000005556
13,"R_Date","NM23-1",,"posterior",-3304.5,0.00000739
13,"R_Date","NM23-1",,"posterior",-3299.5,0.000005301
13,"R_Date","NM23-1",,"posterior",-3294.5,0.000005301
13,"R_Date","NM23-1",,"posterior",-3289.5,0.000005046
13,"R_Date","NM23-1",,"posterior",-3284.5,0.000004766
13,"R_Date","NM23-1",,"posterior",-3279.5,0.000011621
13,"R_Date","NM23-1",,"posterior",-3274.5,0.000010245
13,"R_Date","NM23-1",,"posterior",-3269.5,0.000007289
13,"R_Date","NM23-1",,"posterior",-3264.5,0.000009455
13,"R_Date","NM23-1",,"posterior",-3259.5,0.000018323
13,"R_Date","NM23-1",,"posterior",-3254.5,0.000023012
13,"R_Date","NM23-1",,"posterior",-3249.5,0.000021967
13,"R_Date","NM23-1",,"posterior",-3244.5,0.000025255
13,"R_Date","NM23-1",,"posterior",-3239.5,0.00001631
13,"R_Date","NM23-1",,"posterior",-3234.5,0.000006779
13,"R_Date","NM23-1",,"posterior",-3229.5,0.000005301
13,"R_Date","NM23-1",,"posterior",-3224.5,0.000004689
13,"R_Date","NM23-1",,"posterior",-3219.5,0.0000028542
13,"R_Date","NM23-1",,"posterior",-3214.5,0.0000015545
13,"R_Date","NM23-1",,"posterior",-3209.5,4.332e-7
13,"R_Date","NM23-1",,"posterior",-3204.5,0
13,"R_Date","NM23-1",,"posterior",-3199.5,1.7839e-7
13,"R_Date","NM23-1",,"posterior",-3194.5,6.881e-7
13,"R_Date","NM23-1",,"posterior",-3189.5,0.0000022681
13,"R_Date","NM23-1",,"posterior",-3184.5,0.000009633
13,"R_Date","NM23-1",,"posterior",-3179.5,0.000027778
13,"R_Date","NM23-1",,"posterior",-3174.5,0.00007309
13,"R_Date","NM23-1",,"posterior",-3169.5,0.00011328
13,"R_Date","NM23-1",,"posterior",-3164.5,0.0001356
13,"R_Date","NM23-1",,"posterior",-3159.5,0.00014557
13,"R_Date","NM23-1",,"posterior",-3154.5,0.00007406
13,"R_Date","NM23-1",,"posterior",-3149.5,0.000030199
13,"R_Date","NM23-1",,"posterior",-3144.5,0.000015877
13,"R_Date","NM23-1",,"posterior",-3139.5,0.000026555
13,"R_Date","NM23-1",,"posterior",-3134.5,0.00004452
13,"R_Date","NM23-1",,"posterior",-3129.5,0.00010347
13,"R_Date","NM23-1",,"posterior",-3124.5,0.00016555
13,"R_Date","NM23-1",,"posterior",-3119.5,0.00030703
13,"R_Date","NM23-1",,"posterior",-3114.5,0.0005772
13,"R_Date","NM23-1",,"posterior",-3109.5,0.0010213
13,"R_Date","NM23-1",,"posterior",-3104.5,0.003281
13,"R_Date","NM23-1",,"posterior",-3099.5,0.009981
13,"R_Date","NM23-1",,"posterior",-3094.5,0.014223
13,"R_Date","NM23-1",,"posterior",-3089.5,0.010732
13,"R_Date","NM23-1",,"posterior",-3084.5,0.006891
13,"R_Date","NM23-1",,"posterior",-3079.5,0.004613
13,"R_Date","NM23-1",,"posterior",-3074.5,0.0027076
13,"R_Date","NM23-1",,"posterior",-3069.5,0.0018455
13,"R_Date","NM23-1",,"posterior",-3064.5,0.0026247
13,"R_Date","NM23-1",,"posterior",-3059.5,0.00673
13,"R_Date","NM23-1",,"posterior",-3054.5,0.014961
13,"R_Date","NM23-1",,"posterior",-3049.5,0.02208
13,"R_Date","NM23-1",,"posterior",-3044.5,0.025401
13,"R_Date","NM23-1",,"posterior",-3039.5,0.025484
13,"R_Date","NM23-1",,"posterior",-3034.5,0.023124
13,"R_Date","NM23-1",,"posterior",-3029.5,0.01516
13,"R_Date","NM23-1",,"posterior",-3024.5,0.005026
13,"R_Date","NM23-1",,"posterior",-3019.5,0.0013605
13,"R_Date","NM23-1",,"posterior",-3014.5,0.0004298
13,"R_Date","NM23-1",,"posterior",-3009.5,0.00008983
13,"R_Date","NM23-1",,"posterior",-3004.5,0.000012768
13,"R_Date","NM23-1",,"posterior",-2999.5,0.0000023446
13,"R_Date","NM23-1",,"posterior",-2994.5,0.0000022681
13,"R_Date","NM23-1",,"posterior",-2989.5,0.000004154
13,"R_Date","NM23-1",,"posterior",-2984.5,0.000013099
13,"R_Date","NM23-1",,"posterior",-2979.5,0.000022299
13,"R_Date","NM23-1",,"posterior",-2974.5,0.000029078
13,"R_Date","NM23-1",,"posterior",-2969.5,0.000028288
13,"R_Date","NM23-1",,"posterior",-2964.5,0.000016488
13,"R_Date","NM23-1",,"posterior",-2959.5,0.00001129
13,"R_Date","NM23-1",,"posterior",-2954.5,0.000008767
13,"R_Date","NM23-1",,"posterior",-2949.5,0.000007543
13,"R_Date","NM23-1",,"posterior",-2944.5,0.00000869
13,"R_Date","NM23-1",,"posterior",-2939.5,0.0000079
13,"R_Date","NM23-1",,"posterior",-2934.5,0.000003899
13,"R_Date","NM23-1",,"posterior",-2929.5,6.881e-7
13,"R_Date","NM23-1",,"posterior",-2924.5,7.645e-8
13,"R_Date","NM23-1",,"posterior",-2919.5,0
14,"R_Date","NM23-2",,"likelihood",-3379.5,0
14,"R_Date","NM23-2",,"likelihood",-3374.5,0
14,"R_Date","NM23-2",,"likelihood",-3369.5,0
14,"R_Date","NM23-2",,"likelihood",-3364.5,2.9796e-8
14,"R_Date","NM23-2",,"likelihood",-3359.5,0.0000010071
14,"R_Date","NM23-2",,"likelihood",-3354.5,0.000009547
14,"R_Date","NM23-2",,"likelihood",-3349.5,0.00004018
14,"R_Date","NM23-2",,"likelihood",-3344.5,0.00007686
14,"R_Date","NM23-2",,"likelihood",-3339.5,0.00018443
14,"R_Date","NM23-2",,"likelihood",-3334.5,0.00055
14,"R_Date","NM23-2",,"likelihood",-3329.5,0.0013053
14,"R_Date","NM23-2",,"likelihood",-3324.5,0.0023455
14,"R_Date","NM23-2",,"likelihood",-3319.5,0.003287
14,"R_Date","NM23-2",,"likelihood",-3314.5,0.003907
14,"R_Date","NM23-2",,"likelihood",-3309.5,0.004394
14,"R_Date","NM23-2",,"likelihood",-3304.5,0.004739
14,"R_Date","NM23-2",,"likelihood",-3299.5,0.004782
14,"R_Date","NM23-2",,"likelihood",-3294.5,0.004171
14,"R_Date","NM23-2",,"likelihood",-3289.5,0.003659
14,"R_Date","NM23-2",,"likelihood",-3284.5,0.004171
14,"R_Date","NM23-2",,"likelihood",-3279.5,0.004955
14,"R_Date","NM23-2",,"likelihood",-3274.5,0.004782
14,"R_Date","NM23-2",,"likelihood",-3269.5,0.004153
14,"R_Date","NM23-2",,"likelihood",-3264.5,0.004664
14,"R_Date","NM23-2",,"likelihood",-3259.5,0.005804
14,"R_Date","NM23-2",,"likelihood",-3254.5,0.005959
14,"R_Date","NM23-2",,"likelihood",-3249.5,0.005804
14,"R_Date","NM23-2",,"likelihood",-3244.5,0.005251
14,"R_Date","NM23-2",,"likelihood",-3239.5,0.004422
14,"R_Date","NM23-2",,"likelihood",-3234.5,0.0031477
14,"R_Date","NM23-2",,"likelihood",-3229.5,0.0023455
14,"R_Date","NM23-2",,"likelihood",-3224.5,0.0019855
14,"R_Date","NM23-2",,"likelihood",-3219.5,0.0018835
14,"R_Date","NM23-2",,"likelihood",-3214.5,0.0012589
14,"R_Date","NM23-2",,"likelihood",-3209.5,0.0005863
14,"R_Date","NM23-2",,"likelihood",-3204.5,0.00028759
14,"R_Date","NM23-2",,"likelihood",-3199.5,0.00022109
14,"R_Date","NM23-2",,"likelihood",-3194.5,0.0003691
14,"R_Date","NM23-2",,"likelihood",-3189.5,0.0008227
14,"R_Date","NM23-2",,"likelihood",-3184.5,0.0015531
14,"R_Date","NM23-2",,"likelihood",-3179.5,0.002381
14,"R_Date","NM23-2",,"likelihood",-3174.5,0.003287
14,"R_Date","NM23-2",,"likelihood",-3169.5,0.003907
14,"R_Date","NM23-2",,"likelihood",-3164.5,0.003896
14,"R_Date","NM23-2",,"likelihood",-3159.5,0.003417
14,"R_Date","NM23-2",,"likelihood",-3154.5,0.0022368
14,"R_Date","NM23-2",,"likelihood",-3149.5,0.0012759
14,"R_Date","NM23-2",,"likelihood",-3144.5,0.00078
14,"R_Date","NM23-2",,"likelihood",-3139.5,0.0008227
14,"R_Date","NM23-2",,"likelihood",-3134.5,0.0010643
14,"R_Date","NM23-2",,"likelihood",-3129.5,0.0013523
14,"R_Date","NM23-2",,"likelihood",-3124.5,0.0013523
14,"R_Date","NM23-2",,"likelihood",-3119.5,0.0015994
14,"R_Date","NM23-2",,"likelihood",-3114.5,0.0018725
14,"R_Date","NM23-2",,"likelihood",-3109.5,0.0019691
14,"R_Date","NM23-2",,"likelihood",-3104.5,0.0030604
14,"R_Date","NM23-2",,"likelihood",-3099.5,0.005182
14,"R_Date","NM23-2",,"likelihood",-3094.5,0.005933
14,"R_Date","NM23-2",,"likelihood",-3089.5,0.00479
14,"R_Date","NM23-2",,"likelihood",-3084.5,0.003765
14,"R_Date","NM23-2",,"likelihood",-3079.5,0.0030458
14,"R_Date","NM23-2",,"likelihood",-3074.5,0.0022202
14,"R_Date","NM23-2",,"likelihood",-3069.5,0.001717
14,"R_Date","NM23-2",,"likelihood",-3064.5,0.001953
14,"R_Date","NM23-2",,"likelihood",-3059.5,0.0030273
14,"R_Date","NM23-2",,"likelihood",-3054.5,0.004353
14,"R_Date","NM23-2",,"likelihood",-3049.5,0.005051
14,"R_Date","NM23-2",,"likelihood",-3044.5,0.005207
14,"R_Date","NM23-2",,"likelihood",-3039.5,0.00511
14,"R_Date","NM23-2",,"likelihood",-3034.5,0.004926
14,"R_Date","NM23-2",,"likelihood",-3029.5,0.003994
14,"R_Date","NM23-2",,"likelihood",-3024.5,0.0021217
14,"R_Date","NM23-2",,"likelihood",-3019.5,0.0011112
14,"R_Date","NM23-2",,"likelihood",-3014.5,0.0006548
14,"R_Date","NM23-2",,"likelihood",-3009.5,0.00029396
14,"R_Date","NM23-2",,"likelihood",-3004.5,0.00010172
14,"R_Date","NM23-2",,"likelihood",-2999.5,0.00005325
14,"R_Date","NM23-2",,"likelihood",-2994.5,0.00004687
14,"R_Date","NM23-2",,"likelihood",-2989.5,0.00008344
14,"R_Date","NM23-2",,"likelihood",-2984.5,0.00017662
14,"R_Date","NM23-2",,"likelihood",-2979.5,0.00023132
14,"R_Date","NM23-2",,"likelihood",-2974.5,0.00028967
14,"R_Date","NM23-2",,"likelihood",-2969.5,0.0003566
14,"R_Date","NM23-2",,"likelihood",-2964.5,0.00027066
14,"R_Date","NM23-2",,"likelihood",-2959.5,0.00023108
14,"R_Date","NM23-2",,"likelihood",-2954.5,0.00021548
14,"R_Date","NM23-2",,"likelihood",-2949.5,0.00023161
14,"R_Date","NM23-2",,"likelihood",-2944.5,0.00027953
14,"R_Date","NM23-2",,"likelihood",-2939.5,0.0003317
14,"R_Date","NM23-2",,"likelihood",-2934.5,0.00027661
14,"R_Date","NM23-2",,"likelihood",-2929.5,0.00014385
14,"R_Date","NM23-2",,"likelihood",-2924.5,0.000054
14,"R_Date","NM23-2",,"likelihood",-2919.5,0.000016573
14,"R_Date","NM23-2",,"likelihood",-2914.5,0.000001901
14,"R_Date","NM23-2",,"likelihood",-2909.5,1.1323e-7
14,"R_Date","NM23-2",,"likelihood",-2904.5,1.1919e-8
14,"R_Date","NM23-2",,"likelihood",-2899.5,0
14,"R_Date","NM23-2",,"likelihood",-2894.5,0
14,"R_Date","NM23-2",,"likelihood",-2889.5,0
14,"R_Date","NM23-2",,"posterior",-3339.5,0
14,"R_Date","NM23-2",,"posterior",-3334.5,0
14,"R_Date","NM23-2",,"posterior",-3329.5,0
14,"R_Date","NM23-2",,"posterior",-3324.5,5.097e-7
14,"R_Date","NM23-2",,"posterior",-3319.5,6.116e-7
14,"R_Date","NM23-2",,"posterior",-3314.5,0.0000018349
14,"R_Date","NM23-2",,"posterior",-3309.5,0.000005556
14,"R_Date","NM23-2",,"posterior",-3304.5,0.00000739
14,"R_Date","NM23-2",,"posterior",-3299.5,0.000005301
14,"R_Date","NM23-2",,"posterior",-3294.5,0.000005301
14,"R_Date","NM23-2",,"posterior",-3289.5,0.000005046
14,"R_Date","NM23-2",,"posterior",-3284.5,0.000004766
14,"R_Date","NM23-2",,"posterior",-3279.5,0.000011621
14,"R_Date","NM23-2",,"posterior",-3274.5,0.000010245
14,"R_Date","NM23-2",,"posterior",-3269.5,0.000007289
14,"R_Date","NM23-2",,"posterior",-3264.5,0.000009455
14,"R_Date","NM23-2",,"posterior",-3259.5,0.000018323
14,"R_Date","NM23-2",,"posterior",-3254.5,0.000023012
14,"R_Date","NM23-2",,"posterior",-3249.5,0.000021967
14,"R_Date","NM23-2",,"posterior",-3244.5,0.000025255
14,"R_Date","NM23-2",,"posterior",-3239.5,0.00001631
14,"R_Date","NM23-2",,"posterior",-3234.5,0.000006779
14,"R_Date","NM23-2",,"posterior",-3229.5,0.000005301
14,"R_Date","NM23-2",,"posterior",-3224.5,0.000004689
14,"R_Date","NM23-2",,"posterior",-3219.5,0.0000028542
14,"R_Date","NM23-2",,"posterior",-3214.5,0.0000015545
14,"R_Date","NM23-2",,"posterior",-3209.5,4.332e-7
14,"R_Date","NM23-2",,"posterior",-3204.5,0
14,"R_Date","NM23-2",,"posterior",-3199.5,1.7839e-7
14,"R_Date","NM23-2",,"posterior",-3194.5,6.881e-7
14,"R_Date","NM23-2",,"posterior",-3189.5,0.0000022681
14,"R_Date","NM23-2",,"posterior",-3184.5,0.000009633
14,"R_Date","NM23-2",,"posterior",-3179.5,0.000027778
14,"R_Date","NM23-2",,"posterior",-3174.5,0.00007309
14,"R_Date","NM23-2",,"posterior",-3169.5,0.00011328
14,"R_Date","NM23-2",,"posterior",-3164.5,0.0001356
14,"R_Date","NM23-2",,"posterior",-3159.5,0.00014557
14,"R_Date","NM23-2",,"posterior",-3154.5,0.00007406
14,"R_Date","NM23-2",,"posterior",-3149.5,0.000030199
14,"R_Date","NM23-2",,"posterior",-3144.5,0.000015877
14,"R_Date","NM23-2",,"posterior",-3139.5,0.000026555
14,"R_Date","NM23-2",,"posterior",-3134.5,0.00004452
14,"R_Date","NM23-2",,"posterior",-3129.5,0.00010347
14,"R_Date","NM23-2",,"posterior",-3124.5,0.00016555
14,"R_Date","NM23-2",,"posterior",-3119.5,0.00030703
14,"R_Date","NM23-2",,"posterior",-3114.5,0.0005772
14,"R_Date","NM23-2",,"posterior",-3109.5,0.0010213
14,"R_Date","NM23-2",,"posterior",-3104.5,0.003281
14,"R_Date","NM23-2",,"posterior",-3099.5,0.009981
14,"R_Date","NM23-2",,"posterior",-3094.5,0.014223
14,"R_Date","NM23-2",,"posterior",-3089.5,0.010732
14,"R_Date","NM23-2",,"posterior",-3084.5,0.006891
14,"R_Date","NM23-2",,"posterior",-3079.5,0.004613
14,"R_Date","NM23-2",,"posterior",-3074.5,0.0027076
14,"R_Date","NM23-2",,"posterior",-3069.5,0.0018455
14,"R_Date","NM23-2",,"posterior",-3064.5,0.0026247
14,"R_Date","NM23-2",,"posterior",-3059.5,0.00673
14,"R_Date","NM23-2",,"posterior",-3054.5,0.014961
14,"R_Date","NM23-2",,"posterior",-3049.5,0.02208
14,"R_Date","NM23-2",,"posterior",-3044.5,0.025401
14,"R_Date","NM23-2",,"posterior",-3039.5,0.025484
14,"R_Date","NM23-2",,"posterior",-3034.5,0.023124
14,"R_Date","NM23-2",,"posterior",-3029.5,0.01516
14,"R_Date","NM23-2",,"posterior",-3024.5,0.005026
14,"R_Date","NM23-2",,"posterior",-3019.5,0.0013605
14,"R_Date","NM23-2",,"posterior",-3014.5,0.0004298
14,"R_Date","NM23-2",,"posterior",-3009.5,0.00008983
14,"R_Date","NM23-2",,"posterior",-3004.5,0.000012768
14,"R_Date","NM23-2",,"posterior",-2999.5,0.0000023446
14,"R_Date","NM23-2",,"posterior",-2994.5,0.0000022681
14,"R_Date","NM23-2",,"posterior",-2989.5,0.000004154
14,"R_Date","NM23-2",,"posterior",-2984.5,0.000013099
14,"R_Date","NM23-2",,"posterior",-2979.5,0.000022299
14,"R_Date","NM23-2",,"posterior",-2974.5,0.000029078
14,"R_Date","NM23-2",,"posterior",-2969.5,0.000028288
14,"R_Date","NM23-2",,"posterior",-2964.5,0.000016488
14,"R_Date","NM23-2",,"posterior",-2959.5,0.00001129
14,"R_Date","NM23-2",,"posterior",-2954.5,0.000008767
14,"R_Date","NM23-2",,"posterior",-2949.5,0.000007543
14,"R_Date","NM23-2",,"posterior",-2944.5,0.00000869
14,"R_Date","NM23-2",,"posterior",-2939.5,0.0000079
14,"R_Date","NM23-2",,"posterior",-2934.5,0.000003899
14,"R_Date","NM23-2",,"posterior",-2929.5,6.881e-7
14,"R_Date","NM23-2",,"posterior",-2924.5,7.645e-8
14,"R_Date","NM23-2",,"posterior",-2919.5,0
15,"Combine","NM27",,"likelihood",-3364.5,0
15,"Combine","NM27",,"likelihood",-3359.5,0
15,"Combine","NM27",,"likelihood",-3354.5,1.0005e-8
15,"Combine","NM27",,"likelihood",-3349.5,1.6008e-7
15,"Combine","NM27",,"likelihood",-3344.5,5.603e-7
15,"Combine","NM27",,"likelihood",-3339.5,0.000003212
15,"Combine","NM27",,"likelihood",-3334.5,0.000029634
15,"Combine","NM27",,"likelihood",-3329.5,0.00018643
15,"Combine","NM27",,"likelihood",-3324.5,0.0006737
15,"Combine","NM27",,"likelihood",-3319.5,0.0014681
15,"Combine","NM27",,"likelihood",-3314.5,0.0022351
15,"Combine","NM27",,"likelihood",-3309.5,0.0030151
15,"Combine","NM27",,"likelihood",-3304.5,0.003694
15,"Combine","NM27",,"likelihood",-3299.5,0.003666
15,"Combine","NM27",,"likelihood",-3294.5,0.0025583
15,"Combine","NM27",,"likelihood",-3289.5,0.0018467
15,"Combine","NM27",,"likelihood",-3284.5,0.0025583
15,"Combine","NM27",,"likelihood",-3279.5,0.004185
15,"Combine","NM27",,"likelihood",-3274.5,0.003666
15,"Combine","NM27",,"likelihood",-3269.5,0.0026066
15,"Combine","NM27",,"likelihood",-3264.5,0.003426
15,"Combine","NM27",,"likelihood",-3259.5,0.006717
15,"Combine","NM27",,"likelihood",-3254.5,0.008226
15,"Combine","NM27",,"likelihood",-3249.5,0.006717
15,"Combine","NM27",,"likelihood",-3244.5,0.004972
15,"Combine","NM27",,"likelihood",-3239.5,0.0029732
15,"Combine","NM27",,"likelihood",-3234.5,0.0012887
15,"Combine","NM27",,"likelihood",-3229.5,0.0006737
15,"Combine","NM27",,"likelihood",-3224.5,0.0004523
15,"Combine","NM27",,"likelihood",-3219.5,0.0004027
15,"Combine","NM27",,"likelihood",-3214.5,0.00016819
15,"Combine","NM27",,"likelihood",-3209.5,0.00003464
15,"Combine","NM27",,"likelihood",-3204.5,0.000007874
15,"Combine","NM27",,"likelihood",-3199.5,0.000004632
15,"Combine","NM27",,"likelihood",-3194.5,0.000013376
15,"Combine","NM27",,"likelihood",-3189.5,0.00007189
15,"Combine","NM27",,"likelihood",-3184.5,0.00027123
15,"Combine","NM27",,"likelihood",-3179.5,0.0007162
15,"Combine","NM27",,"likelihood",-3174.5,0.0014681
15,"Combine","NM27",,"likelihood",-3169.5,0.0022351
15,"Combine","NM27",,"likelihood",-3164.5,0.0022861
15,"Combine","NM27",,"likelihood",-3159.5,0.0016577
15,"Combine","NM27",,"likelihood",-3154.5,0.0006056
15,"Combine","NM27",,"likelihood",-3149.5,0.00018222
15,"Combine","NM27",,"likelihood",-3144.5,0.00006272
15,"Combine","NM27",,"likelihood",-3139.5,0.00007189
15,"Combine","NM27",,"likelihood",-3134.5,0.00012378
15,"Combine","NM27",,"likelihood",-3129.5,0.00020646
15,"Combine","NM27",,"likelihood",-3124.5,0.00020646
15,"Combine","NM27",,"likelihood",-3119.5,0.00029681
15,"Combine","NM27",,"likelihood",-3114.5,0.0004192
15,"Combine","NM27",,"likelihood",-3109.5,0.0004684
15,"Combine","NM27",,"likelihood",-3104.5,0.0012758
15,"Combine","NM27",,"likelihood",-3099.5,0.004954
15,"Combine","NM27",,"likelihood",-3094.5,0.009623
15,"Combine","NM27",,"likelihood",-3089.5,0.009322
15,"Combine","NM27",,"likelihood",-3084.5,0.007483
15,"Combine","NM27",,"likelihood",-3079.5,0.005905
15,"Combine","NM27",,"likelihood",-3074.5,0.004098
15,"Combine","NM27",,"likelihood",-3069.5,0.0029368
15,"Combine","NM27",,"likelihood",-3064.5,0.003389
15,"Combine","NM27",,"likelihood",-3059.5,0.005986
15,"Combine","NM27",,"likelihood",-3054.5,0.008625
15,"Combine","NM27",,"likelihood",-3049.5,0.009813
15,"Combine","NM27",,"likelihood",-3044.5,0.010005
15,"Combine","NM27",,"likelihood",-3039.5,0.009911
15,"Combine","NM27",,"likelihood",-3034.5,0.009695
15,"Combine","NM27",,"likelihood",-3029.5,0.008103
15,"Combine","NM27",,"likelihood",-3024.5,0.003962
15,"Combine","NM27",,"likelihood",-3019.5,0.0016302
15,"Combine","NM27",,"likelihood",-3014.5,0.0007748
15,"Combine","NM27",,"likelihood",-3009.5,0.00024181
15,"Combine","NM27",,"likelihood",-3004.5,0.00004939
15,"Combine","NM27",,"likelihood",-2999.5,0.000017258
15,"Combine","NM27",,"likelihood",-2994.5,0.000015127
15,"Combine","NM27",,"likelihood",-2989.5,0.00003654
15,"Combine","NM27",,"likelihood",-2984.5,0.00010757
15,"Combine","NM27",,"likelihood",-2979.5,0.00016943
15,"Combine","NM27",,"likelihood",-2974.5,0.00023628
15,"Combine","NM27",,"likelihood",-2969.5,0.00029351
15,"Combine","NM27",,"likelihood",-2964.5,0.00021372
15,"Combine","NM27",,"likelihood",-2959.5,0.00016924
15,"Combine","NM27",,"likelihood",-2954.5,0.00015252
15,"Combine","NM27",,"likelihood",-2949.5,0.00016983
15,"Combine","NM27",,"likelihood",-2944.5,0.00022442
15,"Combine","NM27",,"likelihood",-2939.5,0.0002759
15,"Combine","NM27",,"likelihood",-2934.5,0.00021066
15,"Combine","NM27",,"likelihood",-2929.5,0.00008324
15,"Combine","NM27",,"likelihood",-2924.5,0.000018819
15,"Combine","NM27",,"likelihood",-2919.5,0.0000028113
15,"Combine","NM27",,"likelihood",-2914.5,1.0005e-7
15,"Combine","NM27",,"likelihood",-2909.5,0
15,"Combine","NM27",,"likelihood",-2904.5,0
15,"Combine","NM27",,"likelihood",-2899.5,0
15,"Combine","NM27",,"posterior",-3339.5,0
15,"Combine","NM27",,"posterior",-3334.5,0
15,"Combine","NM27",,"posterior",-3329.5,8.785e-8
15,"Combine","NM27",,"posterior",-3324.5,4.393e-7
15,"Combine","NM27",,"posterior",-3319.5,3.514e-7
15,"Combine","NM27",,"posterior",-3314.5,0.0000012079
15,"Combine","NM27",,"posterior",-3309.5,0.0000024378
15,"Combine","NM27",,"posterior",-3304.5,0.000002943
15,"Combine","NM27",,"posterior",-3299.5,0.000004678
15,"Combine","NM27",,"posterior",-3294.5,0.0000028551
15,"Combine","NM27",,"posterior",-3289.5,0.000003382
15,"Combine","NM27",,"posterior",-3284.5,0.000004349
15,"Combine","NM27",,"posterior",-3279.5,0.000005557
15,"Combine","NM27",,"posterior",-3274.5,0.00000459
15,"Combine","NM27",,"posterior",-3269.5,0.000004261
15,"Combine","NM27",,"posterior",-3264.5,0.000007028
15,"Combine","NM27",,"posterior",-3259.5,0.000010849
15,"Combine","NM27",,"posterior",-3254.5,0.00001902
15,"Combine","NM27",,"posterior",-3249.5,0.000018844
15,"Combine","NM27",,"posterior",-3244.5,0.000009729
15,"Combine","NM27",,"posterior",-3239.5,0.000009202
15,"Combine","NM27",,"posterior",-3234.5,0.00000694
15,"Combine","NM27",,"posterior",-3229.5,0.0000024378
15,"Combine","NM27",,"posterior",-3224.5,0.0000019986
15,"Combine","NM27",,"posterior",-3219.5,6.149e-7
15,"Combine","NM27",,"posterior",-3214.5,6.149e-7
15,"Combine","NM27",,"posterior",-3209.5,1.757e-7
15,"Combine","NM27",,"posterior",-3204.5,8.785e-8
15,"Combine","NM27",,"posterior",-3199.5,8.785e-8
15,"Combine","NM27",,"posterior",-3194.5,8.785e-8
15,"Combine","NM27",,"posterior",-3189.5,6.149e-7
15,"Combine","NM27",,"posterior",-3184.5,0.0000027673
15,"Combine","NM27",,"posterior",-3179.5,0.000008763
15,"Combine","NM27",,"posterior",-3174.5,0.000028991
15,"Combine","NM27",,"posterior",-3169.5,0.00005104
15,"Combine","NM27",,"posterior",-3164.5,0.00007006
15,"Combine","NM27",,"posterior",-3159.5,0.00004939
15,"Combine","NM27",,"posterior",-3154.5,0.000028046
15,"Combine","NM27",,"posterior",-3149.5,0.000009642
15,"Combine","NM27",,"posterior",-3144.5,0.000004085
15,"Combine","NM27",,"posterior",-3139.5,0.000007028
15,"Combine","NM27",,"posterior",-3134.5,0.000013199
15,"Combine","NM27",,"posterior",-3129.5,0.000026135
15,"Combine","NM27",,"posterior",-3124.5,0.00004445
15,"Combine","NM27",,"posterior",-3119.5,0.00009218
15,"Combine","NM27",,"posterior",-3114.5,0.00016702
15,"Combine","NM27",,"posterior",-3109.5,0.00030921
15,"Combine","NM27",,"posterior",-3104.5,0.001158
15,"Combine","NM27",,"posterior",-3099.5,0.004579
15,"Combine","NM27",,"posterior",-3094.5,0.009293
15,"Combine","NM27",,"posterior",-3089.5,0.010036
15,"Combine","NM27",,"posterior",-3084.5,0.008465
15,"Combine","NM27",,"posterior",-3079.5,0.006887
15,"Combine","NM27",,"posterior",-3074.5,0.005116
15,"Combine","NM27",,"posterior",-3069.5,0.004103
15,"Combine","NM27",,"posterior",-3064.5,0.005151
15,"Combine","NM27",,"posterior",-3059.5,0.00974
15,"Combine","NM27",,"posterior",-3054.5,0.015598
15,"Combine","NM27",,"posterior",-3049.5,0.019623
15,"Combine","NM27",,"posterior",-3044.5,0.021495
15,"Combine","NM27",,"posterior",-3039.5,0.021963
15,"Combine","NM27",,"posterior",-3034.5,0.021422
15,"Combine","NM27",,"posterior",-3029.5,0.017531
15,"Combine","NM27",,"posterior",-3024.5,0.009276
15,"Combine","NM27",,"posterior",-3019.5,0.003904
15,"Combine","NM27",,"posterior",-3014.5,0.0017326
15,"Combine","NM27",,"posterior",-3009.5,0.0005666
15,"Combine","NM27",,"posterior",-3004.5,0.0001204
15,"Combine","NM27",,"posterior",-2999.5,0.00003543
15,"Combine","NM27",,"posterior",-2994.5,0.000026465
15,"Combine","NM27",,"posterior",-2989.5,0.00005651
15,"Combine","NM27",,"posterior",-2984.5,0.00011484
15,"Combine","NM27",,"posterior",-2979.5,0.00016162
15,"Combine","NM27",,"posterior",-2974.5,0.00018176
15,"Combine","NM27",,"posterior",-2969.5,0.00018343
15,"Combine","NM27",,"posterior",-2964.5,0.00012284
15,"Combine","NM27",,"posterior",-2959.5,0.00008247
15,"Combine","NM27",,"posterior",-2954.5,0.00005851
15,"Combine","NM27",,"posterior",-2949.5,0.00004748
15,"Combine","NM27",,"posterior",-2944.5,0.00005469
15,"Combine","NM27",,"posterior",-2939.5,0.00004531
15,"Combine","NM27",,"posterior",-2934.5,0.000025608
15,"Combine","NM27",,"posterior",-2929.5,0.000005644
15,"Combine","NM27",,"posterior",-2924.5,4.393e-7
15,"Combine","NM27",,"posterior",-2919.5,1.757e-7
15,"Combine","NM27",,"posterior",-2914.5,0
16,"R_Date","NM27-1",,"likelihood",-3494.5,0
16,"R_Date","NM27-1",,"likelihood",-3489.5,0
16,"R_Date","NM27-1",,"likelihood",-3484.5,5.124e-9
16,"R_Date","NM27-1",,"likelihood",-3479.5,1.0248e-8
16,"R_Date","NM27-1",,"likelihood",-3474.5,5.124e-9
16,"R_Date","NM27-1",,"likelihood",-3469.5,0
16,"R_Date","NM27-1",,"likelihood",-3464.5,0
16,"R_Date","NM27-1",,"likelihood",-3459.5,0
16,"R_Date","NM27-1",,"likelihood",-3454.5,0
16,"R_Date","NM27-1",,"likelihood",-3449.5,0
16,"R_Date","NM27-1",,"likelihood",-3444.5,0
16,"R_Date","NM27-1",,"likelihood",-3439.5,0
16,"R_Date","NM27-1",,"likelihood",-3434.5,0
16,"R_Date","NM27-1",,"likelihood",-3429.5,0
16,"R_Date","NM27-1",,"likelihood",-3424.5,0
16,"R_Date","NM27-1",,"likelihood",-3419.5,0
16,"R_Date","NM27-1",,"likelihood",-3414.5,0
16,"R_Date","NM27-1",,"likelihood",-3409.5,0
16,"R_Date","NM27-1",,"likelihood",-3404.5,0
16,"R_Date","NM27-1",,"likelihood",-3399.5,0
16,"R_Date","NM27-1",,"likelihood",-3394.5,0
16,"R_Date","NM27-1",,"likelihood",-3389.5,0
16,"R_Date","NM27-1",,"likelihood",-3384.5,0
16,"R_Date","NM27-1",,"likelihood",-3379.5,0
16,"R_Date","NM27-1",,"likelihood",-3374.5,0
16,"R_Date","NM27-1",,"likelihood",-3369.5,1.0248e-8
16,"R_Date","NM27-1",,"likelihood",-3364.5,5.021e-7
16,"R_Date","NM27-1",,"likelihood",-3359.5,0.000007343
16,"R_Date","NM27-1",,"likelihood",-3354.5,0.00003991
16,"R_Date","NM27-1",,"likelihood",-3349.5,0.00011418
16,"R_Date","NM27-1",,"likelihood",-3344.5,0.00019772
16,"R_Date","NM27-1",,"likelihood",-3339.5,0.0003804
16,"R_Date","NM27-1",,"likelihood",-3334.5,0.0008613
16,"R_Date","NM27-1",,"likelihood",-3329.5,0.0016283
16,"R_Date","NM27-1",,"likelihood",-3324.5,0.0025341
16,"R_Date","NM27-1",,"likelihood",-3319.5,0.003269
16,"R_Date","NM27-1",,"likelihood",-3314.5,0.003725
16,"R_Date","NM27-1",,"likelihood",-3309.5,0.00407
16,"R_Date","NM27-1",,"likelihood",-3304.5,0.004309
16,"R_Date","NM27-1",,"likelihood",-3299.5,0.004346
16,"R_Date","NM27-1",,"likelihood",-3294.5,0.003923
16,"R_Date","NM27-1",,"likelihood",-3289.5,0.003556
16,"R_Date","NM27-1",,"likelihood",-3284.5,0.003923
16,"R_Date","NM27-1",,"likelihood",-3279.5,0.004457
16,"R_Date","NM27-1",,"likelihood",-3274.5,0.004346
16,"R_Date","NM27-1",,"likelihood",-3269.5,0.003901
16,"R_Date","NM27-1",,"likelihood",-3264.5,0.004265
16,"R_Date","NM27-1",,"likelihood",-3259.5,0.005024
16,"R_Date","NM27-1",,"likelihood",-3254.5,0.005124
16,"R_Date","NM27-1",,"likelihood",-3249.5,0.005024
16,"R_Date","NM27-1",,"likelihood",-3244.5,0.004657
16,"R_Date","NM27-1",,"likelihood",-3239.5,0.004098
16,"R_Date","NM27-1",,"likelihood",-3234.5,0.003178
16,"R_Date","NM27-1",,"likelihood",-3229.5,0.0025341
16,"R_Date","NM27-1",,"likelihood",-3224.5,0.0022507
16,"R_Date","NM27-1",,"likelihood",-3219.5,0.0021636
16,"R_Date","NM27-1",,"likelihood",-3214.5,0.0016004
16,"R_Date","NM27-1",,"likelihood",-3209.5,0.0008902
16,"R_Date","NM27-1",,"likelihood",-3204.5,0.0005304
16,"R_Date","NM27-1",,"likelihood",-3199.5,0.0004357
16,"R_Date","NM27-1",,"likelihood",-3194.5,0.0006278
16,"R_Date","NM27-1",,"likelihood",-3189.5,0.0011347
16,"R_Date","NM27-1",,"likelihood",-3184.5,0.0018565
16,"R_Date","NM27-1",,"likelihood",-3179.5,0.0025478
16,"R_Date","NM27-1",,"likelihood",-3174.5,0.003269
16,"R_Date","NM27-1",,"likelihood",-3169.5,0.003725
16,"R_Date","NM27-1",,"likelihood",-3164.5,0.003707
16,"R_Date","NM27-1",,"likelihood",-3159.5,0.003355
16,"R_Date","NM27-1",,"likelihood",-3154.5,0.002445
16,"R_Date","NM27-1",,"likelihood",-3149.5,0.0015846
16,"R_Date","NM27-1",,"likelihood",-3144.5,0.0011041
16,"R_Date","NM27-1",,"likelihood",-3139.5,0.0011347
16,"R_Date","NM27-1",,"likelihood",-3134.5,0.0013804
16,"R_Date","NM27-1",,"likelihood",-3129.5,0.0016564
16,"R_Date","NM27-1",,"likelihood",-3124.5,0.0016564
16,"R_Date","NM27-1",,"likelihood",-3119.5,0.001882
16,"R_Date","NM27-1",,"likelihood",-3114.5,0.002122
16,"R_Date","NM27-1",,"likelihood",-3109.5,0.0022048
16,"R_Date","NM27-1",,"likelihood",-3104.5,0.0030844
16,"R_Date","NM27-1",,"likelihood",-3099.5,0.004606
16,"R_Date","NM27-1",,"likelihood",-3094.5,0.005107
16,"R_Date","NM27-1",,"likelihood",-3089.5,0.004338
16,"R_Date","NM27-1",,"likelihood",-3084.5,0.00361
16,"R_Date","NM27-1",,"likelihood",-3079.5,0.0030714
16,"R_Date","NM27-1",,"likelihood",-3074.5,0.0024288
16,"R_Date","NM27-1",,"likelihood",-3069.5,0.0019997
16,"R_Date","NM27-1",,"likelihood",-3064.5,0.0021883
16,"R_Date","NM27-1",,"likelihood",-3059.5,0.0030707
16,"R_Date","NM27-1",,"likelihood",-3054.5,0.004033
16,"R_Date","NM27-1",,"likelihood",-3049.5,0.004521
16,"R_Date","NM27-1",,"likelihood",-3044.5,0.004627
16,"R_Date","NM27-1",,"likelihood",-3039.5,0.004562
16,"R_Date","NM27-1",,"likelihood",-3034.5,0.004437
16,"R_Date","NM27-1",,"likelihood",-3029.5,0.003787
16,"R_Date","NM27-1",,"likelihood",-3024.5,0.0023629
16,"R_Date","NM27-1",,"likelihood",-3019.5,0.001439
16,"R_Date","NM27-1",,"likelihood",-3014.5,0.0009645
16,"R_Date","NM27-1",,"likelihood",-3009.5,0.0005261
16,"R_Date","NM27-1",,"likelihood",-3004.5,0.00023563
16,"R_Date","NM27-1",,"likelihood",-2999.5,0.00013988
16,"R_Date","NM27-1",,"likelihood",-2994.5,0.00013097
16,"R_Date","NM27-1",,"likelihood",-2989.5,0.00020273
16,"R_Date","NM27-1",,"likelihood",-2984.5,0.0003495
16,"R_Date","NM27-1",,"likelihood",-2979.5,0.0004387
16,"R_Date","NM27-1",,"likelihood",-2974.5,0.00052
16,"R_Date","NM27-1",,"likelihood",-2969.5,0.0005865
16,"R_Date","NM27-1",,"likelihood",-2964.5,0.0004939
16,"R_Date","NM27-1",,"likelihood",-2959.5,0.0004384
16,"R_Date","NM27-1",,"likelihood",-2954.5,0.0004158
16,"R_Date","NM27-1",,"likelihood",-2949.5,0.0004392
16,"R_Date","NM27-1",,"likelihood",-2944.5,0.0005064
16,"R_Date","NM27-1",,"likelihood",-2939.5,0.0005655
16,"R_Date","NM27-1",,"likelihood",-2934.5,0.0004922
16,"R_Date","NM27-1",,"likelihood",-2929.5,0.00030615
16,"R_Date","NM27-1",,"likelihood",-2924.5,0.00014589
16,"R_Date","NM27-1",,"likelihood",-2919.5,0.00005736
16,"R_Date","NM27-1",,"likelihood",-2914.5,0.000011549
16,"R_Date","NM27-1",,"likelihood",-2909.5,0.0000014603
16,"R_Date","NM27-1",,"likelihood",-2904.5,2.152e-7
16,"R_Date","NM27-1",,"likelihood",-2899.5,2.5619e-8
16,"R_Date","NM27-1",,"likelihood",-2894.5,0
16,"R_Date","NM27-1",,"likelihood",-2889.5,0
16,"R_Date","NM27-1",,"likelihood",-2884.5,0
16,"R_Date","NM27-1",,"posterior",-3339.5,0
16,"R_Date","NM27-1",,"posterior",-3334.5,0
16,"R_Date","NM27-1",,"posterior",-3329.5,8.785e-8
16,"R_Date","NM27-1",,"posterior",-3324.5,4.393e-7
16,"R_Date","NM27-1",,"posterior",-3319.5,3.514e-7
16,"R_Date","NM27-1",,"posterior",-3314.5,0.0000012079
16,"R_Date","NM27-1",,"posterior",-3309.5,0.0000024378
16,"R_Date","NM27-1",,"posterior",-3304.5,0.000002943
16,"R_Date","NM27-1",,"posterior",-3299.5,0.000004678
16,"R_Date","NM27-1",,"posterior",-3294.5,0.0000028551
16,"R_Date","NM27-1",,"posterior",-3289.5,0.000003382
16,"R_Date","NM27-1",,"posterior",-3284.5,0.000004349
16,"R_Date","NM27-1",,"posterior",-3279.5,0.000005557
16,"R_Date","NM27-1",,"posterior",-3274.5,0.00000459
16,"R_Date","NM27-1",,"posterior",-3269.5,0.000004261
16,"R_Date","NM27-1",,"posterior",-3264.5,0.000007028
16,"R_Date","NM27-1",,"posterior",-3259.5,0.000010849
16,"R_Date","NM27-1",,"posterior",-3254.5,0.00001902
16,"R_Date","NM27-1",,"posterior",-3249.5,0.000018844
16,"R_Date","NM27-1",,"posterior",-3244.5,0.000009729
16,"R_Date","NM27-1",,"posterior",-3239.5,0.000009202
16,"R_Date","NM27-1",,"posterior",-3234.5,0.00000694
16,"R_Date","NM27-1",,"posterior",-3229.5,0.0000024378
16,"R_Date","NM27-1",,"posterior",-3224.5,0.0000019986
16,"R_Date","NM27-1",,"posterior",-3219.5,6.149e-7
16,"R_Date","NM27-1",,"posterior",-3214.5,6.149e-7
16,"R_Date","NM27-1",,"posterior",-3209.5,1.757e-7
16,"R_Date","NM27-1",,"posterior",-3204.5,8.785e-8
16,"R_Date","NM27-1",,"posterior",-3199.5,8.785e-8
16,"R_Date","NM27-1",,"posterior",-3194.5,8.785e-8
16,"R_Date","NM27-1",,"posterior",-3189.5,6.149e-7
16,"R_Date","NM27-1",,"posterior",-3184.5,0.0000027673
16,"R_Date","NM27-1",,"posterior",-3179.5,0.000008763
16,"R_Date","NM27-1",,"posterior",-3174.5,0.000028991
16,"R_Date","NM27-1",,"posterior",-3169.5,0.00005104
16,"R_Date","NM27-1",,"posterior",-3164.5,0.00007006
16,"R_Date","NM27-1",,"posterior",-3159.5,0.00004939
16,"R_Date","NM27-1",,"posterior",-3154.5,0.000028046
16,"R_Date","NM27-1",,"posterior",-3149.5,0.000009642
16,"R_Date","NM27-1",,"posterior",-3144.5,0.000004085
16,"R_Date","NM27-1",,"posterior",-3139.5,0.000007028
16,"R_Date","NM27-1",,"posterior",-3134.5,0.000013199
16,"R_Date","NM27-1",,"posterior",-3129.5,0.000026135
16,"R_Date","NM27-1",,"posterior",-3124.5,0.00004445
16,"R_Date","NM27-1",,"posterior",-3119.5,0.00009218
16,"R_Date","NM27-1",,"posterior",-3114.5,0.00016702
16,"R_Date","NM27-1",,"posterior",-3109.5,0.00030921
16,"R_Date","NM27-1",,"posterior",-3104.5,0.001158
16,"R_Date","NM27-1",,"posterior",-3099.5,0.004579
16,"R_Date","NM27-1",,"posterior",-3094.5,0.009293
16,"R_Date","NM27-1",,"posterior",-3089.5,0.010036
16,"R_Date","NM27-1",,"posterior",-3084.5,0.008465
16,"R_Date","NM27-1",,"posterior",-3079.5,0.006887
16,"R_Date","NM27-1",,"posterior",-3074.5,0.005116
16,"R_Date","NM27-1",,"posterior",-3069.5,0.004103
16,"R_Date","NM27-1",,"posterior",-3064.5,0.005151
16,"R_Date","NM27-1",,"posterior",-3059.5,0.00974
16,"R_Date","NM27-1",,"posterior",-3054.5,0.015598
16,"R_Date","NM27-1",,"posterior",-3049.5,0.019623
16,"R_Date","NM27-1",,"posterior",-3044.5,0.021495
16,"R_Date","NM27-1",,"posterior",-3039.5,0.021963
16,"R_Date","NM27-1",,"posterior",-3034.5,0.021422
16,"R_Date","NM27-1",,"posterior",-3029.5,0.017531
16,"R_Date","NM27-1",,"posterior",-3024.5,0.009276
16,"R_Date","NM27-1",,"posterior",-3019.5,0.003904
16,"R_Date","NM27-1",,"posterior",-3014.5,0.0017326
16,"R_Date","NM27-1",,"posterior",-3009.5,0.0005666
16,"R_Date","NM27-1",,"posterior",-3004.5,0.0001204
16,"R_Date","NM27-1",,"posterior",-2999.5,0.00003543
16,"R_Date","NM27-1",,"posterior",-2994.5,0.000026465
16,"R_Date","NM27-1",,"posterior",-2989.5,0.00005651
16,"R_Date","NM27-1",,"posterior",-2984.5,0.00011484
16,"R_Date","NM27-1",,"posterior",-2979.5,0.00016162
16,"R_Date","NM27-1",,"posterior",-2974.5,0.00018176
16,"R_Date","NM27-1",,"posterior",-2969.5,0.00018343
16,"R_Date","NM27-1",,"posterior",-2964.5,0.00012284
16,"R_Date","NM27-1",,"posterior",-2959.5,0.00008247
16,"R_Date","NM27-1",,"posterior",-2954.5,0.00005851
16,"R_Date","NM27-1",,"posterior",-2949.5,0.00004748
16,"R_Date","NM27-1",,"posterior",-2944.5,0.00005469
16,"R_Date","NM27-1",,"posterior",-2939.5,0.00004531
16,"R_Date","NM27-1",,"posterior",-2934.5,0.000025608
16,"R_Date","NM27-1",,"posterior",-2929.5,0.000005644
16,"R_Date","NM27-1",,"posterior",-2924.5,4.393e-7
16,"R_Date","NM27-1",,"posterior",-2919.5,1.757e-7
16,"R_Date","NM27-1",,"posterior",-2914.5,0
17,"R_Date","NM27-2",,"likelihood",-3374.5,0
17,"R_Date","NM27-2",,"likelihood",-3369.5,0
17,"R_Date","NM27-2",,"likelihood",-3364.5,0
17,"R_Date","NM27-2",,"likelihood",-3359.5,5.901e-8
17,"R_Date","NM27-2",,"likelihood",-3354.5,8.114e-7
17,"R_Date","NM27-2",,"likelihood",-3349.5,0.000004773
17,"R_Date","NM27-2",,"likelihood",-3344.5,0.000009582
17,"R_Date","NM27-2",,"likelihood",-3339.5,0.000028519
17,"R_Date","NM27-2",,"likelihood",-3334.5,0.00011615
17,"R_Date","NM27-2",,"likelihood",-3329.5,0.0003866
17,"R_Date","NM27-2",,"likelihood",-3324.5,0.0008976
17,"R_Date","NM27-2",,"likelihood",-3319.5,0.0015161
17,"R_Date","NM27-2",,"likelihood",-3314.5,0.0020256
17,"R_Date","NM27-2",,"likelihood",-3309.5,0.0025009
17,"R_Date","NM27-2",,"likelihood",-3304.5,0.0028936
17,"R_Date","NM27-2",,"likelihood",-3299.5,0.0028485
17,"R_Date","NM27-2",,"likelihood",-3294.5,0.0022016
17,"R_Date","NM27-2",,"likelihood",-3289.5,0.0017531
17,"R_Date","NM27-2",,"likelihood",-3284.5,0.0022016
17,"R_Date","NM27-2",,"likelihood",-3279.5,0.00317
17,"R_Date","NM27-2",,"likelihood",-3274.5,0.0028485
17,"R_Date","NM27-2",,"likelihood",-3269.5,0.002256
17,"R_Date","NM27-2",,"likelihood",-3264.5,0.002712
17,"R_Date","NM27-2",,"likelihood",-3259.5,0.004514
17,"R_Date","NM27-2",,"likelihood",-3254.5,0.00542
17,"R_Date","NM27-2",,"likelihood",-3249.5,0.004514
17,"R_Date","NM27-2",,"likelihood",-3244.5,0.003605
17,"R_Date","NM27-2",,"likelihood",-3239.5,0.0024494
17,"R_Date","NM27-2",,"likelihood",-3234.5,0.0013692
17,"R_Date","NM27-2",,"likelihood",-3229.5,0.0008976
17,"R_Date","NM27-2",,"likelihood",-3224.5,0.0006785
17,"R_Date","NM27-2",,"likelihood",-3219.5,0.0006283
17,"R_Date","NM27-2",,"likelihood",-3214.5,0.0003548
17,"R_Date","NM27-2",,"likelihood",-3209.5,0.00013137
17,"R_Date","NM27-2",,"likelihood",-3204.5,0.00005013
17,"R_Date","NM27-2",,"likelihood",-3199.5,0.00003587
17,"R_Date","NM27-2",,"likelihood",-3194.5,0.00007194
17,"R_Date","NM27-2",,"likelihood",-3189.5,0.0002139
17,"R_Date","NM27-2",,"likelihood",-3184.5,0.0004932
17,"R_Date","NM27-2",,"likelihood",-3179.5,0.000949
17,"R_Date","NM27-2",,"likelihood",-3174.5,0.0015161
17,"R_Date","NM27-2",,"likelihood",-3169.5,0.0020256
17,"R_Date","NM27-2",,"likelihood",-3164.5,0.002082
17,"R_Date","NM27-2",,"likelihood",-3159.5,0.0016684
17,"R_Date","NM27-2",,"likelihood",-3154.5,0.0008362
17,"R_Date","NM27-2",,"likelihood",-3149.5,0.0003882
17,"R_Date","NM27-2",,"likelihood",-3144.5,0.00019178
17,"R_Date","NM27-2",,"likelihood",-3139.5,0.0002139
17,"R_Date","NM27-2",,"likelihood",-3134.5,0.00030273
17,"R_Date","NM27-2",,"likelihood",-3129.5,0.0004208
17,"R_Date","NM27-2",,"likelihood",-3124.5,0.0004208
17,"R_Date","NM27-2",,"likelihood",-3119.5,0.0005324
17,"R_Date","NM27-2",,"likelihood",-3114.5,0.0006669
17,"R_Date","NM27-2",,"likelihood",-3109.5,0.0007173
17,"R_Date","NM27-2",,"likelihood",-3104.5,0.0013964
17,"R_Date","NM27-2",,"likelihood",-3099.5,0.003631
17,"R_Date","NM27-2",,"likelihood",-3094.5,0.006361
17,"R_Date","NM27-2",,"likelihood",-3089.5,0.007255
17,"R_Date","NM27-2",,"likelihood",-3084.5,0.006998
17,"R_Date","NM27-2",,"likelihood",-3079.5,0.006491
17,"R_Date","NM27-2",,"likelihood",-3074.5,0.005696
17,"R_Date","NM27-2",,"likelihood",-3069.5,0.004958
17,"R_Date","NM27-2",,"likelihood",-3064.5,0.005228
17,"R_Date","NM27-2",,"likelihood",-3059.5,0.006582
17,"R_Date","NM27-2",,"likelihood",-3054.5,0.007221
17,"R_Date","NM27-2",,"likelihood",-3049.5,0.007328
17,"R_Date","NM27-2",,"likelihood",-3044.5,0.0073
17,"R_Date","NM27-2",,"likelihood",-3039.5,0.007335
17,"R_Date","NM27-2",,"likelihood",-3034.5,0.007377
17,"R_Date","NM27-2",,"likelihood",-3029.5,0.007225
17,"R_Date","NM27-2",,"likelihood",-3024.5,0.005662
17,"R_Date","NM27-2",,"likelihood",-3019.5,0.003825
17,"R_Date","NM27-2",,"likelihood",-3014.5,0.0027122
17,"R_Date","NM27-2",,"likelihood",-3009.5,0.0015517
17,"R_Date","NM27-2",,"likelihood",-3004.5,0.0007077
17,"R_Date","NM27-2",,"likelihood",-2999.5,0.0004165
17,"R_Date","NM27-2",,"likelihood",-2994.5,0.00039
17,"R_Date","NM27-2",,"likelihood",-2989.5,0.0006084
17,"R_Date","NM27-2",,"likelihood",-2984.5,0.0010391
17,"R_Date","NM27-2",,"likelihood",-2979.5,0.0013039
17,"R_Date","NM27-2",,"likelihood",-2974.5,0.0015341
17,"R_Date","NM27-2",,"likelihood",-2969.5,0.0016895
17,"R_Date","NM27-2",,"likelihood",-2964.5,0.0014608
17,"R_Date","NM27-2",,"likelihood",-2959.5,0.0013032
17,"R_Date","NM27-2",,"likelihood",-2954.5,0.0012383
17,"R_Date","NM27-2",,"likelihood",-2949.5,0.0013055
17,"R_Date","NM27-2",,"likelihood",-2944.5,0.0014962
17,"R_Date","NM27-2",,"likelihood",-2939.5,0.0016473
17,"R_Date","NM27-2",,"likelihood",-2934.5,0.0014449
17,"R_Date","NM27-2",,"likelihood",-2929.5,0.000918
17,"R_Date","NM27-2",,"likelihood",-2924.5,0.0004356
17,"R_Date","NM27-2",,"likelihood",-2919.5,0.00016554
17,"R_Date","NM27-2",,"likelihood",-2914.5,0.00002947
17,"R_Date","NM27-2",,"likelihood",-2909.5,0.0000028991
17,"R_Date","NM27-2",,"likelihood",-2904.5,3.393e-7
17,"R_Date","NM27-2",,"likelihood",-2899.5,2.9507e-8
17,"R_Date","NM27-2",,"likelihood",-2894.5,0
17,"R_Date","NM27-2",,"likelihood",-2889.5,0
17,"R_Date","NM27-2",,"likelihood",-2884.5,0
17,"R_Date","NM27-2",,"posterior",-3339.5,0
17,"R_Date","NM27-2",,"posterior",-3334.5,0
17,"R_Date","NM27-2",,"posterior",-3329.5,8.785e-8
17,"R_Date","NM27-2",,"posterior",-3324.5,4.393e-7
17,"R_Date","NM27-2",,"posterior",-3319.5,3.514e-7
17,"R_Date","NM27-2",,"posterior",-3314.5,0.0000012079
17,"R_Date","NM27-2",,"posterior",-3309.5,0.0000024378
17,"R_Date","NM27-2",,"posterior",-3304.5,0.000002943
17,"R_Date","NM27-2",,"posterior",-3299.5,0.000004678
17,"R_Date","NM27-2",,"posterior",-3294.5,0.0000028551
17,"R_Date","NM27-2",,"posterior",-3289.5,0.000003382
17,"R_Date","NM27-2",,"posterior",-3284.5,0.000004349
17,"R_Date","NM27-2",,"posterior",-3279.5,0.000005557
17,"R_Date","NM27-2",,"posterior",-3274.5,0.00000459
17,"R_Date","NM27-2",,"posterior",-3269.5,0.000004261
17,"R_Date","NM27-2",,"posterior",-3264.5,0.000007028
17,"R_Date","NM27-2",,"posterior",-3259.5,0.000010849
17,"R_Date","NM27-2",,"posterior",-3254.5,0.00001902
17,"R_Date","NM27-2",,"posterior",-3249.5,0.000018844
17,"R_Date","NM27-2",,"posterior",-3244.5,0.000009729
17,"R_Date","NM27-2",,"posterior",-3239.5,0.000009202
17,"R_Date","NM27-2",,"posterior",-3234.5,0.00000694
17,"R_Date","NM27-2",,"posterior",-3229.5,0.0000024378
17,"R_Date","NM27-2",,"posterior",-3224.5,0.0000019986
17,"R_Date","NM27-2",,"posterior",-3219.5,6.149e-7
17,"R_Date","NM27-2",,"posterior",-3214.5,6.149e-7
17,"R_Date","NM27-2",,"posterior",-3209.5,1.757e-7
17,"R_Date","NM27-2",,"posterior",-3204.5,8.785e-8
17,"R_Date","NM27-2",,"posterior",-3199.5,8.785e-8
17,"R_Date","NM27-2",,"posterior",-3194.5,8.785e-8
17,"R_Date","NM27-2",,"posterior",-3189.5,6.149e-7
17,"R_Date","NM27-2",,"posterior",-3184.5,0.0000027673
17,"R_Date","NM27-2",,"posterior",-3179.5,0.000008763
17,"R_Date","NM27-2",,"posterior",-3174.5,0.000028991
17,"R_Date","NM27-2",,"posterior",-3169.5,0.00005104
17,"R_Date","NM27-2",,"posterior",-3164.5,0.00007006
17,"R_Date","NM27-2",,"posterior",-3159.5,0.00004939
17,"R_Date","NM27-2",,"posterior",-3154.5,0.000028046
17,"R_Date","NM27-2",,"posterior",-3149.5,0.000009642
17,"R_Date","NM27-2",,"posterior",-3144.5,0.000004085
17,"R_Date","NM27-2",,"posterior",-3139.5,0.000007028
17,"R_Date","NM27-2",,"posterior",-3134.5,0.000013199
17,"R_Date","NM27-2",,"posterior",-3129.5,0.000026135
17,"R_Date","NM27-2",,"posterior",-3124.5,0.00004445
17,"R_Date","NM27-2",,"posterior",-3119.5,0.00009218
17,"R_Date","NM27-2",,"posterior",-3114.5,0.00016702
17,"R_Date","NM27-2",,"posterior",-3109.5,0.00030921
17,"R_Date","NM27-2",,"posterior",-3104.5,0.001158
17,"R_Date","NM27-2",,"posterior",-3099.5,0.004579
17,"R_Date","NM27-2",,"posterior",-3094.5,0.009293
17,"R_Date","NM27-2",,"posterior",-3089.5,0.010036
17,"R_Date","NM27-2",,"posterior",-3084.5,0.008465
17,"R_Date","NM27-2",,"posterior",-3079.5,0.006887
17,"R_Date","NM27-2",,"posterior",-3074.5,0.005116
17,"R_Date","NM27-2",,"posterior",-3069.5,0.004103
17,"R_Date","NM27-2",,"posterior",-3064.5,0.005151
17,"R_Date","NM27-2",,"posterior",-3059.5,0.00974
17,"R_Date","NM27-2",,"posterior",-3054.5,0.015598
17,"R_Date","NM27-2",,"posterior",-3049.5,0.019623
17,"R_Date","NM27-2",,"posterior",-3044.5,0.021495
17,"R_Date","NM27-2",,"posterior",-3039.5,0.021963
17,"R_Date","NM27-2",,"posterior",-3034.5,0.021422
17,"R_Date","NM27-2",,"posterior",-3029.5,0.017531
17,"R_Date","NM27-2",,"posterior",-3024.5,0.009276
17,"R_Date","NM27-2",,"posterior",-3019.5,0.003904
17,"R_Date","NM27-2",,"posterior",-3014.5,0.0017326
17,"R_Date","NM27-2",,"posterior",-3009.5,0.0005666
17,"R_Date","NM27-2",,"posterior",-3004.5,0.0001204
17,"R_Date","NM27-2",,"posterior",-2999.5,0.00003543
17,"R_Date","NM27-2",,"posterior",-2994.5,0.000026465
17,"R_Date","NM27-2",,"posterior",-2989.5,0.00005651
17,"R_Date","NM27-2",,"posterior",-2984.5,0.00011484
17,"R_Date","NM27-2",,"posterior",-2979.5,0.00016162
17,"R_Date","NM27-2",,"posterior",-2974.5,0.00018176
17,"R_Date","NM27-2",,"posterior",-2969.5,0.00018343
17,"R_Date","NM27-2",,"posterior",-2964.5,0.00012284
17,"R_Date","NM27-2",,"posterior",-2959.5,0.00008247
17,"R_Date","NM27-2",,"posterior",-2954.5,0.00005851
17,"R_Date","NM27-2",,"posterior",-2949.5,0.00004748
17,"R_Date","NM27-2",,"posterior",-2944.5,0.00005469
17,"R_Date","NM27-2",,"posterior",-2939.5,0.00004531
17,"R_Date","NM27-2",,"posterior",-2934.5,0.000025608
17,"R_Date","NM27-2",,"posterior",-2929.5,0.000005644
17,"R_Date","NM27-2",,"posterior",-2924.5,4.393e-7
17,"R_Date","NM27-2",,"posterior",-2919.5,1.757e-7
17,"R_Date","NM27-2",,"posterior",-2914.5,0
18,"R_Combine","NM6",,"likelihood",-3364.5,0
18,"R_Combine","NM6",,"likelihood",-3359.5,0
18,"R_Combine","NM6",,"likelihood",-3354.5,7.718e-9
18,"R_Combine","NM6",,"likelihood",-3349.5,6.174e-8
18,"R_Combine","NM6",,"likelihood",-3344.5,1.3121e-7
18,"R_Combine","NM6",,"likelihood",-3339.5,5.403e-7
18,"R_Combine","NM6",,"likelihood",-3334.5,0.000003527
18,"R_Combine","NM6",,"likelihood",-3329.5,0.000020013
18,"R_Combine","NM6",,"likelihood",-3324.5,0.00006814
18,"R_Combine","NM6",,"likelihood",-3319.5,0.00015211
18,"R_Combine","NM6",,"likelihood",-3314.5,0.00024196
18,"R_Combine","NM6",,"likelihood",-3309.5,0.0003435
18,"R_Combine","NM6",,"likelihood",-3304.5,0.0004414
18,"R_Combine","NM6",,"likelihood",-3299.5,0.0004063
18,"R_Combine","NM6",,"likelihood",-3294.5,0.0002621
18,"R_Combine","NM6",,"likelihood",-3289.5,0.00018065
18,"R_Combine","NM6",,"likelihood",-3284.5,0.0002621
18,"R_Combine","NM6",,"likelihood",-3279.5,0.0005186
18,"R_Combine","NM6",,"likelihood",-3274.5,0.0004063
18,"R_Combine","NM6",,"likelihood",-3269.5,0.00028898
18,"R_Combine","NM6",,"likelihood",-3264.5,0.0003731
18,"R_Combine","NM6",,"likelihood",-3259.5,0.0009585
18,"R_Combine","NM6",,"likelihood",-3254.5,0.0014991
18,"R_Combine","NM6",,"likelihood",-3249.5,0.0009585
18,"R_Combine","NM6",,"likelihood",-3244.5,0.0006549
18,"R_Combine","NM6",,"likelihood",-3239.5,0.00031345
18,"R_Combine","NM6",,"likelihood",-3234.5,0.00012214
18,"R_Combine","NM6",,"likelihood",-3229.5,0.00006814
18,"R_Combine","NM6",,"likelihood",-3224.5,0.00004222
18,"R_Combine","NM6",,"likelihood",-3219.5,0.00003771
18,"R_Combine","NM6",,"likelihood",-3214.5,0.000016555
18,"R_Combine","NM6",,"likelihood",-3209.5,0.000004484
18,"R_Combine","NM6",,"likelihood",-3204.5,0.0000011423
18,"R_Combine","NM6",,"likelihood",-3199.5,7.332e-7
18,"R_Combine","NM6",,"likelihood",-3194.5,0.0000019912
18,"R_Combine","NM6",,"likelihood",-3189.5,0.000009393
18,"R_Combine","NM6",,"likelihood",-3184.5,0.000028348
18,"R_Combine","NM6",,"likelihood",-3179.5,0.00007889
18,"R_Combine","NM6",,"likelihood",-3174.5,0.00015211
18,"R_Combine","NM6",,"likelihood",-3169.5,0.00024196
18,"R_Combine","NM6",,"likelihood",-3164.5,0.00026817
18,"R_Combine","NM6",,"likelihood",-3159.5,0.00018779
18,"R_Combine","NM6",,"likelihood",-3154.5,0.00006131
18,"R_Combine","NM6",,"likelihood",-3149.5,0.000021556
18,"R_Combine","NM6",,"likelihood",-3144.5,0.000007517
18,"R_Combine","NM6",,"likelihood",-3139.5,0.000009393
18,"R_Combine","NM6",,"likelihood",-3134.5,0.000015204
18,"R_Combine","NM6",,"likelihood",-3129.5,0.000024173
18,"R_Combine","NM6",,"likelihood",-3124.5,0.000024173
18,"R_Combine","NM6",,"likelihood",-3119.5,0.00003382
18,"R_Combine","NM6",,"likelihood",-3114.5,0.00004686
18,"R_Combine","NM6",,"likelihood",-3109.5,0.00005212
18,"R_Combine","NM6",,"likelihood",-3104.5,0.00014207
18,"R_Combine","NM6",,"likelihood",-3099.5,0.0007012
18,"R_Combine","NM6",,"likelihood",-3094.5,0.0022491
18,"R_Combine","NM6",,"likelihood",-3089.5,0.004433
18,"R_Combine","NM6",,"likelihood",-3084.5,0.005806
18,"R_Combine","NM6",,"likelihood",-3079.5,0.006605
18,"R_Combine","NM6",,"likelihood",-3074.5,0.007412
18,"R_Combine","NM6",,"likelihood",-3069.5,0.007699
18,"R_Combine","NM6",,"likelihood",-3064.5,0.00748
18,"R_Combine","NM6",,"likelihood",-3059.5,0.006689
18,"R_Combine","NM6",,"likelihood",-3054.5,0.005054
18,"R_Combine","NM6",,"likelihood",-3049.5,0.00409
18,"R_Combine","NM6",,"likelihood",-3044.5,0.003852
18,"R_Combine","NM6",,"likelihood",-3039.5,0.00401
18,"R_Combine","NM6",,"likelihood",-3034.5,0.004296
18,"R_Combine","NM6",,"likelihood",-3029.5,0.005576
18,"R_Combine","NM6",,"likelihood",-3024.5,0.007572
18,"R_Combine","NM6",,"likelihood",-3019.5,0.007718
18,"R_Combine","NM6",,"likelihood",-3014.5,0.007216
18,"R_Combine","NM6",,"likelihood",-3009.5,0.00593
18,"R_Combine","NM6",,"likelihood",-3004.5,0.004085
18,"R_Combine","NM6",,"likelihood",-2999.5,0.002957
18,"R_Combine","NM6",,"likelihood",-2994.5,0.0029427
18,"R_Combine","NM6",,"likelihood",-2989.5,0.003769
18,"R_Combine","NM6",,"likelihood",-2984.5,0.004821
18,"R_Combine","NM6",,"likelihood",-2979.5,0.005499
18,"R_Combine","NM6",,"likelihood",-2974.5,0.005897
18,"R_Combine","NM6",,"likelihood",-2969.5,0.005854
18,"R_Combine","NM6",,"likelihood",-2964.5,0.005777
18,"R_Combine","NM6",,"likelihood",-2959.5,0.005499
18,"R_Combine","NM6",,"likelihood",-2954.5,0.005374
18,"R_Combine","NM6",,"likelihood",-2949.5,0.005504
18,"R_Combine","NM6",,"likelihood",-2944.5,0.005839
18,"R_Combine","NM6",,"likelihood",-2939.5,0.005934
18,"R_Combine","NM6",,"likelihood",-2934.5,0.005613
18,"R_Combine","NM6",,"likelihood",-2929.5,0.004661
18,"R_Combine","NM6",,"likelihood",-2924.5,0.003136
18,"R_Combine","NM6",,"likelihood",-2919.5,0.0016933
18,"R_Combine","NM6",,"likelihood",-2914.5,0.0005644
18,"R_Combine","NM6",,"likelihood",-2909.5,0.00011406
18,"R_Combine","NM6",,"likelihood",-2904.5,0.000021348
18,"R_Combine","NM6",,"likelihood",-2899.5,0.0000030795
18,"R_Combine","NM6",,"likelihood",-2894.5,3.473e-7
18,"R_Combine","NM6",,"likelihood",-2889.5,2.3154e-8
18,"R_Combine","NM6",,"likelihood",-2884.5,0
18,"R_Combine","NM6",,"likelihood",-2879.5,0
18,"R_Combine","NM6",,"likelihood",-2874.5,0
18,"R_Combine","NM6",,"posterior",-3339.5,0
18,"R_Combine","NM6",,"posterior",-3334.5,0
18,"R_Combine","NM6",,"posterior",-3329.5,0
18,"R_Combine","NM6",,"posterior",-3324.5,8.949e-8
18,"R_Combine","NM6",,"posterior",-3319.5,0
18,"R_Combine","NM6",,"posterior",-3314.5,4.325e-7
18,"R_Combine","NM6",,"posterior",-3309.5,0
18,"R_Combine","NM6",,"posterior",-3304.5,1.7898e-7
18,"R_Combine","NM6",,"posterior",-3299.5,5.22e-7
18,"R_Combine","NM6",,"posterior",-3294.5,4.325e-7
18,"R_Combine","NM6",,"posterior",-3289.5,6.115e-7
18,"R_Combine","NM6",,"posterior",-3284.5,1.7898e-7
18,"R_Combine","NM6",,"posterior",-3279.5,1.7898e-7
18,"R_Combine","NM6",,"posterior",-3274.5,3.43e-7
18,"R_Combine","NM6",,"posterior",-3269.5,2.5355e-7
18,"R_Combine","NM6",,"posterior",-3264.5,0.000001044
18,"R_Combine","NM6",,"posterior",-3259.5,0.0000014765
18,"R_Combine","NM6",,"posterior",-3254.5,0.000003475
18,"R_Combine","NM6",,"posterior",-3249.5,0.0000014765
18,"R_Combine","NM6",,"posterior",-3244.5,0.0000018196
18,"R_Combine","NM6",,"posterior",-3239.5,7.01e-7
18,"R_Combine","NM6",,"posterior",-3234.5,2.5355e-7
18,"R_Combine","NM6",,"posterior",-3229.5,4.325e-7
18,"R_Combine","NM6",,"posterior",-3224.5,0
18,"R_Combine","NM6",,"posterior",-3219.5,0
18,"R_Combine","NM6",,"posterior",-3214.5,2.5355e-7
18,"R_Combine","NM6",,"posterior",-3209.5,0
18,"R_Combine","NM6",,"posterior",-3204.5,0
18,"R_Combine","NM6",,"posterior",-3199.5,0
18,"R_Combine","NM6",,"posterior",-3194.5,0
18,"R_Combine","NM6",,"posterior",-3189.5,8.949e-8
18,"R_Combine","NM6",,"posterior",-3184.5,2.5355e-7
18,"R_Combine","NM6",,"posterior",-3179.5,7.01e-7
18,"R_Combine","NM6",,"posterior",-3174.5,0.0000028636
18,"R_Combine","NM6",,"posterior",-3169.5,0.000005041
18,"R_Combine","NM6",,"posterior",-3164.5,0.000004862
18,"R_Combine","NM6",,"posterior",-3159.5,0.000004683
18,"R_Combine","NM6",,"posterior",-3154.5,0.0000027741
18,"R_Combine","NM6",,"posterior",-3149.5,7.01e-7
18,"R_Combine","NM6",,"posterior",-3144.5,2.5355e-7
18,"R_Combine","NM6",,"posterior",-3139.5,6.115e-7
18,"R_Combine","NM6",,"posterior",-3134.5,0.0000011335
18,"R_Combine","NM6",,"posterior",-3129.5,0.0000029531
18,"R_Combine","NM6",,"posterior",-3124.5,0.000004251
18,"R_Combine","NM6",,"posterior",-3119.5,0.000009545
18,"R_Combine","NM6",,"posterior",-3114.5,0.000017883
18,"R_Combine","NM6",,"posterior",-3109.5,0.000030471
18,"R_Combine","NM6",,"posterior",-3104.5,0.00011328
18,"R_Combine","NM6",,"posterior",-3099.5,0.00058
18,"R_Combine","NM6",,"posterior",-3094.5,0.0019582
18,"R_Combine","NM6",,"posterior",-3089.5,0.003992
18,"R_Combine","NM6",,"posterior",-3084.5,0.005482
18,"R_Combine","NM6",,"posterior",-3079.5,0.006585
18,"R_Combine","NM6",,"posterior",-3074.5,0.007605
18,"R_Combine","NM6",,"posterior",-3069.5,0.008409
18,"R_Combine","NM6",,"posterior",-3064.5,0.00893
18,"R_Combine","NM6",,"posterior",-3059.5,0.009015
18,"R_Combine","NM6",,"posterior",-3054.5,0.008052
18,"R_Combine","NM6",,"posterior",-3049.5,0.007338
18,"R_Combine","NM6",,"posterior",-3044.5,0.007265
18,"R_Combine","NM6",,"posterior",-3039.5,0.007686
18,"R_Combine","NM6",,"posterior",-3034.5,0.008538
18,"R_Combine","NM6",,"posterior",-3029.5,0.010972
18,"R_Combine","NM6",,"posterior",-3024.5,0.014357
18,"R_Combine","NM6",,"posterior",-3019.5,0.014915
18,"R_Combine","NM6",,"posterior",-3014.5,0.013637
18,"R_Combine","NM6",,"posterior",-3009.5,0.011028
18,"R_Combine","NM6",,"posterior",-3004.5,0.00734
18,"R_Combine","NM6",,"posterior",-2999.5,0.004877
18,"R_Combine","NM6",,"posterior",-2994.5,0.003967
18,"R_Combine","NM6",,"posterior",-2989.5,0.004031
18,"R_Combine","NM6",,"posterior",-2984.5,0.004156
18,"R_Combine","NM6",,"posterior",-2979.5,0.003917
18,"R_Combine","NM6",,"posterior",-2974.5,0.003417
18,"R_Combine","NM6",,"posterior",-2969.5,0.0028011
18,"R_Combine","NM6",,"posterior",-2964.5,0.0022523
18,"R_Combine","NM6",,"posterior",-2959.5,0.0017825
18,"R_Combine","NM6",,"posterior",-2954.5,0.001414
18,"R_Combine","NM6",,"posterior",-2949.5,0.0011381
18,"R_Combine","NM6",,"posterior",-2944.5,0.000904
18,"R_Combine","NM6",,"posterior",-2939.5,0.0006804
18,"R_Combine","NM6",,"posterior",-2934.5,0.0004438
18,"R_Combine","NM6",,"posterior",-2929.5,0.00022482
18,"R_Combine","NM6",,"posterior",-2924.5,0.00007656
18,"R_Combine","NM6",,"posterior",-2919.5,0.000015541
18,"R_Combine","NM6",,"posterior",-2914.5,0.0000014765
18,"R_Combine","NM6",,"posterior",-2909.5,0
18,"R_Combine","NM6",,"posterior",-2904.5,0
20,"Combine","NM11",,"likelihood",-3349.5,0
20,"Combine","NM11",,"likelihood",-3344.5,0
20,"Combine","NM11",,"likelihood",-3339.5,0
20,"Combine","NM11",,"likelihood",-3334.5,1.4311e-8
20,"Combine","NM11",,"likelihood",-3329.5,7.871e-7
20,"Combine","NM11",,"likelihood",-3324.5,0.000010075
20,"Combine","NM11",,"likelihood",-3319.5,0.00005086
20,"Combine","NM11",,"likelihood",-3314.5,0.00012614
20,"Combine","NM11",,"likelihood",-3309.5,0.00024639
20,"Combine","NM11",,"likelihood",-3304.5,0.0003937
20,"Combine","NM11",,"likelihood",-3299.5,0.0003338
20,"Combine","NM11",,"likelihood",-3294.5,0.00014478
20,"Combine","NM11",,"likelihood",-3289.5,0.0000699
20,"Combine","NM11",,"likelihood",-3284.5,0.00014478
20,"Combine","NM11",,"likelihood",-3279.5,0.0005296
20,"Combine","NM11",,"likelihood",-3274.5,0.0003338
20,"Combine","NM11",,"likelihood",-3269.5,0.00017742
20,"Combine","NM11",,"likelihood",-3264.5,0.0002843
20,"Combine","NM11",,"likelihood",-3259.5,0.0015631
20,"Combine","NM11",,"likelihood",-3254.5,0.003261
20,"Combine","NM11",,"likelihood",-3249.5,0.0015631
20,"Combine","NM11",,"likelihood",-3244.5,0.0008067
20,"Combine","NM11",,"likelihood",-3239.5,0.00020424
20,"Combine","NM11",,"likelihood",-3234.5,0.00003199
20,"Combine","NM11",,"likelihood",-3229.5,0.000010075
20,"Combine","NM11",,"likelihood",-3224.5,0.000003592
20,"Combine","NM11",,"likelihood",-3219.5,0.0000028337
20,"Combine","NM11",,"likelihood",-3214.5,4.866e-7
20,"Combine","NM11",,"likelihood",-3209.5,2.8623e-8
20,"Combine","NM11",,"likelihood",-3204.5,0
20,"Combine","NM11",,"likelihood",-3199.5,0
20,"Combine","NM11",,"likelihood",-3194.5,0
20,"Combine","NM11",,"likelihood",-3189.5,1.7174e-7
20,"Combine","NM11",,"likelihood",-3184.5,0.0000016315
20,"Combine","NM11",,"likelihood",-3179.5,0.000014011
20,"Combine","NM11",,"likelihood",-3174.5,0.00005086
20,"Combine","NM11",,"likelihood",-3169.5,0.00012614
20,"Combine","NM11",,"likelihood",-3164.5,0.00015585
20,"Combine","NM11",,"likelihood",-3159.5,0.00007843
20,"Combine","NM11",,"likelihood",-3154.5,0.000008115
20,"Combine","NM11",,"likelihood",-3149.5,9.589e-7
20,"Combine","NM11",,"likelihood",-3144.5,1.0018e-7
20,"Combine","NM11",,"likelihood",-3139.5,1.7174e-7
20,"Combine","NM11",,"likelihood",-3134.5,4.58e-7
20,"Combine","NM11",,"likelihood",-3129.5,0.0000012165
20,"Combine","NM11",,"likelihood",-3124.5,0.0000012165
20,"Combine","NM11",,"likelihood",-3119.5,0.0000024616
20,"Combine","NM11",,"likelihood",-3114.5,0.000004837
20,"Combine","NM11",,"likelihood",-3109.5,0.000006025
20,"Combine","NM11",,"likelihood",-3104.5,0.00004538
20,"Combine","NM11",,"likelihood",-3099.5,0.0009139
20,"Combine","NM11",,"likelihood",-3094.5,0.005958
20,"Combine","NM11",,"likelihood",-3089.5,0.012738
20,"Combine","NM11",,"likelihood",-3084.5,0.014194
20,"Combine","NM11",,"likelihood",-3079.5,0.013301
20,"Combine","NM11",,"likelihood",-3074.5,0.010691
20,"Combine","NM11",,"likelihood",-3069.5,0.008267
20,"Combine","NM11",,"likelihood",-3064.5,0.009351
20,"Combine","NM11",,"likelihood",-3059.5,0.013393
20,"Combine","NM11",,"likelihood",-3054.5,0.013779
20,"Combine","NM11",,"likelihood",-3049.5,0.012002
20,"Combine","NM11",,"likelihood",-3044.5,0.011375
20,"Combine","NM11",,"likelihood",-3039.5,0.011803
20,"Combine","NM11",,"likelihood",-3034.5,0.012513
20,"Combine","NM11",,"likelihood",-3029.5,0.014312
20,"Combine","NM11",,"likelihood",-3024.5,0.010357
20,"Combine","NM11",,"likelihood",-3019.5,0.004876
20,"Combine","NM11",,"likelihood",-3014.5,0.0023113
20,"Combine","NM11",,"likelihood",-3009.5,0.0006481
20,"Combine","NM11",,"likelihood",-3004.5,0.0001017
20,"Combine","NM11",,"likelihood",-2999.5,0.000030927
20,"Combine","NM11",,"likelihood",-2994.5,0.000024244
20,"Combine","NM11",,"likelihood",-2989.5,0.00007088
20,"Combine","NM11",,"likelihood",-2984.5,0.00026966
20,"Combine","NM11",,"likelihood",-2979.5,0.0004326
20,"Combine","NM11",,"likelihood",-2974.5,0.0006323
20,"Combine","NM11",,"likelihood",-2969.5,0.0008699
20,"Combine","NM11",,"likelihood",-2964.5,0.0005643
20,"Combine","NM11",,"likelihood",-2959.5,0.0004318
20,"Combine","NM11",,"likelihood",-2954.5,0.0003831
20,"Combine","NM11",,"likelihood",-2949.5,0.0004335
20,"Combine","NM11",,"likelihood",-2944.5,0.0005958
20,"Combine","NM11",,"likelihood",-2939.5,0.0007833
20,"Combine","NM11",,"likelihood",-2934.5,0.0005797
20,"Combine","NM11",,"likelihood",-2929.5,0.00018926
20,"Combine","NM11",,"likelihood",-2924.5,0.00003163
20,"Combine","NM11",,"likelihood",-2919.5,0.000003335
20,"Combine","NM11",,"likelihood",-2914.5,4.293e-8
20,"Combine","NM11",,"likelihood",-2909.5,0
20,"Combine","NM11",,"likelihood",-2904.5,0
20,"Combine","NM11",,"likelihood",-2899.5,0
20,"Combine","NM11",,"posterior",-3319.5,0
20,"Combine","NM11",,"posterior",-3314.5,0
20,"Combine","NM11",,"posterior",-3309.5,0
20,"Combine","NM11",,"posterior",-3304.5,2.5933e-7
20,"Combine","NM11",,"posterior",-3299.5,7.979e-8
20,"Combine","NM11",,"posterior",-3294.5,7.979e-8
20,"Combine","NM11",,"posterior",-3289.5,7.979e-8
20,"Combine","NM11",,"posterior",-3284.5,2.5933e-7
20,"Combine","NM11",,"posterior",-3279.5,5.187e-7
20,"Combine","NM11",,"posterior",-3274.5,5.985e-7
20,"Combine","NM11",,"posterior",-3269.5,2.5933e-7
20,"Combine","NM11",,"posterior",-3264.5,1.7954e-7
20,"Combine","NM11",,"posterior",-3259.5,0.0000020747
20,"Combine","NM11",,"posterior",-3254.5,0.000005127
20,"Combine","NM11",,"posterior",-3249.5,0.000003651
20,"Combine","NM11",,"posterior",-3244.5,0.0000016557
20,"Combine","NM11",,"posterior",-3239.5,0.0000014762
20,"Combine","NM11",,"posterior",-3234.5,6.982e-7
20,"Combine","NM11",,"posterior",-3229.5,1.7954e-7
20,"Combine","NM11",,"posterior",-3224.5,0
20,"Combine","NM11",,"posterior",-3219.5,0
20,"Combine","NM11",,"posterior",-3214.5,0
20,"Combine","NM11",,"posterior",-3209.5,0
20,"Combine","NM11",,"posterior",-3204.5,0
20,"Combine","NM11",,"posterior",-3199.5,0
20,"Combine","NM11",,"posterior",-3194.5,0
20,"Combine","NM11",,"posterior",-3189.5,0
20,"Combine","NM11",,"posterior",-3184.5,0
20,"Combine","NM11",,"posterior",-3179.5,7.979e-8
20,"Combine","NM11",,"posterior",-3174.5,4.389e-7
20,"Combine","NM11",,"posterior",-3169.5,0.0000014762
20,"Combine","NM11",,"posterior",-3164.5,0.000003212
20,"Combine","NM11",,"posterior",-3159.5,0.0000012967
20,"Combine","NM11",,"posterior",-3154.5,5.985e-7
20,"Combine","NM11",,"posterior",-3149.5,0
20,"Combine","NM11",,"posterior",-3144.5,0
20,"Combine","NM11",,"posterior",-3139.5,0
20,"Combine","NM11",,"posterior",-3134.5,0
20,"Combine","NM11",,"posterior",-3129.5,0
20,"Combine","NM11",,"posterior",-3124.5,0
20,"Combine","NM11",,"posterior",-3119.5,5.985e-7
20,"Combine","NM11",,"posterior",-3114.5,0.0000010373
20,"Combine","NM11",,"posterior",-3109.5,0.0000025135
20,"Combine","NM11",,"posterior",-3104.5,0.00003706
20,"Combine","NM11",,"posterior",-3099.5,0.0006283
20,"Combine","NM11",,"posterior",-3094.5,0.003808
20,"Combine","NM11",,"posterior",-3089.5,0.008338
20,"Combine","NM11",,"posterior",-3084.5,0.009964
20,"Combine","NM11",,"posterior",-3079.5,0.009652
20,"Combine","NM11",,"posterior",-3074.5,0.008354
20,"Combine","NM11",,"posterior",-3069.5,0.007117
20,"Combine","NM11",,"posterior",-3064.5,0.008756
20,"Combine","NM11",,"posterior",-3059.5,0.013251
20,"Combine","NM11",,"posterior",-3054.5,0.015906
20,"Combine","NM11",,"posterior",-3049.5,0.015556
20,"Combine","NM11",,"posterior",-3044.5,0.015782
20,"Combine","NM11",,"posterior",-3039.5,0.016586
20,"Combine","NM11",,"posterior",-3034.5,0.017984
20,"Combine","NM11",,"posterior",-3029.5,0.019949
20,"Combine","NM11",,"posterior",-3024.5,0.014747
20,"Combine","NM11",,"posterior",-3019.5,0.007273
20,"Combine","NM11",,"posterior",-3014.5,0.003201
20,"Combine","NM11",,"posterior",-3009.5,0.0009418
20,"Combine","NM11",,"posterior",-3004.5,0.00017014
20,"Combine","NM11",,"posterior",-2999.5,0.00004488
20,"Combine","NM11",,"posterior",-2994.5,0.000029344
20,"Combine","NM11",,"posterior",-2989.5,0.00006493
20,"Combine","NM11",,"posterior",-2984.5,0.00018403
20,"Combine","NM11",,"posterior",-2979.5,0.00025217
20,"Combine","NM11",,"posterior",-2974.5,0.00031449
20,"Combine","NM11",,"posterior",-2969.5,0.0003415
20,"Combine","NM11",,"posterior",-2964.5,0.00019801
20,"Combine","NM11",,"posterior",-2959.5,0.00012829
20,"Combine","NM11",,"posterior",-2954.5,0.00009679
20,"Combine","NM11",,"posterior",-2949.5,0.00008333
20,"Combine","NM11",,"posterior",-2944.5,0.00009366
20,"Combine","NM11",,"posterior",-2939.5,0.00008402
20,"Combine","NM11",,"posterior",-2934.5,0.00004445
20,"Combine","NM11",,"posterior",-2929.5,0.000010593
20,"Combine","NM11",,"posterior",-2924.5,5.187e-7
20,"Combine","NM11",,"posterior",-2919.5,7.979e-8
20,"Combine","NM11",,"posterior",-2914.5,0
21,"R_Date","NM11-1",,"likelihood",-3374.5,0
21,"R_Date","NM11-1",,"likelihood",-3369.5,0
21,"R_Date","NM11-1",,"likelihood",-3364.5,0
21,"R_Date","NM11-1",,"likelihood",-3359.5,2.3279e-8
21,"R_Date","NM11-1",,"likelihood",-3354.5,5.044e-7
21,"R_Date","NM11-1",,"likelihood",-3349.5,0.000004431
21,"R_Date","NM11-1",,"likelihood",-3344.5,0.000009172
21,"R_Date","NM11-1",,"likelihood",-3339.5,0.0000331
21,"R_Date","NM11-1",,"likelihood",-3334.5,0.00016669
21,"R_Date","NM11-1",,"likelihood",-3329.5,0.0006366
21,"R_Date","NM11-1",,"likelihood",-3324.5,0.0015438
21,"R_Date","NM11-1",,"likelihood",-3319.5,0.0026054
21,"R_Date","NM11-1",,"likelihood",-3314.5,0.003431
21,"R_Date","NM11-1",,"likelihood",-3309.5,0.004155
21,"R_Date","NM11-1",,"likelihood",-3304.5,0.004717
21,"R_Date","NM11-1",,"likelihood",-3299.5,0.004715
21,"R_Date","NM11-1",,"likelihood",-3294.5,0.003746
21,"R_Date","NM11-1",,"likelihood",-3289.5,0.0030236
21,"R_Date","NM11-1",,"likelihood",-3284.5,0.003746
21,"R_Date","NM11-1",,"likelihood",-3279.5,0.005093
21,"R_Date","NM11-1",,"likelihood",-3274.5,0.004715
21,"R_Date","NM11-1",,"likelihood",-3269.5,0.003788
21,"R_Date","NM11-1",,"likelihood",-3264.5,0.004518
21,"R_Date","NM11-1",,"likelihood",-3259.5,0.006751
21,"R_Date","NM11-1",,"likelihood",-3254.5,0.007381
21,"R_Date","NM11-1",,"likelihood",-3249.5,0.006751
21,"R_Date","NM11-1",,"likelihood",-3244.5,0.005645
21,"R_Date","NM11-1",,"likelihood",-3239.5,0.004127
21,"R_Date","NM11-1",,"likelihood",-3234.5,0.0023763
21,"R_Date","NM11-1",,"likelihood",-3229.5,0.0015438
21,"R_Date","NM11-1",,"likelihood",-3224.5,0.0011578
21,"R_Date","NM11-1",,"likelihood",-3219.5,0.0010676
21,"R_Date","NM11-1",,"likelihood",-3214.5,0.0005776
21,"R_Date","NM11-1",,"likelihood",-3209.5,0.00019444
21,"R_Date","NM11-1",,"likelihood",-3204.5,0.00006372
21,"R_Date","NM11-1",,"likelihood",-3199.5,0.00004323
21,"R_Date","NM11-1",,"likelihood",-3194.5,0.00009863
21,"R_Date","NM11-1",,"likelihood",-3189.5,0.0003369
21,"R_Date","NM11-1",,"likelihood",-3184.5,0.0008262
21,"R_Date","NM11-1",,"likelihood",-3179.5,0.001626
21,"R_Date","NM11-1",,"likelihood",-3174.5,0.0026054
21,"R_Date","NM11-1",,"likelihood",-3169.5,0.003431
21,"R_Date","NM11-1",,"likelihood",-3164.5,0.003481
21,"R_Date","NM11-1",,"likelihood",-3159.5,0.0028304
21,"R_Date","NM11-1",,"likelihood",-3154.5,0.0014357
21,"R_Date","NM11-1",,"likelihood",-3149.5,0.0006413
21,"R_Date","NM11-1",,"likelihood",-3144.5,0.00029616
21,"R_Date","NM11-1",,"likelihood",-3139.5,0.0003369
21,"R_Date","NM11-1",,"likelihood",-3134.5,0.0004912
21,"R_Date","NM11-1",,"likelihood",-3129.5,0.0006988
21,"R_Date","NM11-1",,"likelihood",-3124.5,0.0006988
21,"R_Date","NM11-1",,"likelihood",-3119.5,0.000896
21,"R_Date","NM11-1",,"likelihood",-3114.5,0.0011332
21,"R_Date","NM11-1",,"likelihood",-3109.5,0.0012218
21,"R_Date","NM11-1",,"likelihood",-3104.5,0.0023853
21,"R_Date","NM11-1",,"likelihood",-3099.5,0.005594
21,"R_Date","NM11-1",,"likelihood",-3094.5,0.00776
21,"R_Date","NM11-1",,"likelihood",-3089.5,0.006523
21,"R_Date","NM11-1",,"likelihood",-3084.5,0.005058
21,"R_Date","NM11-1",,"likelihood",-3079.5,0.003985
21,"R_Date","NM11-1",,"likelihood",-3074.5,0.0027456
21,"R_Date","NM11-1",,"likelihood",-3069.5,0.0020161
21,"R_Date","NM11-1",,"likelihood",-3064.5,0.0023704
21,"R_Date","NM11-1",,"likelihood",-3059.5,0.003955
21,"R_Date","NM11-1",,"likelihood",-3054.5,0.005915
21,"R_Date","NM11-1",,"likelihood",-3049.5,0.00691
21,"R_Date","NM11-1",,"likelihood",-3044.5,0.007118
21,"R_Date","NM11-1",,"likelihood",-3039.5,0.006995
21,"R_Date","NM11-1",,"likelihood",-3034.5,0.006751
21,"R_Date","NM11-1",,"likelihood",-3029.5,0.005414
21,"R_Date","NM11-1",,"likelihood",-3024.5,0.002585
21,"R_Date","NM11-1",,"likelihood",-3019.5,0.0011852
21,"R_Date","NM11-1",,"likelihood",-3014.5,0.0006156
21,"R_Date","NM11-1",,"likelihood",-3009.5,0.00022541
21,"R_Date","NM11-1",,"likelihood",-3004.5,0.00005868
21,"R_Date","NM11-1",,"likelihood",-2999.5,0.000027229
21,"R_Date","NM11-1",,"likelihood",-2994.5,0.000021836
21,"R_Date","NM11-1",,"likelihood",-2989.5,0.00004562
21,"R_Date","NM11-1",,"likelihood",-2984.5,0.00012326
21,"R_Date","NM11-1",,"likelihood",-2979.5,0.00016664
21,"R_Date","NM11-1",,"likelihood",-2974.5,0.0002215
21,"R_Date","NM11-1",,"likelihood",-2969.5,0.00030513
21,"R_Date","NM11-1",,"likelihood",-2964.5,0.00020333
21,"R_Date","NM11-1",,"likelihood",-2959.5,0.00016637
21,"R_Date","NM11-1",,"likelihood",-2954.5,0.00015229
21,"R_Date","NM11-1",,"likelihood",-2949.5,0.00016685
21,"R_Date","NM11-1",,"likelihood",-2944.5,0.00021159
21,"R_Date","NM11-1",,"likelihood",-2939.5,0.00027095
21,"R_Date","NM11-1",,"likelihood",-2934.5,0.00021605
21,"R_Date","NM11-1",,"likelihood",-2929.5,0.00009129
21,"R_Date","NM11-1",,"likelihood",-2924.5,0.000026142
21,"R_Date","NM11-1",,"likelihood",-2919.5,0.000006192
21,"R_Date","NM11-1",,"likelihood",-2914.5,3.492e-7
21,"R_Date","NM11-1",,"likelihood",-2909.5,7.76e-9
21,"R_Date","NM11-1",,"likelihood",-2904.5,0
21,"R_Date","NM11-1",,"likelihood",-2899.5,0
21,"R_Date","NM11-1",,"posterior",-3319.5,0
21,"R_Date","NM11-1",,"posterior",-3314.5,0
21,"R_Date","NM11-1",,"posterior",-3309.5,0
21,"R_Date","NM11-1",,"posterior",-3304.5,2.5933e-7
21,"R_Date","NM11-1",,"posterior",-3299.5,7.979e-8
21,"R_Date","NM11-1",,"posterior",-3294.5,7.979e-8
21,"R_Date","NM11-1",,"posterior",-3289.5,7.979e-8
21,"R_Date","NM11-1",,"posterior",-3284.5,2.5933e-7
21,"R_Date","NM11-1",,"posterior",-3279.5,5.187e-7
21,"R_Date","NM11-1",,"posterior",-3274.5,5.985e-7
21,"R_Date","NM11-1",,"posterior",-3269.5,2.5933e-7
21,"R_Date","NM11-1",,"posterior",-3264.5,1.7954e-7
21,"R_Date","NM11-1",,"posterior",-3259.5,0.0000020747
21,"R_Date","NM11-1",,"posterior",-3254.5,0.000005127
21,"R_Date","NM11-1",,"posterior",-3249.5,0.000003651
21,"R_Date","NM11-1",,"posterior",-3244.5,0.0000016557
21,"R_Date","NM11-1",,"posterior",-3239.5,0.0000014762
21,"R_Date","NM11-1",,"posterior",-3234.5,6.982e-7
21,"R_Date","NM11-1",,"posterior",-3229.5,1.7954e-7
21,"R_Date","NM11-1",,"posterior",-3224.5,0
21,"R_Date","NM11-1",,"posterior",-3219.5,0
21,"R_Date","NM11-1",,"posterior",-3214.5,0
21,"R_Date","NM11-1",,"posterior",-3209.5,0
21,"R_Date","NM11-1",,"posterior",-3204.5,0
21,"R_Date","NM11-1",,"posterior",-3199.5,0
21,"R_Date","NM11-1",,"posterior",-3194.5,0
21,"R_Date","NM11-1",,"posterior",-3189.5,0
21,"R_Date","NM11-1",,"posterior",-3184.5,0
21,"R_Date","NM11-1",,"posterior",-3179.5,7.979e-8
21,"R_Date","NM11-1",,"posterior",-3174.5,4.389e-7
21,"R_Date","NM11-1",,"posterior",-3169.5,0.0000014762
21,"R_Date","NM11-1",,"posterior",-3164.5,0.000003212
21,"R_Date","NM11-1",,"posterior",-3159.5,0.0000012967
21,"R_Date","NM11-1",,"posterior",-3154.5,5.985e-7
21,"R_Date","NM11-1",,"posterior",-3149.5,0
21,"R_Date","NM11-1",,"posterior",-3144.5,0
21,"R_Date","NM11-1",,"posterior",-3139.5,0
21,"R_Date","NM11-1",,"posterior",-3134.5,0
21,"R_Date","NM11-1",,"posterior",-3129.5,0
21,"R_Date","NM11-1",,"posterior",-3124.5,0
21,"R_Date","NM11-1",,"posterior",-3119.5,5.985e-7
21,"R_Date","NM11-1",,"posterior",-3114.5,0.0000010373
21,"R_Date","NM11-1",,"posterior",-3109.5,0.0000025135
21,"R_Date","NM11-1",,"posterior",-3104.5,0.00003706
21,"R_Date","NM11-1",,"posterior",-3099.5,0.0006283
21,"R_Date","NM11-1",,"posterior",-3094.5,0.003808
21,"R_Date","NM11-1",,"posterior",-3089.5,0.008338
21,"R_Date","NM11-1",,"posterior",-3084.5,0.009964
21,"R_Date","NM11-1",,"posterior",-3079.5,0.009652
21,"R_Date","NM11-1",,"posterior",-3074.5,0.008354
21,"R_Date","NM11-1",,"posterior",-3069.5,0.007117
21,"R_Date","NM11-1",,"posterior",-3064.5,0.008756
21,"R_Date","NM11-1",,"posterior",-3059.5,0.013251
21,"R_Date","NM11-1",,"posterior",-3054.5,0.015906
21,"R_Date","NM11-1",,"posterior",-3049.5,0.015556
21,"R_Date","NM11-1",,"posterior",-3044.5,0.015782
21,"R_Date","NM11-1",,"posterior",-3039.5,0.016586
21,"R_Date","NM11-1",,"posterior",-3034.5,0.017984
21,"R_Date","NM11-1",,"posterior",-3029.5,0.019949
21,"R_Date","NM11-1",,"posterior",-3024.5,0.014747
21,"R_Date","NM11-1",,"posterior",-3019.5,0.007273
21,"R_Date","NM11-1",,"posterior",-3014.5,0.003201
21,"R_Date","NM11-1",,"posterior",-3009.5,0.0009418
21,"R_Date","NM11-1",,"posterior",-3004.5,0.00017014
21,"R_Date","NM11-1",,"posterior",-2999.5,0.00004488
21,"R_Date","NM11-1",,"posterior",-2994.5,0.000029344
21,"R_Date","NM11-1",,"posterior",-2989.5,0.00006493
21,"R_Date","NM11-1",,"posterior",-2984.5,0.00018403
21,"R_Date","NM11-1",,"posterior",-2979.5,0.00025217
21,"R_Date","NM11-1",,"posterior",-2974.5,0.00031449
21,"R_Date","NM11-1",,"posterior",-2969.5,0.0003415
21,"R_Date","NM11-1",,"posterior",-2964.5,0.00019801
21,"R_Date","NM11-1",,"posterior",-2959.5,0.00012829
21,"R_Date","NM11-1",,"posterior",-2954.5,0.00009679
21,"R_Date","NM11-1",,"posterior",-2949.5,0.00008333
21,"R_Date","NM11-1",,"posterior",-2944.5,0.00009366
21,"R_Date","NM11-1",,"posterior",-2939.5,0.00008402
21,"R_Date","NM11-1",,"posterior",-2934.5,0.00004445
21,"R_Date","NM11-1",,"posterior",-2929.5,0.000010593
21,"R_Date","NM11-1",,"posterior",-2924.5,5.187e-7
21,"R_Date","NM11-1",,"posterior",-2919.5,7.979e-8
21,"R_Date","NM11-1",,"posterior",-2914.5,0
22,"R_Date","NM11-2",,"likelihood",-3354.5,0
22,"R_Date","NM11-2",,"likelihood",-3349.5,0
22,"R_Date","NM11-2",,"likelihood",-3344.5,0
22,"R_Date","NM11-2",,"likelihood",-3339.5,1.7933e-8
22,"R_Date","NM11-2",,"likelihood",-3334.5,2.152e-7
22,"R_Date","NM11-2",,"likelihood",-3329.5,0.000002672
22,"R_Date","NM11-2",,"likelihood",-3324.5,0.00001423
22,"R_Date","NM11-2",,"likelihood",-3319.5,0.00004255
22,"R_Date","NM11-2",,"likelihood",-3314.5,0.00008013
22,"R_Date","NM11-2",,"likelihood",-3309.5,0.00012923
22,"R_Date","NM11-2",,"likelihood",-3304.5,0.00018187
22,"R_Date","NM11-2",,"likelihood",-3299.5,0.00015427
22,"R_Date","NM11-2",,"likelihood",-3294.5,0.00008423
22,"R_Date","NM11-2",,"likelihood",-3289.5,0.00005037
22,"R_Date","NM11-2",,"likelihood",-3284.5,0.00008423
22,"R_Date","NM11-2",,"likelihood",-3279.5,0.0002266
22,"R_Date","NM11-2",,"likelihood",-3274.5,0.00015427
22,"R_Date","NM11-2",,"likelihood",-3269.5,0.00010208
22,"R_Date","NM11-2",,"likelihood",-3264.5,0.00013714
22,"R_Date","NM11-2",,"likelihood",-3259.5,0.0005046
22,"R_Date","NM11-2",,"likelihood",-3254.5,0.0009628
22,"R_Date","NM11-2",,"likelihood",-3249.5,0.0005046
22,"R_Date","NM11-2",,"likelihood",-3244.5,0.00031142
22,"R_Date","NM11-2",,"likelihood",-3239.5,0.00010783
22,"R_Date","NM11-2",,"likelihood",-3234.5,0.000029339
22,"R_Date","NM11-2",,"likelihood",-3229.5,0.00001423
22,"R_Date","NM11-2",,"likelihood",-3224.5,0.000006761
22,"R_Date","NM11-2",,"likelihood",-3219.5,0.000005783
22,"R_Date","NM11-2",,"likelihood",-3214.5,0.0000018561
22,"R_Date","NM11-2",,"likelihood",-3209.5,3.497e-7
22,"R_Date","NM11-2",,"likelihood",-3204.5,4.483e-8
22,"R_Date","NM11-2",,"likelihood",-3199.5,2.69e-8
22,"R_Date","NM11-2",,"likelihood",-3194.5,1.1657e-7
22,"R_Date","NM11-2",,"likelihood",-3189.5,0.000001067
22,"R_Date","NM11-2",,"likelihood",-3184.5,0.000004295
22,"R_Date","NM11-2",,"likelihood",-3179.5,0.000018767
22,"R_Date","NM11-2",,"likelihood",-3174.5,0.00004255
22,"R_Date","NM11-2",,"likelihood",-3169.5,0.00008013
22,"R_Date","NM11-2",,"likelihood",-3164.5,0.00009757
22,"R_Date","NM11-2",,"likelihood",-3159.5,0.00006038
22,"R_Date","NM11-2",,"likelihood",-3154.5,0.00001232
22,"R_Date","NM11-2",,"likelihood",-3149.5,0.000003264
22,"R_Date","NM11-2",,"likelihood",-3144.5,6.994e-7
22,"R_Date","NM11-2",,"likelihood",-3139.5,0.000001067
22,"R_Date","NM11-2",,"likelihood",-3134.5,0.0000020354
22,"R_Date","NM11-2",,"likelihood",-3129.5,0.000003811
22,"R_Date","NM11-2",,"likelihood",-3124.5,0.000003811
22,"R_Date","NM11-2",,"likelihood",-3119.5,0.000005999
22,"R_Date","NM11-2",,"likelihood",-3114.5,0.000009298
22,"R_Date","NM11-2",,"likelihood",-3109.5,0.000010733
22,"R_Date","NM11-2",,"likelihood",-3104.5,0.00004147
22,"R_Date","NM11-2",,"likelihood",-3099.5,0.000356
22,"R_Date","NM11-2",,"likelihood",-3094.5,0.0016732
22,"R_Date","NM11-2",,"likelihood",-3089.5,0.004255
22,"R_Date","NM11-2",,"likelihood",-3084.5,0.006116
22,"R_Date","NM11-2",,"likelihood",-3079.5,0.007274
22,"R_Date","NM11-2",,"likelihood",-3074.5,0.008486
22,"R_Date","NM11-2",,"likelihood",-3069.5,0.008936
22,"R_Date","NM11-2",,"likelihood",-3064.5,0.008597
22,"R_Date","NM11-2",,"likelihood",-3059.5,0.00738
22,"R_Date","NM11-2",,"likelihood",-3054.5,0.005077
22,"R_Date","NM11-2",,"likelihood",-3049.5,0.003785
22,"R_Date","NM11-2",,"likelihood",-3044.5,0.003482
22,"R_Date","NM11-2",,"likelihood",-3039.5,0.003677
22,"R_Date","NM11-2",,"likelihood",-3034.5,0.004039
22,"R_Date","NM11-2",,"likelihood",-3029.5,0.005761
22,"R_Date","NM11-2",,"likelihood",-3024.5,0.008731
22,"R_Date","NM11-2",,"likelihood",-3019.5,0.008967
22,"R_Date","NM11-2",,"likelihood",-3014.5,0.008182
22,"R_Date","NM11-2",,"likelihood",-3009.5,0.006266
22,"R_Date","NM11-2",,"likelihood",-3004.5,0.003777
22,"R_Date","NM11-2",,"likelihood",-2999.5,0.002475
22,"R_Date","NM11-2",,"likelihood",-2994.5,0.0024197
22,"R_Date","NM11-2",,"likelihood",-2989.5,0.003386
22,"R_Date","NM11-2",,"likelihood",-2984.5,0.004768
22,"R_Date","NM11-2",,"likelihood",-2979.5,0.005657
22,"R_Date","NM11-2",,"likelihood",-2974.5,0.006221
22,"R_Date","NM11-2",,"likelihood",-2969.5,0.006213
22,"R_Date","NM11-2",,"likelihood",-2964.5,0.006048
22,"R_Date","NM11-2",,"likelihood",-2959.5,0.005656
22,"R_Date","NM11-2",,"likelihood",-2954.5,0.005482
22,"R_Date","NM11-2",,"likelihood",-2949.5,0.005662
22,"R_Date","NM11-2",,"likelihood",-2944.5,0.006137
22,"R_Date","NM11-2",,"likelihood",-2939.5,0.0063
22,"R_Date","NM11-2",,"likelihood",-2934.5,0.005847
22,"R_Date","NM11-2",,"likelihood",-2929.5,0.004518
22,"R_Date","NM11-2",,"likelihood",-2924.5,0.0026371
22,"R_Date","NM11-2",,"likelihood",-2919.5,0.0011719
22,"R_Date","NM11-2",,"likelihood",-2914.5,0.00025719
22,"R_Date","NM11-2",,"likelihood",-2909.5,0.000027294
22,"R_Date","NM11-2",,"likelihood",-2904.5,0.0000030307
22,"R_Date","NM11-2",,"likelihood",-2899.5,2.2416e-7
22,"R_Date","NM11-2",,"likelihood",-2894.5,8.967e-9
22,"R_Date","NM11-2",,"likelihood",-2889.5,0
22,"R_Date","NM11-2",,"likelihood",-2884.5,0
22,"R_Date","NM11-2",,"likelihood",-2879.5,0
22,"R_Date","NM11-2",,"posterior",-3319.5,0
22,"R_Date","NM11-2",,"posterior",-3314.5,0
22,"R_Date","NM11-2",,"posterior",-3309.5,0
22,"R_Date","NM11-2",,"posterior",-3304.5,2.5933e-7
22,"R_Date","NM11-2",,"posterior",-3299.5,7.979e-8
22,"R_Date","NM11-2",,"posterior",-3294.5,7.979e-8
22,"R_Date","NM11-2",,"posterior",-3289.5,7.979e-8
22,"R_Date","NM11-2",,"posterior",-3284.5,2.5933e-7
22,"R_Date","NM11-2",,"posterior",-3279.5,5.187e-7
22,"R_Date","NM11-2",,"posterior",-3274.5,5.985e-7
22,"R_Date","NM11-2",,"posterior",-3269.5,2.5933e-7
22,"R_Date","NM11-2",,"posterior",-3264.5,1.7954e-7
22,"R_Date","NM11-2",,"posterior",-3259.5,0.0000020747
22,"R_Date","NM11-2",,"posterior",-3254.5,0.000005127
22,"R_Date","NM11-2",,"posterior",-3249.5,0.000003651
22,"R_Date","NM11-2",,"posterior",-3244.5,0.0000016557
22,"R_Date","NM11-2",,"posterior",-3239.5,0.0000014762
22,"R_Date","NM11-2",,"posterior",-3234.5,6.982e-7
22,"R_Date","NM11-2",,"posterior",-3229.5,1.7954e-7
22,"R_Date","NM11-2",,"posterior",-3224.5,0
22,"R_Date","NM11-2",,"posterior",-3219.5,0
22,"R_Date","NM11-2",,"posterior",-3214.5,0
22,"R_Date","NM11-2",,"posterior",-3209.5,0
22,"R_Date","NM11-2",,"posterior",-3204.5,0
22,"R_Date","NM11-2",,"posterior",-3199.5,0
22,"R_Date","NM11-2",,"posterior",-3194.5,0
22,"R_Date","NM11-2",,"posterior",-3189.5,0
22,"R_Date","NM11-2",,"posterior",-3184.5,0
22,"R_Date","NM11-2",,"posterior",-3179.5,7.979e-8
22,"R_Date","NM11-2",,"posterior",-3174.5,4.389e-7
22,"R_Date","NM11-2",,"posterior",-3169.5,0.0000014762
22,"R_Date","NM11-2",,"posterior",-3164.5,0.000003212
22,"R_Date","NM11-2",,"posterior",-3159.5,0.0000012967
22,"R_Date","NM11-2",,"posterior",-3154.5,5.985e-7
22,"R_Date","NM11-2",,"posterior",-3149.5,0
22,"R_Date","NM11-2",,"posterior",-3144.5,0
22,"R_Date","NM11-2",,"posterior",-3139.5,0
22,"R_Date","NM11-2",,"posterior",-3134.5,0
22,"R_Date","NM11-2",,"posterior",-3129.5,0
22,"R_Date","NM11-2",,"posterior",-3124.5,0
22,"R_Date","NM11-2",,"posterior",-3119.5,5.985e-7
22,"R_Date","NM11-2",,"posterior",-3114.5,0.0000010373
22,"R_Date","NM11-2",,"posterior",-3109.5,0.0000025135
22,"R_Date","NM11-2",,"posterior",-3104.5,0.00003706
22,"R_Date","NM11-2",,"posterior",-3099.5,0.0006283
22,"R_Date","NM11-2",,"posterior",-3094.5,0.003808
22,"R_Date","NM11-2",,"posterior",-3089.5,0.008338
22,"R_Date","NM11-2",,"posterior",-3084.5,0.009964
22,"R_Date","NM11-2",,"posterior",-3079.5,0.009652
22,"R_Date","NM11-2",,"posterior",-3074.5,0.008354
22,"R_Date","NM11-2",,"posterior",-3069.5,0.007117
22,"R_Date","NM11-2",,"posterior",-3064.5,0.008756
22,"R_Date","NM11-2",,"posterior",-3059.5,0.013251
22,"R_Date","NM11-2",,"posterior",-3054.5,0.015906
22,"R_Date","NM11-2",,"posterior",-3049.5,0.015556
22,"R_Date","NM11-2",,"posterior",-3044.5,0.015782
22,"R_Date","NM11-2",,"posterior",-3039.5,0.016586
22,"R_Date","NM11-2",,"posterior",-3034.5,0.017984
22,"R_Date","NM11-2",,"posterior",-3029.5,0.019949
22,"R_Date","NM11-2",,"posterior",-3024.5,0.014747
22,"R_Date","NM11-2",,"posterior",-3019.5,0.007273
22,"R_Date","NM11-2",,"posterior",-3014.5,0.003201
22,"R_Date","NM11-2",,"posterior",-3009.5,0.0009418
22,"R_Date","NM11-2",,"posterior",-3004.5,0.00017014
22,"R_Date","NM11-2",,"posterior",-2999.5,0.00004488
22,"R_Date","NM11-2",,"posterior",-2994.5,0.000029344
22,"R_Date","NM11-2",,"posterior",-2989.5,0.00006493
22,"R_Date","NM11-2",,"posterior",-2984.5,0.00018403
22,"R_Date","NM11-2",,"posterior",-2979.5,0.00025217
22,"R_Date","NM11-2",,"posterior",-2974.5,0.00031449
22,"R_Date","NM11-2",,"posterior",-2969.5,0.0003415
22,"R_Date","NM11-2",,"posterior",-2964.5,0.00019801
22,"R_Date","NM11-2",,"posterior",-2959.5,0.00012829
22,"R_Date","NM11-2",,"posterior",-2954.5,0.00009679
22,"R_Date","NM11-2",,"posterior",-2949.5,0.00008333
22,"R_Date","NM11-2",,"posterior",-2944.5,0.00009366
22,"R_Date","NM11-2",,"posterior",-2939.5,0.00008402
22,"R_Date","NM11-2",,"posterior",-2934.5,0.00004445
22,"R_Date","NM11-2",,"posterior",-2929.5,0.000010593
22,"R_Date","NM11-2",,"posterior",-2924.5,5.187e-7
22,"R_Date","NM11-2",,"posterior",-2919.5,7.979e-8
22,"R_Date","NM11-2",,"posterior",-2914.5,0
23,"Combine","NM24",,"likelihood",-3339.5,0
23,"Combine","NM24",,"likelihood",-3334.5,0
23,"Combine","NM24",,"likelihood",-3329.5,0
23,"Combine","NM24",,"likelihood",-3324.5,1.2769e-7
23,"Combine","NM24",,"likelihood",-3319.5,0.0000028944
23,"Combine","NM24",,"likelihood",-3314.5,0.000015578
23,"Combine","NM24",,"likelihood",-3309.5,0.00005265
23,"Combine","NM24",,"likelihood",-3304.5,0.00012188
23,"Combine","NM24",,"likelihood",-3299.5,0.00011007
23,"Combine","NM24",,"likelihood",-3294.5,0.000024943
23,"Combine","NM24",,"likelihood",-3289.5,0.000006683
23,"Combine","NM24",,"likelihood",-3284.5,0.000024943
23,"Combine","NM24",,"likelihood",-3279.5,0.00020599
23,"Combine","NM24",,"likelihood",-3274.5,0.00011007
23,"Combine","NM24",,"likelihood",-3269.5,0.00002905
23,"Combine","NM24",,"likelihood",-3264.5,0.00008298
23,"Combine","NM24",,"likelihood",-3259.5,0.0015231
23,"Combine","NM24",,"likelihood",-3254.5,0.004307
23,"Combine","NM24",,"likelihood",-3249.5,0.0015231
23,"Combine","NM24",,"likelihood",-3244.5,0.0004293
23,"Combine","NM24",,"likelihood",-3239.5,0.00004616
23,"Combine","NM24",,"likelihood",-3234.5,0.0000015962
23,"Combine","NM24",,"likelihood",-3229.5,1.2769e-7
23,"Combine","NM24",,"likelihood",-3224.5,2.1282e-8
23,"Combine","NM24",,"likelihood",-3219.5,2.1282e-8
23,"Combine","NM24",,"likelihood",-3214.5,0
23,"Combine","NM24",,"likelihood",-3209.5,0
23,"Combine","NM24",,"likelihood",-3204.5,0
23,"Combine","NM24",,"likelihood",-3199.5,0
23,"Combine","NM24",,"likelihood",-3194.5,0
23,"Combine","NM24",,"likelihood",-3189.5,0
23,"Combine","NM24",,"likelihood",-3184.5,0
23,"Combine","NM24",,"likelihood",-3179.5,1.9154e-7
23,"Combine","NM24",,"likelihood",-3174.5,0.0000028944
23,"Combine","NM24",,"likelihood",-3169.5,0.000015578
23,"Combine","NM24",,"likelihood",-3164.5,0.000018452
23,"Combine","NM24",,"likelihood",-3159.5,0.000005108
23,"Combine","NM24",,"likelihood",-3154.5,8.513e-8
23,"Combine","NM24",,"likelihood",-3149.5,0
23,"Combine","NM24",,"likelihood",-3144.5,0
23,"Combine","NM24",,"likelihood",-3139.5,0
23,"Combine","NM24",,"likelihood",-3134.5,0
23,"Combine","NM24",,"likelihood",-3129.5,0
23,"Combine","NM24",,"likelihood",-3124.5,0
23,"Combine","NM24",,"likelihood",-3119.5,0
23,"Combine","NM24",,"likelihood",-3114.5,2.1282e-8
23,"Combine","NM24",,"likelihood",-3109.5,4.256e-8
23,"Combine","NM24",,"likelihood",-3104.5,0.0000018303
23,"Combine","NM24",,"likelihood",-3099.5,0.0004532
23,"Combine","NM24",,"likelihood",-3094.5,0.010358
23,"Combine","NM24",,"likelihood",-3089.5,0.019552
23,"Combine","NM24",,"likelihood",-3084.5,0.014202
23,"Combine","NM24",,"likelihood",-3079.5,0.008443
23,"Combine","NM24",,"likelihood",-3074.5,0.003437
23,"Combine","NM24",,"likelihood",-3069.5,0.001409
23,"Combine","NM24",,"likelihood",-3064.5,0.002055
23,"Combine","NM24",,"likelihood",-3059.5,0.008896
23,"Combine","NM24",,"likelihood",-3054.5,0.018159
23,"Combine","NM24",,"likelihood",-3049.5,0.02085
23,"Combine","NM24",,"likelihood",-3044.5,0.020663
23,"Combine","NM24",,"likelihood",-3039.5,0.021014
23,"Combine","NM24",,"likelihood",-3034.5,0.021282
23,"Combine","NM24",,"likelihood",-3029.5,0.01707
23,"Combine","NM24",,"likelihood",-3024.5,0.003183
23,"Combine","NM24",,"likelihood",-3019.5,0.00027173
23,"Combine","NM24",,"likelihood",-3014.5,0.000031476
23,"Combine","NM24",,"likelihood",-3009.5,9.79e-7
23,"Combine","NM24",,"likelihood",-3004.5,0
23,"Combine","NM24",,"likelihood",-2999.5,0
23,"Combine","NM24",,"likelihood",-2994.5,0
23,"Combine","NM24",,"likelihood",-2989.5,0
23,"Combine","NM24",,"likelihood",-2984.5,8.513e-8
23,"Combine","NM24",,"likelihood",-2979.5,3.405e-7
23,"Combine","NM24",,"likelihood",-2974.5,9.151e-7
23,"Combine","NM24",,"likelihood",-2969.5,0.0000017877
23,"Combine","NM24",,"likelihood",-2964.5,6.81e-7
23,"Combine","NM24",,"likelihood",-2959.5,3.405e-7
23,"Combine","NM24",,"likelihood",-2954.5,2.341e-7
23,"Combine","NM24",,"likelihood",-2949.5,3.405e-7
23,"Combine","NM24",,"likelihood",-2944.5,7.874e-7
23,"Combine","NM24",,"likelihood",-2939.5,0.0000014685
23,"Combine","NM24",,"likelihood",-2934.5,6.597e-7
23,"Combine","NM24",,"likelihood",-2929.5,4.256e-8
23,"Combine","NM24",,"likelihood",-2924.5,0
23,"Combine","NM24",,"likelihood",-2919.5,0
23,"Combine","NM24",,"likelihood",-2914.5,0
23,"Combine","NM24",,"posterior",-3279.5,0
23,"Combine","NM24",,"posterior",-3274.5,0
23,"Combine","NM24",,"posterior",-3269.5,0
23,"Combine","NM24",,"posterior",-3264.5,8.114e-8
23,"Combine","NM24",,"posterior",-3259.5,0.0000026776
23,"Combine","NM24",,"posterior",-3254.5,0.000007113
23,"Combine","NM24",,"posterior",-3249.5,0.0000031373
23,"Combine","NM24",,"posterior",-3244.5,2.7046e-7
23,"Combine","NM24",,"posterior",-3239.5,0
23,"Combine","NM24",,"posterior",-3234.5,0
23,"Combine","NM24",,"posterior",-3229.5,0
23,"Combine","NM24",,"posterior",-3224.5,0
23,"Combine","NM24",,"posterior",-3219.5,0
23,"Combine","NM24",,"posterior",-3214.5,0
23,"Combine","NM24",,"posterior",-3209.5,0
23,"Combine","NM24",,"posterior",-3204.5,0
23,"Combine","NM24",,"posterior",-3199.5,0
23,"Combine","NM24",,"posterior",-3194.5,0
23,"Combine","NM24",,"posterior",-3189.5,0
23,"Combine","NM24",,"posterior",-3184.5,0
23,"Combine","NM24",,"posterior",-3179.5,0
23,"Combine","NM24",,"posterior",-3174.5,0
23,"Combine","NM24",,"posterior",-3169.5,1.6228e-7
23,"Combine","NM24",,"posterior",-3164.5,0
23,"Combine","NM24",,"posterior",-3159.5,0
23,"Combine","NM24",,"posterior",-3154.5,0
23,"Combine","NM24",,"posterior",-3149.5,0
23,"Combine","NM24",,"posterior",-3144.5,0
23,"Combine","NM24",,"posterior",-3139.5,0
23,"Combine","NM24",,"posterior",-3134.5,0
23,"Combine","NM24",,"posterior",-3129.5,0
23,"Combine","NM24",,"posterior",-3124.5,0
23,"Combine","NM24",,"posterior",-3119.5,0
23,"Combine","NM24",,"posterior",-3114.5,0
23,"Combine","NM24",,"posterior",-3109.5,0
23,"Combine","NM24",,"posterior",-3104.5,0.000004246
23,"Combine","NM24",,"posterior",-3099.5,0.0004567
23,"Combine","NM24",,"posterior",-3094.5,0.006355
23,"Combine","NM24",,"posterior",-3089.5,0.012573
23,"Combine","NM24",,"posterior",-3084.5,0.010066
23,"Combine","NM24",,"posterior",-3079.5,0.006079
23,"Combine","NM24",,"posterior",-3074.5,0.0027949
23,"Combine","NM24",,"posterior",-3069.5,0.0013566
23,"Combine","NM24",,"posterior",-3064.5,0.0022009
23,"Combine","NM24",,"posterior",-3059.5,0.008773
23,"Combine","NM24",,"posterior",-3054.5,0.019097
23,"Combine","NM24",,"posterior",-3049.5,0.024322
23,"Combine","NM24",,"posterior",-3044.5,0.025919
23,"Combine","NM24",,"posterior",-3039.5,0.026758
23,"Combine","NM24",,"posterior",-3034.5,0.027046
23,"Combine","NM24",,"posterior",-3029.5,0.020597
23,"Combine","NM24",,"posterior",-3024.5,0.005052
23,"Combine","NM24",,"posterior",-3019.5,0.0004818
23,"Combine","NM24",,"posterior",-3014.5,0.00005079
23,"Combine","NM24",,"posterior",-3009.5,0.0000018121
23,"Combine","NM24",,"posterior",-3004.5,1.6228e-7
23,"Combine","NM24",,"posterior",-2999.5,0
23,"Combine","NM24",,"posterior",-2994.5,0
23,"Combine","NM24",,"posterior",-2989.5,0
23,"Combine","NM24",,"posterior",-2984.5,8.114e-8
23,"Combine","NM24",,"posterior",-2979.5,5.95e-7
23,"Combine","NM24",,"posterior",-2974.5,4.327e-7
23,"Combine","NM24",,"posterior",-2969.5,5.139e-7
23,"Combine","NM24",,"posterior",-2964.5,1.6228e-7
23,"Combine","NM24",,"posterior",-2959.5,1.6228e-7
23,"Combine","NM24",,"posterior",-2954.5,1.6228e-7
23,"Combine","NM24",,"posterior",-2949.5,2.7046e-7
23,"Combine","NM24",,"posterior",-2944.5,1.6228e-7
24,"R_Date","NM24-1",,"likelihood",-3379.5,0
24,"R_Date","NM24-1",,"likelihood",-3374.5,0
24,"R_Date","NM24-1",,"likelihood",-3369.5,0
24,"R_Date","NM24-1",,"likelihood",-3364.5,1.2986e-7
24,"R_Date","NM24-1",,"likelihood",-3359.5,0.000003501
24,"R_Date","NM24-1",,"likelihood",-3354.5,0.000027205
24,"R_Date","NM24-1",,"likelihood",-3349.5,0.00009728
24,"R_Date","NM24-1",,"likelihood",-3344.5,0.00017948
24,"R_Date","NM24-1",,"likelihood",-3339.5,0.0003866
24,"R_Date","NM24-1",,"likelihood",-3334.5,0.0009859
24,"R_Date","NM24-1",,"likelihood",-3329.5,0.0019869
24,"R_Date","NM24-1",,"likelihood",-3324.5,0.0031398
24,"R_Date","NM24-1",,"likelihood",-3319.5,0.004007
24,"R_Date","NM24-1",,"likelihood",-3314.5,0.004492
24,"R_Date","NM24-1",,"likelihood",-3309.5,0.00482
24,"R_Date","NM24-1",,"likelihood",-3304.5,0.005019
24,"R_Date","NM24-1",,"likelihood",-3299.5,0.005096
24,"R_Date","NM24-1",,"likelihood",-3294.5,0.004724
24,"R_Date","NM24-1",,"likelihood",-3289.5,0.004349
24,"R_Date","NM24-1",,"likelihood",-3284.5,0.004724
24,"R_Date","NM24-1",,"likelihood",-3279.5,0.005126
24,"R_Date","NM24-1",,"likelihood",-3274.5,0.005096
24,"R_Date","NM24-1",,"likelihood",-3269.5,0.004664
24,"R_Date","NM24-1",,"likelihood",-3264.5,0.005031
24,"R_Date","NM24-1",,"likelihood",-3259.5,0.005411
24,"R_Date","NM24-1",,"likelihood",-3254.5,0.005169
24,"R_Date","NM24-1",,"likelihood",-3249.5,0.005411
24,"R_Date","NM24-1",,"likelihood",-3244.5,0.005244
24,"R_Date","NM24-1",,"likelihood",-3239.5,0.004887
24,"R_Date","NM24-1",,"likelihood",-3234.5,0.003928
24,"R_Date","NM24-1",,"likelihood",-3229.5,0.0031398
24,"R_Date","NM24-1",,"likelihood",-3224.5,0.002796
24,"R_Date","NM24-1",,"likelihood",-3219.5,0.0026847
24,"R_Date","NM24-1",,"likelihood",-3214.5,0.0019527
24,"R_Date","NM24-1",,"likelihood",-3209.5,0.0010265
24,"R_Date","NM24-1",,"likelihood",-3204.5,0.0005676
24,"R_Date","NM24-1",,"likelihood",-3199.5,0.0004524
24,"R_Date","NM24-1",,"likelihood",-3194.5,0.0006928
24,"R_Date","NM24-1",,"likelihood",-3189.5,0.0013449
24,"R_Date","NM24-1",,"likelihood",-3184.5,0.0022828
24,"R_Date","NM24-1",,"likelihood",-3179.5,0.003142
24,"R_Date","NM24-1",,"likelihood",-3174.5,0.004007
24,"R_Date","NM24-1",,"likelihood",-3169.5,0.004492
24,"R_Date","NM24-1",,"likelihood",-3164.5,0.004439
24,"R_Date","NM24-1",,"likelihood",-3159.5,0.004073
24,"R_Date","NM24-1",,"likelihood",-3154.5,0.0030295
24,"R_Date","NM24-1",,"likelihood",-3149.5,0.0019277
24,"R_Date","NM24-1",,"likelihood",-3144.5,0.0013034
24,"R_Date","NM24-1",,"likelihood",-3139.5,0.0013449
24,"R_Date","NM24-1",,"likelihood",-3134.5,0.0016633
24,"R_Date","NM24-1",,"likelihood",-3129.5,0.0020203
24,"R_Date","NM24-1",,"likelihood",-3124.5,0.0020203
24,"R_Date","NM24-1",,"likelihood",-3119.5,0.0023099
24,"R_Date","NM24-1",,"likelihood",-3114.5,0.0026144
24,"R_Date","NM24-1",,"likelihood",-3109.5,0.0027185
24,"R_Date","NM24-1",,"likelihood",-3104.5,0.003774
24,"R_Date","NM24-1",,"likelihood",-3099.5,0.005154
24,"R_Date","NM24-1",,"likelihood",-3094.5,0.004739
24,"R_Date","NM24-1",,"likelihood",-3089.5,0.003237
24,"R_Date","NM24-1",,"likelihood",-3084.5,0.0022961
24,"R_Date","NM24-1",,"likelihood",-3079.5,0.0017348
24,"R_Date","NM24-1",,"likelihood",-3074.5,0.001145
24,"R_Date","NM24-1",,"likelihood",-3069.5,0.0008345
24,"R_Date","NM24-1",,"likelihood",-3064.5,0.0009922
24,"R_Date","NM24-1",,"likelihood",-3059.5,0.0016963
24,"R_Date","NM24-1",,"likelihood",-3054.5,0.0028107
24,"R_Date","NM24-1",,"likelihood",-3049.5,0.003471
24,"R_Date","NM24-1",,"likelihood",-3044.5,0.003636
24,"R_Date","NM24-1",,"likelihood",-3039.5,0.003526
24,"R_Date","NM24-1",,"likelihood",-3034.5,0.003327
24,"R_Date","NM24-1",,"likelihood",-3029.5,0.0024543
24,"R_Date","NM24-1",,"likelihood",-3024.5,0.001066
24,"R_Date","NM24-1",,"likelihood",-3019.5,0.0004946
24,"R_Date","NM24-1",,"likelihood",-3014.5,0.00026562
24,"R_Date","NM24-1",,"likelihood",-3009.5,0.00010558
24,"R_Date","NM24-1",,"likelihood",-3004.5,0.00003181
24,"R_Date","NM24-1",,"likelihood",-2999.5,0.00001581
24,"R_Date","NM24-1",,"likelihood",-2994.5,0.000013402
24,"R_Date","NM24-1",,"likelihood",-2989.5,0.00002549
24,"R_Date","NM24-1",,"likelihood",-2984.5,0.00006047
24,"R_Date","NM24-1",,"likelihood",-2979.5,0.0000804
24,"R_Date","NM24-1",,"likelihood",-2974.5,0.00010389
24,"R_Date","NM24-1",,"likelihood",-2969.5,0.00013695
24,"R_Date","NM24-1",,"likelihood",-2964.5,0.00009616
24,"R_Date","NM24-1",,"likelihood",-2959.5,0.00008029
24,"R_Date","NM24-1",,"likelihood",-2954.5,0.00007418
24,"R_Date","NM24-1",,"likelihood",-2949.5,0.00008051
24,"R_Date","NM24-1",,"likelihood",-2944.5,0.00009971
24,"R_Date","NM24-1",,"likelihood",-2939.5,0.00012365
24,"R_Date","NM24-1",,"likelihood",-2934.5,0.00010053
24,"R_Date","NM24-1",,"likelihood",-2929.5,0.00004699
24,"R_Date","NM24-1",,"likelihood",-2924.5,0.00001568
24,"R_Date","NM24-1",,"likelihood",-2919.5,0.000004356
24,"R_Date","NM24-1",,"likelihood",-2914.5,3.95e-7
24,"R_Date","NM24-1",,"likelihood",-2909.5,1.6232e-8
24,"R_Date","NM24-1",,"likelihood",-2904.5,0
24,"R_Date","NM24-1",,"likelihood",-2899.5,0
24,"R_Date","NM24-1",,"likelihood",-2894.5,0
24,"R_Date","NM24-1",,"posterior",-3279.5,0
24,"R_Date","NM24-1",,"posterior",-3274.5,0
24,"R_Date","NM24-1",,"posterior",-3269.5,0
24,"R_Date","NM24-1",,"posterior",-3264.5,8.114e-8
24,"R_Date","NM24-1",,"posterior",-3259.5,0.0000026776
24,"R_Date","NM24-1",,"posterior",-3254.5,0.000007113
24,"R_Date","NM24-1",,"posterior",-3249.5,0.0000031373
24,"R_Date","NM24-1",,"posterior",-3244.5,2.7046e-7
24,"R_Date","NM24-1",,"posterior",-3239.5,0
24,"R_Date","NM24-1",,"posterior",-3234.5,0
24,"R_Date","NM24-1",,"posterior",-3229.5,0
24,"R_Date","NM24-1",,"posterior",-3224.5,0
24,"R_Date","NM24-1",,"posterior",-3219.5,0
24,"R_Date","NM24-1",,"posterior",-3214.5,0
24,"R_Date","NM24-1",,"posterior",-3209.5,0
24,"R_Date","NM24-1",,"posterior",-3204.5,0
24,"R_Date","NM24-1",,"posterior",-3199.5,0
24,"R_Date","NM24-1",,"posterior",-3194.5,0
24,"R_Date","NM24-1",,"posterior",-3189.5,0
24,"R_Date","NM24-1",,"posterior",-3184.5,0
24,"R_Date","NM24-1",,"posterior",-3179.5,0
24,"R_Date","NM24-1",,"posterior",-3174.5,0
24,"R_Date","NM24-1",,"posterior",-3169.5,1.6228e-7
24,"R_Date","NM24-1",,"posterior",-3164.5,0
24,"R_Date","NM24-1",,"posterior",-3159.5,0
24,"R_Date","NM24-1",,"posterior",-3154.5,0
24,"R_Date","NM24-1",,"posterior",-3149.5,0
24,"R_Date","NM24-1",,"posterior",-3144.5,0
24,"R_Date","NM24-1",,"posterior",-3139.5,0
24,"R_Date","NM24-1",,"posterior",-3134.5,0
24,"R_Date","NM24-1",,"posterior",-3129.5,0
24,"R_Date","NM24-1",,"posterior",-3124.5,0
24,"R_Date","NM24-1",,"posterior",-3119.5,0
24,"R_Date","NM24-1",,"posterior",-3114.5,0
24,"R_Date","NM24-1",,"posterior",-3109.5,0
24,"R_Date","NM24-1",,"posterior",-3104.5,0.000004246
24,"R_Date","NM24-1",,"posterior",-3099.5,0.0004567
24,"R_Date","NM24-1",,"posterior",-3094.5,0.006355
24,"R_Date","NM24-1",,"posterior",-3089.5,0.012573
24,"R_Date","NM24-1",,"posterior",-3084.5,0.010066
24,"R_Date","NM24-1",,"posterior",-3079.5,0.006079
24,"R_Date","NM24-1",,"posterior",-3074.5,0.0027949
24,"R_Date","NM24-1",,"posterior",-3069.5,0.0013566
24,"R_Date","NM24-1",,"posterior",-3064.5,0.0022009
24,"R_Date","NM24-1",,"posterior",-3059.5,0.008773
24,"R_Date","NM24-1",,"posterior",-3054.5,0.019097
24,"R_Date","NM24-1",,"posterior",-3049.5,0.024322
24,"R_Date","NM24-1",,"posterior",-3044.5,0.025919
24,"R_Date","NM24-1",,"posterior",-3039.5,0.026758
24,"R_Date","NM24-1",,"posterior",-3034.5,0.027046
24,"R_Date","NM24-1",,"posterior",-3029.5,0.020597
24,"R_Date","NM24-1",,"posterior",-3024.5,0.005052
24,"R_Date","NM24-1",,"posterior",-3019.5,0.0004818
24,"R_Date","NM24-1",,"posterior",-3014.5,0.00005079
24,"R_Date","NM24-1",,"posterior",-3009.5,0.0000018121
24,"R_Date","NM24-1",,"posterior",-3004.5,1.6228e-7
24,"R_Date","NM24-1",,"posterior",-2999.5,0
24,"R_Date","NM24-1",,"posterior",-2994.5,0
24,"R_Date","NM24-1",,"posterior",-2989.5,0
24,"R_Date","NM24-1",,"posterior",-2984.5,8.114e-8
24,"R_Date","NM24-1",,"posterior",-2979.5,5.95e-7
24,"R_Date","NM24-1",,"posterior",-2974.5,4.327e-7
24,"R_Date","NM24-1",,"posterior",-2969.5,5.139e-7
24,"R_Date","NM24-1",,"posterior",-2964.5,1.6228e-7
24,"R_Date","NM24-1",,"posterior",-2959.5,1.6228e-7
24,"R_Date","NM24-1",,"posterior",-2954.5,1.6228e-7
24,"R_Date","NM24-1",,"posterior",-2949.5,2.7046e-7
24,"R_Date","NM24-1",,"posterior",-2944.5,1.6228e-7
25,"R_Date","NM24-7",,"likelihood",-3374.5,0
25,"R_Date","NM24-7",,"likelihood",-3369.5,0
25,"R_Date","NM24-7",,"likelihood",-3364.5,0
25,"R_Date","NM24-7",,"likelihood",-3359.5,1.2761e-7
25,"R_Date","NM24-7",,"likelihood",-3354.5,0.000001581
25,"R_Date","NM24-7",,"likelihood",-3349.5,0.000008571
25,"R_Date","NM24-7",,"likelihood",-3344.5,0.000017057
25,"R_Date","NM24-7",,"likelihood",-3339.5,0.0000481
25,"R_Date","NM24-7",,"likelihood",-3334.5,0.00018122
25,"R_Date","NM24-7",,"likelihood",-3329.5,0.0005535
25,"R_Date","NM24-7",,"likelihood",-3324.5,0.0012055
25,"R_Date","NM24-7",,"likelihood",-3319.5,0.0019434
25,"R_Date","NM24-7",,"likelihood",-3314.5,0.0025219
25,"R_Date","NM24-7",,"likelihood",-3309.5,0.0030418
25,"R_Date","NM24-7",,"likelihood",-3304.5,0.003458
25,"R_Date","NM24-7",,"likelihood",-3299.5,0.003431
25,"R_Date","NM24-7",,"likelihood",-3294.5,0.0027329
25,"R_Date","NM24-7",,"likelihood",-3289.5,0.0022293
25,"R_Date","NM24-7",,"likelihood",-3284.5,0.0027329
25,"R_Date","NM24-7",,"likelihood",-3279.5,0.003745
25,"R_Date","NM24-7",,"likelihood",-3274.5,0.003431
25,"R_Date","NM24-7",,"likelihood",-3269.5,0.0027761
25,"R_Date","NM24-7",,"likelihood",-3264.5,0.003286
25,"R_Date","NM24-7",,"likelihood",-3259.5,0.005086
25,"R_Date","NM24-7",,"likelihood",-3254.5,0.005865
25,"R_Date","NM24-7",,"likelihood",-3249.5,0.005086
25,"R_Date","NM24-7",,"likelihood",-3244.5,0.004184
25,"R_Date","NM24-7",,"likelihood",-3239.5,0.003004
25,"R_Date","NM24-7",,"likelihood",-3234.5,0.0017837
25,"R_Date","NM24-7",,"likelihood",-3229.5,0.0012055
25,"R_Date","NM24-7",,"likelihood",-3224.5,0.0009388
25,"R_Date","NM24-7",,"likelihood",-3219.5,0.0008746
25,"R_Date","NM24-7",,"likelihood",-3214.5,0.0005151
25,"R_Date","NM24-7",,"likelihood",-3209.5,0.00020167
25,"R_Date","NM24-7",,"likelihood",-3204.5,0.00008205
25,"R_Date","NM24-7",,"likelihood",-3199.5,0.00005976
25,"R_Date","NM24-7",,"likelihood",-3194.5,0.00011433
25,"R_Date","NM24-7",,"likelihood",-3189.5,0.0003159
25,"R_Date","NM24-7",,"likelihood",-3184.5,0.000694
25,"R_Date","NM24-7",,"likelihood",-3179.5,0.0012598
25,"R_Date","NM24-7",,"likelihood",-3174.5,0.0019434
25,"R_Date","NM24-7",,"likelihood",-3169.5,0.0025219
25,"R_Date","NM24-7",,"likelihood",-3164.5,0.0025687
25,"R_Date","NM24-7",,"likelihood",-3159.5,0.0021053
25,"R_Date","NM24-7",,"likelihood",-3154.5,0.0011297
25,"R_Date","NM24-7",,"likelihood",-3149.5,0.0005513
25,"R_Date","NM24-7",,"likelihood",-3144.5,0.00028764
25,"R_Date","NM24-7",,"likelihood",-3139.5,0.0003159
25,"R_Date","NM24-7",,"likelihood",-3134.5,0.0004372
25,"R_Date","NM24-7",,"likelihood",-3129.5,0.0005942
25,"R_Date","NM24-7",,"likelihood",-3124.5,0.0005942
25,"R_Date","NM24-7",,"likelihood",-3119.5,0.0007393
25,"R_Date","NM24-7",,"likelihood",-3114.5,0.0009105
25,"R_Date","NM24-7",,"likelihood",-3109.5,0.0009738
25,"R_Date","NM24-7",,"likelihood",-3104.5,0.0017921
25,"R_Date","NM24-7",,"likelihood",-3099.5,0.004187
25,"R_Date","NM24-7",,"likelihood",-3094.5,0.006606
25,"R_Date","NM24-7",,"likelihood",-3089.5,0.0069
25,"R_Date","NM24-7",,"likelihood",-3084.5,0.006324
25,"R_Date","NM24-7",,"likelihood",-3079.5,0.005669
25,"R_Date","NM24-7",,"likelihood",-3074.5,0.004757
25,"R_Date","NM24-7",,"likelihood",-3069.5,0.00402
25,"R_Date","NM24-7",,"likelihood",-3064.5,0.004313
25,"R_Date","NM24-7",,"likelihood",-3059.5,0.005729
25,"R_Date","NM24-7",,"likelihood",-3054.5,0.006714
25,"R_Date","NM24-7",,"likelihood",-3049.5,0.007054
25,"R_Date","NM24-7",,"likelihood",-3044.5,0.00709
25,"R_Date","NM24-7",,"likelihood",-3039.5,0.007082
25,"R_Date","NM24-7",,"likelihood",-3034.5,0.007047
25,"R_Date","NM24-7",,"likelihood",-3029.5,0.006584
25,"R_Date","NM24-7",,"likelihood",-3024.5,0.00469
25,"R_Date","NM24-7",,"likelihood",-3019.5,0.0029684
25,"R_Date","NM24-7",,"likelihood",-3014.5,0.0020098
25,"R_Date","NM24-7",,"likelihood",-3009.5,0.0010823
25,"R_Date","NM24-7",,"likelihood",-3004.5,0.0004607
25,"R_Date","NM24-7",,"likelihood",-2999.5,0.0002629
25,"R_Date","NM24-7",,"likelihood",-2994.5,0.00024279
25,"R_Date","NM24-7",,"likelihood",-2989.5,0.0003915
25,"R_Date","NM24-7",,"likelihood",-2984.5,0.0007043
25,"R_Date","NM24-7",,"likelihood",-2979.5,0.0008947
25,"R_Date","NM24-7",,"likelihood",-2974.5,0.0010691
25,"R_Date","NM24-7",,"likelihood",-2969.5,0.0012068
25,"R_Date","NM24-7",,"likelihood",-2964.5,0.0010132
25,"R_Date","NM24-7",,"likelihood",-2959.5,0.0008941
25,"R_Date","NM24-7",,"likelihood",-2954.5,0.0008456
25,"R_Date","NM24-7",,"likelihood",-2949.5,0.0008958
25,"R_Date","NM24-7",,"likelihood",-2944.5,0.00104
25,"R_Date","NM24-7",,"likelihood",-2939.5,0.0011647
25,"R_Date","NM24-7",,"likelihood",-2934.5,0.0010088
25,"R_Date","NM24-7",,"likelihood",-2929.5,0.0006106
25,"R_Date","NM24-7",,"likelihood",-2924.5,0.00027329
25,"R_Date","NM24-7",,"likelihood",-2919.5,0.00009831
25,"R_Date","NM24-7",,"likelihood",-2914.5,0.000015703
25,"R_Date","NM24-7",,"likelihood",-2909.5,0.0000013612
25,"R_Date","NM24-7",,"likelihood",-2904.5,1.4888e-7
25,"R_Date","NM24-7",,"likelihood",-2899.5,1.4179e-8
25,"R_Date","NM24-7",,"likelihood",-2894.5,0
25,"R_Date","NM24-7",,"likelihood",-2889.5,0
25,"R_Date","NM24-7",,"likelihood",-2884.5,0
25,"R_Date","NM24-7",,"posterior",-3279.5,0
25,"R_Date","NM24-7",,"posterior",-3274.5,0
25,"R_Date","NM24-7",,"posterior",-3269.5,0
25,"R_Date","NM24-7",,"posterior",-3264.5,8.114e-8
25,"R_Date","NM24-7",,"posterior",-3259.5,0.0000026776
25,"R_Date","NM24-7",,"posterior",-3254.5,0.000007113
25,"R_Date","NM24-7",,"posterior",-3249.5,0.0000031373
25,"R_Date","NM24-7",,"posterior",-3244.5,2.7046e-7
25,"R_Date","NM24-7",,"posterior",-3239.5,0
25,"R_Date","NM24-7",,"posterior",-3234.5,0
25,"R_Date","NM24-7",,"posterior",-3229.5,0
25,"R_Date","NM24-7",,"posterior",-3224.5,0
25,"R_Date","NM24-7",,"posterior",-3219.5,0
25,"R_Date","NM24-7",,"posterior",-3214.5,0
25,"R_Date","NM24-7",,"posterior",-3209.5,0
25,"R_Date","NM24-7",,"posterior",-3204.5,0
25,"R_Date","NM24-7",,"posterior",-3199.5,0
25,"R_Date","NM24-7",,"posterior",-3194.5,0
25,"R_Date","NM24-7",,"posterior",-3189.5,0
25,"R_Date","NM24-7",,"posterior",-3184.5,0
25,"R_Date","NM24-7",,"posterior",-3179.5,0
25,"R_Date","NM24-7",,"posterior",-3174.5,0
25,"R_Date","NM24-7",,"posterior",-3169.5,1.6228e-7
25,"R_Date","NM24-7",,"posterior",-3164.5,0
25,"R_Date","NM24-7",,"posterior",-3159.5,0
25,"R_Date","NM24-7",,"posterior",-3154.5,0
25,"R_Date","NM24-7",,"posterior",-3149.5,0
25,"R_Date","NM24-7",,"posterior",-3144.5,0
25,"R_Date","NM24-7",,"posterior",-3139.5,0
25,"R_Date","NM24-7",,"posterior",-3134.5,0
25,"R_Date","NM24-7",,"posterior",-3129.5,0
25,"R_Date","NM24-7",,"posterior",-3124.5,0
25,"R_Date","NM24-7",,"posterior",-3119.5,0
25,"R_Date","NM24-7",,"posterior",-3114.5,0
25,"R_Date","NM24-7",,"posterior",-3109.5,0
25,"R_Date","NM24-7",,"posterior",-3104.5,0.000004246
25,"R_Date","NM24-7",,"posterior",-3099.5,0.0004567
25,"R_Date","NM24-7",,"posterior",-3094.5,0.006355
25,"R_Date","NM24-7",,"posterior",-3089.5,0.012573
25,"R_Date","NM24-7",,"posterior",-3084.5,0.010066
25,"R_Date","NM24-7",,"posterior",-3079.5,0.006079
25,"R_Date","NM24-7",,"posterior",-3074.5,0.0027949
25,"R_Date","NM24-7",,"posterior",-3069.5,0.0013566
25,"R_Date","NM24-7",,"posterior",-3064.5,0.0022009
25,"R_Date","NM24-7",,"posterior",-3059.5,0.008773
25,"R_Date","NM24-7",,"posterior",-3054.5,0.019097
25,"R_Date","NM24-7",,"posterior",-3049.5,0.024322
25,"R_Date","NM24-7",,"posterior",-3044.5,0.025919
25,"R_Date","NM24-7",,"posterior",-3039.5,0.026758
25,"R_Date","NM24-7",,"posterior",-3034.5,0.027046
25,"R_Date","NM24-7",,"posterior",-3029.5,0.020597
25,"R_Date","NM24-7",,"posterior",-3024.5,0.005052
25,"R_Date","NM24-7",,"posterior",-3019.5,0.0004818
25,"R_Date","NM24-7",,"posterior",-3014.5,0.00005079
25,"R_Date","NM24-7",,"posterior",-3009.5,0.0000018121
25,"R_Date","NM24-7",,"posterior",-3004.5,1.6228e-7
25,"R_Date","NM24-7",,"posterior",-2999.5,0
25,"R_Date","NM24-7",,"posterior",-2994.5,0
25,"R_Date","NM24-7",,"posterior",-2989.5,0
25,"R_Date","NM24-7",,"posterior",-2984.5,8.114e-8
25,"R_Date","NM24-7",,"posterior",-2979.5,5.95e-7
25,"R_Date","NM24-7",,"posterior",-2974.5,4.327e-7
25,"R_Date","NM24-7",,"posterior",-2969.5,5.139e-7
25,"R_Date","NM24-7",,"posterior",-2964.5,1.6228e-7
25,"R_Date","NM24-7",,"posterior",-2959.5,1.6228e-7
25,"R_Date","NM24-7",,"posterior",-2954.5,1.6228e-7
25,"R_Date","NM24-7",,"posterior",-2949.5,2.7046e-7
25,"R_Date","NM24-7",,"posterior",-2944.5,1.6228e-7
26,"R_Date","NM24-5",,"likelihood",-3374.5,0
26,"R_Date","NM24-5",,"likelihood",-3369.5,0
26,"R_Date","NM24-5",,"likelihood",-3364.5,0
26,"R_Date","NM24-5",,"likelihood",-3359.5,2.2847e-8
26,"R_Date","NM24-5",,"likelihood",-3354.5,3.96e-7
26,"R_Date","NM24-5",,"likelihood",-3349.5,0.0000025588
26,"R_Date","NM24-5",,"likelihood",-3344.5,0.000005171
26,"R_Date","NM24-5",,"likelihood",-3339.5,0.000016237
26,"R_Date","NM24-5",,"likelihood",-3334.5,0.00007149
26,"R_Date","NM24-5",,"likelihood",-3329.5,0.00025949
26,"R_Date","NM24-5",,"likelihood",-3324.5,0.0006423
26,"R_Date","NM24-5",,"likelihood",-3319.5,0.0011366
26,"R_Date","NM24-5",,"likelihood",-3314.5,0.0015634
26,"R_Date","NM24-5",,"likelihood",-3309.5,0.0019759
26,"R_Date","NM24-5",,"likelihood",-3304.5,0.0023265
26,"R_Date","NM24-5",,"likelihood",-3299.5,0.0022704
26,"R_Date","NM24-5",,"likelihood",-3294.5,0.0017026
26,"R_Date","NM24-5",,"likelihood",-3289.5,0.0013234
26,"R_Date","NM24-5",,"likelihood",-3284.5,0.0017026
26,"R_Date","NM24-5",,"likelihood",-3279.5,0.0025791
26,"R_Date","NM24-5",,"likelihood",-3274.5,0.0022704
26,"R_Date","NM24-5",,"likelihood",-3269.5,0.0017617
26,"R_Date","NM24-5",,"likelihood",-3264.5,0.0021486
26,"R_Date","NM24-5",,"likelihood",-3259.5,0.003845
26,"R_Date","NM24-5",,"likelihood",-3254.5,0.004813
26,"R_Date","NM24-5",,"likelihood",-3249.5,0.003845
26,"R_Date","NM24-5",,"likelihood",-3244.5,0.002984
26,"R_Date","NM24-5",,"likelihood",-3239.5,0.0019173
26,"R_Date","NM24-5",,"likelihood",-3234.5,0.001009
26,"R_Date","NM24-5",,"likelihood",-3229.5,0.0006423
26,"R_Date","NM24-5",,"likelihood",-3224.5,0.0004708
26,"R_Date","NM24-5",,"likelihood",-3219.5,0.0004334
26,"R_Date","NM24-5",,"likelihood",-3214.5,0.00023464
26,"R_Date","NM24-5",,"likelihood",-3209.5,0.00008226
26,"R_Date","NM24-5",,"likelihood",-3204.5,0.000029412
26,"R_Date","NM24-5",,"likelihood",-3199.5,0.000020669
26,"R_Date","NM24-5",,"likelihood",-3194.5,0.0000435
26,"R_Date","NM24-5",,"likelihood",-3189.5,0.00013934
26,"R_Date","NM24-5",,"likelihood",-3184.5,0.0003369
26,"R_Date","NM24-5",,"likelihood",-3179.5,0.0006877
26,"R_Date","NM24-5",,"likelihood",-3174.5,0.0011366
26,"R_Date","NM24-5",,"likelihood",-3169.5,0.0015634
26,"R_Date","NM24-5",,"likelihood",-3164.5,0.0016233
26,"R_Date","NM24-5",,"likelihood",-3159.5,0.0012718
26,"R_Date","NM24-5",,"likelihood",-3154.5,0.0005949
26,"R_Date","NM24-5",,"likelihood",-3149.5,0.00026301
26,"R_Date","NM24-5",,"likelihood",-3144.5,0.00012289
26,"R_Date","NM24-5",,"likelihood",-3139.5,0.00013934
26,"R_Date","NM24-5",,"likelihood",-3134.5,0.00020167
26,"R_Date","NM24-5",,"likelihood",-3129.5,0.00028671
26,"R_Date","NM24-5",,"likelihood",-3124.5,0.00028671
26,"R_Date","NM24-5",,"likelihood",-3119.5,0.0003689
26,"R_Date","NM24-5",,"likelihood",-3114.5,0.0004699
26,"R_Date","NM24-5",,"likelihood",-3109.5,0.0005082
26,"R_Date","NM24-5",,"likelihood",-3104.5,0.0010467
26,"R_Date","NM24-5",,"likelihood",-3099.5,0.0030292
26,"R_Date","NM24-5",,"likelihood",-3094.5,0.005886
26,"R_Date","NM24-5",,"likelihood",-3089.5,0.007336
26,"R_Date","NM24-5",,"likelihood",-3084.5,0.007447
26,"R_Date","NM24-5",,"likelihood",-3079.5,0.007147
26,"R_Date","NM24-5",,"likelihood",-3074.5,0.006551
26,"R_Date","NM24-5",,"likelihood",-3069.5,0.005874
26,"R_Date","NM24-5",,"likelihood",-3064.5,0.006094
26,"R_Date","NM24-5",,"likelihood",-3059.5,0.007264
26,"R_Date","NM24-5",,"likelihood",-3054.5,0.007469
26,"R_Date","NM24-5",,"likelihood",-3049.5,0.007314
26,"R_Date","NM24-5",,"likelihood",-3044.5,0.007221
26,"R_Date","NM24-5",,"likelihood",-3039.5,0.007299
26,"R_Date","NM24-5",,"likelihood",-3034.5,0.007419
26,"R_Date","NM24-5",,"likelihood",-3029.5,0.007616
26,"R_Date","NM24-5",,"likelihood",-3024.5,0.006559
26,"R_Date","NM24-5",,"likelihood",-3019.5,0.004734
26,"R_Date","NM24-5",,"likelihood",-3014.5,0.003515
26,"R_Date","NM24-5",,"likelihood",-3009.5,0.0021366
26,"R_Date","NM24-5",,"likelihood",-3004.5,0.001044
26,"R_Date","NM24-5",,"likelihood",-2999.5,0.0006343
26,"R_Date","NM24-5",,"likelihood",-2994.5,0.0006016
26,"R_Date","NM24-5",,"likelihood",-2989.5,0.0009082
26,"R_Date","NM24-5",,"likelihood",-2984.5,0.001474
26,"R_Date","NM24-5",,"likelihood",-2979.5,0.0018252
26,"R_Date","NM24-5",,"likelihood",-2974.5,0.0021144
26,"R_Date","NM24-5",,"likelihood",-2969.5,0.0022766
26,"R_Date","NM24-5",,"likelihood",-2964.5,0.0020229
26,"R_Date","NM24-5",,"likelihood",-2959.5,0.0018244
26,"R_Date","NM24-5",,"likelihood",-2954.5,0.0017418
26,"R_Date","NM24-5",,"likelihood",-2949.5,0.0018273
26,"R_Date","NM24-5",,"likelihood",-2944.5,0.0020675
26,"R_Date","NM24-5",,"likelihood",-2939.5,0.00224
26,"R_Date","NM24-5",,"likelihood",-2934.5,0.0019897
26,"R_Date","NM24-5",,"likelihood",-2929.5,0.0013254
26,"R_Date","NM24-5",,"likelihood",-2924.5,0.0006667
26,"R_Date","NM24-5",,"likelihood",-2919.5,0.00026798
26,"R_Date","NM24-5",,"likelihood",-2914.5,0.00005312
26,"R_Date","NM24-5",,"likelihood",-2909.5,0.00000591
26,"R_Date","NM24-5",,"likelihood",-2904.5,7.463e-7
26,"R_Date","NM24-5",,"likelihood",-2899.5,6.854e-8
26,"R_Date","NM24-5",,"likelihood",-2894.5,7.616e-9
26,"R_Date","NM24-5",,"likelihood",-2889.5,0
26,"R_Date","NM24-5",,"likelihood",-2884.5,0
26,"R_Date","NM24-5",,"posterior",-3279.5,0
26,"R_Date","NM24-5",,"posterior",-3274.5,0
26,"R_Date","NM24-5",,"posterior",-3269.5,0
26,"R_Date","NM24-5",,"posterior",-3264.5,8.114e-8
26,"R_Date","NM24-5",,"posterior",-3259.5,0.0000026776
26,"R_Date","NM24-5",,"posterior",-3254.5,0.000007113
26,"R_Date","NM24-5",,"posterior",-3249.5,0.0000031373
26,"R_Date","NM24-5",,"posterior",-3244.5,2.7046e-7
26,"R_Date","NM24-5",,"posterior",-3239.5,0
26,"R_Date","NM24-5",,"posterior",-3234.5,0
26,"R_Date","NM24-5",,"posterior",-3229.5,0
26,"R_Date","NM24-5",,"posterior",-3224.5,0
26,"R_Date","NM24-5",,"posterior",-3219.5,0
26,"R_Date","NM24-5",,"posterior",-3214.5,0
26,"R_Date","NM24-5",,"posterior",-3209.5,0
26,"R_Date","NM24-5",,"posterior",-3204.5,0
26,"R_Date","NM24-5",,"posterior",-3199.5,0
26,"R_Date","NM24-5",,"posterior",-3194.5,0
26,"R_Date","NM24-5",,"posterior",-3189.5,0
26,"R_Date","NM24-5",,"posterior",-3184.5,0
26,"R_Date","NM24-5",,"posterior",-3179.5,0
26,"R_Date","NM24-5",,"posterior",-3174.5,0
26,"R_Date","NM24-5",,"posterior",-3169.5,1.6228e-7
26,"R_Date","NM24-5",,"posterior",-3164.5,0
26,"R_Date","NM24-5",,"posterior",-3159.5,0
26,"R_Date","NM24-5",,"posterior",-3154.5,0
26,"R_Date","NM24-5",,"posterior",-3149.5,0
26,"R_Date","NM24-5",,"posterior",-3144.5,0
26,"R_Date","NM24-5",,"posterior",-3139.5,0
26,"R_Date","NM24-5",,"posterior",-3134.5,0
26,"R_Date","NM24-5",,"posterior",-3129.5,0
26,"R_Date","NM24-5",,"posterior",-3124.5,0
26,"R_Date","NM24-5",,"posterior",-3119.5,0
26,"R_Date","NM24-5",,"posterior",-3114.5,0
26,"R_Date","NM24-5",,"posterior",-3109.5,0
26,"R_Date","NM24-5",,"posterior",-3104.5,0.000004246
26,"R_Date","NM24-5",,"posterior",-3099.5,0.0004567
26,"R_Date","NM24-5",,"posterior",-3094.5,0.006355
26,"R_Date","NM24-5",,"posterior",-3089.5,0.012573
26,"R_Date","NM24-5",,"posterior",-3084.5,0.010066
26,"R_Date","NM24-5",,"posterior",-3079.5,0.006079
26,"R_Date","NM24-5",,"posterior",-3074.5,0.0027949
26,"R_Date","NM24-5",,"posterior",-3069.5,0.0013566
26,"R_Date","NM24-5",,"posterior",-3064.5,0.0022009
26,"R_Date","NM24-5",,"posterior",-3059.5,0.008773
26,"R_Date","NM24-5",,"posterior",-3054.5,0.019097
26,"R_Date","NM24-5",,"posterior",-3049.5,0.024322
26,"R_Date","NM24-5",,"posterior",-3044.5,0.025919
26,"R_Date","NM24-5",,"posterior",-3039.5,0.026758
26,"R_Date","NM24-5",,"posterior",-3034.5,0.027046
26,"R_Date","NM24-5",,"posterior",-3029.5,0.020597
26,"R_Date","NM24-5",,"posterior",-3024.5,0.005052
26,"R_Date","NM24-5",,"posterior",-3019.5,0.0004818
26,"R_Date","NM24-5",,"posterior",-3014.5,0.00005079
26,"R_Date","NM24-5",,"posterior",-3009.5,0.0000018121
26,"R_Date","NM24-5",,"posterior",-3004.5,1.6228e-7
26,"R_Date","NM24-5",,"posterior",-2999.5,0
26,"R_Date","NM24-5",,"posterior",-2994.5,0
26,"R_Date","NM24-5",,"posterior",-2989.5,0
26,"R_Date","NM24-5",,"posterior",-2984.5,8.114e-8
26,"R_Date","NM24-5",,"posterior",-2979.5,5.95e-7
26,"R_Date","NM24-5",,"posterior",-2974.5,4.327e-7
26,"R_Date","NM24-5",,"posterior",-2969.5,5.139e-7
26,"R_Date","NM24-5",,"posterior",-2964.5,1.6228e-7
26,"R_Date","NM24-5",,"posterior",-2959.5,1.6228e-7
26,"R_Date","NM24-5",,"posterior",-2954.5,1.6228e-7
26,"R_Date","NM24-5",,"posterior",-2949.5,2.7046e-7
26,"R_Date","NM24-5",,"posterior",-2944.5,1.6228e-7
27,"R_Date","NM24-4",,"likelihood",-3374.5,0
27,"R_Date","NM24-4",,"likelihood",-3369.5,0
27,"R_Date","NM24-4",,"likelihood",-3364.5,0
27,"R_Date","NM24-4",,"likelihood",-3359.5,2.2847e-8
27,"R_Date","NM24-4",,"likelihood",-3354.5,3.96e-7
27,"R_Date","NM24-4",,"likelihood",-3349.5,0.0000025588
27,"R_Date","NM24-4",,"likelihood",-3344.5,0.000005171
27,"R_Date","NM24-4",,"likelihood",-3339.5,0.000016237
27,"R_Date","NM24-4",,"likelihood",-3334.5,0.00007149
27,"R_Date","NM24-4",,"likelihood",-3329.5,0.00025949
27,"R_Date","NM24-4",,"likelihood",-3324.5,0.0006423
27,"R_Date","NM24-4",,"likelihood",-3319.5,0.0011366
27,"R_Date","NM24-4",,"likelihood",-3314.5,0.0015634
27,"R_Date","NM24-4",,"likelihood",-3309.5,0.0019759
27,"R_Date","NM24-4",,"likelihood",-3304.5,0.0023265
27,"R_Date","NM24-4",,"likelihood",-3299.5,0.0022704
27,"R_Date","NM24-4",,"likelihood",-3294.5,0.0017026
27,"R_Date","NM24-4",,"likelihood",-3289.5,0.0013234
27,"R_Date","NM24-4",,"likelihood",-3284.5,0.0017026
27,"R_Date","NM24-4",,"likelihood",-3279.5,0.0025791
27,"R_Date","NM24-4",,"likelihood",-3274.5,0.0022704
27,"R_Date","NM24-4",,"likelihood",-3269.5,0.0017617
27,"R_Date","NM24-4",,"likelihood",-3264.5,0.0021486
27,"R_Date","NM24-4",,"likelihood",-3259.5,0.003845
27,"R_Date","NM24-4",,"likelihood",-3254.5,0.004813
27,"R_Date","NM24-4",,"likelihood",-3249.5,0.003845
27,"R_Date","NM24-4",,"likelihood",-3244.5,0.002984
27,"R_Date","NM24-4",,"likelihood",-3239.5,0.0019173
27,"R_Date","NM24-4",,"likelihood",-3234.5,0.001009
27,"R_Date","NM24-4",,"likelihood",-3229.5,0.0006423
27,"R_Date","NM24-4",,"likelihood",-3224.5,0.0004708
27,"R_Date","NM24-4",,"likelihood",-3219.5,0.0004334
27,"R_Date","NM24-4",,"likelihood",-3214.5,0.00023464
27,"R_Date","NM24-4",,"likelihood",-3209.5,0.00008226
27,"R_Date","NM24-4",,"likelihood",-3204.5,0.000029412
27,"R_Date","NM24-4",,"likelihood",-3199.5,0.000020669
27,"R_Date","NM24-4",,"likelihood",-3194.5,0.0000435
27,"R_Date","NM24-4",,"likelihood",-3189.5,0.00013934
27,"R_Date","NM24-4",,"likelihood",-3184.5,0.0003369
27,"R_Date","NM24-4",,"likelihood",-3179.5,0.0006877
27,"R_Date","NM24-4",,"likelihood",-3174.5,0.0011366
27,"R_Date","NM24-4",,"likelihood",-3169.5,0.0015634
27,"R_Date","NM24-4",,"likelihood",-3164.5,0.0016233
27,"R_Date","NM24-4",,"likelihood",-3159.5,0.0012718
27,"R_Date","NM24-4",,"likelihood",-3154.5,0.0005949
27,"R_Date","NM24-4",,"likelihood",-3149.5,0.00026301
27,"R_Date","NM24-4",,"likelihood",-3144.5,0.00012289
27,"R_Date","NM24-4",,"likelihood",-3139.5,0.00013934
27,"R_Date","NM24-4",,"likelihood",-3134.5,0.00020167
27,"R_Date","NM24-4",,"likelihood",-3129.5,0.00028671
27,"R_Date","NM24-4",,"likelihood",-3124.5,0.00028671
27,"R_Date","NM24-4",,"likelihood",-3119.5,0.0003689
27,"R_Date","NM24-4",,"likelihood",-3114.5,0.0004699
27,"R_Date","NM24-4",,"likelihood",-3109.5,0.0005082
27,"R_Date","NM24-4",,"likelihood",-3104.5,0.0010467
27,"R_Date","NM24-4",,"likelihood",-3099.5,0.0030292
27,"R_Date","NM24-4",,"likelihood",-3094.5,0.005886
27,"R_Date","NM24-4",,"likelihood",-3089.5,0.007336
27,"R_Date","NM24-4",,"likelihood",-3084.5,0.007447
27,"R_Date","NM24-4",,"likelihood",-3079.5,0.007147
27,"R_Date","NM24-4",,"likelihood",-3074.5,0.006551
27,"R_Date","NM24-4",,"likelihood",-3069.5,0.005874
27,"R_Date","NM24-4",,"likelihood",-3064.5,0.006094
27,"R_Date","NM24-4",,"likelihood",-3059.5,0.007264
27,"R_Date","NM24-4",,"likelihood",-3054.5,0.007469
27,"R_Date","NM24-4",,"likelihood",-3049.5,0.007314
27,"R_Date","NM24-4",,"likelihood",-3044.5,0.007221
27,"R_Date","NM24-4",,"likelihood",-3039.5,0.007299
27,"R_Date","NM24-4",,"likelihood",-3034.5,0.007419
27,"R_Date","NM24-4",,"likelihood",-3029.5,0.007616
27,"R_Date","NM24-4",,"likelihood",-3024.5,0.006559
27,"R_Date","NM24-4",,"likelihood",-3019.5,0.004734
27,"R_Date","NM24-4",,"likelihood",-3014.5,0.003515
27,"R_Date","NM24-4",,"likelihood",-3009.5,0.0021366
27,"R_Date","NM24-4",,"likelihood",-3004.5,0.001044
27,"R_Date","NM24-4",,"likelihood",-2999.5,0.0006343
27,"R_Date","NM24-4",,"likelihood",-2994.5,0.0006016
27,"R_Date","NM24-4",,"likelihood",-2989.5,0.0009082
27,"R_Date","NM24-4",,"likelihood",-2984.5,0.001474
27,"R_Date","NM24-4",,"likelihood",-2979.5,0.0018252
27,"R_Date","NM24-4",,"likelihood",-2974.5,0.0021144
27,"R_Date","NM24-4",,"likelihood",-2969.5,0.0022766
27,"R_Date","NM24-4",,"likelihood",-2964.5,0.0020229
27,"R_Date","NM24-4",,"likelihood",-2959.5,0.0018244
27,"R_Date","NM24-4",,"likelihood",-2954.5,0.0017418
27,"R_Date","NM24-4",,"likelihood",-2949.5,0.0018273
27,"R_Date","NM24-4",,"likelihood",-2944.5,0.0020675
27,"R_Date","NM24-4",,"likelihood",-2939.5,0.00224
27,"R_Date","NM24-4",,"likelihood",-2934.5,0.0019897
27,"R_Date","NM24-4",,"likelihood",-2929.5,0.0013254
27,"R_Date","NM24-4",,"likelihood",-2924.5,0.0006667
27,"R_Date","NM24-4",,"likelihood",-2919.5,0.00026798
27,"R_Date","NM24-4",,"likelihood",-2914.5,0.00005312
27,"R_Date","NM24-4",,"likelihood",-2909.5,0.00000591
27,"R_Date","NM24-4",,"likelihood",-2904.5,7.463e-7
27,"R_Date","NM24-4",,"likelihood",-2899.5,6.854e-8
27,"R_Date","NM24-4",,"likelihood",-2894.5,7.616e-9
27,"R_Date","NM24-4",,"likelihood",-2889.5,0
27,"R_Date","NM24-4",,"likelihood",-2884.5,0
27,"R_Date","NM24-4",,"posterior",-3279.5,0
27,"R_Date","NM24-4",,"posterior",-3274.5,0
27,"R_Date","NM24-4",,"posterior",-3269.5,0
27,"R_Date","NM24-4",,"posterior",-3264.5,8.114e-8
27,"R_Date","NM24-4",,"posterior",-3259.5,0.0000026776
27,"R_Date","NM24-4",,"posterior",-3254.5,0.000007113
27,"R_Date","NM24-4",,"posterior",-3249.5,0.0000031373
27,"R_Date","NM24-4",,"posterior",-3244.5,2.7046e-7
27,"R_Date","NM24-4",,"posterior",-3239.5,0
27,"R_Date","NM24-4",,"posterior",-3234.5,0
27,"R_Date","NM24-4",,"posterior",-3229.5,0
27,"R_Date","NM24-4",,"posterior",-3224.5,0
27,"R_Date","NM24-4",,"posterior",-3219.5,0
27,"R_Date","NM24-4",,"posterior",-3214.5,0
27,"R_Date","NM24-4",,"posterior",-3209.5,0
27,"R_Date","NM24-4",,"posterior",-3204.5,0
27,"R_Date","NM24-4",,"posterior",-3199.5,0
27,"R_Date","NM24-4",,"posterior",-3194.5,0
27,"R_Date","NM24-4",,"posterior",-3189.5,0
27,"R_Date","NM24-4",,"posterior",-3184.5,0
27,"R_Date","NM24-4",,"posterior",-3179.5,0
27,"R_Date","NM24-4",,"posterior",-3174.5,0
27,"R_Date","NM24-4",,"posterior",-3169.5,1.6228e-7
27,"R_Date","NM24-4",,"posterior",-3164.5,0
27,"R_Date","NM24-4",,"posterior",-3159.5,0
27,"R_Date","NM24-4",,"posterior",-3154.5,0
27,"R_Date","NM24-4",,"posterior",-3149.5,0
27,"R_Date","NM24-4",,"posterior",-3144.5,0
27,"R_Date","NM24-4",,"posterior",-3139.5,0
27,"R_Date","NM24-4",,"posterior",-3134.5,0
27,"R_Date","NM24-4",,"posterior",-3129.5,0
27,"R_Date","NM24-4",,"posterior",-3124.5,0
27,"R_Date","NM24-4",,"posterior",-3119.5,0
27,"R_Date","NM24-4",,"posterior",-3114.5,0
27,"R_Date","NM24-4",,"posterior",-3109.5,0
27,"R_Date","NM24-4",,"posterior",-3104.5,0.000004246
27,"R_Date","NM24-4",,"posterior",-3099.5,0.0004567
27,"R_Date","NM24-4",,"posterior",-3094.5,0.006355
27,"R_Date","NM24-4",,"posterior",-3089.5,0.012573
27,"R_Date","NM24-4",,"posterior",-3084.5,0.010066
27,"R_Date","NM24-4",,"posterior",-3079.5,0.006079
27,"R_Date","NM24-4",,"posterior",-3074.5,0.0027949
27,"R_Date","NM24-4",,"posterior",-3069.5,0.0013566
27,"R_Date","NM24-4",,"posterior",-3064.5,0.0022009
27,"R_Date","NM24-4",,"posterior",-3059.5,0.008773
27,"R_Date","NM24-4",,"posterior",-3054.5,0.019097
27,"R_Date","NM24-4",,"posterior",-3049.5,0.024322
27,"R_Date","NM24-4",,"posterior",-3044.5,0.025919
27,"R_Date","NM24-4",,"posterior",-3039.5,0.026758
27,"R_Date","NM24-4",,"posterior",-3034.5,0.027046
27,"R_Date","NM24-4",,"posterior",-3029.5,0.020597
27,"R_Date","NM24-4",,"posterior",-3024.5,0.005052
27,"R_Date","NM24-4",,"posterior",-3019.5,0.0004818
27,"R_Date","NM24-4",,"posterior",-3014.5,0.00005079
27,"R_Date","NM24-4",,"posterior",-3009.5,0.0000018121
27,"R_Date","NM24-4",,"posterior",-3004.5,1.6228e-7
27,"R_Date","NM24-4",,"posterior",-2999.5,0
27,"R_Date","NM24-4",,"posterior",-2994.5,0
27,"R_Date","NM24-4",,"posterior",-2989.5,0
27,"R_Date","NM24-4",,"posterior",-2984.5,8.114e-8
27,"R_Date","NM24-4",,"posterior",-2979.5,5.95e-7
27,"R_Date","NM24-4",,"posterior",-2974.5,4.327e-7
27,"R_Date","NM24-4",,"posterior",-2969.5,5.139e-7
27,"R_Date","NM24-4",,"posterior",-2964.5,1.6228e-7
27,"R_Date","NM24-4",,"posterior",-2959.5,1.6228e-7
27,"R_Date","NM24-4",,"posterior",-2954.5,1.6228e-7
27,"R_Date","NM24-4",,"posterior",-2949.5,2.7046e-7
27,"R_Date","NM24-4",,"posterior",-2944.5,1.6228e-7
28,"R_Date","NM24-6",,"likelihood",-3374.5,0
28,"R_Date","NM24-6",,"likelihood",-3369.5,0
28,"R_Date","NM24-6",,"likelihood",-3364.5,0
28,"R_Date","NM24-6",,"likelihood",-3359.5,5.901e-8
28,"R_Date","NM24-6",,"likelihood",-3354.5,8.114e-7
28,"R_Date","NM24-6",,"likelihood",-3349.5,0.000004773
28,"R_Date","NM24-6",,"likelihood",-3344.5,0.000009582
28,"R_Date","NM24-6",,"likelihood",-3339.5,0.000028519
28,"R_Date","NM24-6",,"likelihood",-3334.5,0.00011615
28,"R_Date","NM24-6",,"likelihood",-3329.5,0.0003866
28,"R_Date","NM24-6",,"likelihood",-3324.5,0.0008976
28,"R_Date","NM24-6",,"likelihood",-3319.5,0.0015161
28,"R_Date","NM24-6",,"likelihood",-3314.5,0.0020256
28,"R_Date","NM24-6",,"likelihood",-3309.5,0.0025009
28,"R_Date","NM24-6",,"likelihood",-3304.5,0.0028936
28,"R_Date","NM24-6",,"likelihood",-3299.5,0.0028485
28,"R_Date","NM24-6",,"likelihood",-3294.5,0.0022016
28,"R_Date","NM24-6",,"likelihood",-3289.5,0.0017531
28,"R_Date","NM24-6",,"likelihood",-3284.5,0.0022016
28,"R_Date","NM24-6",,"likelihood",-3279.5,0.00317
28,"R_Date","NM24-6",,"likelihood",-3274.5,0.0028485
28,"R_Date","NM24-6",,"likelihood",-3269.5,0.002256
28,"R_Date","NM24-6",,"likelihood",-3264.5,0.002712
28,"R_Date","NM24-6",,"likelihood",-3259.5,0.004514
28,"R_Date","NM24-6",,"likelihood",-3254.5,0.00542
28,"R_Date","NM24-6",,"likelihood",-3249.5,0.004514
28,"R_Date","NM24-6",,"likelihood",-3244.5,0.003605
28,"R_Date","NM24-6",,"likelihood",-3239.5,0.0024494
28,"R_Date","NM24-6",,"likelihood",-3234.5,0.0013692
28,"R_Date","NM24-6",,"likelihood",-3229.5,0.0008976
28,"R_Date","NM24-6",,"likelihood",-3224.5,0.0006785
28,"R_Date","NM24-6",,"likelihood",-3219.5,0.0006283
28,"R_Date","NM24-6",,"likelihood",-3214.5,0.0003548
28,"R_Date","NM24-6",,"likelihood",-3209.5,0.00013137
28,"R_Date","NM24-6",,"likelihood",-3204.5,0.00005013
28,"R_Date","NM24-6",,"likelihood",-3199.5,0.00003587
28,"R_Date","NM24-6",,"likelihood",-3194.5,0.00007194
28,"R_Date","NM24-6",,"likelihood",-3189.5,0.0002139
28,"R_Date","NM24-6",,"likelihood",-3184.5,0.0004932
28,"R_Date","NM24-6",,"likelihood",-3179.5,0.000949
28,"R_Date","NM24-6",,"likelihood",-3174.5,0.0015161
28,"R_Date","NM24-6",,"likelihood",-3169.5,0.0020256
28,"R_Date","NM24-6",,"likelihood",-3164.5,0.002082
28,"R_Date","NM24-6",,"likelihood",-3159.5,0.0016684
28,"R_Date","NM24-6",,"likelihood",-3154.5,0.0008362
28,"R_Date","NM24-6",,"likelihood",-3149.5,0.0003882
28,"R_Date","NM24-6",,"likelihood",-3144.5,0.00019178
28,"R_Date","NM24-6",,"likelihood",-3139.5,0.0002139
28,"R_Date","NM24-6",,"likelihood",-3134.5,0.00030273
28,"R_Date","NM24-6",,"likelihood",-3129.5,0.0004208
28,"R_Date","NM24-6",,"likelihood",-3124.5,0.0004208
28,"R_Date","NM24-6",,"likelihood",-3119.5,0.0005324
28,"R_Date","NM24-6",,"likelihood",-3114.5,0.0006669
28,"R_Date","NM24-6",,"likelihood",-3109.5,0.0007173
28,"R_Date","NM24-6",,"likelihood",-3104.5,0.0013964
28,"R_Date","NM24-6",,"likelihood",-3099.5,0.003631
28,"R_Date","NM24-6",,"likelihood",-3094.5,0.006361
28,"R_Date","NM24-6",,"likelihood",-3089.5,0.007255
28,"R_Date","NM24-6",,"likelihood",-3084.5,0.006998
28,"R_Date","NM24-6",,"likelihood",-3079.5,0.006491
28,"R_Date","NM24-6",,"likelihood",-3074.5,0.005696
28,"R_Date","NM24-6",,"likelihood",-3069.5,0.004958
28,"R_Date","NM24-6",,"likelihood",-3064.5,0.005228
28,"R_Date","NM24-6",,"likelihood",-3059.5,0.006582
28,"R_Date","NM24-6",,"likelihood",-3054.5,0.007221
28,"R_Date","NM24-6",,"likelihood",-3049.5,0.007328
28,"R_Date","NM24-6",,"likelihood",-3044.5,0.0073
28,"R_Date","NM24-6",,"likelihood",-3039.5,0.007335
28,"R_Date","NM24-6",,"likelihood",-3034.5,0.007377
28,"R_Date","NM24-6",,"likelihood",-3029.5,0.007225
28,"R_Date","NM24-6",,"likelihood",-3024.5,0.005662
28,"R_Date","NM24-6",,"likelihood",-3019.5,0.003825
28,"R_Date","NM24-6",,"likelihood",-3014.5,0.0027122
28,"R_Date","NM24-6",,"likelihood",-3009.5,0.0015517
28,"R_Date","NM24-6",,"likelihood",-3004.5,0.0007077
28,"R_Date","NM24-6",,"likelihood",-2999.5,0.0004165
28,"R_Date","NM24-6",,"likelihood",-2994.5,0.00039
28,"R_Date","NM24-6",,"likelihood",-2989.5,0.0006084
28,"R_Date","NM24-6",,"likelihood",-2984.5,0.0010391
28,"R_Date","NM24-6",,"likelihood",-2979.5,0.0013039
28,"R_Date","NM24-6",,"likelihood",-2974.5,0.0015341
28,"R_Date","NM24-6",,"likelihood",-2969.5,0.0016895
28,"R_Date","NM24-6",,"likelihood",-2964.5,0.0014608
28,"R_Date","NM24-6",,"likelihood",-2959.5,0.0013032
28,"R_Date","NM24-6",,"likelihood",-2954.5,0.0012383
28,"R_Date","NM24-6",,"likelihood",-2949.5,0.0013055
28,"R_Date","NM24-6",,"likelihood",-2944.5,0.0014962
28,"R_Date","NM24-6",,"likelihood",-2939.5,0.0016473
28,"R_Date","NM24-6",,"likelihood",-2934.5,0.0014449
28,"R_Date","NM24-6",,"likelihood",-2929.5,0.000918
28,"R_Date","NM24-6",,"likelihood",-2924.5,0.0004356
28,"R_Date","NM24-6",,"likelihood",-2919.5,0.00016554
28,"R_Date","NM24-6",,"likelihood",-2914.5,0.00002947
28,"R_Date","NM24-6",,"likelihood",-2909.5,0.0000028991
28,"R_Date","NM24-6",,"likelihood",-2904.5,3.393e-7
28,"R_Date","NM24-6",,"likelihood",-2899.5,2.9507e-8
28,"R_Date","NM24-6",,"likelihood",-2894.5,0
28,"R_Date","NM24-6",,"likelihood",-2889.5,0
28,"R_Date","NM24-6",,"likelihood",-2884.5,0
28,"R_Date","NM24-6",,"posterior",-3279.5,0
28,"R_Date","NM24-6",,"posterior",-3274.5,0
28,"R_Date","NM24-6",,"posterior",-3269.5,0
28,"R_Date","NM24-6",,"posterior",-3264.5,8.114e-8
28,"R_Date","NM24-6",,"posterior",-3259.5,0.0000026776
28,"R_Date","NM24-6",,"posterior",-3254.5,0.000007113
28,"R_Date","NM24-6",,"posterior",-3249.5,0.0000031373
28,"R_Date","NM24-6",,"posterior",-3244.5,2.7046e-7
28,"R_Date","NM24-6",,"posterior",-3239.5,0
28,"R_Date","NM24-6",,"posterior",-3234.5,0
28,"R_Date","NM24-6",,"posterior",-3229.5,0
28,"R_Date","NM24-6",,"posterior",-3224.5,0
28,"R_Date","NM24-6",,"posterior",-3219.5,0
28,"R_Date","NM24-6",,"posterior",-3214.5,0
28,"R_Date","NM24-6",,"posterior",-3209.5,0
28,"R_Date","NM24-6",,"posterior",-3204.5,0
28,"R_Date","NM24-6",,"posterior",-3199.5,0
28,"R_Date","NM24-6",,"posterior",-3194.5,0
28,"R_Date","NM24-6",,"posterior",-3189.5,0
28,"R_Date","NM24-6",,"posterior",-3184.5,0
28,"R_Date","NM24-6",,"posterior",-3179.5,0
28,"R_Date","NM24-6",,"posterior",-3174.5,0
28,"R_Date","NM24-6",,"posterior",-3169.5,1.6228e-7
28,"R_Date","NM24-6",,"posterior",-3164.5,0
28,"R_Date","NM24-6",,"posterior",-3159.5,0
28,"R_Date","NM24-6",,"posterior",-3154.5,0
28,"R_Date","NM24-6",,"posterior",-3149.5,0
28,"R_Date","NM24-6",,"posterior",-3144.5,0
28,"R_Date","NM24-6",,"posterior",-3139.5,0
28,"R_Date","NM24-6",,"posterior",-3134.5,0
28,"R_Date","NM24-6",,"posterior",-3129.5,0
28,"R_Date","NM24-6",,"posterior",-3124.5,0
28,"R_Date","NM24-6",,"posterior",-3119.5,0
28,"R_Date","NM24-6",,"posterior",-3114.5,0
28,"R_Date","NM24-6",,"posterior",-3109.5,0
28,"R_Date","NM24-6",,"posterior",-3104.5,0.000004246
28,"R_Date","NM24-6",,"posterior",-3099.5,0.0004567
28,"R_Date","NM24-6",,"posterior",-3094.5,0.006355
28,"R_Date","NM24-6",,"posterior",-3089.5,0.012573
28,"R_Date","NM24-6",,"posterior",-3084.5,0.010066
28,"R_Date","NM24-6",,"posterior",-3079.5,0.006079
28,"R_Date","NM24-6",,"posterior",-3074.5,0.0027949
28,"R_Date","NM24-6",,"posterior",-3069.5,0.0013566
28,"R_Date","NM24-6",,"posterior",-3064.5,0.0022009
28,"R_Date","NM24-6",,"posterior",-3059.5,0.008773
28,"R_Date","NM24-6",,"posterior",-3054.5,0.019097
28,"R_Date","NM24-6",,"posterior",-3049.5,0.024322
28,"R_Date","NM24-6",,"posterior",-3044.5,0.025919
28,"R_Date","NM24-6",,"posterior",-3039.5,0.026758
28,"R_Date","NM24-6",,"posterior",-3034.5,0.027046
28,"R_Date","NM24-6",,"posterior",-3029.5,0.020597
28,"R_Date","NM24-6",,"posterior",-3024.5,0.005052
28,"R_Date","NM24-6",,"posterior",-3019.5,0.0004818
28,"R_Date","NM24-6",,"posterior",-3014.5,0.00005079
28,"R_Date","NM24-6",,"posterior",-3009.5,0.0000018121
28,"R_Date","NM24-6",,"posterior",-3004.5,1.6228e-7
28,"R_Date","NM24-6",,"posterior",-2999.5,0
28,"R_Date","NM24-6",,"posterior",-2994.5,0
28,"R_Date","NM24-6",,"posterior",-2989.5,0
28,"R_Date","NM24-6",,"posterior",-2984.5,8.114e-8
28,"R_Date","NM24-6",,"posterior",-2979.5,5.95e-7
28,"R_Date","NM24-6",,"posterior",-2974.5,4.327e-7
28,"R_Date","NM24-6",,"posterior",-2969.5,5.139e-7
28,"R_Date","NM24-6",,"posterior",-2964.5,1.6228e-7
28,"R_Date","NM24-6",,"posterior",-2959.5,1.6228e-7
28,"R_Date","NM24-6",,"posterior",-2954.5,1.6228e-7
28,"R_Date","NM24-6",,"posterior",-2949.5,2.7046e-7
28,"R_Date","NM24-6",,"posterior",-2944.5,1.6228e-7
29,"R_Date","NM24-3",,"likelihood",-3369.5,0
29,"R_Date","NM24-3",,"likelihood",-3364.5,0
29,"R_Date","NM24-3",,"likelihood",-3359.5,7.844e-9
29,"R_Date","NM24-3",,"likelihood",-3354.5,8.628e-8
29,"R_Date","NM24-3",,"likelihood",-3349.5,6.51e-7
29,"R_Date","NM24-3",,"likelihood",-3344.5,0.0000013334
29,"R_Date","NM24-3",,"likelihood",-3339.5,0.000004659
29,"R_Date","NM24-3",,"likelihood",-3334.5,0.00002397
29,"R_Date","NM24-3",,"likelihood",-3329.5,0.00010378
29,"R_Date","NM24-3",,"likelihood",-3324.5,0.00029185
29,"R_Date","NM24-3",,"likelihood",-3319.5,0.0005668
29,"R_Date","NM24-3",,"likelihood",-3314.5,0.0008264
29,"R_Date","NM24-3",,"likelihood",-3309.5,0.0010943
29,"R_Date","NM24-3",,"likelihood",-3304.5,0.0013343
29,"R_Date","NM24-3",,"likelihood",-3299.5,0.0012758
29,"R_Date","NM24-3",,"likelihood",-3294.5,0.0009008
29,"R_Date","NM24-3",,"likelihood",-3289.5,0.0006672
29,"R_Date","NM24-3",,"likelihood",-3284.5,0.0009008
29,"R_Date","NM24-3",,"likelihood",-3279.5,0.0015141
29,"R_Date","NM24-3",,"likelihood",-3274.5,0.0012758
29,"R_Date","NM24-3",,"likelihood",-3269.5,0.0009532
29,"R_Date","NM24-3",,"likelihood",-3264.5,0.0011929
29,"R_Date","NM24-3",,"likelihood",-3259.5,0.0024676
29,"R_Date","NM24-3",,"likelihood",-3254.5,0.003367
29,"R_Date","NM24-3",,"likelihood",-3249.5,0.0024676
29,"R_Date","NM24-3",,"likelihood",-3244.5,0.0018142
29,"R_Date","NM24-3",,"likelihood",-3239.5,0.0010391
29,"R_Date","NM24-3",,"likelihood",-3234.5,0.0004848
29,"R_Date","NM24-3",,"likelihood",-3229.5,0.00029185
29,"R_Date","NM24-3",,"likelihood",-3224.5,0.00020059
29,"R_Date","NM24-3",,"likelihood",-3219.5,0.00018244
29,"R_Date","NM24-3",,"likelihood",-3214.5,0.00009082
29,"R_Date","NM24-3",,"likelihood",-3209.5,0.000028629
29,"R_Date","NM24-3",,"likelihood",-3204.5,0.000008965
29,"R_Date","NM24-3",,"likelihood",-3199.5,0.000006079
29,"R_Date","NM24-3",,"likelihood",-3194.5,0.000014126
29,"R_Date","NM24-3",,"likelihood",-3189.5,0.00005264
29,"R_Date","NM24-3",,"likelihood",-3184.5,0.00013952
29,"R_Date","NM24-3",,"likelihood",-3179.5,0.0003215
29,"R_Date","NM24-3",,"likelihood",-3174.5,0.0005668
29,"R_Date","NM24-3",,"likelihood",-3169.5,0.0008264
29,"R_Date","NM24-3",,"likelihood",-3164.5,0.0008781
29,"R_Date","NM24-3",,"likelihood",-3159.5,0.0006578
29,"R_Date","NM24-3",,"likelihood",-3154.5,0.00026721
29,"R_Date","NM24-3",,"likelihood",-3149.5,0.00010747
29,"R_Date","NM24-3",,"likelihood",-3144.5,0.0000448
29,"R_Date","NM24-3",,"likelihood",-3139.5,0.00005264
29,"R_Date","NM24-3",,"likelihood",-3134.5,0.00007968
29,"R_Date","NM24-3",,"likelihood",-3129.5,0.00011846
29,"R_Date","NM24-3",,"likelihood",-3124.5,0.00011846
29,"R_Date","NM24-3",,"likelihood",-3119.5,0.00015764
29,"R_Date","NM24-3",,"likelihood",-3114.5,0.00020768
29,"R_Date","NM24-3",,"likelihood",-3109.5,0.00022715
29,"R_Date","NM24-3",,"likelihood",-3104.5,0.0005234
29,"R_Date","NM24-3",,"likelihood",-3099.5,0.0018758
29,"R_Date","NM24-3",,"likelihood",-3094.5,0.004468
29,"R_Date","NM24-3",,"likelihood",-3089.5,0.006671
29,"R_Date","NM24-3",,"likelihood",-3084.5,0.007499
29,"R_Date","NM24-3",,"likelihood",-3079.5,0.007705
29,"R_Date","NM24-3",,"likelihood",-3074.5,0.007682
29,"R_Date","NM24-3",,"likelihood",-3069.5,0.007306
29,"R_Date","NM24-3",,"likelihood",-3064.5,0.00736
29,"R_Date","NM24-3",,"likelihood",-3059.5,0.007844
29,"R_Date","NM24-3",,"likelihood",-3054.5,0.007107
29,"R_Date","NM24-3",,"likelihood",-3049.5,0.006464
29,"R_Date","NM24-3",,"likelihood",-3044.5,0.006266
29,"R_Date","NM24-3",,"likelihood",-3039.5,0.006408
29,"R_Date","NM24-3",,"likelihood",-3034.5,0.006652
29,"R_Date","NM24-3",,"likelihood",-3029.5,0.007502
29,"R_Date","NM24-3",,"likelihood",-3024.5,0.007778
29,"R_Date","NM24-3",,"likelihood",-3019.5,0.006426
29,"R_Date","NM24-3",,"likelihood",-3014.5,0.005233
29,"R_Date","NM24-3",,"likelihood",-3009.5,0.003589
29,"R_Date","NM24-3",,"likelihood",-3004.5,0.0020125
29,"R_Date","NM24-3",,"likelihood",-2999.5,0.0013073
29,"R_Date","NM24-3",,"likelihood",-2994.5,0.001268
29,"R_Date","NM24-3",,"likelihood",-2989.5,0.0017922
29,"R_Date","NM24-3",,"likelihood",-2984.5,0.002636
29,"R_Date","NM24-3",,"likelihood",-2979.5,0.003168
29,"R_Date","NM24-3",,"likelihood",-2974.5,0.003559
29,"R_Date","NM24-3",,"likelihood",-2969.5,0.003686
29,"R_Date","NM24-3",,"likelihood",-2964.5,0.003437
29,"R_Date","NM24-3",,"likelihood",-2959.5,0.003168
29,"R_Date","NM24-3",,"likelihood",-2954.5,0.0030526
29,"R_Date","NM24-3",,"likelihood",-2949.5,0.003172
29,"R_Date","NM24-3",,"likelihood",-2944.5,0.003497
29,"R_Date","NM24-3",,"likelihood",-2939.5,0.003681
29,"R_Date","NM24-3",,"likelihood",-2934.5,0.003354
29,"R_Date","NM24-3",,"likelihood",-2929.5,0.0024476
29,"R_Date","NM24-3",,"likelihood",-2924.5,0.0013835
29,"R_Date","NM24-3",,"likelihood",-2919.5,0.0006238
29,"R_Date","NM24-3",,"likelihood",-2914.5,0.00015276
29,"R_Date","NM24-3",,"likelihood",-2909.5,0.000021649
29,"R_Date","NM24-3",,"likelihood",-2904.5,0.000003185
29,"R_Date","NM24-3",,"likelihood",-2899.5,3.53e-7
29,"R_Date","NM24-3",,"likelihood",-2894.5,3.1375e-8
29,"R_Date","NM24-3",,"likelihood",-2889.5,0
29,"R_Date","NM24-3",,"likelihood",-2884.5,0
29,"R_Date","NM24-3",,"likelihood",-2879.5,0
29,"R_Date","NM24-3",,"posterior",-3279.5,0
29,"R_Date","NM24-3",,"posterior",-3274.5,0
29,"R_Date","NM24-3",,"posterior",-3269.5,0
29,"R_Date","NM24-3",,"posterior",-3264.5,8.114e-8
29,"R_Date","NM24-3",,"posterior",-3259.5,0.0000026776
29,"R_Date","NM24-3",,"posterior",-3254.5,0.000007113
29,"R_Date","NM24-3",,"posterior",-3249.5,0.0000031373
29,"R_Date","NM24-3",,"posterior",-3244.5,2.7046e-7
29,"R_Date","NM24-3",,"posterior",-3239.5,0
29,"R_Date","NM24-3",,"posterior",-3234.5,0
29,"R_Date","NM24-3",,"posterior",-3229.5,0
29,"R_Date","NM24-3",,"posterior",-3224.5,0
29,"R_Date","NM24-3",,"posterior",-3219.5,0
29,"R_Date","NM24-3",,"posterior",-3214.5,0
29,"R_Date","NM24-3",,"posterior",-3209.5,0
29,"R_Date","NM24-3",,"posterior",-3204.5,0
29,"R_Date","NM24-3",,"posterior",-3199.5,0
29,"R_Date","NM24-3",,"posterior",-3194.5,0
29,"R_Date","NM24-3",,"posterior",-3189.5,0
29,"R_Date","NM24-3",,"posterior",-3184.5,0
29,"R_Date","NM24-3",,"posterior",-3179.5,0
29,"R_Date","NM24-3",,"posterior",-3174.5,0
29,"R_Date","NM24-3",,"posterior",-3169.5,1.6228e-7
29,"R_Date","NM24-3",,"posterior",-3164.5,0
29,"R_Date","NM24-3",,"posterior",-3159.5,0
29,"R_Date","NM24-3",,"posterior",-3154.5,0
29,"R_Date","NM24-3",,"posterior",-3149.5,0
29,"R_Date","NM24-3",,"posterior",-3144.5,0
29,"R_Date","NM24-3",,"posterior",-3139.5,0
29,"R_Date","NM24-3",,"posterior",-3134.5,0
29,"R_Date","NM24-3",,"posterior",-3129.5,0
29,"R_Date","NM24-3",,"posterior",-3124.5,0
29,"R_Date","NM24-3",,"posterior",-3119.5,0
29,"R_Date","NM24-3",,"posterior",-3114.5,0
29,"R_Date","NM24-3",,"posterior",-3109.5,0
29,"R_Date","NM24-3",,"posterior",-3104.5,0.000004246
29,"R_Date","NM24-3",,"posterior",-3099.5,0.0004567
29,"R_Date","NM24-3",,"posterior",-3094.5,0.006355
29,"R_Date","NM24-3",,"posterior",-3089.5,0.012573
29,"R_Date","NM24-3",,"posterior",-3084.5,0.010066
29,"R_Date","NM24-3",,"posterior",-3079.5,0.006079
29,"R_Date","NM24-3",,"posterior",-3074.5,0.0027949
29,"R_Date","NM24-3",,"posterior",-3069.5,0.0013566
29,"R_Date","NM24-3",,"posterior",-3064.5,0.0022009
29,"R_Date","NM24-3",,"posterior",-3059.5,0.008773
29,"R_Date","NM24-3",,"posterior",-3054.5,0.019097
29,"R_Date","NM24-3",,"posterior",-3049.5,0.024322
29,"R_Date","NM24-3",,"posterior",-3044.5,0.025919
29,"R_Date","NM24-3",,"posterior",-3039.5,0.026758
29,"R_Date","NM24-3",,"posterior",-3034.5,0.027046
29,"R_Date","NM24-3",,"posterior",-3029.5,0.020597
29,"R_Date","NM24-3",,"posterior",-3024.5,0.005052
29,"R_Date","NM24-3",,"posterior",-3019.5,0.0004818
29,"R_Date","NM24-3",,"posterior",-3014.5,0.00005079
29,"R_Date","NM24-3",,"posterior",-3009.5,0.0000018121
29,"R_Date","NM24-3",,"posterior",-3004.5,1.6228e-7
29,"R_Date","NM24-3",,"posterior",-2999.5,0
29,"R_Date","NM24-3",,"posterior",-2994.5,0
29,"R_Date","NM24-3",,"posterior",-2989.5,0
29,"R_Date","NM24-3",,"posterior",-2984.5,8.114e-8
29,"R_Date","NM24-3",,"posterior",-2979.5,5.95e-7
29,"R_Date","NM24-3",,"posterior",-2974.5,4.327e-7
29,"R_Date","NM24-3",,"posterior",-2969.5,5.139e-7
29,"R_Date","NM24-3",,"posterior",-2964.5,1.6228e-7
29,"R_Date","NM24-3",,"posterior",-2959.5,1.6228e-7
29,"R_Date","NM24-3",,"posterior",-2954.5,1.6228e-7
29,"R_Date","NM24-3",,"posterior",-2949.5,2.7046e-7
29,"R_Date","NM24-3",,"posterior",-2944.5,1.6228e-7
30,"R_Date","NM30",,"likelihood",-3374.5,0
30,"R_Date","NM30",,"likelihood",-3369.5,0
30,"R_Date","NM30",,"likelihood",-3364.5,0
30,"R_Date","NM30",,"likelihood",-3359.5,7.71e-9
30,"R_Date","NM30",,"likelihood",-3354.5,1.8503e-7
30,"R_Date","NM30",,"likelihood",-3349.5,0.0000013184
30,"R_Date","NM30",,"likelihood",-3344.5,0.0000026753
30,"R_Date","NM30",,"likelihood",-3339.5,0.000008874
30,"R_Date","NM30",,"likelihood",-3334.5,0.00004223
30,"R_Date","NM30",,"likelihood",-3329.5,0.00016735
30,"R_Date","NM30",,"likelihood",-3324.5,0.0004415
30,"R_Date","NM30",,"likelihood",-3319.5,0.0008185
30,"R_Date","NM30",,"likelihood",-3314.5,0.0011592
30,"R_Date","NM30",,"likelihood",-3309.5,0.0014996
30,"R_Date","NM30",,"likelihood",-3304.5,0.0017969
30,"R_Date","NM30",,"likelihood",-3299.5,0.0017366
30,"R_Date","NM30",,"likelihood",-3294.5,0.0012636
30,"R_Date","NM30",,"likelihood",-3289.5,0.0009588
30,"R_Date","NM30",,"likelihood",-3284.5,0.0012636
30,"R_Date","NM30",,"likelihood",-3279.5,0.0020153
30,"R_Date","NM30",,"likelihood",-3274.5,0.0017366
30,"R_Date","NM30",,"likelihood",-3269.5,0.0013216
30,"R_Date","NM30",,"likelihood",-3264.5,0.0016336
30,"R_Date","NM30",,"likelihood",-3259.5,0.0031432
30,"R_Date","NM30",,"likelihood",-3254.5,0.004106
30,"R_Date","NM30",,"likelihood",-3249.5,0.0031432
30,"R_Date","NM30",,"likelihood",-3244.5,0.0023729
30,"R_Date","NM30",,"likelihood",-3239.5,0.0014402
30,"R_Date","NM30",,"likelihood",-3234.5,0.0007137
30,"R_Date","NM30",,"likelihood",-3229.5,0.0004415
30,"R_Date","NM30",,"likelihood",-3224.5,0.00031355
30,"R_Date","NM30",,"likelihood",-3219.5,0.00028689
30,"R_Date","NM30",,"likelihood",-3214.5,0.00014894
30,"R_Date","NM30",,"likelihood",-3209.5,0.00004948
30,"R_Date","NM30",,"likelihood",-3204.5,0.000016561
30,"R_Date","NM30",,"likelihood",-3199.5,0.000011434
30,"R_Date","NM30",,"likelihood",-3194.5,0.00002528
30,"R_Date","NM30",,"likelihood",-3189.5,0.00008729
30,"R_Date","NM30",,"likelihood",-3184.5,0.00022109
30,"R_Date","NM30",,"likelihood",-3179.5,0.0004793
30,"R_Date","NM30",,"likelihood",-3174.5,0.0008185
30,"R_Date","NM30",,"likelihood",-3169.5,0.0011592
30,"R_Date","NM30",,"likelihood",-3164.5,0.001217
30,"R_Date","NM30",,"likelihood",-3159.5,0.0009323
30,"R_Date","NM30",,"likelihood",-3154.5,0.0004066
30,"R_Date","NM30",,"likelihood",-3149.5,0.00017136
30,"R_Date","NM30",,"likelihood",-3144.5,0.00007566
30,"R_Date","NM30",,"likelihood",-3139.5,0.00008729
30,"R_Date","NM30",,"likelihood",-3134.5,0.00012921
30,"R_Date","NM30",,"likelihood",-3129.5,0.00018785
30,"R_Date","NM30",,"likelihood",-3124.5,0.00018785
30,"R_Date","NM30",,"likelihood",-3119.5,0.00024581
30,"R_Date","NM30",,"likelihood",-3114.5,0.0003184
30,"R_Date","NM30",,"likelihood",-3109.5,0.0003463
30,"R_Date","NM30",,"likelihood",-3104.5,0.0007544
30,"R_Date","NM30",,"likelihood",-3099.5,0.0024298
30,"R_Date","NM30",,"likelihood",-3094.5,0.00523
30,"R_Date","NM30",,"likelihood",-3089.5,0.007132
30,"R_Date","NM30",,"likelihood",-3084.5,0.007618
30,"R_Date","NM30",,"likelihood",-3079.5,0.007565
30,"R_Date","NM30",,"likelihood",-3074.5,0.007236
30,"R_Date","NM30",,"likelihood",-3069.5,0.006682
30,"R_Date","NM30",,"likelihood",-3064.5,0.006827
30,"R_Date","NM30",,"likelihood",-3059.5,0.007699
30,"R_Date","NM30",,"likelihood",-3054.5,0.007428
30,"R_Date","NM30",,"likelihood",-3049.5,0.007013
30,"R_Date","NM30",,"likelihood",-3044.5,0.006861
30,"R_Date","NM30",,"likelihood",-3039.5,0.006976
30,"R_Date","NM30",,"likelihood",-3034.5,0.007165
30,"R_Date","NM30",,"likelihood",-3029.5,0.00771
30,"R_Date","NM30",,"likelihood",-3024.5,0.007289
30,"R_Date","NM30",,"likelihood",-3019.5,0.005626
30,"R_Date","NM30",,"likelihood",-3014.5,0.004375
30,"R_Date","NM30",,"likelihood",-3009.5,0.0028249
30,"R_Date","NM30",,"likelihood",-3004.5,0.0014787
30,"R_Date","NM30",,"likelihood",-2999.5,0.0009284
30,"R_Date","NM30",,"likelihood",-2994.5,0.000891
30,"R_Date","NM30",,"likelihood",-2989.5,0.0013015
30,"R_Date","NM30",,"likelihood",-2984.5,0.0020098
30,"R_Date","NM30",,"likelihood",-2979.5,0.0024531
30,"R_Date","NM30",,"likelihood",-2974.5,0.0027981
30,"R_Date","NM30",,"likelihood",-2969.5,0.0029518
30,"R_Date","NM30",,"likelihood",-2964.5,0.0026897
30,"R_Date","NM30",,"likelihood",-2959.5,0.0024523
30,"R_Date","NM30",,"likelihood",-2954.5,0.0023522
30,"R_Date","NM30",,"likelihood",-2949.5,0.0024558
30,"R_Date","NM30",,"likelihood",-2944.5,0.002743
30,"R_Date","NM30",,"likelihood",-2939.5,0.0029278
30,"R_Date","NM30",,"likelihood",-2934.5,0.0026337
30,"R_Date","NM30",,"likelihood",-2929.5,0.0018373
30,"R_Date","NM30",,"likelihood",-2924.5,0.0009798
30,"R_Date","NM30",,"likelihood",-2919.5,0.0004169
30,"R_Date","NM30",,"likelihood",-2914.5,0.0000919
30,"R_Date","NM30",,"likelihood",-2909.5,0.000011541
30,"R_Date","NM30",,"likelihood",-2904.5,0.0000015728
30,"R_Date","NM30",,"likelihood",-2899.5,1.5419e-7
30,"R_Date","NM30",,"likelihood",-2894.5,1.5419e-8
30,"R_Date","NM30",,"likelihood",-2889.5,0
30,"R_Date","NM30",,"likelihood",-2884.5,0
30,"R_Date","NM30",,"likelihood",-2879.5,0
30,"R_Date","NM30",,"posterior",-3344.5,0
30,"R_Date","NM30",,"posterior",-3339.5,0
30,"R_Date","NM30",,"posterior",-3334.5,0
30,"R_Date","NM30",,"posterior",-3329.5,8.943e-8
30,"R_Date","NM30",,"posterior",-3324.5,1.7886e-7
30,"R_Date","NM30",,"posterior",-3319.5,0.0000012222
30,"R_Date","NM30",,"posterior",-3314.5,3.428e-7
30,"R_Date","NM30",,"posterior",-3309.5,0.0000012967
30,"R_Date","NM30",,"posterior",-3304.5,9.539e-7
30,"R_Date","NM30",,"posterior",-3299.5,9.539e-7
30,"R_Date","NM30",,"posterior",-3294.5,0.0000016544
30,"R_Date","NM30",,"posterior",-3289.5,0.0000019078
30,"R_Date","NM30",,"posterior",-3284.5,0.0000027723
30,"R_Date","NM30",,"posterior",-3279.5,0.000003294
30,"R_Date","NM30",,"posterior",-3274.5,0.0000030406
30,"R_Date","NM30",,"posterior",-3269.5,0.0000027723
30,"R_Date","NM30",,"posterior",-3264.5,0.000004084
30,"R_Date","NM30",,"posterior",-3259.5,0.00000556
30,"R_Date","NM30",,"posterior",-3254.5,0.000009897
30,"R_Date","NM30",,"posterior",-3249.5,0.000007721
30,"R_Date","NM30",,"posterior",-3244.5,0.000006171
30,"R_Date","NM30",,"posterior",-3239.5,0.000004248
30,"R_Date","NM30",,"posterior",-3234.5,0.0000022506
30,"R_Date","NM30",,"posterior",-3229.5,0.0000019078
30,"R_Date","NM30",,"posterior",-3224.5,7.751e-7
30,"R_Date","NM30",,"posterior",-3219.5,0.0000014756
30,"R_Date","NM30",,"posterior",-3214.5,2.5338e-7
30,"R_Date","NM30",,"posterior",-3209.5,3.428e-7
30,"R_Date","NM30",,"posterior",-3204.5,8.943e-8
30,"R_Date","NM30",,"posterior",-3199.5,8.943e-8
30,"R_Date","NM30",,"posterior",-3194.5,0
30,"R_Date","NM30",,"posterior",-3189.5,6.111e-7
30,"R_Date","NM30",,"posterior",-3184.5,0.0000023401
30,"R_Date","NM30",,"posterior",-3179.5,0.000005723
30,"R_Date","NM30",,"posterior",-3174.5,0.000014935
30,"R_Date","NM30",,"posterior",-3169.5,0.000020926
30,"R_Date","NM30",,"posterior",-3164.5,0.000028379
30,"R_Date","NM30",,"posterior",-3159.5,0.000025264
30,"R_Date","NM30",,"posterior",-3154.5,0.000014756
30,"R_Date","NM30",,"posterior",-3149.5,0.000007199
30,"R_Date","NM30",,"posterior",-3144.5,0.000004337
30,"R_Date","NM30",,"posterior",-3139.5,0.000006424
30,"R_Date","NM30",,"posterior",-3134.5,0.000011894
30,"R_Date","NM30",,"posterior",-3129.5,0.000022834
30,"R_Date","NM30",,"posterior",-3124.5,0.00003473
30,"R_Date","NM30",,"posterior",-3119.5,0.00006189
30,"R_Date","NM30",,"posterior",-3114.5,0.00011614
30,"R_Date","NM30",,"posterior",-3109.5,0.0001809
30,"R_Date","NM30",,"posterior",-3104.5,0.0005664
30,"R_Date","NM30",,"posterior",-3099.5,0.0019463
30,"R_Date","NM30",,"posterior",-3094.5,0.004455
30,"R_Date","NM30",,"posterior",-3089.5,0.006431
30,"R_Date","NM30",,"posterior",-3084.5,0.007285
30,"R_Date","NM30",,"posterior",-3079.5,0.00762
30,"R_Date","NM30",,"posterior",-3074.5,0.007587
30,"R_Date","NM30",,"posterior",-3069.5,0.007542
30,"R_Date","NM30",,"posterior",-3064.5,0.00849
30,"R_Date","NM30",,"posterior",-3059.5,0.010434
30,"R_Date","NM30",,"posterior",-3054.5,0.011815
30,"R_Date","NM30",,"posterior",-3049.5,0.012489
30,"R_Date","NM30",,"posterior",-3044.5,0.012939
30,"R_Date","NM30",,"posterior",-3039.5,0.013452
30,"R_Date","NM30",,"posterior",-3034.5,0.013995
30,"R_Date","NM30",,"posterior",-3029.5,0.014905
30,"R_Date","NM30",,"posterior",-3024.5,0.01407
30,"R_Date","NM30",,"posterior",-3019.5,0.010946
30,"R_Date","NM30",,"posterior",-3014.5,0.008347
30,"R_Date","NM30",,"posterior",-3009.5,0.005343
30,"R_Date","NM30",,"posterior",-3004.5,0.0027655
30,"R_Date","NM30",,"posterior",-2999.5,0.0015578
30,"R_Date","NM30",,"posterior",-2994.5,0.0012695
30,"R_Date","NM30",,"posterior",-2989.5,0.0014823
30,"R_Date","NM30",,"posterior",-2984.5,0.0018046
30,"R_Date","NM30",,"posterior",-2979.5,0.0018933
30,"R_Date","NM30",,"posterior",-2974.5,0.0017682
30,"R_Date","NM30",,"posterior",-2969.5,0.0015493
30,"R_Date","NM30",,"posterior",-2964.5,0.0011775
30,"R_Date","NM30",,"posterior",-2959.5,0.0009064
30,"R_Date","NM30",,"posterior",-2954.5,0.0007095
30,"R_Date","NM30",,"posterior",-2949.5,0.0005798
30,"R_Date","NM30",,"posterior",-2944.5,0.0005009
30,"R_Date","NM30",,"posterior",-2939.5,0.0003774
30,"R_Date","NM30",,"posterior",-2934.5,0.0002389
30,"R_Date","NM30",,"posterior",-2929.5,0.00010156
30,"R_Date","NM30",,"posterior",-2924.5,0.000029258
30,"R_Date","NM30",,"posterior",-2919.5,0.000005381
30,"R_Date","NM30",,"posterior",-2914.5,2.5338e-7
30,"R_Date","NM30",,"posterior",-2909.5,0
30,"R_Date","NM30",,"posterior",-2904.5,0
31,"R_Date","NM29",,"likelihood",-3369.5,0
31,"R_Date","NM29",,"likelihood",-3364.5,0
31,"R_Date","NM29",,"likelihood",-3359.5,7.844e-9
31,"R_Date","NM29",,"likelihood",-3354.5,8.628e-8
31,"R_Date","NM29",,"likelihood",-3349.5,6.51e-7
31,"R_Date","NM29",,"likelihood",-3344.5,0.0000013334
31,"R_Date","NM29",,"likelihood",-3339.5,0.000004659
31,"R_Date","NM29",,"likelihood",-3334.5,0.00002397
31,"R_Date","NM29",,"likelihood",-3329.5,0.00010378
31,"R_Date","NM29",,"likelihood",-3324.5,0.00029185
31,"R_Date","NM29",,"likelihood",-3319.5,0.0005668
31,"R_Date","NM29",,"likelihood",-3314.5,0.0008264
31,"R_Date","NM29",,"likelihood",-3309.5,0.0010943
31,"R_Date","NM29",,"likelihood",-3304.5,0.0013343
31,"R_Date","NM29",,"likelihood",-3299.5,0.0012758
31,"R_Date","NM29",,"likelihood",-3294.5,0.0009008
31,"R_Date","NM29",,"likelihood",-3289.5,0.0006672
31,"R_Date","NM29",,"likelihood",-3284.5,0.0009008
31,"R_Date","NM29",,"likelihood",-3279.5,0.0015141
31,"R_Date","NM29",,"likelihood",-3274.5,0.0012758
31,"R_Date","NM29",,"likelihood",-3269.5,0.0009532
31,"R_Date","NM29",,"likelihood",-3264.5,0.0011929
31,"R_Date","NM29",,"likelihood",-3259.5,0.0024676
31,"R_Date","NM29",,"likelihood",-3254.5,0.003367
31,"R_Date","NM29",,"likelihood",-3249.5,0.0024676
31,"R_Date","NM29",,"likelihood",-3244.5,0.0018142
31,"R_Date","NM29",,"likelihood",-3239.5,0.0010391
31,"R_Date","NM29",,"likelihood",-3234.5,0.0004848
31,"R_Date","NM29",,"likelihood",-3229.5,0.00029185
31,"R_Date","NM29",,"likelihood",-3224.5,0.00020059
31,"R_Date","NM29",,"likelihood",-3219.5,0.00018244
31,"R_Date","NM29",,"likelihood",-3214.5,0.00009082
31,"R_Date","NM29",,"likelihood",-3209.5,0.000028629
31,"R_Date","NM29",,"likelihood",-3204.5,0.000008965
31,"R_Date","NM29",,"likelihood",-3199.5,0.000006079
31,"R_Date","NM29",,"likelihood",-3194.5,0.000014126
31,"R_Date","NM29",,"likelihood",-3189.5,0.00005264
31,"R_Date","NM29",,"likelihood",-3184.5,0.00013952
31,"R_Date","NM29",,"likelihood",-3179.5,0.0003215
31,"R_Date","NM29",,"likelihood",-3174.5,0.0005668
31,"R_Date","NM29",,"likelihood",-3169.5,0.0008264
31,"R_Date","NM29",,"likelihood",-3164.5,0.0008781
31,"R_Date","NM29",,"likelihood",-3159.5,0.0006578
31,"R_Date","NM29",,"likelihood",-3154.5,0.00026721
31,"R_Date","NM29",,"likelihood",-3149.5,0.00010747
31,"R_Date","NM29",,"likelihood",-3144.5,0.0000448
31,"R_Date","NM29",,"likelihood",-3139.5,0.00005264
31,"R_Date","NM29",,"likelihood",-3134.5,0.00007968
31,"R_Date","NM29",,"likelihood",-3129.5,0.00011846
31,"R_Date","NM29",,"likelihood",-3124.5,0.00011846
31,"R_Date","NM29",,"likelihood",-3119.5,0.00015764
31,"R_Date","NM29",,"likelihood",-3114.5,0.00020768
31,"R_Date","NM29",,"likelihood",-3109.5,0.00022715
31,"R_Date","NM29",,"likelihood",-3104.5,0.0005234
31,"R_Date","NM29",,"likelihood",-3099.5,0.0018758
31,"R_Date","NM29",,"likelihood",-3094.5,0.004468
31,"R_Date","NM29",,"likelihood",-3089.5,0.006671
31,"R_Date","NM29",,"likelihood",-3084.5,0.007499
31,"R_Date","NM29",,"likelihood",-3079.5,0.007705
31,"R_Date","NM29",,"likelihood",-3074.5,0.007682
31,"R_Date","NM29",,"likelihood",-3069.5,0.007306
31,"R_Date","NM29",,"likelihood",-3064.5,0.00736
31,"R_Date","NM29",,"likelihood",-3059.5,0.007844
31,"R_Date","NM29",,"likelihood",-3054.5,0.007107
31,"R_Date","NM29",,"likelihood",-3049.5,0.006464
31,"R_Date","NM29",,"likelihood",-3044.5,0.006266
31,"R_Date","NM29",,"likelihood",-3039.5,0.006408
31,"R_Date","NM29",,"likelihood",-3034.5,0.006652
31,"R_Date","NM29",,"likelihood",-3029.5,0.007502
31,"R_Date","NM29",,"likelihood",-3024.5,0.007778
31,"R_Date","NM29",,"likelihood",-3019.5,0.006426
31,"R_Date","NM29",,"likelihood",-3014.5,0.005233
31,"R_Date","NM29",,"likelihood",-3009.5,0.003589
31,"R_Date","NM29",,"likelihood",-3004.5,0.0020125
31,"R_Date","NM29",,"likelihood",-2999.5,0.0013073
31,"R_Date","NM29",,"likelihood",-2994.5,0.001268
31,"R_Date","NM29",,"likelihood",-2989.5,0.0017922
31,"R_Date","NM29",,"likelihood",-2984.5,0.002636
31,"R_Date","NM29",,"likelihood",-2979.5,0.003168
31,"R_Date","NM29",,"likelihood",-2974.5,0.003559
31,"R_Date","NM29",,"likelihood",-2969.5,0.003686
31,"R_Date","NM29",,"likelihood",-2964.5,0.003437
31,"R_Date","NM29",,"likelihood",-2959.5,0.003168
31,"R_Date","NM29",,"likelihood",-2954.5,0.0030526
31,"R_Date","NM29",,"likelihood",-2949.5,0.003172
31,"R_Date","NM29",,"likelihood",-2944.5,0.003497
31,"R_Date","NM29",,"likelihood",-2939.5,0.003681
31,"R_Date","NM29",,"likelihood",-2934.5,0.003354
31,"R_Date","NM29",,"likelihood",-2929.5,0.0024476
31,"R_Date","NM29",,"likelihood",-2924.5,0.0013835
31,"R_Date","NM29",,"likelihood",-2919.5,0.0006238
31,"R_Date","NM29",,"likelihood",-2914.5,0.00015276
31,"R_Date","NM29",,"likelihood",-2909.5,0.000021649
31,"R_Date","NM29",,"likelihood",-2904.5,0.000003185
31,"R_Date","NM29",,"likelihood",-2899.5,3.53e-7
31,"R_Date","NM29",,"likelihood",-2894.5,3.1375e-8
31,"R_Date","NM29",,"likelihood",-2889.5,0
31,"R_Date","NM29",,"likelihood",-2884.5,0
31,"R_Date","NM29",,"likelihood",-2879.5,0
31,"R_Date","NM29",,"posterior",-3344.5,0
31,"R_Date","NM29",,"posterior",-3339.5,0
31,"R_Date","NM29",,"posterior",-3334.5,0
31,"R_Date","NM29",,"posterior",-3329.5,2.6186e-7
31,"R_Date","NM29",,"posterior",-3324.5,2.6186e-7
31,"R_Date","NM29",,"posterior",-3319.5,3.492e-7
31,"R_Date","NM29",,"posterior",-3314.5,4.364e-7
31,"R_Date","NM29",,"posterior",-3309.5,0.0000010475
31,"R_Date","NM29",,"posterior",-3304.5,6.11e-7
31,"R_Date","NM29",,"posterior",-3299.5,0.0000019058
31,"R_Date","NM29",,"posterior",-3294.5,0.000001222
31,"R_Date","NM29",,"posterior",-3289.5,7.856e-7
31,"R_Date","NM29",,"posterior",-3284.5,0.0000021677
31,"R_Date","NM29",,"posterior",-3279.5,0.0000010475
31,"R_Date","NM29",,"posterior",-3274.5,0.0000018185
31,"R_Date","NM29",,"posterior",-3269.5,0.0000021677
31,"R_Date","NM29",,"posterior",-3264.5,0.000003564
31,"R_Date","NM29",,"posterior",-3259.5,0.000005557
31,"R_Date","NM29",,"posterior",-3254.5,0.000008598
31,"R_Date","NM29",,"posterior",-3249.5,0.000007638
31,"R_Date","NM29",,"posterior",-3244.5,0.000005645
31,"R_Date","NM29",,"posterior",-3239.5,0.0000026041
31,"R_Date","NM29",,"posterior",-3234.5,9.602e-7
31,"R_Date","NM29",,"posterior",-3229.5,6.983e-7
31,"R_Date","NM29",,"posterior",-3224.5,0.000001222
31,"R_Date","NM29",,"posterior",-3219.5,8.729e-7
31,"R_Date","NM29",,"posterior",-3214.5,5.237e-7
31,"R_Date","NM29",,"posterior",-3209.5,5.237e-7
31,"R_Date","NM29",,"posterior",-3204.5,0
31,"R_Date","NM29",,"posterior",-3199.5,0
31,"R_Date","NM29",,"posterior",-3194.5,8.729e-8
31,"R_Date","NM29",,"posterior",-3189.5,3.492e-7
31,"R_Date","NM29",,"posterior",-3184.5,0.0000011347
31,"R_Date","NM29",,"posterior",-3179.5,0.000004335
31,"R_Date","NM29",,"posterior",-3174.5,0.000010766
31,"R_Date","NM29",,"posterior",-3169.5,0.000016934
31,"R_Date","NM29",,"posterior",-3164.5,0.000020222
31,"R_Date","NM29",,"posterior",-3159.5,0.000017879
31,"R_Date","NM29",,"posterior",-3154.5,0.000009122
31,"R_Date","NM29",,"posterior",-3149.5,0.000004772
31,"R_Date","NM29",,"posterior",-3144.5,0.0000023422
31,"R_Date","NM29",,"posterior",-3139.5,0.0000030405
31,"R_Date","NM29",,"posterior",-3134.5,0.000008772
31,"R_Date","NM29",,"posterior",-3129.5,0.000013195
31,"R_Date","NM29",,"posterior",-3124.5,0.000021356
31,"R_Date","NM29",,"posterior",-3119.5,0.00003819
31,"R_Date","NM29",,"posterior",-3114.5,0.0000691
31,"R_Date","NM29",,"posterior",-3109.5,0.00012292
31,"R_Date","NM29",,"posterior",-3104.5,0.0003676
31,"R_Date","NM29",,"posterior",-3099.5,0.0014491
31,"R_Date","NM29",,"posterior",-3094.5,0.003683
31,"R_Date","NM29",,"posterior",-3089.5,0.005868
31,"R_Date","NM29",,"posterior",-3084.5,0.006967
31,"R_Date","NM29",,"posterior",-3079.5,0.007536
31,"R_Date","NM29",,"posterior",-3074.5,0.007766
31,"R_Date","NM29",,"posterior",-3069.5,0.007944
31,"R_Date","NM29",,"posterior",-3064.5,0.00882
31,"R_Date","NM29",,"posterior",-3059.5,0.010337
31,"R_Date","NM29",,"posterior",-3054.5,0.010953
31,"R_Date","NM29",,"posterior",-3049.5,0.011169
31,"R_Date","NM29",,"posterior",-3044.5,0.011393
31,"R_Date","NM29",,"posterior",-3039.5,0.011913
31,"R_Date","NM29",,"posterior",-3034.5,0.012676
31,"R_Date","NM29",,"posterior",-3029.5,0.014121
31,"R_Date","NM29",,"posterior",-3024.5,0.014548
31,"R_Date","NM29",,"posterior",-3019.5,0.012169
31,"R_Date","NM29",,"posterior",-3014.5,0.009674
31,"R_Date","NM29",,"posterior",-3009.5,0.006574
31,"R_Date","NM29",,"posterior",-3004.5,0.003629
31,"R_Date","NM29",,"posterior",-2999.5,0.0021554
31,"R_Date","NM29",,"posterior",-2994.5,0.0017352
31,"R_Date","NM29",,"posterior",-2989.5,0.0019628
31,"R_Date","NM29",,"posterior",-2984.5,0.0022686
31,"R_Date","NM29",,"posterior",-2979.5,0.0023186
31,"R_Date","NM29",,"posterior",-2974.5,0.0021359
31,"R_Date","NM29",,"posterior",-2969.5,0.0018165
31,"R_Date","NM29",,"posterior",-2964.5,0.001443
31,"R_Date","NM29",,"posterior",-2959.5,0.0010913
31,"R_Date","NM29",,"posterior",-2954.5,0.0008683
31,"R_Date","NM29",,"posterior",-2949.5,0.0007131
31,"R_Date","NM29",,"posterior",-2944.5,0.0006043
31,"R_Date","NM29",,"posterior",-2939.5,0.0004507
31,"R_Date","NM29",,"posterior",-2934.5,0.0002822
31,"R_Date","NM29",,"posterior",-2929.5,0.00013134
31,"R_Date","NM29",,"posterior",-2924.5,0.00004046
31,"R_Date","NM29",,"posterior",-2919.5,0.00000886
31,"R_Date","NM29",,"posterior",-2914.5,4.364e-7
31,"R_Date","NM29",,"posterior",-2909.5,0
31,"R_Date","NM29",,"posterior",-2904.5,0
32,"R_Date","NM9",,"likelihood",-3374.5,0
32,"R_Date","NM9",,"likelihood",-3369.5,0
32,"R_Date","NM9",,"likelihood",-3364.5,0
32,"R_Date","NM9",,"likelihood",-3359.5,6.733e-8
32,"R_Date","NM9",,"likelihood",-3354.5,6.464e-7
32,"R_Date","NM9",,"likelihood",-3349.5,0.0000030031
32,"R_Date","NM9",,"likelihood",-3344.5,0.000005824
32,"R_Date","NM9",,"likelihood",-3339.5,0.00001544
32,"R_Date","NM9",,"likelihood",-3334.5,0.0000556
32,"R_Date","NM9",,"likelihood",-3329.5,0.00017239
32,"R_Date","NM9",,"likelihood",-3324.5,0.0003944
32,"R_Date","NM9",,"likelihood",-3319.5,0.0006739
32,"R_Date","NM9",,"likelihood",-3314.5,0.0009155
32,"R_Date","NM9",,"likelihood",-3309.5,0.0011514
32,"R_Date","NM9",,"likelihood",-3304.5,0.001355
32,"R_Date","NM9",,"likelihood",-3299.5,0.0013166
32,"R_Date","NM9",,"likelihood",-3294.5,0.0009922
32,"R_Date","NM9",,"likelihood",-3289.5,0.0007786
32,"R_Date","NM9",,"likelihood",-3284.5,0.0009922
32,"R_Date","NM9",,"likelihood",-3279.5,0.0015037
32,"R_Date","NM9",,"likelihood",-3274.5,0.0013166
32,"R_Date","NM9",,"likelihood",-3269.5,0.0010285
32,"R_Date","NM9",,"likelihood",-3264.5,0.0012465
32,"R_Date","NM9",,"likelihood",-3259.5,0.0022665
32,"R_Date","NM9",,"likelihood",-3254.5,0.0029361
32,"R_Date","NM9",,"likelihood",-3249.5,0.0022665
32,"R_Date","NM9",,"likelihood",-3244.5,0.0017465
32,"R_Date","NM9",,"likelihood",-3239.5,0.0011141
32,"R_Date","NM9",,"likelihood",-3234.5,0.0006022
32,"R_Date","NM9",,"likelihood",-3229.5,0.0003944
32,"R_Date","NM9",,"likelihood",-3224.5,0.00029763
32,"R_Date","NM9",,"likelihood",-3219.5,0.00027601
32,"R_Date","NM9",,"likelihood",-3214.5,0.0001588
32,"R_Date","NM9",,"likelihood",-3209.5,0.00006197
32,"R_Date","NM9",,"likelihood",-3204.5,0.000025721
32,"R_Date","NM9",,"likelihood",-3199.5,0.000018988
32,"R_Date","NM9",,"likelihood",-3194.5,0.00003545
32,"R_Date","NM9",,"likelihood",-3189.5,0.00009771
32,"R_Date","NM9",,"likelihood",-3184.5,0.00021832
32,"R_Date","NM9",,"likelihood",-3179.5,0.0004194
32,"R_Date","NM9",,"likelihood",-3174.5,0.0006739
32,"R_Date","NM9",,"likelihood",-3169.5,0.0009155
32,"R_Date","NM9",,"likelihood",-3164.5,0.000952
32,"R_Date","NM9",,"likelihood",-3159.5,0.0007512
32,"R_Date","NM9",,"likelihood",-3154.5,0.0003674
32,"R_Date","NM9",,"likelihood",-3149.5,0.00017318
32,"R_Date","NM9",,"likelihood",-3144.5,0.00008838
32,"R_Date","NM9",,"likelihood",-3139.5,0.00009771
32,"R_Date","NM9",,"likelihood",-3134.5,0.0001362
32,"R_Date","NM9",,"likelihood",-3129.5,0.0001873
32,"R_Date","NM9",,"likelihood",-3124.5,0.0001873
32,"R_Date","NM9",,"likelihood",-3119.5,0.00023573
32,"R_Date","NM9",,"likelihood",-3114.5,0.00029444
32,"R_Date","NM9",,"likelihood",-3109.5,0.0003166
32,"R_Date","NM9",,"likelihood",-3104.5,0.0006233
32,"R_Date","NM9",,"likelihood",-3099.5,0.0017855
32,"R_Date","NM9",,"likelihood",-3094.5,0.003749
32,"R_Date","NM9",,"likelihood",-3089.5,0.005429
32,"R_Date","NM9",,"likelihood",-3084.5,0.00617
32,"R_Date","NM9",,"likelihood",-3079.5,0.006463
32,"R_Date","NM9",,"likelihood",-3074.5,0.00665
32,"R_Date","NM9",,"likelihood",-3069.5,0.006547
32,"R_Date","NM9",,"likelihood",-3064.5,0.006518
32,"R_Date","NM9",,"likelihood",-3059.5,0.006549
32,"R_Date","NM9",,"likelihood",-3054.5,0.005796
32,"R_Date","NM9",,"likelihood",-3049.5,0.005247
32,"R_Date","NM9",,"likelihood",-3044.5,0.00509
32,"R_Date","NM9",,"likelihood",-3039.5,0.0052
32,"R_Date","NM9",,"likelihood",-3034.5,0.005392
32,"R_Date","NM9",,"likelihood",-3029.5,0.006117
32,"R_Date","NM9",,"likelihood",-3024.5,0.006733
32,"R_Date","NM9",,"likelihood",-3019.5,0.006141
32,"R_Date","NM9",,"likelihood",-3014.5,0.005444
32,"R_Date","NM9",,"likelihood",-3009.5,0.004285
32,"R_Date","NM9",,"likelihood",-3004.5,0.0029142
32,"R_Date","NM9",,"likelihood",-2999.5,0.0021382
32,"R_Date","NM9",,"likelihood",-2994.5,0.002125
32,"R_Date","NM9",,"likelihood",-2989.5,0.0026932
32,"R_Date","NM9",,"likelihood",-2984.5,0.003459
32,"R_Date","NM9",,"likelihood",-2979.5,0.003948
32,"R_Date","NM9",,"likelihood",-2974.5,0.00426
32,"R_Date","NM9",,"likelihood",-2969.5,0.00429
32,"R_Date","NM9",,"likelihood",-2964.5,0.004164
32,"R_Date","NM9",,"likelihood",-2959.5,0.003948
32,"R_Date","NM9",,"likelihood",-2954.5,0.003852
32,"R_Date","NM9",,"likelihood",-2949.5,0.003951
32,"R_Date","NM9",,"likelihood",-2944.5,0.004213
32,"R_Date","NM9",,"likelihood",-2939.5,0.004321
32,"R_Date","NM9",,"likelihood",-2934.5,0.004064
32,"R_Date","NM9",,"likelihood",-2929.5,0.003325
32,"R_Date","NM9",,"likelihood",-2924.5,0.0022569
32,"R_Date","NM9",,"likelihood",-2919.5,0.0012737
32,"R_Date","NM9",,"likelihood",-2914.5,0.0004818
32,"R_Date","NM9",,"likelihood",-2909.5,0.00012439
32,"R_Date","NM9",,"likelihood",-2904.5,0.000029889
32,"R_Date","NM9",,"likelihood",-2899.5,0.000005999
32,"R_Date","NM9",,"likelihood",-2894.5,9.965e-7
32,"R_Date","NM9",,"likelihood",-2889.5,1.1447e-7
32,"R_Date","NM9",,"likelihood",-2884.5,6.733e-9
32,"R_Date","NM9",,"likelihood",-2879.5,0
32,"R_Date","NM9",,"likelihood",-2874.5,0
32,"R_Date","NM9",,"likelihood",-2869.5,0
32,"R_Date","NM9",,"posterior",-3344.5,0
32,"R_Date","NM9",,"posterior",-3339.5,0
32,"R_Date","NM9",,"posterior",-3334.5,0
32,"R_Date","NM9",,"posterior",-3329.5,1.773e-7
32,"R_Date","NM9",,"posterior",-3324.5,1.773e-7
32,"R_Date","NM9",,"posterior",-3319.5,3.41e-7
32,"R_Date","NM9",,"posterior",-3314.5,2.5914e-7
32,"R_Date","NM9",,"posterior",-3309.5,9.547e-7
32,"R_Date","NM9",,"posterior",-3304.5,8.729e-7
32,"R_Date","NM9",,"posterior",-3299.5,0.000001132
32,"R_Date","NM9",,"posterior",-3294.5,8.729e-7
32,"R_Date","NM9",,"posterior",-3289.5,0.0000012957
32,"R_Date","NM9",,"posterior",-3284.5,0.0000019094
32,"R_Date","NM9",,"posterior",-3279.5,0.0000023459
32,"R_Date","NM9",,"posterior",-3274.5,0.0000027823
32,"R_Date","NM9",,"posterior",-3269.5,0.0000016503
32,"R_Date","NM9",,"posterior",-3264.5,0.000002946
32,"R_Date","NM9",,"posterior",-3259.5,0.000005987
32,"R_Date","NM9",,"posterior",-3254.5,0.000005987
32,"R_Date","NM9",,"posterior",-3249.5,0.000005551
32,"R_Date","NM9",,"posterior",-3244.5,0.000003996
32,"R_Date","NM9",,"posterior",-3239.5,0.0000023459
32,"R_Date","NM9",,"posterior",-3234.5,0.0000012957
32,"R_Date","NM9",,"posterior",-3229.5,0.0000019094
32,"R_Date","NM9",,"posterior",-3224.5,4.364e-7
32,"R_Date","NM9",,"posterior",-3219.5,7.774e-7
32,"R_Date","NM9",,"posterior",-3214.5,0.0000010365
32,"R_Date","NM9",,"posterior",-3209.5,8.183e-8
32,"R_Date","NM9",,"posterior",-3204.5,1.773e-7
32,"R_Date","NM9",,"posterior",-3199.5,1.773e-7
32,"R_Date","NM9",,"posterior",-3194.5,5.183e-7
32,"R_Date","NM9",,"posterior",-3189.5,8.729e-7
32,"R_Date","NM9",,"posterior",-3184.5,0.0000022504
32,"R_Date","NM9",,"posterior",-3179.5,0.000005128
32,"R_Date","NM9",,"posterior",-3174.5,0.000009206
32,"R_Date","NM9",,"posterior",-3169.5,0.000016489
32,"R_Date","NM9",,"posterior",-3164.5,0.00002084
32,"R_Date","NM9",,"posterior",-3159.5,0.000021004
32,"R_Date","NM9",,"posterior",-3154.5,0.000014934
32,"R_Date","NM9",,"posterior",-3149.5,0.000006601
32,"R_Date","NM9",,"posterior",-3144.5,0.000004855
32,"R_Date","NM9",,"posterior",-3139.5,0.000006765
32,"R_Date","NM9",,"posterior",-3134.5,0.000013884
32,"R_Date","NM9",,"posterior",-3129.5,0.000023609
32,"R_Date","NM9",,"posterior",-3124.5,0.00003333
32,"R_Date","NM9",,"posterior",-3119.5,0.00005851
32,"R_Date","NM9",,"posterior",-3114.5,0.00010434
32,"R_Date","NM9",,"posterior",-3109.5,0.00017413
32,"R_Date","NM9",,"posterior",-3104.5,0.0004668
32,"R_Date","NM9",,"posterior",-3099.5,0.0014967
32,"R_Date","NM9",,"posterior",-3094.5,0.003334
32,"R_Date","NM9",,"posterior",-3089.5,0.005135
32,"R_Date","NM9",,"posterior",-3084.5,0.006197
32,"R_Date","NM9",,"posterior",-3079.5,0.006783
32,"R_Date","NM9",,"posterior",-3074.5,0.007279
32,"R_Date","NM9",,"posterior",-3069.5,0.007695
32,"R_Date","NM9",,"posterior",-3064.5,0.008329
32,"R_Date","NM9",,"posterior",-3059.5,0.009381
32,"R_Date","NM9",,"posterior",-3054.5,0.009674
32,"R_Date","NM9",,"posterior",-3049.5,0.009827
32,"R_Date","NM9",,"posterior",-3044.5,0.01005
32,"R_Date","NM9",,"posterior",-3039.5,0.010502
32,"R_Date","NM9",,"posterior",-3034.5,0.011136
32,"R_Date","NM9",,"posterior",-3029.5,0.012594
32,"R_Date","NM9",,"posterior",-3024.5,0.013639
32,"R_Date","NM9",,"posterior",-3019.5,0.012523
32,"R_Date","NM9",,"posterior",-3014.5,0.010932
32,"R_Date","NM9",,"posterior",-3009.5,0.008471
32,"R_Date","NM9",,"posterior",-3004.5,0.005603
32,"R_Date","NM9",,"posterior",-2999.5,0.003742
32,"R_Date","NM9",,"posterior",-2994.5,0.0030574
32,"R_Date","NM9",,"posterior",-2989.5,0.0031113
32,"R_Date","NM9",,"posterior",-2984.5,0.003234
32,"R_Date","NM9",,"posterior",-2979.5,0.0030174
32,"R_Date","NM9",,"posterior",-2974.5,0.0027003
32,"R_Date","NM9",,"posterior",-2969.5,0.0023011
32,"R_Date","NM9",,"posterior",-2964.5,0.0018253
32,"R_Date","NM9",,"posterior",-2959.5,0.0014365
32,"R_Date","NM9",,"posterior",-2954.5,0.0011431
32,"R_Date","NM9",,"posterior",-2949.5,0.0009126
32,"R_Date","NM9",,"posterior",-2944.5,0.0007391
32,"R_Date","NM9",,"posterior",-2939.5,0.000556
32,"R_Date","NM9",,"posterior",-2934.5,0.0003615
32,"R_Date","NM9",,"posterior",-2929.5,0.00017335
32,"R_Date","NM9",,"posterior",-2924.5,0.00006146
32,"R_Date","NM9",,"posterior",-2919.5,0.00001563
32,"R_Date","NM9",,"posterior",-2914.5,0.0000012138
32,"R_Date","NM9",,"posterior",-2909.5,8.183e-8
32,"R_Date","NM9",,"posterior",-2904.5,0
33,"Combine","NM4",,"likelihood",-3324.5,0
33,"Combine","NM4",,"likelihood",-3319.5,0
33,"Combine","NM4",,"likelihood",-3314.5,2.4794e-8
33,"Combine","NM4",,"likelihood",-3309.5,2.4794e-8
33,"Combine","NM4",,"likelihood",-3304.5,4.959e-8
33,"Combine","NM4",,"likelihood",-3299.5,2.4794e-8
33,"Combine","NM4",,"likelihood",-3294.5,2.4794e-8
33,"Combine","NM4",,"likelihood",-3289.5,0
33,"Combine","NM4",,"likelihood",-3284.5,2.4794e-8
33,"Combine","NM4",,"likelihood",-3279.5,7.438e-8
33,"Combine","NM4",,"likelihood",-3274.5,2.4794e-8
33,"Combine","NM4",,"likelihood",-3269.5,2.4794e-8
33,"Combine","NM4",,"likelihood",-3264.5,2.4794e-8
33,"Combine","NM4",,"likelihood",-3259.5,2.2315e-7
33,"Combine","NM4",,"likelihood",-3254.5,8.182e-7
33,"Combine","NM4",,"likelihood",-3249.5,2.2315e-7
33,"Combine","NM4",,"likelihood",-3244.5,1.2397e-7
33,"Combine","NM4",,"likelihood",-3239.5,2.4794e-8
33,"Combine","NM4",,"likelihood",-3234.5,0
33,"Combine","NM4",,"likelihood",-3229.5,0
33,"Combine","NM4",,"likelihood",-3224.5,0
33,"Combine","NM4",,"likelihood",-3219.5,0
33,"Combine","NM4",,"likelihood",-3214.5,0
33,"Combine","NM4",,"likelihood",-3209.5,0
33,"Combine","NM4",,"likelihood",-3204.5,0
33,"Combine","NM4",,"likelihood",-3199.5,0
33,"Combine","NM4",,"likelihood",-3194.5,0
33,"Combine","NM4",,"likelihood",-3189.5,0
33,"Combine","NM4",,"likelihood",-3184.5,0
33,"Combine","NM4",,"likelihood",-3179.5,0
33,"Combine","NM4",,"likelihood",-3174.5,0
33,"Combine","NM4",,"likelihood",-3169.5,2.4794e-8
33,"Combine","NM4",,"likelihood",-3164.5,2.4794e-8
33,"Combine","NM4",,"likelihood",-3159.5,0
33,"Combine","NM4",,"likelihood",-3154.5,0
33,"Combine","NM4",,"likelihood",-3149.5,0
33,"Combine","NM4",,"likelihood",-3144.5,0
33,"Combine","NM4",,"likelihood",-3139.5,0
33,"Combine","NM4",,"likelihood",-3134.5,0
33,"Combine","NM4",,"likelihood",-3129.5,0
33,"Combine","NM4",,"likelihood",-3124.5,0
33,"Combine","NM4",,"likelihood",-3119.5,0
33,"Combine","NM4",,"likelihood",-3114.5,0
33,"Combine","NM4",,"likelihood",-3109.5,0
33,"Combine","NM4",,"likelihood",-3104.5,0
33,"Combine","NM4",,"likelihood",-3099.5,1.7356e-7
33,"Combine","NM4",,"likelihood",-3094.5,0.0000023307
33,"Combine","NM4",,"likelihood",-3089.5,0.000023133
33,"Combine","NM4",,"likelihood",-3084.5,0.00006804
33,"Combine","NM4",,"likelihood",-3079.5,0.0001328
33,"Combine","NM4",,"likelihood",-3074.5,0.00023872
33,"Combine","NM4",,"likelihood",-3069.5,0.0003954
33,"Combine","NM4",,"likelihood",-3064.5,0.0003702
33,"Combine","NM4",,"likelihood",-3059.5,0.00011217
33,"Combine","NM4",,"likelihood",-3054.5,0.00003779
33,"Combine","NM4",,"likelihood",-3049.5,0.000014505
33,"Combine","NM4",,"likelihood",-3044.5,0.000011455
33,"Combine","NM4",,"likelihood",-3039.5,0.000013067
33,"Combine","NM4",,"likelihood",-3034.5,0.000016563
33,"Combine","NM4",,"likelihood",-3029.5,0.00004515
33,"Combine","NM4",,"likelihood",-3024.5,0.00021921
33,"Combine","NM4",,"likelihood",-3019.5,0.000791
33,"Combine","NM4",,"likelihood",-3014.5,0.0015347
33,"Combine","NM4",,"likelihood",-3009.5,0.003281
33,"Combine","NM4",,"likelihood",-3004.5,0.00672
33,"Combine","NM4",,"likelihood",-2999.5,0.010102
33,"Combine","NM4",,"likelihood",-2994.5,0.009856
33,"Combine","NM4",,"likelihood",-2989.5,0.007491
33,"Combine","NM4",,"likelihood",-2984.5,0.005346
33,"Combine","NM4",,"likelihood",-2979.5,0.003959
33,"Combine","NM4",,"likelihood",-2974.5,0.003333
33,"Combine","NM4",,"likelihood",-2969.5,0.003594
33,"Combine","NM4",,"likelihood",-2964.5,0.003518
33,"Combine","NM4",,"likelihood",-2959.5,0.003958
33,"Combine","NM4",,"likelihood",-2954.5,0.004167
33,"Combine","NM4",,"likelihood",-2949.5,0.003951
33,"Combine","NM4",,"likelihood",-2944.5,0.003419
33,"Combine","NM4",,"likelihood",-2939.5,0.003373
33,"Combine","NM4",,"likelihood",-2934.5,0.003895
33,"Combine","NM4",,"likelihood",-2929.5,0.005483
33,"Combine","NM4",,"likelihood",-2924.5,0.009244
33,"Combine","NM4",,"likelihood",-2919.5,0.015169
33,"Combine","NM4",,"likelihood",-2914.5,0.02208
33,"Combine","NM4",,"likelihood",-2909.5,0.024794
33,"Combine","NM4",,"likelihood",-2904.5,0.019462
33,"Combine","NM4",,"likelihood",-2899.5,0.0119
33,"Combine","NM4",,"likelihood",-2894.5,0.005599
33,"Combine","NM4",,"likelihood",-2889.5,0.0018665
33,"Combine","NM4",,"likelihood",-2884.5,0.0003767
33,"Combine","NM4",,"likelihood",-2879.5,0.000030373
33,"Combine","NM4",,"likelihood",-2874.5,0.0000017108
33,"Combine","NM4",,"likelihood",-2869.5,1.2397e-7
33,"Combine","NM4",,"likelihood",-2864.5,0
33,"Combine","NM4",,"likelihood",-2859.5,0
33,"Combine","NM4",,"likelihood",-2854.5,0
33,"Combine","NM4",,"likelihood",-2849.5,0
33,"Combine","NM4",,"likelihood",-2844.5,0
33,"Combine","NM4",,"likelihood",-2839.5,0
33,"Combine","NM4",,"likelihood",-2834.5,0
33,"Combine","NM4",,"likelihood",-2829.5,0
33,"Combine","NM4",,"likelihood",-2824.5,0
33,"Combine","NM4",,"likelihood",-2819.5,0
33,"Combine","NM4",,"likelihood",-2814.5,0
33,"Combine","NM4",,"likelihood",-2809.5,0
33,"Combine","NM4",,"likelihood",-2804.5,0
33,"Combine","NM4",,"likelihood",-2799.5,2.4794e-8
33,"Combine","NM4",,"likelihood",-2794.5,4.959e-7
33,"Combine","NM4",,"likelihood",-2789.5,8.678e-7
33,"Combine","NM4",,"likelihood",-2784.5,4.959e-7
33,"Combine","NM4",,"likelihood",-2779.5,9.918e-8
33,"Combine","NM4",,"likelihood",-2774.5,7.438e-8
33,"Combine","NM4",,"likelihood",-2769.5,2.4794e-8
33,"Combine","NM4",,"likelihood",-2764.5,2.4794e-8
33,"Combine","NM4",,"likelihood",-2759.5,0
33,"Combine","NM4",,"likelihood",-2754.5,0
33,"Combine","NM4",,"likelihood",-2749.5,0
33,"Combine","NM4",,"likelihood",-2744.5,0
33,"Combine","NM4",,"likelihood",-2739.5,0
33,"Combine","NM4",,"likelihood",-2734.5,0
33,"Combine","NM4",,"likelihood",-2729.5,0
33,"Combine","NM4",,"likelihood",-2724.5,0
33,"Combine","NM4",,"likelihood",-2719.5,0
33,"Combine","NM4",,"likelihood",-2714.5,2.4794e-8
33,"Combine","NM4",,"likelihood",-2709.5,2.4794e-8
33,"Combine","NM4",,"likelihood",-2704.5,0
33,"Combine","NM4",,"likelihood",-2699.5,0
33,"Combine","NM4",,"likelihood",-2694.5,0
33,"Combine","NM4",,"posterior",-3109.5,0
33,"Combine","NM4",,"posterior",-3104.5,0
33,"Combine","NM4",,"posterior",-3099.5,6.042e-7
33,"Combine","NM4",,"posterior",-3094.5,0.000007628
33,"Combine","NM4",,"posterior",-3089.5,0.0000611
33,"Combine","NM4",,"posterior",-3084.5,0.00018333
33,"Combine","NM4",,"posterior",-3079.5,0.0004006
33,"Combine","NM4",,"posterior",-3074.5,0.0007844
33,"Combine","NM4",,"posterior",-3069.5,0.0012785
33,"Combine","NM4",,"posterior",-3064.5,0.0012505
33,"Combine","NM4",,"posterior",-3059.5,0.0005475
33,"Combine","NM4",,"posterior",-3054.5,0.00020878
33,"Combine","NM4",,"posterior",-3049.5,0.00009489
33,"Combine","NM4",,"posterior",-3044.5,0.00007832
33,"Combine","NM4",,"posterior",-3039.5,0.00009236
33,"Combine","NM4",,"posterior",-3034.5,0.00012978
33,"Combine","NM4",,"posterior",-3029.5,0.0003805
33,"Combine","NM4",,"posterior",-3024.5,0.0016347
33,"Combine","NM4",,"posterior",-3019.5,0.005195
33,"Combine","NM4",,"posterior",-3014.5,0.010391
33,"Combine","NM4",,"posterior",-3009.5,0.019692
33,"Combine","NM4",,"posterior",-3004.5,0.03265
33,"Combine","NM4",,"posterior",-2999.5,0.03776
33,"Combine","NM4",,"posterior",-2994.5,0.029529
33,"Combine","NM4",,"posterior",-2989.5,0.018482
33,"Combine","NM4",,"posterior",-2984.5,0.010687
33,"Combine","NM4",,"posterior",-2979.5,0.006469
33,"Combine","NM4",,"posterior",-2974.5,0.004505
33,"Combine","NM4",,"posterior",-2969.5,0.003763
33,"Combine","NM4",,"posterior",-2964.5,0.0031311
33,"Combine","NM4",,"posterior",-2959.5,0.0027633
33,"Combine","NM4",,"posterior",-2954.5,0.0022599
33,"Combine","NM4",,"posterior",-2949.5,0.0017075
33,"Combine","NM4",,"posterior",-2944.5,0.0011942
33,"Combine","NM4",,"posterior",-2939.5,0.0008279
33,"Combine","NM4",,"posterior",-2934.5,0.0006321
33,"Combine","NM4",,"posterior",-2929.5,0.00051
33,"Combine","NM4",,"posterior",-2924.5,0.0003949
33,"Combine","NM4",,"posterior",-2919.5,0.00023585
33,"Combine","NM4",,"posterior",-2914.5,0.00006729
33,"Combine","NM4",,"posterior",-2909.5,0.000015104
33,"Combine","NM4",,"posterior",-2904.5,0.0000011328
33,"Combine","NM4",,"posterior",-2899.5,0
33,"Combine","NM4",,"posterior",-2894.5,0
34,"R_Date","NM4-2",,"likelihood",-3324.5,0
34,"R_Date","NM4-2",,"likelihood",-3319.5,0
34,"R_Date","NM4-2",,"likelihood",-3314.5,2.4794e-8
34,"R_Date","NM4-2",,"likelihood",-3309.5,2.4794e-8
34,"R_Date","NM4-2",,"likelihood",-3304.5,4.959e-8
34,"R_Date","NM4-2",,"likelihood",-3299.5,2.4794e-8
34,"R_Date","NM4-2",,"likelihood",-3294.5,2.4794e-8
34,"R_Date","NM4-2",,"likelihood",-3289.5,0
34,"R_Date","NM4-2",,"likelihood",-3284.5,2.4794e-8
34,"R_Date","NM4-2",,"likelihood",-3279.5,7.438e-8
34,"R_Date","NM4-2",,"likelihood",-3274.5,2.4794e-8
34,"R_Date","NM4-2",,"likelihood",-3269.5,2.4794e-8
34,"R_Date","NM4-2",,"likelihood",-3264.5,2.4794e-8
34,"R_Date","NM4-2",,"likelihood",-3259.5,2.2315e-7
34,"R_Date","NM4-2",,"likelihood",-3254.5,8.182e-7
34,"R_Date","NM4-2",,"likelihood",-3249.5,2.2315e-7
34,"R_Date","NM4-2",,"likelihood",-3244.5,1.2397e-7
34,"R_Date","NM4-2",,"likelihood",-3239.5,2.4794e-8
34,"R_Date","NM4-2",,"likelihood",-3234.5,0
34,"R_Date","NM4-2",,"likelihood",-3229.5,0
34,"R_Date","NM4-2",,"likelihood",-3224.5,0
34,"R_Date","NM4-2",,"likelihood",-3219.5,0
34,"R_Date","NM4-2",,"likelihood",-3214.5,0
34,"R_Date","NM4-2",,"likelihood",-3209.5,0
34,"R_Date","NM4-2",,"likelihood",-3204.5,0
34,"R_Date","NM4-2",,"likelihood",-3199.5,0
34,"R_Date","NM4-2",,"likelihood",-3194.5,0
34,"R_Date","NM4-2",,"likelihood",-3189.5,0
34,"R_Date","NM4-2",,"likelihood",-3184.5,0
34,"R_Date","NM4-2",,"likelihood",-3179.5,0
34,"R_Date","NM4-2",,"likelihood",-3174.5,0
34,"R_Date","NM4-2",,"likelihood",-3169.5,2.4794e-8
34,"R_Date","NM4-2",,"likelihood",-3164.5,2.4794e-8
34,"R_Date","NM4-2",,"likelihood",-3159.5,0
34,"R_Date","NM4-2",,"likelihood",-3154.5,0
34,"R_Date","NM4-2",,"likelihood",-3149.5,0
34,"R_Date","NM4-2",,"likelihood",-3144.5,0
34,"R_Date","NM4-2",,"likelihood",-3139.5,0
34,"R_Date","NM4-2",,"likelihood",-3134.5,0
34,"R_Date","NM4-2",,"likelihood",-3129.5,0
34,"R_Date","NM4-2",,"likelihood",-3124.5,0
34,"R_Date","NM4-2",,"likelihood",-3119.5,0
34,"R_Date","NM4-2",,"likelihood",-3114.5,0
34,"R_Date","NM4-2",,"likelihood",-3109.5,0
34,"R_Date","NM4-2",,"likelihood",-3104.5,0
34,"R_Date","NM4-2",,"likelihood",-3099.5,1.7356e-7
34,"R_Date","NM4-2",,"likelihood",-3094.5,0.0000023307
34,"R_Date","NM4-2",,"likelihood",-3089.5,0.000023133
34,"R_Date","NM4-2",,"likelihood",-3084.5,0.00006804
34,"R_Date","NM4-2",,"likelihood",-3079.5,0.0001328
34,"R_Date","NM4-2",,"likelihood",-3074.5,0.00023872
34,"R_Date","NM4-2",,"likelihood",-3069.5,0.0003954
34,"R_Date","NM4-2",,"likelihood",-3064.5,0.0003702
34,"R_Date","NM4-2",,"likelihood",-3059.5,0.00011217
34,"R_Date","NM4-2",,"likelihood",-3054.5,0.00003779
34,"R_Date","NM4-2",,"likelihood",-3049.5,0.000014505
34,"R_Date","NM4-2",,"likelihood",-3044.5,0.000011455
34,"R_Date","NM4-2",,"likelihood",-3039.5,0.000013067
34,"R_Date","NM4-2",,"likelihood",-3034.5,0.000016563
34,"R_Date","NM4-2",,"likelihood",-3029.5,0.00004515
34,"R_Date","NM4-2",,"likelihood",-3024.5,0.00021921
34,"R_Date","NM4-2",,"likelihood",-3019.5,0.000791
34,"R_Date","NM4-2",,"likelihood",-3014.5,0.0015347
34,"R_Date","NM4-2",,"likelihood",-3009.5,0.003281
34,"R_Date","NM4-2",,"likelihood",-3004.5,0.00672
34,"R_Date","NM4-2",,"likelihood",-2999.5,0.010102
34,"R_Date","NM4-2",,"likelihood",-2994.5,0.009856
34,"R_Date","NM4-2",,"likelihood",-2989.5,0.007491
34,"R_Date","NM4-2",,"likelihood",-2984.5,0.005346
34,"R_Date","NM4-2",,"likelihood",-2979.5,0.003959
34,"R_Date","NM4-2",,"likelihood",-2974.5,0.003333
34,"R_Date","NM4-2",,"likelihood",-2969.5,0.003594
34,"R_Date","NM4-2",,"likelihood",-2964.5,0.003518
34,"R_Date","NM4-2",,"likelihood",-2959.5,0.003958
34,"R_Date","NM4-2",,"likelihood",-2954.5,0.004167
34,"R_Date","NM4-2",,"likelihood",-2949.5,0.003951
34,"R_Date","NM4-2",,"likelihood",-2944.5,0.003419
34,"R_Date","NM4-2",,"likelihood",-2939.5,0.003373
34,"R_Date","NM4-2",,"likelihood",-2934.5,0.003895
34,"R_Date","NM4-2",,"likelihood",-2929.5,0.005483
34,"R_Date","NM4-2",,"likelihood",-2924.5,0.009244
34,"R_Date","NM4-2",,"likelihood",-2919.5,0.015169
34,"R_Date","NM4-2",,"likelihood",-2914.5,0.02208
34,"R_Date","NM4-2",,"likelihood",-2909.5,0.024794
34,"R_Date","NM4-2",,"likelihood",-2904.5,0.019462
34,"R_Date","NM4-2",,"likelihood",-2899.5,0.0119
34,"R_Date","NM4-2",,"likelihood",-2894.5,0.005599
34,"R_Date","NM4-2",,"likelihood",-2889.5,0.0018665
34,"R_Date","NM4-2",,"likelihood",-2884.5,0.0003767
34,"R_Date","NM4-2",,"likelihood",-2879.5,0.000030373
34,"R_Date","NM4-2",,"likelihood",-2874.5,0.0000017108
34,"R_Date","NM4-2",,"likelihood",-2869.5,1.2397e-7
34,"R_Date","NM4-2",,"likelihood",-2864.5,0
34,"R_Date","NM4-2",,"likelihood",-2859.5,0
34,"R_Date","NM4-2",,"likelihood",-2854.5,0
34,"R_Date","NM4-2",,"likelihood",-2849.5,0
34,"R_Date","NM4-2",,"likelihood",-2844.5,0
34,"R_Date","NM4-2",,"likelihood",-2839.5,0
34,"R_Date","NM4-2",,"likelihood",-2834.5,0
34,"R_Date","NM4-2",,"likelihood",-2829.5,0
34,"R_Date","NM4-2",,"likelihood",-2824.5,0
34,"R_Date","NM4-2",,"likelihood",-2819.5,0
34,"R_Date","NM4-2",,"likelihood",-2814.5,0
34,"R_Date","NM4-2",,"likelihood",-2809.5,0
34,"R_Date","NM4-2",,"likelihood",-2804.5,0
34,"R_Date","NM4-2",,"likelihood",-2799.5,2.4794e-8
34,"R_Date","NM4-2",,"likelihood",-2794.5,4.959e-7
34,"R_Date","NM4-2",,"likelihood",-2789.5,8.678e-7
34,"R_Date","NM4-2",,"likelihood",-2784.5,4.959e-7
34,"R_Date","NM4-2",,"likelihood",-2779.5,9.918e-8
34,"R_Date","NM4-2",,"likelihood",-2774.5,7.438e-8
34,"R_Date","NM4-2",,"likelihood",-2769.5,2.4794e-8
34,"R_Date","NM4-2",,"likelihood",-2764.5,2.4794e-8
34,"R_Date","NM4-2",,"likelihood",-2759.5,0
34,"R_Date","NM4-2",,"likelihood",-2754.5,0
34,"R_Date","NM4-2",,"likelihood",-2749.5,0
34,"R_Date","NM4-2",,"likelihood",-2744.5,0
34,"R_Date","NM4-2",,"likelihood",-2739.5,0
34,"R_Date","NM4-2",,"likelihood",-2734.5,0
34,"R_Date","NM4-2",,"likelihood",-2729.5,0
34,"R_Date","NM4-2",,"likelihood",-2724.5,0
34,"R_Date","NM4-2",,"likelihood",-2719.5,0
34,"R_Date","NM4-2",,"likelihood",-2714.5,2.4794e-8
34,"R_Date","NM4-2",,"likelihood",-2709.5,2.4794e-8
34,"R_Date","NM4-2",,"likelihood",-2704.5,0
34,"R_Date","NM4-2",,"likelihood",-2699.5,0
34,"R_Date","NM4-2",,"likelihood",-2694.5,0
34,"R_Date","NM4-2",,"posterior",-3109.5,0
34,"R_Date","NM4-2",,"posterior",-3104.5,0
34,"R_Date","NM4-2",,"posterior",-3099.5,6.042e-7
34,"R_Date","NM4-2",,"posterior",-3094.5,0.000007628
34,"R_Date","NM4-2",,"posterior",-3089.5,0.0000611
34,"R_Date","NM4-2",,"posterior",-3084.5,0.00018333
34,"R_Date","NM4-2",,"posterior",-3079.5,0.0004006
34,"R_Date","NM4-2",,"posterior",-3074.5,0.0007844
34,"R_Date","NM4-2",,"posterior",-3069.5,0.0012785
34,"R_Date","NM4-2",,"posterior",-3064.5,0.0012505
34,"R_Date","NM4-2",,"posterior",-3059.5,0.0005475
34,"R_Date","NM4-2",,"posterior",-3054.5,0.00020878
34,"R_Date","NM4-2",,"posterior",-3049.5,0.00009489
34,"R_Date","NM4-2",,"posterior",-3044.5,0.00007832
34,"R_Date","NM4-2",,"posterior",-3039.5,0.00009236
34,"R_Date","NM4-2",,"posterior",-3034.5,0.00012978
34,"R_Date","NM4-2",,"posterior",-3029.5,0.0003805
34,"R_Date","NM4-2",,"posterior",-3024.5,0.0016347
34,"R_Date","NM4-2",,"posterior",-3019.5,0.005195
34,"R_Date","NM4-2",,"posterior",-3014.5,0.010391
34,"R_Date","NM4-2",,"posterior",-3009.5,0.019692
34,"R_Date","NM4-2",,"posterior",-3004.5,0.03265
34,"R_Date","NM4-2",,"posterior",-2999.5,0.03776
34,"R_Date","NM4-2",,"posterior",-2994.5,0.029529
34,"R_Date","NM4-2",,"posterior",-2989.5,0.018482
34,"R_Date","NM4-2",,"posterior",-2984.5,0.010687
34,"R_Date","NM4-2",,"posterior",-2979.5,0.006469
34,"R_Date","NM4-2",,"posterior",-2974.5,0.004505
34,"R_Date","NM4-2",,"posterior",-2969.5,0.003763
34,"R_Date","NM4-2",,"posterior",-2964.5,0.0031311
34,"R_Date","NM4-2",,"posterior",-2959.5,0.0027633
34,"R_Date","NM4-2",,"posterior",-2954.5,0.0022599
34,"R_Date","NM4-2",,"posterior",-2949.5,0.0017075
34,"R_Date","NM4-2",,"posterior",-2944.5,0.0011942
34,"R_Date","NM4-2",,"posterior",-2939.5,0.0008279
34,"R_Date","NM4-2",,"posterior",-2934.5,0.0006321
34,"R_Date","NM4-2",,"posterior",-2929.5,0.00051
34,"R_Date","NM4-2",,"posterior",-2924.5,0.0003949
34,"R_Date","NM4-2",,"posterior",-2919.5,0.00023585
34,"R_Date","NM4-2",,"posterior",-2914.5,0.00006729
34,"R_Date","NM4-2",,"posterior",-2909.5,0.000015104
34,"R_Date","NM4-2",,"posterior",-2904.5,0.0000011328
34,"R_Date","NM4-2",,"posterior",-2899.5,0
34,"R_Date","NM4-2",,"posterior",-2894.5,0
35,"Combine","NM5",,"likelihood",-3379.5,0
35,"Combine","NM5",,"likelihood",-3374.5,0
35,"Combine","NM5",,"likelihood",-3369.5,0
35,"Combine","NM5",,"likelihood",-3364.5,1.5012e-7
35,"Combine","NM5",,"likelihood",-3359.5,0.0000026409
35,"Combine","NM5",,"likelihood",-3354.5,0.000016646
35,"Combine","NM5",,"likelihood",-3349.5,0.00005359
35,"Combine","NM5",,"likelihood",-3344.5,0.00009612
35,"Combine","NM5",,"likelihood",-3339.5,0.00020043
35,"Combine","NM5",,"likelihood",-3334.5,0.0005099
35,"Combine","NM5",,"likelihood",-3329.5,0.0010876
35,"Combine","NM5",,"likelihood",-3324.5,0.0018644
35,"Combine","NM5",,"likelihood",-3319.5,0.002581
35,"Combine","NM5",,"likelihood",-3314.5,0.0030735
35,"Combine","NM5",,"likelihood",-3309.5,0.003479
35,"Combine","NM5",,"likelihood",-3304.5,0.003782
35,"Combine","NM5",,"likelihood",-3299.5,0.003792
35,"Combine","NM5",,"likelihood",-3294.5,0.003271
35,"Combine","NM5",,"likelihood",-3289.5,0.0028601
35,"Combine","NM5",,"likelihood",-3284.5,0.003271
35,"Combine","NM5",,"likelihood",-3279.5,0.003981
35,"Combine","NM5",,"likelihood",-3274.5,0.003792
35,"Combine","NM5",,"likelihood",-3269.5,0.003276
35,"Combine","NM5",,"likelihood",-3264.5,0.003688
35,"Combine","NM5",,"likelihood",-3259.5,0.004844
35,"Combine","NM5",,"likelihood",-3254.5,0.005228
35,"Combine","NM5",,"likelihood",-3249.5,0.004844
35,"Combine","NM5",,"likelihood",-3244.5,0.004272
35,"Combine","NM5",,"likelihood",-3239.5,0.00348
35,"Combine","NM5",,"likelihood",-3234.5,0.0024646
35,"Combine","NM5",,"likelihood",-3229.5,0.0018644
35,"Combine","NM5",,"likelihood",-3224.5,0.001595
35,"Combine","NM5",,"likelihood",-3219.5,0.0015195
35,"Combine","NM5",,"likelihood",-3214.5,0.0010553
35,"Combine","NM5",,"likelihood",-3209.5,0.0005352
35,"Combine","NM5",,"likelihood",-3204.5,0.00029221
35,"Combine","NM5",,"likelihood",-3199.5,0.00023369
35,"Combine","NM5",,"likelihood",-3194.5,0.0003582
35,"Combine","NM5",,"likelihood",-3189.5,0.0007172
35,"Combine","NM5",,"likelihood",-3184.5,0.0012731
35,"Combine","NM5",,"likelihood",-3179.5,0.0018944
35,"Combine","NM5",,"likelihood",-3174.5,0.002581
35,"Combine","NM5",,"likelihood",-3169.5,0.0030735
35,"Combine","NM5",,"likelihood",-3164.5,0.0030817
35,"Combine","NM5",,"likelihood",-3159.5,0.0026944
35,"Combine","NM5",,"likelihood",-3154.5,0.0017831
35,"Combine","NM5",,"likelihood",-3149.5,0.0010632
35,"Combine","NM5",,"likelihood",-3144.5,0.0006875
35,"Combine","NM5",,"likelihood",-3139.5,0.0007172
35,"Combine","NM5",,"likelihood",-3134.5,0.0009027
35,"Combine","NM5",,"likelihood",-3129.5,0.0011209
35,"Combine","NM5",,"likelihood",-3124.5,0.0011209
35,"Combine","NM5",,"likelihood",-3119.5,0.0013067
35,"Combine","NM5",,"likelihood",-3114.5,0.0015116
35,"Combine","NM5",,"likelihood",-3109.5,0.0015841
35,"Combine","NM5",,"likelihood",-3104.5,0.0024144
35,"Combine","NM5",,"likelihood",-3099.5,0.004246
35,"Combine","NM5",,"likelihood",-3094.5,0.005545
35,"Combine","NM5",,"likelihood",-3089.5,0.005364
35,"Combine","NM5",,"likelihood",-3084.5,0.004827
35,"Combine","NM5",,"likelihood",-3079.5,0.004327
35,"Combine","NM5",,"likelihood",-3074.5,0.003669
35,"Combine","NM5",,"likelihood",-3069.5,0.0031589
35,"Combine","NM5",,"likelihood",-3064.5,0.003363
35,"Combine","NM5",,"likelihood",-3059.5,0.004356
35,"Combine","NM5",,"likelihood",-3054.5,0.005163
35,"Combine","NM5",,"likelihood",-3049.5,0.005503
35,"Combine","NM5",,"likelihood",-3044.5,0.00556
35,"Combine","NM5",,"likelihood",-3039.5,0.005531
35,"Combine","NM5",,"likelihood",-3034.5,0.005466
35,"Combine","NM5",,"likelihood",-3029.5,0.005011
35,"Combine","NM5",,"likelihood",-3024.5,0.003618
35,"Combine","NM5",,"likelihood",-3019.5,0.0024294
35,"Combine","NM5",,"likelihood",-3014.5,0.0017467
35,"Combine","NM5",,"likelihood",-3009.5,0.0010446
35,"Combine","NM5",,"likelihood",-3004.5,0.0005195
35,"Combine","NM5",,"likelihood",-2999.5,0.000324
35,"Combine","NM5",,"likelihood",-2994.5,0.00030908
35,"Combine","NM5",,"likelihood",-2989.5,0.000455
35,"Combine","NM5",,"likelihood",-2984.5,0.000726
35,"Combine","NM5",,"likelihood",-2979.5,0.000893
35,"Combine","NM5",,"likelihood",-2974.5,0.0010338
35,"Combine","NM5",,"likelihood",-2969.5,0.0011252
35,"Combine","NM5",,"likelihood",-2964.5,0.0009891
35,"Combine","NM5",,"likelihood",-2959.5,0.0008926
35,"Combine","NM5",,"likelihood",-2954.5,0.0008527
35,"Combine","NM5",,"likelihood",-2949.5,0.000894
35,"Combine","NM5",,"likelihood",-2944.5,0.0010108
35,"Combine","NM5",,"likelihood",-2939.5,0.0011008
35,"Combine","NM5",,"likelihood",-2934.5,0.000977
35,"Combine","NM5",,"likelihood",-2929.5,0.0006533
35,"Combine","NM5",,"likelihood",-2924.5,0.0003402
35,"Combine","NM5",,"likelihood",-2919.5,0.00014592
35,"Combine","NM5",,"likelihood",-2914.5,0.00003454
35,"Combine","NM5",,"likelihood",-2909.5,0.000005243
35,"Combine","NM5",,"likelihood",-2904.5,8.673e-7
35,"Combine","NM5",,"likelihood",-2899.5,1.1676e-7
35,"Combine","NM5",,"likelihood",-2894.5,1.112e-8
35,"Combine","NM5",,"likelihood",-2889.5,0
35,"Combine","NM5",,"likelihood",-2884.5,0
35,"Combine","NM5",,"likelihood",-2879.5,0
35,"Combine","NM5",,"posterior",-3354.5,0
35,"Combine","NM5",,"posterior",-3349.5,0
35,"Combine","NM5",,"posterior",-3344.5,0
35,"Combine","NM5",,"posterior",-3339.5,8.496e-8
35,"Combine","NM5",,"posterior",-3334.5,0
35,"Combine","NM5",,"posterior",-3329.5,1.6993e-7
35,"Combine","NM5",,"posterior",-3324.5,4.418e-7
35,"Combine","NM5",,"posterior",-3319.5,9.516e-7
35,"Combine","NM5",,"posterior",-3314.5,0.0000019882
35,"Combine","NM5",,"posterior",-3309.5,0.0000015633
35,"Combine","NM5",,"posterior",-3304.5,0.000003738
35,"Combine","NM5",,"posterior",-3299.5,0.000004248
35,"Combine","NM5",,"posterior",-3294.5,0.000004333
35,"Combine","NM5",,"posterior",-3289.5,0.00000469
35,"Combine","NM5",,"posterior",-3284.5,0.000006763
35,"Combine","NM5",,"posterior",-3279.5,0.000005897
35,"Combine","NM5",,"posterior",-3274.5,0.00000503
35,"Combine","NM5",,"posterior",-3269.5,0.000005812
35,"Combine","NM5",,"posterior",-3264.5,0.000008327
35,"Combine","NM5",,"posterior",-3259.5,0.000011453
35,"Combine","NM5",,"posterior",-3254.5,0.000012847
35,"Combine","NM5",,"posterior",-3249.5,0.000012235
35,"Combine","NM5",,"posterior",-3244.5,0.000014852
35,"Combine","NM5",,"posterior",-3239.5,0.000012592
35,"Combine","NM5",,"posterior",-3234.5,0.00000746
35,"Combine","NM5",,"posterior",-3229.5,0.000006083
35,"Combine","NM5",,"posterior",-3224.5,0.000005472
35,"Combine","NM5",,"posterior",-3219.5,0.00000469
35,"Combine","NM5",,"posterior",-3214.5,0.000005302
35,"Combine","NM5",,"posterior",-3209.5,0.0000020901
35,"Combine","NM5",,"posterior",-3204.5,0.0000010366
35,"Combine","NM5",,"posterior",-3199.5,0.0000010366
35,"Combine","NM5",,"posterior",-3194.5,0.0000022601
35,"Combine","NM5",,"posterior",-3189.5,0.000005642
35,"Combine","NM5",,"posterior",-3184.5,0.000014937
35,"Combine","NM5",,"posterior",-3179.5,0.00002622
35,"Combine","NM5",,"posterior",-3174.5,0.00005183
35,"Combine","NM5",,"posterior",-3169.5,0.00007917
35,"Combine","NM5",,"posterior",-3164.5,0.00009305
35,"Combine","NM5",,"posterior",-3159.5,0.0000973
35,"Combine","NM5",,"posterior",-3154.5,0.00008377
35,"Combine","NM5",,"posterior",-3149.5,0.00005859
35,"Combine","NM5",,"posterior",-3144.5,0.0000573
35,"Combine","NM5",,"posterior",-3139.5,0.00006945
35,"Combine","NM5",,"posterior",-3134.5,0.00012187
35,"Combine","NM5",,"posterior",-3129.5,0.00019027
35,"Combine","NM5",,"posterior",-3124.5,0.00029348
35,"Combine","NM5",,"posterior",-3119.5,0.0005028
35,"Combine","NM5",,"posterior",-3114.5,0.0008038
35,"Combine","NM5",,"posterior",-3109.5,0.0012638
35,"Combine","NM5",,"posterior",-3104.5,0.0024911
35,"Combine","NM5",,"posterior",-3099.5,0.004984
35,"Combine","NM5",,"posterior",-3094.5,0.007178
35,"Combine","NM5",,"posterior",-3089.5,0.007668
35,"Combine","NM5",,"posterior",-3084.5,0.007217
35,"Combine","NM5",,"posterior",-3079.5,0.006697
35,"Combine","NM5",,"posterior",-3074.5,0.006098
35,"Combine","NM5",,"posterior",-3069.5,0.00565
35,"Combine","NM5",,"posterior",-3064.5,0.006662
35,"Combine","NM5",,"posterior",-3059.5,0.009468
35,"Combine","NM5",,"posterior",-3054.5,0.012895
35,"Combine","NM5",,"posterior",-3049.5,0.015265
35,"Combine","NM5",,"posterior",-3044.5,0.016534
35,"Combine","NM5",,"posterior",-3039.5,0.016993
35,"Combine","NM5",,"posterior",-3034.5,0.016761
35,"Combine","NM5",,"posterior",-3029.5,0.015226
35,"Combine","NM5",,"posterior",-3024.5,0.011283
35,"Combine","NM5",,"posterior",-3019.5,0.007639
35,"Combine","NM5",,"posterior",-3014.5,0.005294
35,"Combine","NM5",,"posterior",-3009.5,0.003166
35,"Combine","NM5",,"posterior",-3004.5,0.001568
35,"Combine","NM5",,"posterior",-2999.5,0.0008775
35,"Combine","NM5",,"posterior",-2994.5,0.0006998
35,"Combine","NM5",,"posterior",-2989.5,0.0008408
35,"Combine","NM5",,"posterior",-2984.5,0.0010412
35,"Combine","NM5",,"posterior",-2979.5,0.0010862
35,"Combine","NM5",,"posterior",-2974.5,0.0010502
35,"Combine","NM5",,"posterior",-2969.5,0.0009278
35,"Combine","NM5",,"posterior",-2964.5,0.0007197
35,"Combine","NM5",,"posterior",-2959.5,0.0005254
35,"Combine","NM5",,"posterior",-2954.5,0.000415
35,"Combine","NM5",,"posterior",-2949.5,0.0003466
35,"Combine","NM5",,"posterior",-2944.5,0.00029974
35,"Combine","NM5",,"posterior",-2939.5,0.00024053
35,"Combine","NM5",,"posterior",-2934.5,0.00014714
35,"Combine","NM5",,"posterior",-2929.5,0.00006085
35,"Combine","NM5",,"posterior",-2924.5,0.000014495
35,"Combine","NM5",,"posterior",-2919.5,0.000002345
35,"Combine","NM5",,"posterior",-2914.5,8.496e-8
35,"Combine","NM5",,"posterior",-2909.5,0
35,"Combine","NM5",,"posterior",-2904.5,0
36,"R_Date","NM5-2",,"likelihood",-3379.5,0
36,"R_Date","NM5-2",,"likelihood",-3374.5,0
36,"R_Date","NM5-2",,"likelihood",-3369.5,0
36,"R_Date","NM5-2",,"likelihood",-3364.5,1.5012e-7
36,"R_Date","NM5-2",,"likelihood",-3359.5,0.0000026409
36,"R_Date","NM5-2",,"likelihood",-3354.5,0.000016646
36,"R_Date","NM5-2",,"likelihood",-3349.5,0.00005359
36,"R_Date","NM5-2",,"likelihood",-3344.5,0.00009612
36,"R_Date","NM5-2",,"likelihood",-3339.5,0.00020043
36,"R_Date","NM5-2",,"likelihood",-3334.5,0.0005099
36,"R_Date","NM5-2",,"likelihood",-3329.5,0.0010876
36,"R_Date","NM5-2",,"likelihood",-3324.5,0.0018644
36,"R_Date","NM5-2",,"likelihood",-3319.5,0.002581
36,"R_Date","NM5-2",,"likelihood",-3314.5,0.0030735
36,"R_Date","NM5-2",,"likelihood",-3309.5,0.003479
36,"R_Date","NM5-2",,"likelihood",-3304.5,0.003782
36,"R_Date","NM5-2",,"likelihood",-3299.5,0.003792
36,"R_Date","NM5-2",,"likelihood",-3294.5,0.003271
36,"R_Date","NM5-2",,"likelihood",-3289.5,0.0028601
36,"R_Date","NM5-2",,"likelihood",-3284.5,0.003271
36,"R_Date","NM5-2",,"likelihood",-3279.5,0.003981
36,"R_Date","NM5-2",,"likelihood",-3274.5,0.003792
36,"R_Date","NM5-2",,"likelihood",-3269.5,0.003276
36,"R_Date","NM5-2",,"likelihood",-3264.5,0.003688
36,"R_Date","NM5-2",,"likelihood",-3259.5,0.004844
36,"R_Date","NM5-2",,"likelihood",-3254.5,0.005228
36,"R_Date","NM5-2",,"likelihood",-3249.5,0.004844
36,"R_Date","NM5-2",,"likelihood",-3244.5,0.004272
36,"R_Date","NM5-2",,"likelihood",-3239.5,0.00348
36,"R_Date","NM5-2",,"likelihood",-3234.5,0.0024646
36,"R_Date","NM5-2",,"likelihood",-3229.5,0.0018644
36,"R_Date","NM5-2",,"likelihood",-3224.5,0.001595
36,"R_Date","NM5-2",,"likelihood",-3219.5,0.0015195
36,"R_Date","NM5-2",,"likelihood",-3214.5,0.0010553
36,"R_Date","NM5-2",,"likelihood",-3209.5,0.0005352
36,"R_Date","NM5-2",,"likelihood",-3204.5,0.00029221
36,"R_Date","NM5-2",,"likelihood",-3199.5,0.00023369
36,"R_Date","NM5-2",,"likelihood",-3194.5,0.0003582
36,"R_Date","NM5-2",,"likelihood",-3189.5,0.0007172
36,"R_Date","NM5-2",,"likelihood",-3184.5,0.0012731
36,"R_Date","NM5-2",,"likelihood",-3179.5,0.0018944
36,"R_Date","NM5-2",,"likelihood",-3174.5,0.002581
36,"R_Date","NM5-2",,"likelihood",-3169.5,0.0030735
36,"R_Date","NM5-2",,"likelihood",-3164.5,0.0030817
36,"R_Date","NM5-2",,"likelihood",-3159.5,0.0026944
36,"R_Date","NM5-2",,"likelihood",-3154.5,0.0017831
36,"R_Date","NM5-2",,"likelihood",-3149.5,0.0010632
36,"R_Date","NM5-2",,"likelihood",-3144.5,0.0006875
36,"R_Date","NM5-2",,"likelihood",-3139.5,0.0007172
36,"R_Date","NM5-2",,"likelihood",-3134.5,0.0009027
36,"R_Date","NM5-2",,"likelihood",-3129.5,0.0011209
36,"R_Date","NM5-2",,"likelihood",-3124.5,0.0011209
36,"R_Date","NM5-2",,"likelihood",-3119.5,0.0013067
36,"R_Date","NM5-2",,"likelihood",-3114.5,0.0015116
36,"R_Date","NM5-2",,"likelihood",-3109.5,0.0015841
36,"R_Date","NM5-2",,"likelihood",-3104.5,0.0024144
36,"R_Date","NM5-2",,"likelihood",-3099.5,0.004246
36,"R_Date","NM5-2",,"likelihood",-3094.5,0.005545
36,"R_Date","NM5-2",,"likelihood",-3089.5,0.005364
36,"R_Date","NM5-2",,"likelihood",-3084.5,0.004827
36,"R_Date","NM5-2",,"likelihood",-3079.5,0.004327
36,"R_Date","NM5-2",,"likelihood",-3074.5,0.003669
36,"R_Date","NM5-2",,"likelihood",-3069.5,0.0031589
36,"R_Date","NM5-2",,"likelihood",-3064.5,0.003363
36,"R_Date","NM5-2",,"likelihood",-3059.5,0.004356
36,"R_Date","NM5-2",,"likelihood",-3054.5,0.005163
36,"R_Date","NM5-2",,"likelihood",-3049.5,0.005503
36,"R_Date","NM5-2",,"likelihood",-3044.5,0.00556
36,"R_Date","NM5-2",,"likelihood",-3039.5,0.005531
36,"R_Date","NM5-2",,"likelihood",-3034.5,0.005466
36,"R_Date","NM5-2",,"likelihood",-3029.5,0.005011
36,"R_Date","NM5-2",,"likelihood",-3024.5,0.003618
36,"R_Date","NM5-2",,"likelihood",-3019.5,0.0024294
36,"R_Date","NM5-2",,"likelihood",-3014.5,0.0017467
36,"R_Date","NM5-2",,"likelihood",-3009.5,0.0010446
36,"R_Date","NM5-2",,"likelihood",-3004.5,0.0005195
36,"R_Date","NM5-2",,"likelihood",-2999.5,0.000324
36,"R_Date","NM5-2",,"likelihood",-2994.5,0.00030908
36,"R_Date","NM5-2",,"likelihood",-2989.5,0.000455
36,"R_Date","NM5-2",,"likelihood",-2984.5,0.000726
36,"R_Date","NM5-2",,"likelihood",-2979.5,0.000893
36,"R_Date","NM5-2",,"likelihood",-2974.5,0.0010338
36,"R_Date","NM5-2",,"likelihood",-2969.5,0.0011252
36,"R_Date","NM5-2",,"likelihood",-2964.5,0.0009891
36,"R_Date","NM5-2",,"likelihood",-2959.5,0.0008926
36,"R_Date","NM5-2",,"likelihood",-2954.5,0.0008527
36,"R_Date","NM5-2",,"likelihood",-2949.5,0.000894
36,"R_Date","NM5-2",,"likelihood",-2944.5,0.0010108
36,"R_Date","NM5-2",,"likelihood",-2939.5,0.0011008
36,"R_Date","NM5-2",,"likelihood",-2934.5,0.000977
36,"R_Date","NM5-2",,"likelihood",-2929.5,0.0006533
36,"R_Date","NM5-2",,"likelihood",-2924.5,0.0003402
36,"R_Date","NM5-2",,"likelihood",-2919.5,0.00014592
36,"R_Date","NM5-2",,"likelihood",-2914.5,0.00003454
36,"R_Date","NM5-2",,"likelihood",-2909.5,0.000005243
36,"R_Date","NM5-2",,"likelihood",-2904.5,8.673e-7
36,"R_Date","NM5-2",,"likelihood",-2899.5,1.1676e-7
36,"R_Date","NM5-2",,"likelihood",-2894.5,1.112e-8
36,"R_Date","NM5-2",,"likelihood",-2889.5,0
36,"R_Date","NM5-2",,"likelihood",-2884.5,0
36,"R_Date","NM5-2",,"likelihood",-2879.5,0
36,"R_Date","NM5-2",,"posterior",-3354.5,0
36,"R_Date","NM5-2",,"posterior",-3349.5,0
36,"R_Date","NM5-2",,"posterior",-3344.5,0
36,"R_Date","NM5-2",,"posterior",-3339.5,8.496e-8
36,"R_Date","NM5-2",,"posterior",-3334.5,0
36,"R_Date","NM5-2",,"posterior",-3329.5,1.6993e-7
36,"R_Date","NM5-2",,"posterior",-3324.5,4.418e-7
36,"R_Date","NM5-2",,"posterior",-3319.5,9.516e-7
36,"R_Date","NM5-2",,"posterior",-3314.5,0.0000019882
36,"R_Date","NM5-2",,"posterior",-3309.5,0.0000015633
36,"R_Date","NM5-2",,"posterior",-3304.5,0.000003738
36,"R_Date","NM5-2",,"posterior",-3299.5,0.000004248
36,"R_Date","NM5-2",,"posterior",-3294.5,0.000004333
36,"R_Date","NM5-2",,"posterior",-3289.5,0.00000469
36,"R_Date","NM5-2",,"posterior",-3284.5,0.000006763
36,"R_Date","NM5-2",,"posterior",-3279.5,0.000005897
36,"R_Date","NM5-2",,"posterior",-3274.5,0.00000503
36,"R_Date","NM5-2",,"posterior",-3269.5,0.000005812
36,"R_Date","NM5-2",,"posterior",-3264.5,0.000008327
36,"R_Date","NM5-2",,"posterior",-3259.5,0.000011453
36,"R_Date","NM5-2",,"posterior",-3254.5,0.000012847
36,"R_Date","NM5-2",,"posterior",-3249.5,0.000012235
36,"R_Date","NM5-2",,"posterior",-3244.5,0.000014852
36,"R_Date","NM5-2",,"posterior",-3239.5,0.000012592
36,"R_Date","NM5-2",,"posterior",-3234.5,0.00000746
36,"R_Date","NM5-2",,"posterior",-3229.5,0.000006083
36,"R_Date","NM5-2",,"posterior",-3224.5,0.000005472
36,"R_Date","NM5-2",,"posterior",-3219.5,0.00000469
36,"R_Date","NM5-2",,"posterior",-3214.5,0.000005302
36,"R_Date","NM5-2",,"posterior",-3209.5,0.0000020901
36,"R_Date","NM5-2",,"posterior",-3204.5,0.0000010366
36,"R_Date","NM5-2",,"posterior",-3199.5,0.0000010366
36,"R_Date","NM5-2",,"posterior",-3194.5,0.0000022601
36,"R_Date","NM5-2",,"posterior",-3189.5,0.000005642
36,"R_Date","NM5-2",,"posterior",-3184.5,0.000014937
36,"R_Date","NM5-2",,"posterior",-3179.5,0.00002622
36,"R_Date","NM5-2",,"posterior",-3174.5,0.00005183
36,"R_Date","NM5-2",,"posterior",-3169.5,0.00007917
36,"R_Date","NM5-2",,"posterior",-3164.5,0.00009305
36,"R_Date","NM5-2",,"posterior",-3159.5,0.0000973
36,"R_Date","NM5-2",,"posterior",-3154.5,0.00008377
36,"R_Date","NM5-2",,"posterior",-3149.5,0.00005859
36,"R_Date","NM5-2",,"posterior",-3144.5,0.0000573
36,"R_Date","NM5-2",,"posterior",-3139.5,0.00006945
36,"R_Date","NM5-2",,"posterior",-3134.5,0.00012187
36,"R_Date","NM5-2",,"posterior",-3129.5,0.00019027
36,"R_Date","NM5-2",,"posterior",-3124.5,0.00029348
36,"R_Date","NM5-2",,"posterior",-3119.5,0.0005028
36,"R_Date","NM5-2",,"posterior",-3114.5,0.0008038
36,"R_Date","NM5-2",,"posterior",-3109.5,0.0012638
36,"R_Date","NM5-2",,"posterior",-3104.5,0.0024911
36,"R_Date","NM5-2",,"posterior",-3099.5,0.004984
36,"R_Date","NM5-2",,"posterior",-3094.5,0.007178
36,"R_Date","NM5-2",,"posterior",-3089.5,0.007668
36,"R_Date","NM5-2",,"posterior",-3084.5,0.007217
36,"R_Date","NM5-2",,"posterior",-3079.5,0.006697
36,"R_Date","NM5-2",,"posterior",-3074.5,0.006098
36,"R_Date","NM5-2",,"posterior",-3069.5,0.00565
36,"R_Date","NM5-2",,"posterior",-3064.5,0.006662
36,"R_Date","NM5-2",,"posterior",-3059.5,0.009468
36,"R_Date","NM5-2",,"posterior",-3054.5,0.012895
36,"R_Date","NM5-2",,"posterior",-3049.5,0.015265
36,"R_Date","NM5-2",,"posterior",-3044.5,0.016534
36,"R_Date","NM5-2",,"posterior",-3039.5,0.016993
36,"R_Date","NM5-2",,"posterior",-3034.5,0.016761
36,"R_Date","NM5-2",,"posterior",-3029.5,0.015226
36,"R_Date","NM5-2",,"posterior",-3024.5,0.011283
36,"R_Date","NM5-2",,"posterior",-3019.5,0.007639
36,"R_Date","NM5-2",,"posterior",-3014.5,0.005294
36,"R_Date","NM5-2",,"posterior",-3009.5,0.003166
36,"R_Date","NM5-2",,"posterior",-3004.5,0.001568
36,"R_Date","NM5-2",,"posterior",-2999.5,0.0008775
36,"R_Date","NM5-2",,"posterior",-2994.5,0.0006998
36,"R_Date","NM5-2",,"posterior",-2989.5,0.0008408
36,"R_Date","NM5-2",,"posterior",-2984.5,0.0010412
36,"R_Date","NM5-2",,"posterior",-2979.5,0.0010862
36,"R_Date","NM5-2",,"posterior",-2974.5,0.0010502
36,"R_Date","NM5-2",,"posterior",-2969.5,0.0009278
36,"R_Date","NM5-2",,"posterior",-2964.5,0.0007197
36,"R_Date","NM5-2",,"posterior",-2959.5,0.0005254
36,"R_Date","NM5-2",,"posterior",-2954.5,0.000415
36,"R_Date","NM5-2",,"posterior",-2949.5,0.0003466
36,"R_Date","NM5-2",,"posterior",-2944.5,0.00029974
36,"R_Date","NM5-2",,"posterior",-2939.5,0.00024053
36,"R_Date","NM5-2",,"posterior",-2934.5,0.00014714
36,"R_Date","NM5-2",,"posterior",-2929.5,0.00006085
36,"R_Date","NM5-2",,"posterior",-2924.5,0.000014495
36,"R_Date","NM5-2",,"posterior",-2919.5,0.000002345
36,"R_Date","NM5-2",,"posterior",-2914.5,8.496e-8
36,"R_Date","NM5-2",,"posterior",-2909.5,0
36,"R_Date","NM5-2",,"posterior",-2904.5,0
37,"Combine","NM8",,"likelihood",-3319.5,0
37,"Combine","NM8",,"likelihood",-3314.5,0
37,"Combine","NM8",,"likelihood",-3309.5,0
37,"Combine","NM8",,"likelihood",-3304.5,1.0366e-8
37,"Combine","NM8",,"likelihood",-3299.5,1.0366e-8
37,"Combine","NM8",,"likelihood",-3294.5,0
37,"Combine","NM8",,"likelihood",-3289.5,0
37,"Combine","NM8",,"likelihood",-3284.5,0
37,"Combine","NM8",,"likelihood",-3279.5,2.0731e-8
37,"Combine","NM8",,"likelihood",-3274.5,1.0366e-8
37,"Combine","NM8",,"likelihood",-3269.5,0
37,"Combine","NM8",,"likelihood",-3264.5,0
37,"Combine","NM8",,"likelihood",-3259.5,1.5548e-7
37,"Combine","NM8",,"likelihood",-3254.5,0.0000011817
37,"Combine","NM8",,"likelihood",-3249.5,1.5548e-7
37,"Combine","NM8",,"likelihood",-3244.5,5.183e-8
37,"Combine","NM8",,"likelihood",-3239.5,0
37,"Combine","NM8",,"likelihood",-3234.5,0
37,"Combine","NM8",,"likelihood",-3229.5,0
37,"Combine","NM8",,"likelihood",-3224.5,0
37,"Combine","NM8",,"likelihood",-3219.5,0
37,"Combine","NM8",,"likelihood",-3214.5,0
37,"Combine","NM8",,"likelihood",-3209.5,0
37,"Combine","NM8",,"likelihood",-3204.5,0
37,"Combine","NM8",,"likelihood",-3199.5,0
37,"Combine","NM8",,"likelihood",-3194.5,0
37,"Combine","NM8",,"likelihood",-3189.5,0
37,"Combine","NM8",,"likelihood",-3184.5,0
37,"Combine","NM8",,"likelihood",-3179.5,0
37,"Combine","NM8",,"likelihood",-3174.5,0
37,"Combine","NM8",,"likelihood",-3169.5,0
37,"Combine","NM8",,"likelihood",-3164.5,0
37,"Combine","NM8",,"likelihood",-3159.5,0
37,"Combine","NM8",,"likelihood",-3154.5,0
37,"Combine","NM8",,"likelihood",-3149.5,0
37,"Combine","NM8",,"likelihood",-3144.5,0
37,"Combine","NM8",,"likelihood",-3139.5,0
37,"Combine","NM8",,"likelihood",-3134.5,0
37,"Combine","NM8",,"likelihood",-3129.5,0
37,"Combine","NM8",,"likelihood",-3124.5,0
37,"Combine","NM8",,"likelihood",-3119.5,0
37,"Combine","NM8",,"likelihood",-3114.5,0
37,"Combine","NM8",,"likelihood",-3109.5,0
37,"Combine","NM8",,"likelihood",-3104.5,0
37,"Combine","NM8",,"likelihood",-3099.5,9.329e-8
37,"Combine","NM8",,"likelihood",-3094.5,0.000005867
37,"Combine","NM8",,"likelihood",-3089.5,0.00013272
37,"Combine","NM8",,"likelihood",-3084.5,0.000507
37,"Combine","NM8",,"likelihood",-3079.5,0.0010807
37,"Combine","NM8",,"likelihood",-3074.5,0.0021347
37,"Combine","NM8",,"likelihood",-3069.5,0.00339
37,"Combine","NM8",,"likelihood",-3064.5,0.0029919
37,"Combine","NM8",,"likelihood",-3059.5,0.0009773
37,"Combine","NM8",,"likelihood",-3054.5,0.0002482
37,"Combine","NM8",,"likelihood",-3049.5,0.00007786
37,"Combine","NM8",,"likelihood",-3044.5,0.0000574
37,"Combine","NM8",,"likelihood",-3039.5,0.00006875
37,"Combine","NM8",,"likelihood",-3034.5,0.00009435
37,"Combine","NM8",,"likelihood",-3029.5,0.00034
37,"Combine","NM8",,"likelihood",-3024.5,0.0021113
37,"Combine","NM8",,"likelihood",-3019.5,0.005804
37,"Combine","NM8",,"likelihood",-3014.5,0.008469
37,"Combine","NM8",,"likelihood",-3009.5,0.01035
37,"Combine","NM8",,"likelihood",-3004.5,0.008675
37,"Combine","NM8",,"likelihood",-2999.5,0.00614
37,"Combine","NM8",,"likelihood",-2994.5,0.006133
37,"Combine","NM8",,"likelihood",-2989.5,0.008053
37,"Combine","NM8",,"likelihood",-2984.5,0.009724
37,"Combine","NM8",,"likelihood",-2979.5,0.010316
37,"Combine","NM8",,"likelihood",-2974.5,0.010354
37,"Combine","NM8",,"likelihood",-2969.5,0.010117
37,"Combine","NM8",,"likelihood",-2964.5,0.010366
37,"Combine","NM8",,"likelihood",-2959.5,0.010317
37,"Combine","NM8",,"likelihood",-2954.5,0.010261
37,"Combine","NM8",,"likelihood",-2949.5,0.010319
37,"Combine","NM8",,"likelihood",-2944.5,0.010365
37,"Combine","NM8",,"likelihood",-2939.5,0.010231
37,"Combine","NM8",,"likelihood",-2934.5,0.010254
37,"Combine","NM8",,"likelihood",-2929.5,0.009589
37,"Combine","NM8",,"likelihood",-2924.5,0.006614
37,"Combine","NM8",,"likelihood",-2919.5,0.002855
37,"Combine","NM8",,"likelihood",-2914.5,0.0004552
37,"Combine","NM8",,"likelihood",-2909.5,0.000021104
37,"Combine","NM8",,"likelihood",-2904.5,7.049e-7
37,"Combine","NM8",,"likelihood",-2899.5,1.0366e-8
37,"Combine","NM8",,"likelihood",-2894.5,0
37,"Combine","NM8",,"likelihood",-2889.5,0
37,"Combine","NM8",,"likelihood",-2884.5,0
37,"Combine","NM8",,"posterior",-3109.5,0
37,"Combine","NM8",,"posterior",-3104.5,0
37,"Combine","NM8",,"posterior",-3099.5,8.268e-8
37,"Combine","NM8",,"posterior",-3094.5,0.000011272
37,"Combine","NM8",,"posterior",-3089.5,0.00017778
37,"Combine","NM8",,"posterior",-3084.5,0.000695
37,"Combine","NM8",,"posterior",-3079.5,0.0016113
37,"Combine","NM8",,"posterior",-3074.5,0.003225
37,"Combine","NM8",,"posterior",-3069.5,0.005138
37,"Combine","NM8",,"posterior",-3064.5,0.00484
37,"Combine","NM8",,"posterior",-3059.5,0.0021167
37,"Combine","NM8",,"posterior",-3054.5,0.0006446
37,"Combine","NM8",,"posterior",-3049.5,0.00022621
37,"Combine","NM8",,"posterior",-3044.5,0.0001618
37,"Combine","NM8",,"posterior",-3039.5,0.00018958
37,"Combine","NM8",,"posterior",-3034.5,0.00031249
37,"Combine","NM8",,"posterior",-3029.5,0.0012053
37,"Combine","NM8",,"posterior",-3024.5,0.00619
37,"Combine","NM8",,"posterior",-3019.5,0.015953
37,"Combine","NM8",,"posterior",-3014.5,0.02375
37,"Combine","NM8",,"posterior",-3009.5,0.027559
37,"Combine","NM8",,"posterior",-3004.5,0.02184
37,"Combine","NM8",,"posterior",-2999.5,0.013883
37,"Combine","NM8",,"posterior",-2994.5,0.010985
37,"Combine","NM8",,"posterior",-2989.5,0.010904
37,"Combine","NM8",,"posterior",-2984.5,0.010245
37,"Combine","NM8",,"posterior",-2979.5,0.00858
37,"Combine","NM8",,"posterior",-2974.5,0.006912
37,"Combine","NM8",,"posterior",-2969.5,0.005498
37,"Combine","NM8",,"posterior",-2964.5,0.004398
37,"Combine","NM8",,"posterior",-2959.5,0.003539
37,"Combine","NM8",,"posterior",-2954.5,0.0027701
37,"Combine","NM8",,"posterior",-2949.5,0.002201
37,"Combine","NM8",,"posterior",-2944.5,0.001651
37,"Combine","NM8",,"posterior",-2939.5,0.0011529
37,"Combine","NM8",,"posterior",-2934.5,0.0007957
37,"Combine","NM8",,"posterior",-2929.5,0.0004419
37,"Combine","NM8",,"posterior",-2924.5,0.00015973
37,"Combine","NM8",,"posterior",-2919.5,0.00003299
37,"Combine","NM8",,"posterior",-2914.5,0.0000025906
37,"Combine","NM8",,"posterior",-2909.5,0
37,"Combine","NM8",,"posterior",-2904.5,0
38,"R_Date","NM8-1",,"likelihood",-3354.5,0
38,"R_Date","NM8-1",,"likelihood",-3349.5,0
38,"R_Date","NM8-1",,"likelihood",-3344.5,0
38,"R_Date","NM8-1",,"likelihood",-3339.5,1.7933e-8
38,"R_Date","NM8-1",,"likelihood",-3334.5,2.152e-7
38,"R_Date","NM8-1",,"likelihood",-3329.5,0.000002672
38,"R_Date","NM8-1",,"likelihood",-3324.5,0.00001423
38,"R_Date","NM8-1",,"likelihood",-3319.5,0.00004255
38,"R_Date","NM8-1",,"likelihood",-3314.5,0.00008013
38,"R_Date","NM8-1",,"likelihood",-3309.5,0.00012923
38,"R_Date","NM8-1",,"likelihood",-3304.5,0.00018187
38,"R_Date","NM8-1",,"likelihood",-3299.5,0.00015427
38,"R_Date","NM8-1",,"likelihood",-3294.5,0.00008423
38,"R_Date","NM8-1",,"likelihood",-3289.5,0.00005037
38,"R_Date","NM8-1",,"likelihood",-3284.5,0.00008423
38,"R_Date","NM8-1",,"likelihood",-3279.5,0.0002266
38,"R_Date","NM8-1",,"likelihood",-3274.5,0.00015427
38,"R_Date","NM8-1",,"likelihood",-3269.5,0.00010208
38,"R_Date","NM8-1",,"likelihood",-3264.5,0.00013714
38,"R_Date","NM8-1",,"likelihood",-3259.5,0.0005046
38,"R_Date","NM8-1",,"likelihood",-3254.5,0.0009628
38,"R_Date","NM8-1",,"likelihood",-3249.5,0.0005046
38,"R_Date","NM8-1",,"likelihood",-3244.5,0.00031142
38,"R_Date","NM8-1",,"likelihood",-3239.5,0.00010783
38,"R_Date","NM8-1",,"likelihood",-3234.5,0.000029339
38,"R_Date","NM8-1",,"likelihood",-3229.5,0.00001423
38,"R_Date","NM8-1",,"likelihood",-3224.5,0.000006761
38,"R_Date","NM8-1",,"likelihood",-3219.5,0.000005783
38,"R_Date","NM8-1",,"likelihood",-3214.5,0.0000018561
38,"R_Date","NM8-1",,"likelihood",-3209.5,3.497e-7
38,"R_Date","NM8-1",,"likelihood",-3204.5,4.483e-8
38,"R_Date","NM8-1",,"likelihood",-3199.5,2.69e-8
38,"R_Date","NM8-1",,"likelihood",-3194.5,1.1657e-7
38,"R_Date","NM8-1",,"likelihood",-3189.5,0.000001067
38,"R_Date","NM8-1",,"likelihood",-3184.5,0.000004295
38,"R_Date","NM8-1",,"likelihood",-3179.5,0.000018767
38,"R_Date","NM8-1",,"likelihood",-3174.5,0.00004255
38,"R_Date","NM8-1",,"likelihood",-3169.5,0.00008013
38,"R_Date","NM8-1",,"likelihood",-3164.5,0.00009757
38,"R_Date","NM8-1",,"likelihood",-3159.5,0.00006038
38,"R_Date","NM8-1",,"likelihood",-3154.5,0.00001232
38,"R_Date","NM8-1",,"likelihood",-3149.5,0.000003264
38,"R_Date","NM8-1",,"likelihood",-3144.5,6.994e-7
38,"R_Date","NM8-1",,"likelihood",-3139.5,0.000001067
38,"R_Date","NM8-1",,"likelihood",-3134.5,0.0000020354
38,"R_Date","NM8-1",,"likelihood",-3129.5,0.000003811
38,"R_Date","NM8-1",,"likelihood",-3124.5,0.000003811
38,"R_Date","NM8-1",,"likelihood",-3119.5,0.000005999
38,"R_Date","NM8-1",,"likelihood",-3114.5,0.000009298
38,"R_Date","NM8-1",,"likelihood",-3109.5,0.000010733
38,"R_Date","NM8-1",,"likelihood",-3104.5,0.00004147
38,"R_Date","NM8-1",,"likelihood",-3099.5,0.000356
38,"R_Date","NM8-1",,"likelihood",-3094.5,0.0016732
38,"R_Date","NM8-1",,"likelihood",-3089.5,0.004255
38,"R_Date","NM8-1",,"likelihood",-3084.5,0.006116
38,"R_Date","NM8-1",,"likelihood",-3079.5,0.007274
38,"R_Date","NM8-1",,"likelihood",-3074.5,0.008486
38,"R_Date","NM8-1",,"likelihood",-3069.5,0.008936
38,"R_Date","NM8-1",,"likelihood",-3064.5,0.008597
38,"R_Date","NM8-1",,"likelihood",-3059.5,0.00738
38,"R_Date","NM8-1",,"likelihood",-3054.5,0.005077
38,"R_Date","NM8-1",,"likelihood",-3049.5,0.003785
38,"R_Date","NM8-1",,"likelihood",-3044.5,0.003482
38,"R_Date","NM8-1",,"likelihood",-3039.5,0.003677
38,"R_Date","NM8-1",,"likelihood",-3034.5,0.004039
38,"R_Date","NM8-1",,"likelihood",-3029.5,0.005761
38,"R_Date","NM8-1",,"likelihood",-3024.5,0.008731
38,"R_Date","NM8-1",,"likelihood",-3019.5,0.008967
38,"R_Date","NM8-1",,"likelihood",-3014.5,0.008182
38,"R_Date","NM8-1",,"likelihood",-3009.5,0.006266
38,"R_Date","NM8-1",,"likelihood",-3004.5,0.003777
38,"R_Date","NM8-1",,"likelihood",-2999.5,0.002475
38,"R_Date","NM8-1",,"likelihood",-2994.5,0.0024197
38,"R_Date","NM8-1",,"likelihood",-2989.5,0.003386
38,"R_Date","NM8-1",,"likelihood",-2984.5,0.004768
38,"R_Date","NM8-1",,"likelihood",-2979.5,0.005657
38,"R_Date","NM8-1",,"likelihood",-2974.5,0.006221
38,"R_Date","NM8-1",,"likelihood",-2969.5,0.006213
38,"R_Date","NM8-1",,"likelihood",-2964.5,0.006048
38,"R_Date","NM8-1",,"likelihood",-2959.5,0.005656
38,"R_Date","NM8-1",,"likelihood",-2954.5,0.005482
38,"R_Date","NM8-1",,"likelihood",-2949.5,0.005662
38,"R_Date","NM8-1",,"likelihood",-2944.5,0.006137
38,"R_Date","NM8-1",,"likelihood",-2939.5,0.0063
38,"R_Date","NM8-1",,"likelihood",-2934.5,0.005847
38,"R_Date","NM8-1",,"likelihood",-2929.5,0.004518
38,"R_Date","NM8-1",,"likelihood",-2924.5,0.0026371
38,"R_Date","NM8-1",,"likelihood",-2919.5,0.0011719
38,"R_Date","NM8-1",,"likelihood",-2914.5,0.00025719
38,"R_Date","NM8-1",,"likelihood",-2909.5,0.000027294
38,"R_Date","NM8-1",,"likelihood",-2904.5,0.0000030307
38,"R_Date","NM8-1",,"likelihood",-2899.5,2.2416e-7
38,"R_Date","NM8-1",,"likelihood",-2894.5,8.967e-9
38,"R_Date","NM8-1",,"likelihood",-2889.5,0
38,"R_Date","NM8-1",,"likelihood",-2884.5,0
38,"R_Date","NM8-1",,"likelihood",-2879.5,0
38,"R_Date","NM8-1",,"posterior",-3109.5,0
38,"R_Date","NM8-1",,"posterior",-3104.5,0
38,"R_Date","NM8-1",,"posterior",-3099.5,8.268e-8
38,"R_Date","NM8-1",,"posterior",-3094.5,0.000011272
38,"R_Date","NM8-1",,"posterior",-3089.5,0.00017778
38,"R_Date","NM8-1",,"posterior",-3084.5,0.000695
38,"R_Date","NM8-1",,"posterior",-3079.5,0.0016113
38,"R_Date","NM8-1",,"posterior",-3074.5,0.003225
38,"R_Date","NM8-1",,"posterior",-3069.5,0.005138
38,"R_Date","NM8-1",,"posterior",-3064.5,0.00484
38,"R_Date","NM8-1",,"posterior",-3059.5,0.0021167
38,"R_Date","NM8-1",,"posterior",-3054.5,0.0006446
38,"R_Date","NM8-1",,"posterior",-3049.5,0.00022621
38,"R_Date","NM8-1",,"posterior",-3044.5,0.0001618
38,"R_Date","NM8-1",,"posterior",-3039.5,0.00018958
38,"R_Date","NM8-1",,"posterior",-3034.5,0.00031249
38,"R_Date","NM8-1",,"posterior",-3029.5,0.0012053
38,"R_Date","NM8-1",,"posterior",-3024.5,0.00619
38,"R_Date","NM8-1",,"posterior",-3019.5,0.015953
38,"R_Date","NM8-1",,"posterior",-3014.5,0.02375
38,"R_Date","NM8-1",,"posterior",-3009.5,0.027559
38,"R_Date","NM8-1",,"posterior",-3004.5,0.02184
38,"R_Date","NM8-1",,"posterior",-2999.5,0.013883
38,"R_Date","NM8-1",,"posterior",-2994.5,0.010985
38,"R_Date","NM8-1",,"posterior",-2989.5,0.010904
38,"R_Date","NM8-1",,"posterior",-2984.5,0.010245
38,"R_Date","NM8-1",,"posterior",-2979.5,0.00858
38,"R_Date","NM8-1",,"posterior",-2974.5,0.006912
38,"R_Date","NM8-1",,"posterior",-2969.5,0.005498
38,"R_Date","NM8-1",,"posterior",-2964.5,0.004398
38,"R_Date","NM8-1",,"posterior",-2959.5,0.003539
38,"R_Date","NM8-1",,"posterior",-2954.5,0.0027701
38,"R_Date","NM8-1",,"posterior",-2949.5,0.002201
38,"R_Date","NM8-1",,"posterior",-2944.5,0.001651
38,"R_Date","NM8-1",,"posterior",-2939.5,0.0011529
38,"R_Date","NM8-1",,"posterior",-2934.5,0.0007957
38,"R_Date","NM8-1",,"posterior",-2929.5,0.0004419
38,"R_Date","NM8-1",,"posterior",-2924.5,0.00015973
38,"R_Date","NM8-1",,"posterior",-2919.5,0.00003299
38,"R_Date","NM8-1",,"posterior",-2914.5,0.0000025906
38,"R_Date","NM8-1",,"posterior",-2909.5,0
38,"R_Date","NM8-1",,"posterior",-2904.5,0
39,"R_Date","NM8-2",,"likelihood",-3334.5,0
39,"R_Date","NM8-2",,"likelihood",-3329.5,0
39,"R_Date","NM8-2",,"likelihood",-3324.5,1.1472e-8
39,"R_Date","NM8-2",,"likelihood",-3319.5,3.442e-8
39,"R_Date","NM8-2",,"likelihood",-3314.5,8.031e-8
39,"R_Date","NM8-2",,"likelihood",-3309.5,1.8356e-7
39,"R_Date","NM8-2",,"likelihood",-3304.5,3.0975e-7
39,"R_Date","NM8-2",,"likelihood",-3299.5,1.9503e-7
39,"R_Date","NM8-2",,"likelihood",-3294.5,6.883e-8
39,"R_Date","NM8-2",,"likelihood",-3289.5,3.442e-8
39,"R_Date","NM8-2",,"likelihood",-3284.5,6.883e-8
39,"R_Date","NM8-2",,"likelihood",-3279.5,4.474e-7
39,"R_Date","NM8-2",,"likelihood",-3274.5,1.9503e-7
39,"R_Date","NM8-2",,"likelihood",-3269.5,1.2619e-7
39,"R_Date","NM8-2",,"likelihood",-3264.5,1.6061e-7
39,"R_Date","NM8-2",,"likelihood",-3259.5,0.000001434
39,"R_Date","NM8-2",,"likelihood",-3254.5,0.000005541
39,"R_Date","NM8-2",,"likelihood",-3249.5,0.000001434
39,"R_Date","NM8-2",,"likelihood",-3244.5,7.572e-7
39,"R_Date","NM8-2",,"likelihood",-3239.5,1.0325e-7
39,"R_Date","NM8-2",,"likelihood",-3234.5,1.1472e-8
39,"R_Date","NM8-2",,"likelihood",-3229.5,1.1472e-8
39,"R_Date","NM8-2",,"likelihood",-3224.5,0
39,"R_Date","NM8-2",,"likelihood",-3219.5,0
39,"R_Date","NM8-2",,"likelihood",-3214.5,0
39,"R_Date","NM8-2",,"likelihood",-3209.5,0
39,"R_Date","NM8-2",,"likelihood",-3204.5,0
39,"R_Date","NM8-2",,"likelihood",-3199.5,0
39,"R_Date","NM8-2",,"likelihood",-3194.5,0
39,"R_Date","NM8-2",,"likelihood",-3189.5,0
39,"R_Date","NM8-2",,"likelihood",-3184.5,0
39,"R_Date","NM8-2",,"likelihood",-3179.5,1.1472e-8
39,"R_Date","NM8-2",,"likelihood",-3174.5,3.442e-8
39,"R_Date","NM8-2",,"likelihood",-3169.5,8.031e-8
39,"R_Date","NM8-2",,"likelihood",-3164.5,1.3767e-7
39,"R_Date","NM8-2",,"likelihood",-3159.5,6.883e-8
39,"R_Date","NM8-2",,"likelihood",-3154.5,0
39,"R_Date","NM8-2",,"likelihood",-3149.5,0
39,"R_Date","NM8-2",,"likelihood",-3144.5,0
39,"R_Date","NM8-2",,"likelihood",-3139.5,0
39,"R_Date","NM8-2",,"likelihood",-3134.5,0
39,"R_Date","NM8-2",,"likelihood",-3129.5,0
39,"R_Date","NM8-2",,"likelihood",-3124.5,0
39,"R_Date","NM8-2",,"likelihood",-3119.5,0
39,"R_Date","NM8-2",,"likelihood",-3114.5,0
39,"R_Date","NM8-2",,"likelihood",-3109.5,0
39,"R_Date","NM8-2",,"likelihood",-3104.5,3.442e-8
39,"R_Date","NM8-2",,"likelihood",-3099.5,0.0000011587
39,"R_Date","NM8-2",,"likelihood",-3094.5,0.000015866
39,"R_Date","NM8-2",,"likelihood",-3089.5,0.00014115
39,"R_Date","NM8-2",,"likelihood",-3084.5,0.0003752
39,"R_Date","NM8-2",,"likelihood",-3079.5,0.0006725
39,"R_Date","NM8-2",,"likelihood",-3074.5,0.0011386
39,"R_Date","NM8-2",,"likelihood",-3069.5,0.0017168
39,"R_Date","NM8-2",,"likelihood",-3064.5,0.0015752
39,"R_Date","NM8-2",,"likelihood",-3059.5,0.0005994
39,"R_Date","NM8-2",,"likelihood",-3054.5,0.0002213
39,"R_Date","NM8-2",,"likelihood",-3049.5,0.0000931
39,"R_Date","NM8-2",,"likelihood",-3044.5,0.0000746
39,"R_Date","NM8-2",,"likelihood",-3039.5,0.00008463
39,"R_Date","NM8-2",,"likelihood",-3034.5,0.00010572
39,"R_Date","NM8-2",,"likelihood",-3029.5,0.00026711
39,"R_Date","NM8-2",,"likelihood",-3024.5,0.0010944
39,"R_Date","NM8-2",,"likelihood",-3019.5,0.0029299
39,"R_Date","NM8-2",,"likelihood",-3014.5,0.004685
39,"R_Date","NM8-2",,"likelihood",-3009.5,0.007476
39,"R_Date","NM8-2",,"likelihood",-3004.5,0.010395
39,"R_Date","NM8-2",,"likelihood",-2999.5,0.011228
39,"R_Date","NM8-2",,"likelihood",-2994.5,0.011472
39,"R_Date","NM8-2",,"likelihood",-2989.5,0.010765
39,"R_Date","NM8-2",,"likelihood",-2984.5,0.009231
39,"R_Date","NM8-2",,"likelihood",-2979.5,0.008254
39,"R_Date","NM8-2",,"likelihood",-2974.5,0.007533
39,"R_Date","NM8-2",,"likelihood",-2969.5,0.00737
39,"R_Date","NM8-2",,"likelihood",-2964.5,0.007757
39,"R_Date","NM8-2",,"likelihood",-2959.5,0.008255
39,"R_Date","NM8-2",,"likelihood",-2954.5,0.008471
39,"R_Date","NM8-2",,"likelihood",-2949.5,0.008248
39,"R_Date","NM8-2",,"likelihood",-2944.5,0.007644
39,"R_Date","NM8-2",,"likelihood",-2939.5,0.007351
39,"R_Date","NM8-2",,"likelihood",-2934.5,0.007937
39,"R_Date","NM8-2",,"likelihood",-2929.5,0.009606
39,"R_Date","NM8-2",,"likelihood",-2924.5,0.011351
39,"R_Date","NM8-2",,"likelihood",-2919.5,0.011026
39,"R_Date","NM8-2",,"likelihood",-2914.5,0.008011
39,"R_Date","NM8-2",,"likelihood",-2909.5,0.003501
39,"R_Date","NM8-2",,"likelihood",-2904.5,0.0010473
39,"R_Date","NM8-2",,"likelihood",-2899.5,0.00022861
39,"R_Date","NM8-2",,"likelihood",-2894.5,0.00003515
39,"R_Date","NM8-2",,"likelihood",-2889.5,0.000003201
39,"R_Date","NM8-2",,"likelihood",-2884.5,1.3767e-7
39,"R_Date","NM8-2",,"likelihood",-2879.5,0
39,"R_Date","NM8-2",,"likelihood",-2874.5,0
39,"R_Date","NM8-2",,"likelihood",-2869.5,0
39,"R_Date","NM8-2",,"posterior",-3109.5,0
39,"R_Date","NM8-2",,"posterior",-3104.5,0
39,"R_Date","NM8-2",,"posterior",-3099.5,8.268e-8
39,"R_Date","NM8-2",,"posterior",-3094.5,0.000011272
39,"R_Date","NM8-2",,"posterior",-3089.5,0.00017778
39,"R_Date","NM8-2",,"posterior",-3084.5,0.000695
39,"R_Date","NM8-2",,"posterior",-3079.5,0.0016113
39,"R_Date","NM8-2",,"posterior",-3074.5,0.003225
39,"R_Date","NM8-2",,"posterior",-3069.5,0.005138
39,"R_Date","NM8-2",,"posterior",-3064.5,0.00484
39,"R_Date","NM8-2",,"posterior",-3059.5,0.0021167
39,"R_Date","NM8-2",,"posterior",-3054.5,0.0006446
39,"R_Date","NM8-2",,"posterior",-3049.5,0.00022621
39,"R_Date","NM8-2",,"posterior",-3044.5,0.0001618
39,"R_Date","NM8-2",,"posterior",-3039.5,0.00018958
39,"R_Date","NM8-2",,"posterior",-3034.5,0.00031249
39,"R_Date","NM8-2",,"posterior",-3029.5,0.0012053
39,"R_Date","NM8-2",,"posterior",-3024.5,0.00619
39,"R_Date","NM8-2",,"posterior",-3019.5,0.015953
39,"R_Date","NM8-2",,"posterior",-3014.5,0.02375
39,"R_Date","NM8-2",,"posterior",-3009.5,0.027559
39,"R_Date","NM8-2",,"posterior",-3004.5,0.02184
39,"R_Date","NM8-2",,"posterior",-2999.5,0.013883
39,"R_Date","NM8-2",,"posterior",-2994.5,0.010985
39,"R_Date","NM8-2",,"posterior",-2989.5,0.010904
39,"R_Date","NM8-2",,"posterior",-2984.5,0.010245
39,"R_Date","NM8-2",,"posterior",-2979.5,0.00858
39,"R_Date","NM8-2",,"posterior",-2974.5,0.006912
39,"R_Date","NM8-2",,"posterior",-2969.5,0.005498
39,"R_Date","NM8-2",,"posterior",-2964.5,0.004398
39,"R_Date","NM8-2",,"posterior",-2959.5,0.003539
39,"R_Date","NM8-2",,"posterior",-2954.5,0.0027701
39,"R_Date","NM8-2",,"posterior",-2949.5,0.002201
39,"R_Date","NM8-2",,"posterior",-2944.5,0.001651
39,"R_Date","NM8-2",,"posterior",-2939.5,0.0011529
39,"R_Date","NM8-2",,"posterior",-2934.5,0.0007957
39,"R_Date","NM8-2",,"posterior",-2929.5,0.0004419
39,"R_Date","NM8-2",,"posterior",-2924.5,0.00015973
39,"R_Date","NM8-2",,"posterior",-2919.5,0.00003299
39,"R_Date","NM8-2",,"posterior",-2914.5,0.0000025906
39,"R_Date","NM8-2",,"posterior",-2909.5,0
39,"R_Date","NM8-2",,"posterior",-2904.5,0
40,"R_Date","NM10",,"likelihood",-3344.5,0
40,"R_Date","NM10",,"likelihood",-3339.5,0
40,"R_Date","NM10",,"likelihood",-3334.5,9.475e-9
40,"R_Date","NM10",,"likelihood",-3329.5,8.527e-8
40,"R_Date","NM10",,"likelihood",-3324.5,4.927e-7
40,"R_Date","NM10",,"likelihood",-3319.5,0.0000016012
40,"R_Date","NM10",,"likelihood",-3314.5,0.000003202
40,"R_Date","NM10",,"likelihood",-3309.5,0.000005467
40,"R_Date","NM10",,"likelihood",-3304.5,0.000008073
40,"R_Date","NM10",,"likelihood",-3299.5,0.000006433
40,"R_Date","NM10",,"likelihood",-3294.5,0.000003269
40,"R_Date","NM10",,"likelihood",-3289.5,0.0000018571
40,"R_Date","NM10",,"likelihood",-3284.5,0.000003269
40,"R_Date","NM10",,"likelihood",-3279.5,0.000010413
40,"R_Date","NM10",,"likelihood",-3274.5,0.000006433
40,"R_Date","NM10",,"likelihood",-3269.5,0.000004197
40,"R_Date","NM10",,"likelihood",-3264.5,0.000005628
40,"R_Date","NM10",,"likelihood",-3259.5,0.000025696
40,"R_Date","NM10",,"likelihood",-3254.5,0.00006034
40,"R_Date","NM10",,"likelihood",-3249.5,0.000025696
40,"R_Date","NM10",,"likelihood",-3244.5,0.000015103
40,"R_Date","NM10",,"likelihood",-3239.5,0.000004302
40,"R_Date","NM10",,"likelihood",-3234.5,0.0000010422
40,"R_Date","NM10",,"likelihood",-3229.5,4.927e-7
40,"R_Date","NM10",,"likelihood",-3224.5,2.2739e-7
40,"R_Date","NM10",,"likelihood",-3219.5,1.895e-7
40,"R_Date","NM10",,"likelihood",-3214.5,5.685e-8
40,"R_Date","NM10",,"likelihood",-3209.5,9.475e-9
40,"R_Date","NM10",,"likelihood",-3204.5,0
40,"R_Date","NM10",,"likelihood",-3199.5,0
40,"R_Date","NM10",,"likelihood",-3194.5,0
40,"R_Date","NM10",,"likelihood",-3189.5,3.79e-8
40,"R_Date","NM10",,"likelihood",-3184.5,1.4212e-7
40,"R_Date","NM10",,"likelihood",-3179.5,6.822e-7
40,"R_Date","NM10",,"likelihood",-3174.5,0.0000016012
40,"R_Date","NM10",,"likelihood",-3169.5,0.000003202
40,"R_Date","NM10",,"likelihood",-3164.5,0.00000414
40,"R_Date","NM10",,"likelihood",-3159.5,0.0000024255
40,"R_Date","NM10",,"likelihood",-3154.5,4.264e-7
40,"R_Date","NM10",,"likelihood",-3149.5,1.137e-7
40,"R_Date","NM10",,"likelihood",-3144.5,1.895e-8
40,"R_Date","NM10",,"likelihood",-3139.5,3.79e-8
40,"R_Date","NM10",,"likelihood",-3134.5,6.632e-8
40,"R_Date","NM10",,"likelihood",-3129.5,1.3265e-7
40,"R_Date","NM10",,"likelihood",-3124.5,1.3265e-7
40,"R_Date","NM10",,"likelihood",-3119.5,2.0845e-7
40,"R_Date","NM10",,"likelihood",-3114.5,3.221e-7
40,"R_Date","NM10",,"likelihood",-3109.5,3.79e-7
40,"R_Date","NM10",,"likelihood",-3104.5,0.0000016012
40,"R_Date","NM10",,"likelihood",-3099.5,0.000018542
40,"R_Date","NM10",,"likelihood",-3094.5,0.00012531
40,"R_Date","NM10",,"likelihood",-3089.5,0.0005397
40,"R_Date","NM10",,"likelihood",-3084.5,0.0010604
40,"R_Date","NM10",,"likelihood",-3079.5,0.0015815
40,"R_Date","NM10",,"likelihood",-3074.5,0.0023214
40,"R_Date","NM10",,"likelihood",-3069.5,0.0030478
40,"R_Date","NM10",,"likelihood",-3064.5,0.0028139
40,"R_Date","NM10",,"likelihood",-3059.5,0.0015099
40,"R_Date","NM10",,"likelihood",-3054.5,0.0007368
40,"R_Date","NM10",,"likelihood",-3049.5,0.0004213
40,"R_Date","NM10",,"likelihood",-3044.5,0.0003649
40,"R_Date","NM10",,"likelihood",-3039.5,0.0003979
40,"R_Date","NM10",,"likelihood",-3034.5,0.0004636
40,"R_Date","NM10",,"likelihood",-3029.5,0.0008737
40,"R_Date","NM10",,"likelihood",-3024.5,0.0023219
40,"R_Date","NM10",,"likelihood",-3019.5,0.004322
40,"R_Date","NM10",,"likelihood",-3014.5,0.005828
40,"R_Date","NM10",,"likelihood",-3009.5,0.007739
40,"R_Date","NM10",,"likelihood",-3004.5,0.009211
40,"R_Date","NM10",,"likelihood",-2999.5,0.009306
40,"R_Date","NM10",,"likelihood",-2994.5,0.009473
40,"R_Date","NM10",,"likelihood",-2989.5,0.009339
40,"R_Date","NM10",,"likelihood",-2984.5,0.008629
40,"R_Date","NM10",,"likelihood",-2979.5,0.008187
40,"R_Date","NM10",,"likelihood",-2974.5,0.007771
40,"R_Date","NM10",,"likelihood",-2969.5,0.007539
40,"R_Date","NM10",,"likelihood",-2964.5,0.007903
40,"R_Date","NM10",,"likelihood",-2959.5,0.008188
40,"R_Date","NM10",,"likelihood",-2954.5,0.008306
40,"R_Date","NM10",,"likelihood",-2949.5,0.008184
40,"R_Date","NM10",,"likelihood",-2944.5,0.007839
40,"R_Date","NM10",,"likelihood",-2939.5,0.007594
40,"R_Date","NM10",,"likelihood",-2934.5,0.007941
40,"R_Date","NM10",,"likelihood",-2929.5,0.008875
40,"R_Date","NM10",,"likelihood",-2924.5,0.009475
40,"R_Date","NM10",,"likelihood",-2919.5,0.008644
40,"R_Date","NM10",,"likelihood",-2914.5,0.006238
40,"R_Date","NM10",,"likelihood",-2909.5,0.0030836
40,"R_Date","NM10",,"likelihood",-2904.5,0.0011458
40,"R_Date","NM10",,"likelihood",-2899.5,0.0003409
40,"R_Date","NM10",,"likelihood",-2894.5,0.00007841
40,"R_Date","NM10",,"likelihood",-2889.5,0.000012175
40,"R_Date","NM10",,"likelihood",-2884.5,0.0000010422
40,"R_Date","NM10",,"likelihood",-2879.5,2.8424e-8
40,"R_Date","NM10",,"likelihood",-2874.5,0
40,"R_Date","NM10",,"likelihood",-2869.5,0
40,"R_Date","NM10",,"likelihood",-2864.5,0
40,"R_Date","NM10",,"posterior",-3119.5,0
40,"R_Date","NM10",,"posterior",-3114.5,5.252e-7
40,"R_Date","NM10",,"posterior",-3109.5,4.338e-7
40,"R_Date","NM10",,"posterior",-3104.5,0.0000013929
40,"R_Date","NM10",,"posterior",-3099.5,0.000023862
40,"R_Date","NM10",,"posterior",-3094.5,0.00016988
40,"R_Date","NM10",,"posterior",-3089.5,0.0006897
40,"R_Date","NM10",,"posterior",-3084.5,0.0014574
40,"R_Date","NM10",,"posterior",-3079.5,0.0023194
40,"R_Date","NM10",,"posterior",-3074.5,0.003504
40,"R_Date","NM10",,"posterior",-3069.5,0.004745
40,"R_Date","NM10",,"posterior",-3064.5,0.004687
40,"R_Date","NM10",,"posterior",-3059.5,0.0030377
40,"R_Date","NM10",,"posterior",-3054.5,0.0017703
40,"R_Date","NM10",,"posterior",-3049.5,0.0011782
40,"R_Date","NM10",,"posterior",-3044.5,0.0010661
40,"R_Date","NM10",,"posterior",-3039.5,0.0011649
40,"R_Date","NM10",,"posterior",-3034.5,0.0014454
40,"R_Date","NM10",,"posterior",-3029.5,0.0027806
40,"R_Date","NM10",,"posterior",-3024.5,0.006834
40,"R_Date","NM10",,"posterior",-3019.5,0.012298
40,"R_Date","NM10",,"posterior",-3014.5,0.016797
40,"R_Date","NM10",,"posterior",-3009.5,0.02132
40,"R_Date","NM10",,"posterior",-3004.5,0.022834
40,"R_Date","NM10",,"posterior",-2999.5,0.019848
40,"R_Date","NM10",,"posterior",-2994.5,0.016158
40,"R_Date","NM10",,"posterior",-2989.5,0.012702
40,"R_Date","NM10",,"posterior",-2984.5,0.009416
40,"R_Date","NM10",,"posterior",-2979.5,0.007199
40,"R_Date","NM10",,"posterior",-2974.5,0.005429
40,"R_Date","NM10",,"posterior",-2969.5,0.004429
40,"R_Date","NM10",,"posterior",-2964.5,0.003567
40,"R_Date","NM10",,"posterior",-2959.5,0.0030087
40,"R_Date","NM10",,"posterior",-2954.5,0.0024318
40,"R_Date","NM10",,"posterior",-2949.5,0.0018795
40,"R_Date","NM10",,"posterior",-2944.5,0.0013719
40,"R_Date","NM10",,"posterior",-2939.5,0.000968
40,"R_Date","NM10",,"posterior",-2934.5,0.0006666
40,"R_Date","NM10",,"posterior",-2929.5,0.0004563
40,"R_Date","NM10",,"posterior",-2924.5,0.00023846
40,"R_Date","NM10",,"posterior",-2919.5,0.00008985
40,"R_Date","NM10",,"posterior",-2914.5,0.000016577
40,"R_Date","NM10",,"posterior",-2909.5,0.0000012102
40,"R_Date","NM10",,"posterior",-2904.5,9.134e-8
40,"R_Date","NM10",,"posterior",-2899.5,0
41,"Combine","NM3",,"likelihood",-3269.5,0
41,"Combine","NM3",,"likelihood",-3264.5,0
41,"Combine","NM3",,"likelihood",-3259.5,0
41,"Combine","NM3",,"likelihood",-3254.5,3.452e-8
41,"Combine","NM3",,"likelihood",-3249.5,0
41,"Combine","NM3",,"likelihood",-3244.5,0
41,"Combine","NM3",,"likelihood",-3239.5,0
41,"Combine","NM3",,"likelihood",-3234.5,0
41,"Combine","NM3",,"likelihood",-3229.5,0
41,"Combine","NM3",,"likelihood",-3224.5,0
41,"Combine","NM3",,"likelihood",-3219.5,0
41,"Combine","NM3",,"likelihood",-3214.5,0
41,"Combine","NM3",,"likelihood",-3209.5,0
41,"Combine","NM3",,"likelihood",-3204.5,0
41,"Combine","NM3",,"likelihood",-3199.5,0
41,"Combine","NM3",,"likelihood",-3194.5,0
41,"Combine","NM3",,"likelihood",-3189.5,0
41,"Combine","NM3",,"likelihood",-3184.5,0
41,"Combine","NM3",,"likelihood",-3179.5,0
41,"Combine","NM3",,"likelihood",-3174.5,0
41,"Combine","NM3",,"likelihood",-3169.5,0
41,"Combine","NM3",,"likelihood",-3164.5,0
41,"Combine","NM3",,"likelihood",-3159.5,0
41,"Combine","NM3",,"likelihood",-3154.5,0
41,"Combine","NM3",,"likelihood",-3149.5,0
41,"Combine","NM3",,"likelihood",-3144.5,0
41,"Combine","NM3",,"likelihood",-3139.5,0
41,"Combine","NM3",,"likelihood",-3134.5,0
41,"Combine","NM3",,"likelihood",-3129.5,0
41,"Combine","NM3",,"likelihood",-3124.5,0
41,"Combine","NM3",,"likelihood",-3119.5,0
41,"Combine","NM3",,"likelihood",-3114.5,0
41,"Combine","NM3",,"likelihood",-3109.5,0
41,"Combine","NM3",,"likelihood",-3104.5,0
41,"Combine","NM3",,"likelihood",-3099.5,0
41,"Combine","NM3",,"likelihood",-3094.5,2.071e-7
41,"Combine","NM3",,"likelihood",-3089.5,0.000006593
41,"Combine","NM3",,"likelihood",-3084.5,0.00003276
41,"Combine","NM3",,"likelihood",-3079.5,0.00008622
41,"Combine","NM3",,"likelihood",-3074.5,0.00021245
41,"Combine","NM3",,"likelihood",-3069.5,0.0004236
41,"Combine","NM3",,"likelihood",-3064.5,0.0003615
41,"Combine","NM3",,"likelihood",-3059.5,0.00007333
41,"Combine","NM3",,"likelihood",-3054.5,0.000013755
41,"Combine","NM3",,"likelihood",-3049.5,0.000003521
41,"Combine","NM3",,"likelihood",-3044.5,0.0000025025
41,"Combine","NM3",,"likelihood",-3039.5,0.0000030547
41,"Combine","NM3",,"likelihood",-3034.5,0.000004366
41,"Combine","NM3",,"likelihood",-3029.5,0.000019571
41,"Combine","NM3",,"likelihood",-3024.5,0.00020299
41,"Combine","NM3",,"likelihood",-3019.5,0.0010564
41,"Combine","NM3",,"likelihood",-3014.5,0.0024124
41,"Combine","NM3",,"likelihood",-3009.5,0.00573
41,"Combine","NM3",,"likelihood",-3004.5,0.011402
41,"Combine","NM3",,"likelihood",-2999.5,0.014808
41,"Combine","NM3",,"likelihood",-2994.5,0.015056
41,"Combine","NM3",,"likelihood",-2989.5,0.012436
41,"Combine","NM3",,"likelihood",-2984.5,0.008964
41,"Combine","NM3",,"likelihood",-2979.5,0.006962
41,"Combine","NM3",,"likelihood",-2974.5,0.005818
41,"Combine","NM3",,"likelihood",-2969.5,0.005764
41,"Combine","NM3",,"likelihood",-2964.5,0.006159
41,"Combine","NM3",,"likelihood",-2959.5,0.006964
41,"Combine","NM3",,"likelihood",-2954.5,0.007333
41,"Combine","NM3",,"likelihood",-2949.5,0.00695
41,"Combine","NM3",,"likelihood",-2944.5,0.005984
41,"Combine","NM3",,"likelihood",-2939.5,0.005637
41,"Combine","NM3",,"likelihood",-2934.5,0.006559
41,"Combine","NM3",,"likelihood",-2929.5,0.009538
41,"Combine","NM3",,"likelihood",-2924.5,0.014471
41,"Combine","NM3",,"likelihood",-2919.5,0.017258
41,"Combine","NM3",,"likelihood",-2914.5,0.01405
41,"Combine","NM3",,"likelihood",-2909.5,0.005782
41,"Combine","NM3",,"likelihood",-2904.5,0.001265
41,"Combine","NM3",,"likelihood",-2899.5,0.00017571
41,"Combine","NM3",,"likelihood",-2894.5,0.000014549
41,"Combine","NM3",,"likelihood",-2889.5,5.695e-7
41,"Combine","NM3",,"likelihood",-2884.5,0
41,"Combine","NM3",,"likelihood",-2879.5,0
41,"Combine","NM3",,"likelihood",-2874.5,0
41,"Combine","NM3",,"posterior",-3109.5,0
41,"Combine","NM3",,"posterior",-3104.5,0
41,"Combine","NM3",,"posterior",-3099.5,0
41,"Combine","NM3",,"posterior",-3094.5,4.311e-7
41,"Combine","NM3",,"posterior",-3089.5,0.000013293
41,"Combine","NM3",,"posterior",-3084.5,0.00006136
41,"Combine","NM3",,"posterior",-3079.5,0.00017432
41,"Combine","NM3",,"posterior",-3074.5,0.0004464
41,"Combine","NM3",,"posterior",-3069.5,0.0008332
41,"Combine","NM3",,"posterior",-3064.5,0.0007717
41,"Combine","NM3",,"posterior",-3059.5,0.0002271
41,"Combine","NM3",,"posterior",-3054.5,0.00005209
41,"Combine","NM3",,"posterior",-3049.5,0.000015018
41,"Combine","NM3",,"posterior",-3044.5,0.000011533
41,"Combine","NM3",,"posterior",-3039.5,0.000012503
41,"Combine","NM3",,"posterior",-3034.5,0.000023353
41,"Combine","NM3",,"posterior",-3029.5,0.00013167
41,"Combine","NM3",,"posterior",-3024.5,0.0010624
41,"Combine","NM3",,"posterior",-3019.5,0.004517
41,"Combine","NM3",,"posterior",-3014.5,0.01047
41,"Combine","NM3",,"posterior",-3009.5,0.021832
41,"Combine","NM3",,"posterior",-3004.5,0.03473
41,"Combine","NM3",,"posterior",-2999.5,0.03593
41,"Combine","NM3",,"posterior",-2994.5,0.028441
41,"Combine","NM3",,"posterior",-2989.5,0.018985
41,"Combine","NM3",,"posterior",-2984.5,0.011288
41,"Combine","NM3",,"posterior",-2979.5,0.007041
41,"Combine","NM3",,"posterior",-2974.5,0.004775
41,"Combine","NM3",,"posterior",-2969.5,0.003789
41,"Combine","NM3",,"posterior",-2964.5,0.003312
41,"Combine","NM3",,"posterior",-2959.5,0.0029391
41,"Combine","NM3",,"posterior",-2954.5,0.0024385
41,"Combine","NM3",,"posterior",-2949.5,0.0018319
41,"Combine","NM3",,"posterior",-2944.5,0.0012206
41,"Combine","NM3",,"posterior",-2939.5,0.0008414
41,"Combine","NM3",,"posterior",-2934.5,0.0006556
41,"Combine","NM3",,"posterior",-2929.5,0.0005429
41,"Combine","NM3",,"posterior",-2924.5,0.0003819
41,"Combine","NM3",,"posterior",-2919.5,0.00015747
41,"Combine","NM3",,"posterior",-2914.5,0.00003844
41,"Combine","NM3",,"posterior",-2909.5,0.000003736
41,"Combine","NM3",,"posterior",-2904.5,2.5149e-7
41,"Combine","NM3",,"posterior",-2899.5,0
41,"Combine","NM3",,"posterior",-2894.5,0
42,"R_Date","NM3-2",,"likelihood",-3344.5,0
42,"R_Date","NM3-2",,"likelihood",-3339.5,0
42,"R_Date","NM3-2",,"likelihood",-3334.5,9.475e-9
42,"R_Date","NM3-2",,"likelihood",-3329.5,8.527e-8
42,"R_Date","NM3-2",,"likelihood",-3324.5,4.927e-7
42,"R_Date","NM3-2",,"likelihood",-3319.5,0.0000016012
42,"R_Date","NM3-2",,"likelihood",-3314.5,0.000003202
42,"R_Date","NM3-2",,"likelihood",-3309.5,0.000005467
42,"R_Date","NM3-2",,"likelihood",-3304.5,0.000008073
42,"R_Date","NM3-2",,"likelihood",-3299.5,0.000006433
42,"R_Date","NM3-2",,"likelihood",-3294.5,0.000003269
42,"R_Date","NM3-2",,"likelihood",-3289.5,0.0000018571
42,"R_Date","NM3-2",,"likelihood",-3284.5,0.000003269
42,"R_Date","NM3-2",,"likelihood",-3279.5,0.000010413
42,"R_Date","NM3-2",,"likelihood",-3274.5,0.000006433
42,"R_Date","NM3-2",,"likelihood",-3269.5,0.000004197
42,"R_Date","NM3-2",,"likelihood",-3264.5,0.000005628
42,"R_Date","NM3-2",,"likelihood",-3259.5,0.000025696
42,"R_Date","NM3-2",,"likelihood",-3254.5,0.00006034
42,"R_Date","NM3-2",,"likelihood",-3249.5,0.000025696
42,"R_Date","NM3-2",,"likelihood",-3244.5,0.000015103
42,"R_Date","NM3-2",,"likelihood",-3239.5,0.000004302
42,"R_Date","NM3-2",,"likelihood",-3234.5,0.0000010422
42,"R_Date","NM3-2",,"likelihood",-3229.5,4.927e-7
42,"R_Date","NM3-2",,"likelihood",-3224.5,2.2739e-7
42,"R_Date","NM3-2",,"likelihood",-3219.5,1.895e-7
42,"R_Date","NM3-2",,"likelihood",-3214.5,5.685e-8
42,"R_Date","NM3-2",,"likelihood",-3209.5,9.475e-9
42,"R_Date","NM3-2",,"likelihood",-3204.5,0
42,"R_Date","NM3-2",,"likelihood",-3199.5,0
42,"R_Date","NM3-2",,"likelihood",-3194.5,0
42,"R_Date","NM3-2",,"likelihood",-3189.5,3.79e-8
42,"R_Date","NM3-2",,"likelihood",-3184.5,1.4212e-7
42,"R_Date","NM3-2",,"likelihood",-3179.5,6.822e-7
42,"R_Date","NM3-2",,"likelihood",-3174.5,0.0000016012
42,"R_Date","NM3-2",,"likelihood",-3169.5,0.000003202
42,"R_Date","NM3-2",,"likelihood",-3164.5,0.00000414
42,"R_Date","NM3-2",,"likelihood",-3159.5,0.0000024255
42,"R_Date","NM3-2",,"likelihood",-3154.5,4.264e-7
42,"R_Date","NM3-2",,"likelihood",-3149.5,1.137e-7
42,"R_Date","NM3-2",,"likelihood",-3144.5,1.895e-8
42,"R_Date","NM3-2",,"likelihood",-3139.5,3.79e-8
42,"R_Date","NM3-2",,"likelihood",-3134.5,6.632e-8
42,"R_Date","NM3-2",,"likelihood",-3129.5,1.3265e-7
42,"R_Date","NM3-2",,"likelihood",-3124.5,1.3265e-7
42,"R_Date","NM3-2",,"likelihood",-3119.5,2.0845e-7
42,"R_Date","NM3-2",,"likelihood",-3114.5,3.221e-7
42,"R_Date","NM3-2",,"likelihood",-3109.5,3.79e-7
42,"R_Date","NM3-2",,"likelihood",-3104.5,0.0000016012
42,"R_Date","NM3-2",,"likelihood",-3099.5,0.000018542
42,"R_Date","NM3-2",,"likelihood",-3094.5,0.00012531
42,"R_Date","NM3-2",,"likelihood",-3089.5,0.0005397
42,"R_Date","NM3-2",,"likelihood",-3084.5,0.0010604
42,"R_Date","NM3-2",,"likelihood",-3079.5,0.0015815
42,"R_Date","NM3-2",,"likelihood",-3074.5,0.0023214
42,"R_Date","NM3-2",,"likelihood",-3069.5,0.0030478
42,"R_Date","NM3-2",,"likelihood",-3064.5,0.0028139
42,"R_Date","NM3-2",,"likelihood",-3059.5,0.0015099
42,"R_Date","NM3-2",,"likelihood",-3054.5,0.0007368
42,"R_Date","NM3-2",,"likelihood",-3049.5,0.0004213
42,"R_Date","NM3-2",,"likelihood",-3044.5,0.0003649
42,"R_Date","NM3-2",,"likelihood",-3039.5,0.0003979
42,"R_Date","NM3-2",,"likelihood",-3034.5,0.0004636
42,"R_Date","NM3-2",,"likelihood",-3029.5,0.0008737
42,"R_Date","NM3-2",,"likelihood",-3024.5,0.0023219
42,"R_Date","NM3-2",,"likelihood",-3019.5,0.004322
42,"R_Date","NM3-2",,"likelihood",-3014.5,0.005828
42,"R_Date","NM3-2",,"likelihood",-3009.5,0.007739
42,"R_Date","NM3-2",,"likelihood",-3004.5,0.009211
42,"R_Date","NM3-2",,"likelihood",-2999.5,0.009306
42,"R_Date","NM3-2",,"likelihood",-2994.5,0.009473
42,"R_Date","NM3-2",,"likelihood",-2989.5,0.009339
42,"R_Date","NM3-2",,"likelihood",-2984.5,0.008629
42,"R_Date","NM3-2",,"likelihood",-2979.5,0.008187
42,"R_Date","NM3-2",,"likelihood",-2974.5,0.007771
42,"R_Date","NM3-2",,"likelihood",-2969.5,0.007539
42,"R_Date","NM3-2",,"likelihood",-2964.5,0.007903
42,"R_Date","NM3-2",,"likelihood",-2959.5,0.008188
42,"R_Date","NM3-2",,"likelihood",-2954.5,0.008306
42,"R_Date","NM3-2",,"likelihood",-2949.5,0.008184
42,"R_Date","NM3-2",,"likelihood",-2944.5,0.007839
42,"R_Date","NM3-2",,"likelihood",-2939.5,0.007594
42,"R_Date","NM3-2",,"likelihood",-2934.5,0.007941
42,"R_Date","NM3-2",,"likelihood",-2929.5,0.008875
42,"R_Date","NM3-2",,"likelihood",-2924.5,0.009475
42,"R_Date","NM3-2",,"likelihood",-2919.5,0.008644
42,"R_Date","NM3-2",,"likelihood",-2914.5,0.006238
42,"R_Date","NM3-2",,"likelihood",-2909.5,0.0030836
42,"R_Date","NM3-2",,"likelihood",-2904.5,0.0011458
42,"R_Date","NM3-2",,"likelihood",-2899.5,0.0003409
42,"R_Date","NM3-2",,"likelihood",-2894.5,0.00007841
42,"R_Date","NM3-2",,"likelihood",-2889.5,0.000012175
42,"R_Date","NM3-2",,"likelihood",-2884.5,0.0000010422
42,"R_Date","NM3-2",,"likelihood",-2879.5,2.8424e-8
42,"R_Date","NM3-2",,"likelihood",-2874.5,0
42,"R_Date","NM3-2",,"likelihood",-2869.5,0
42,"R_Date","NM3-2",,"likelihood",-2864.5,0
42,"R_Date","NM3-2",,"posterior",-3109.5,0
42,"R_Date","NM3-2",,"posterior",-3104.5,0
42,"R_Date","NM3-2",,"posterior",-3099.5,0
42,"R_Date","NM3-2",,"posterior",-3094.5,4.311e-7
42,"R_Date","NM3-2",,"posterior",-3089.5,0.000013293
42,"R_Date","NM3-2",,"posterior",-3084.5,0.00006136
42,"R_Date","NM3-2",,"posterior",-3079.5,0.00017432
42,"R_Date","NM3-2",,"posterior",-3074.5,0.0004464
42,"R_Date","NM3-2",,"posterior",-3069.5,0.0008332
42,"R_Date","NM3-2",,"posterior",-3064.5,0.0007717
42,"R_Date","NM3-2",,"posterior",-3059.5,0.0002271
42,"R_Date","NM3-2",,"posterior",-3054.5,0.00005209
42,"R_Date","NM3-2",,"posterior",-3049.5,0.000015018
42,"R_Date","NM3-2",,"posterior",-3044.5,0.000011533
42,"R_Date","NM3-2",,"posterior",-3039.5,0.000012503
42,"R_Date","NM3-2",,"posterior",-3034.5,0.000023353
42,"R_Date","NM3-2",,"posterior",-3029.5,0.00013167
42,"R_Date","NM3-2",,"posterior",-3024.5,0.0010624
42,"R_Date","NM3-2",,"posterior",-3019.5,0.004517
42,"R_Date","NM3-2",,"posterior",-3014.5,0.01047
42,"R_Date","NM3-2",,"posterior",-3009.5,0.021832
42,"R_Date","NM3-2",,"posterior",-3004.5,0.03473
42,"R_Date","NM3-2",,"posterior",-2999.5,0.03593
42,"R_Date","NM3-2",,"posterior",-2994.5,0.028441
42,"R_Date","NM3-2",,"posterior",-2989.5,0.018985
42,"R_Date","NM3-2",,"posterior",-2984.5,0.011288
42,"R_Date","NM3-2",,"posterior",-2979.5,0.007041
42,"R_Date","NM3-2",,"posterior",-2974.5,0.004775
42,"R_Date","NM3-2",,"posterior",-2969.5,0.003789
42,"R_Date","NM3-2",,"posterior",-2964.5,0.003312
42,"R_Date","NM3-2",,"posterior",-2959.5,0.0029391
42,"R_Date","NM3-2",,"posterior",-2954.5,0.0024385
42,"R_Date","NM3-2",,"posterior",-2949.5,0.0018319
42,"R_Date","NM3-2",,"posterior",-2944.5,0.0012206
42,"R_Date","NM3-2",,"posterior",-2939.5,0.0008414
42,"R_Date","NM3-2",,"posterior",-2934.5,0.0006556
42,"R_Date","NM3-2",,"posterior",-2929.5,0.0005429
42,"R_Date","NM3-2",,"posterior",-2924.5,0.0003819
42,"R_Date","NM3-2",,"posterior",-2919.5,0.00015747
42,"R_Date","NM3-2",,"posterior",-2914.5,0.00003844
42,"R_Date","NM3-2",,"posterior",-2909.5,0.000003736
42,"R_Date","NM3-2",,"posterior",-2904.5,2.5149e-7
42,"R_Date","NM3-2",,"posterior",-2899.5,0
42,"R_Date","NM3-2",,"posterior",-2894.5,0
43,"R_Date","NM3-1",,"likelihood",-3334.5,0
43,"R_Date","NM3-1",,"likelihood",-3329.5,0
43,"R_Date","NM3-1",,"likelihood",-3324.5,1.638e-8
43,"R_Date","NM3-1",,"likelihood",-3319.5,4.914e-8
43,"R_Date","NM3-1",,"likelihood",-3314.5,1.3104e-7
43,"R_Date","NM3-1",,"likelihood",-3309.5,2.457e-7
43,"R_Date","NM3-1",,"likelihood",-3304.5,3.931e-7
43,"R_Date","NM3-1",,"likelihood",-3299.5,2.7846e-7
43,"R_Date","NM3-1",,"likelihood",-3294.5,1.1466e-7
43,"R_Date","NM3-1",,"likelihood",-3289.5,6.552e-8
43,"R_Date","NM3-1",,"likelihood",-3284.5,1.1466e-7
43,"R_Date","NM3-1",,"likelihood",-3279.5,5.405e-7
43,"R_Date","NM3-1",,"likelihood",-3274.5,2.7846e-7
43,"R_Date","NM3-1",,"likelihood",-3269.5,1.8018e-7
43,"R_Date","NM3-1",,"likelihood",-3264.5,2.457e-7
43,"R_Date","NM3-1",,"likelihood",-3259.5,0.0000015561
43,"R_Date","NM3-1",,"likelihood",-3254.5,0.000004832
43,"R_Date","NM3-1",,"likelihood",-3249.5,0.0000015561
43,"R_Date","NM3-1",,"likelihood",-3244.5,8.518e-7
43,"R_Date","NM3-1",,"likelihood",-3239.5,1.638e-7
43,"R_Date","NM3-1",,"likelihood",-3234.5,3.276e-8
43,"R_Date","NM3-1",,"likelihood",-3229.5,1.638e-8
43,"R_Date","NM3-1",,"likelihood",-3224.5,0
43,"R_Date","NM3-1",,"likelihood",-3219.5,0
43,"R_Date","NM3-1",,"likelihood",-3214.5,0
43,"R_Date","NM3-1",,"likelihood",-3209.5,0
43,"R_Date","NM3-1",,"likelihood",-3204.5,0
43,"R_Date","NM3-1",,"likelihood",-3199.5,0
43,"R_Date","NM3-1",,"likelihood",-3194.5,0
43,"R_Date","NM3-1",,"likelihood",-3189.5,0
43,"R_Date","NM3-1",,"likelihood",-3184.5,0
43,"R_Date","NM3-1",,"likelihood",-3179.5,1.638e-8
43,"R_Date","NM3-1",,"likelihood",-3174.5,4.914e-8
43,"R_Date","NM3-1",,"likelihood",-3169.5,1.3104e-7
43,"R_Date","NM3-1",,"likelihood",-3164.5,1.9656e-7
43,"R_Date","NM3-1",,"likelihood",-3159.5,9.828e-8
43,"R_Date","NM3-1",,"likelihood",-3154.5,1.638e-8
43,"R_Date","NM3-1",,"likelihood",-3149.5,0
43,"R_Date","NM3-1",,"likelihood",-3144.5,0
43,"R_Date","NM3-1",,"likelihood",-3139.5,0
43,"R_Date","NM3-1",,"likelihood",-3134.5,0
43,"R_Date","NM3-1",,"likelihood",-3129.5,0
43,"R_Date","NM3-1",,"likelihood",-3124.5,0
43,"R_Date","NM3-1",,"likelihood",-3119.5,0
43,"R_Date","NM3-1",,"likelihood",-3114.5,1.638e-8
43,"R_Date","NM3-1",,"likelihood",-3109.5,1.638e-8
43,"R_Date","NM3-1",,"likelihood",-3104.5,6.552e-8
43,"R_Date","NM3-1",,"likelihood",-3099.5,0.0000011794
43,"R_Date","NM3-1",,"likelihood",-3094.5,0.000012285
43,"R_Date","NM3-1",,"likelihood",-3089.5,0.00008885
43,"R_Date","NM3-1",,"likelihood",-3084.5,0.00022465
43,"R_Date","NM3-1",,"likelihood",-3079.5,0.0003965
43,"R_Date","NM3-1",,"likelihood",-3074.5,0.0006656
43,"R_Date","NM3-1",,"likelihood",-3069.5,0.0010108
43,"R_Date","NM3-1",,"likelihood",-3064.5,0.0009343
43,"R_Date","NM3-1",,"likelihood",-3059.5,0.0003532
43,"R_Date","NM3-1",,"likelihood",-3054.5,0.00013569
43,"R_Date","NM3-1",,"likelihood",-3049.5,0.00006085
43,"R_Date","NM3-1",,"likelihood",-3044.5,0.00004976
43,"R_Date","NM3-1",,"likelihood",-3039.5,0.00005587
43,"R_Date","NM3-1",,"likelihood",-3034.5,0.00006857
43,"R_Date","NM3-1",,"likelihood",-3029.5,0.00016285
43,"R_Date","NM3-1",,"likelihood",-3024.5,0.0006358
43,"R_Date","NM3-1",,"likelihood",-3019.5,0.0017777
43,"R_Date","NM3-1",,"likelihood",-3014.5,0.0030103
43,"R_Date","NM3-1",,"likelihood",-3009.5,0.005385
43,"R_Date","NM3-1",,"likelihood",-3004.5,0.009003
43,"R_Date","NM3-1",,"likelihood",-2999.5,0.011574
43,"R_Date","NM3-1",,"likelihood",-2994.5,0.01156
43,"R_Date","NM3-1",,"likelihood",-2989.5,0.009685
43,"R_Date","NM3-1",,"likelihood",-2984.5,0.007556
43,"R_Date","NM3-1",,"likelihood",-2979.5,0.006185
43,"R_Date","NM3-1",,"likelihood",-2974.5,0.005445
43,"R_Date","NM3-1",,"likelihood",-2969.5,0.005561
43,"R_Date","NM3-1",,"likelihood",-2964.5,0.005668
43,"R_Date","NM3-1",,"likelihood",-2959.5,0.006185
43,"R_Date","NM3-1",,"likelihood",-2954.5,0.006421
43,"R_Date","NM3-1",,"likelihood",-2949.5,0.006177
43,"R_Date","NM3-1",,"likelihood",-2944.5,0.005552
43,"R_Date","NM3-1",,"likelihood",-2939.5,0.005399
43,"R_Date","NM3-1",,"likelihood",-2934.5,0.006008
43,"R_Date","NM3-1",,"likelihood",-2929.5,0.007816
43,"R_Date","NM3-1",,"likelihood",-2924.5,0.011108
43,"R_Date","NM3-1",,"likelihood",-2919.5,0.014521
43,"R_Date","NM3-1",,"likelihood",-2914.5,0.01638
43,"R_Date","NM3-1",,"likelihood",-2909.5,0.013638
43,"R_Date","NM3-1",,"likelihood",-2904.5,0.008029
43,"R_Date","NM3-1",,"likelihood",-2899.5,0.003749
43,"R_Date","NM3-1",,"likelihood",-2894.5,0.0013497
43,"R_Date","NM3-1",,"likelihood",-2889.5,0.0003381
43,"R_Date","NM3-1",,"likelihood",-2884.5,0.00004942
43,"R_Date","NM3-1",,"likelihood",-2879.5,0.0000025553
43,"R_Date","NM3-1",,"likelihood",-2874.5,9.828e-8
43,"R_Date","NM3-1",,"likelihood",-2869.5,0
43,"R_Date","NM3-1",,"likelihood",-2864.5,0
43,"R_Date","NM3-1",,"likelihood",-2859.5,0
43,"R_Date","NM3-1",,"likelihood",-2854.5,0
43,"R_Date","NM3-1",,"likelihood",-2849.5,0
43,"R_Date","NM3-1",,"likelihood",-2844.5,0
43,"R_Date","NM3-1",,"likelihood",-2839.5,0
43,"R_Date","NM3-1",,"likelihood",-2834.5,0
43,"R_Date","NM3-1",,"likelihood",-2829.5,0
43,"R_Date","NM3-1",,"likelihood",-2824.5,0
43,"R_Date","NM3-1",,"likelihood",-2819.5,0
43,"R_Date","NM3-1",,"likelihood",-2814.5,0
43,"R_Date","NM3-1",,"likelihood",-2809.5,0
43,"R_Date","NM3-1",,"likelihood",-2804.5,0
43,"R_Date","NM3-1",,"likelihood",-2799.5,0
43,"R_Date","NM3-1",,"likelihood",-2794.5,3.276e-8
43,"R_Date","NM3-1",,"likelihood",-2789.5,4.914e-8
43,"R_Date","NM3-1",,"likelihood",-2784.5,1.638e-8
43,"R_Date","NM3-1",,"likelihood",-2779.5,0
43,"R_Date","NM3-1",,"likelihood",-2774.5,0
43,"R_Date","NM3-1",,"likelihood",-2769.5,0
43,"R_Date","NM3-1",,"posterior",-3109.5,0
43,"R_Date","NM3-1",,"posterior",-3104.5,0
43,"R_Date","NM3-1",,"posterior",-3099.5,0
43,"R_Date","NM3-1",,"posterior",-3094.5,4.311e-7
43,"R_Date","NM3-1",,"posterior",-3089.5,0.000013293
43,"R_Date","NM3-1",,"posterior",-3084.5,0.00006136
43,"R_Date","NM3-1",,"posterior",-3079.5,0.00017432
43,"R_Date","NM3-1",,"posterior",-3074.5,0.0004464
43,"R_Date","NM3-1",,"posterior",-3069.5,0.0008332
43,"R_Date","NM3-1",,"posterior",-3064.5,0.0007717
43,"R_Date","NM3-1",,"posterior",-3059.5,0.0002271
43,"R_Date","NM3-1",,"posterior",-3054.5,0.00005209
43,"R_Date","NM3-1",,"posterior",-3049.5,0.000015018
43,"R_Date","NM3-1",,"posterior",-3044.5,0.000011533
43,"R_Date","NM3-1",,"posterior",-3039.5,0.000012503
43,"R_Date","NM3-1",,"posterior",-3034.5,0.000023353
43,"R_Date","NM3-1",,"posterior",-3029.5,0.00013167
43,"R_Date","NM3-1",,"posterior",-3024.5,0.0010624
43,"R_Date","NM3-1",,"posterior",-3019.5,0.004517
43,"R_Date","NM3-1",,"posterior",-3014.5,0.01047
43,"R_Date","NM3-1",,"posterior",-3009.5,0.021832
43,"R_Date","NM3-1",,"posterior",-3004.5,0.03473
43,"R_Date","NM3-1",,"posterior",-2999.5,0.03593
43,"R_Date","NM3-1",,"posterior",-2994.5,0.028441
43,"R_Date","NM3-1",,"posterior",-2989.5,0.018985
43,"R_Date","NM3-1",,"posterior",-2984.5,0.011288
43,"R_Date","NM3-1",,"posterior",-2979.5,0.007041
43,"R_Date","NM3-1",,"posterior",-2974.5,0.004775
43,"R_Date","NM3-1",,"posterior",-2969.5,0.003789
43,"R_Date","NM3-1",,"posterior",-2964.5,0.003312
43,"R_Date","NM3-1",,"posterior",-2959.5,0.0029391
43,"R_Date","NM3-1",,"posterior",-2954.5,0.0024385
43,"R_Date","NM3-1",,"posterior",-2949.5,0.0018319
43,"R_Date","NM3-1",,"posterior",-2944.5,0.0012206
43,"R_Date","NM3-1",,"posterior",-2939.5,0.0008414
43,"R_Date","NM3-1",,"posterior",-2934.5,0.0006556
43,"R_Date","NM3-1",,"posterior",-2929.5,0.0005429
43,"R_Date","NM3-1",,"posterior",-2924.5,0.0003819
43,"R_Date","NM3-1",,"posterior",-2919.5,0.00015747
43,"R_Date","NM3-1",,"posterior",-2914.5,0.00003844
43,"R_Date","NM3-1",,"posterior",-2909.5,0.000003736
43,"R_Date","NM3-1",,"posterior",-2904.5,2.5149e-7
43,"R_Date","NM3-1",,"posterior",-2899.5,0
43,"R_Date","NM3-1",,"posterior",-2894.5,0
44,"Combine","NM2",,"likelihood",-3294.5,0
44,"Combine","NM2",,"likelihood",-3289.5,0
44,"Combine","NM2",,"likelihood",-3284.5,0
44,"Combine","NM2",,"likelihood",-3279.5,1.1924e-8
44,"Combine","NM2",,"likelihood",-3274.5,0
44,"Combine","NM2",,"likelihood",-3269.5,0
44,"Combine","NM2",,"likelihood",-3264.5,0
44,"Combine","NM2",,"likelihood",-3259.5,8.347e-8
44,"Combine","NM2",,"likelihood",-3254.5,4.889e-7
44,"Combine","NM2",,"likelihood",-3249.5,8.347e-8
44,"Combine","NM2",,"likelihood",-3244.5,3.577e-8
44,"Combine","NM2",,"likelihood",-3239.5,0
44,"Combine","NM2",,"likelihood",-3234.5,0
44,"Combine","NM2",,"likelihood",-3229.5,0
44,"Combine","NM2",,"likelihood",-3224.5,0
44,"Combine","NM2",,"likelihood",-3219.5,0
44,"Combine","NM2",,"likelihood",-3214.5,0
44,"Combine","NM2",,"likelihood",-3209.5,0
44,"Combine","NM2",,"likelihood",-3204.5,0
44,"Combine","NM2",,"likelihood",-3199.5,0
44,"Combine","NM2",,"likelihood",-3194.5,0
44,"Combine","NM2",,"likelihood",-3189.5,0
44,"Combine","NM2",,"likelihood",-3184.5,0
44,"Combine","NM2",,"likelihood",-3179.5,0
44,"Combine","NM2",,"likelihood",-3174.5,0
44,"Combine","NM2",,"likelihood",-3169.5,0
44,"Combine","NM2",,"likelihood",-3164.5,0
44,"Combine","NM2",,"likelihood",-3159.5,0
44,"Combine","NM2",,"likelihood",-3154.5,0
44,"Combine","NM2",,"likelihood",-3149.5,0
44,"Combine","NM2",,"likelihood",-3144.5,0
44,"Combine","NM2",,"likelihood",-3139.5,0
44,"Combine","NM2",,"likelihood",-3134.5,0
44,"Combine","NM2",,"likelihood",-3129.5,0
44,"Combine","NM2",,"likelihood",-3124.5,0
44,"Combine","NM2",,"likelihood",-3119.5,0
44,"Combine","NM2",,"likelihood",-3114.5,0
44,"Combine","NM2",,"likelihood",-3109.5,0
44,"Combine","NM2",,"likelihood",-3104.5,0
44,"Combine","NM2",,"likelihood",-3099.5,4.769e-8
44,"Combine","NM2",,"likelihood",-3094.5,0.0000020986
44,"Combine","NM2",,"likelihood",-3089.5,0.00003953
44,"Combine","NM2",,"likelihood",-3084.5,0.00015253
44,"Combine","NM2",,"likelihood",-3079.5,0.0003391
44,"Combine","NM2",,"likelihood",-3074.5,0.0007187
44,"Combine","NM2",,"likelihood",-3069.5,0.0012384
44,"Combine","NM2",,"likelihood",-3064.5,0.0010728
44,"Combine","NM2",,"likelihood",-3059.5,0.00030424
44,"Combine","NM2",,"likelihood",-3054.5,0.00007368
44,"Combine","NM2",,"likelihood",-3049.5,0.000023788
44,"Combine","NM2",,"likelihood",-3044.5,0.000017802
44,"Combine","NM2",,"likelihood",-3039.5,0.000021164
44,"Combine","NM2",,"likelihood",-3034.5,0.000028724
44,"Combine","NM2",,"likelihood",-3029.5,0.00010192
44,"Combine","NM2",,"likelihood",-3024.5,0.0007076
44,"Combine","NM2",,"likelihood",-3019.5,0.0024885
44,"Combine","NM2",,"likelihood",-3014.5,0.004523
44,"Combine","NM2",,"likelihood",-3009.5,0.007967
44,"Combine","NM2",,"likelihood",-3004.5,0.011275
44,"Combine","NM2",,"likelihood",-2999.5,0.011693
44,"Combine","NM2",,"likelihood",-2994.5,0.011921
44,"Combine","NM2",,"likelihood",-2989.5,0.011592
44,"Combine","NM2",,"likelihood",-2984.5,0.010063
44,"Combine","NM2",,"likelihood",-2979.5,0.008915
44,"Combine","NM2",,"likelihood",-2974.5,0.008037
44,"Combine","NM2",,"likelihood",-2969.5,0.007812
44,"Combine","NM2",,"likelihood",-2964.5,0.008311
44,"Combine","NM2",,"likelihood",-2959.5,0.008917
44,"Combine","NM2",,"likelihood",-2954.5,0.009175
44,"Combine","NM2",,"likelihood",-2949.5,0.008908
44,"Combine","NM2",,"likelihood",-2944.5,0.008174
44,"Combine","NM2",,"likelihood",-2939.5,0.007799
44,"Combine","NM2",,"likelihood",-2934.5,0.008525
44,"Combine","NM2",,"likelihood",-2929.5,0.010474
44,"Combine","NM2",,"likelihood",-2924.5,0.011924
44,"Combine","NM2",,"likelihood",-2919.5,0.010081
44,"Combine","NM2",,"likelihood",-2914.5,0.005158
44,"Combine","NM2",,"likelihood",-2909.5,0.0012372
44,"Combine","NM2",,"likelihood",-2904.5,0.00017349
44,"Combine","NM2",,"likelihood",-2899.5,0.000015346
44,"Combine","NM2",,"likelihood",-2894.5,8.108e-7
44,"Combine","NM2",,"likelihood",-2889.5,2.3847e-8
44,"Combine","NM2",,"likelihood",-2884.5,0
44,"Combine","NM2",,"likelihood",-2879.5,0
44,"Combine","NM2",,"likelihood",-2874.5,0
44,"Combine","NM2",,"posterior",-3109.5,0
44,"Combine","NM2",,"posterior",-3104.5,0
44,"Combine","NM2",,"posterior",-3099.5,1.8371e-7
44,"Combine","NM2",,"posterior",-3094.5,0.00000444
44,"Combine","NM2",,"posterior",-3089.5,0.00005903
44,"Combine","NM2",,"posterior",-3084.5,0.00022076
44,"Combine","NM2",,"posterior",-3079.5,0.0005826
44,"Combine","NM2",,"posterior",-3074.5,0.0012254
44,"Combine","NM2",,"posterior",-3069.5,0.0020901
44,"Combine","NM2",,"posterior",-3064.5,0.001967
44,"Combine","NM2",,"posterior",-3059.5,0.0007586
44,"Combine","NM2",,"posterior",-3054.5,0.00022786
44,"Combine","NM2",,"posterior",-3049.5,0.0000789
44,"Combine","NM2",,"posterior",-3044.5,0.00006041
44,"Combine","NM2",,"posterior",-3039.5,0.00007535
44,"Combine","NM2",,"posterior",-3034.5,0.00011509
44,"Combine","NM2",,"posterior",-3029.5,0.0004371
44,"Combine","NM2",,"posterior",-3024.5,0.0025897
44,"Combine","NM2",,"posterior",-3019.5,0.008143
44,"Combine","NM2",,"posterior",-3014.5,0.01532
44,"Combine","NM2",,"posterior",-3009.5,0.024915
44,"Combine","NM2",,"posterior",-3004.5,0.030618
44,"Combine","NM2",,"posterior",-2999.5,0.027061
44,"Combine","NM2",,"posterior",-2994.5,0.021447
44,"Combine","NM2",,"posterior",-2989.5,0.016352
44,"Combine","NM2",,"posterior",-2984.5,0.011355
44,"Combine","NM2",,"posterior",-2979.5,0.007979
44,"Combine","NM2",,"posterior",-2974.5,0.005815
44,"Combine","NM2",,"posterior",-2969.5,0.004555
44,"Combine","NM2",,"posterior",-2964.5,0.003927
44,"Combine","NM2",,"posterior",-2959.5,0.003264
44,"Combine","NM2",,"posterior",-2954.5,0.002703
44,"Combine","NM2",,"posterior",-2949.5,0.0020031
44,"Combine","NM2",,"posterior",-2944.5,0.0014086
44,"Combine","NM2",,"posterior",-2939.5,0.0009878
44,"Combine","NM2",,"posterior",-2934.5,0.000726
44,"Combine","NM2",,"posterior",-2929.5,0.000525
44,"Combine","NM2",,"posterior",-2924.5,0.00029139
44,"Combine","NM2",,"posterior",-2919.5,0.0000974
44,"Combine","NM2",,"posterior",-2914.5,0.000013196
44,"Combine","NM2",,"posterior",-2909.5,7.042e-7
44,"Combine","NM2",,"posterior",-2904.5,0
44,"Combine","NM2",,"posterior",-2899.5,0
45,"R_Date","NM2-2",,"likelihood",-3339.5,0
45,"R_Date","NM2-2",,"likelihood",-3334.5,0
45,"R_Date","NM2-2",,"likelihood",-3329.5,0
45,"R_Date","NM2-2",,"likelihood",-3324.5,2.804e-8
45,"R_Date","NM2-2",,"likelihood",-3319.5,1.1216e-7
45,"R_Date","NM2-2",,"likelihood",-3314.5,2.5236e-7
45,"R_Date","NM2-2",,"likelihood",-3309.5,4.767e-7
45,"R_Date","NM2-2",,"likelihood",-3304.5,7.571e-7
45,"R_Date","NM2-2",,"likelihood",-3299.5,5.468e-7
45,"R_Date","NM2-2",,"likelihood",-3294.5,2.3834e-7
45,"R_Date","NM2-2",,"likelihood",-3289.5,1.2618e-7
45,"R_Date","NM2-2",,"likelihood",-3284.5,2.3834e-7
45,"R_Date","NM2-2",,"likelihood",-3279.5,0.0000010094
45,"R_Date","NM2-2",,"likelihood",-3274.5,5.468e-7
45,"R_Date","NM2-2",,"likelihood",-3269.5,3.505e-7
45,"R_Date","NM2-2",,"likelihood",-3264.5,4.627e-7
45,"R_Date","NM2-2",,"likelihood",-3259.5,0.000002818
45,"R_Date","NM2-2",,"likelihood",-3254.5,0.0000083
45,"R_Date","NM2-2",,"likelihood",-3249.5,0.000002818
45,"R_Date","NM2-2",,"likelihood",-3244.5,0.0000015702
45,"R_Date","NM2-2",,"likelihood",-3239.5,3.365e-7
45,"R_Date","NM2-2",,"likelihood",-3234.5,7.01e-8
45,"R_Date","NM2-2",,"likelihood",-3229.5,2.804e-8
45,"R_Date","NM2-2",,"likelihood",-3224.5,1.402e-8
45,"R_Date","NM2-2",,"likelihood",-3219.5,1.402e-8
45,"R_Date","NM2-2",,"likelihood",-3214.5,0
45,"R_Date","NM2-2",,"likelihood",-3209.5,0
45,"R_Date","NM2-2",,"likelihood",-3204.5,0
45,"R_Date","NM2-2",,"likelihood",-3199.5,0
45,"R_Date","NM2-2",,"likelihood",-3194.5,0
45,"R_Date","NM2-2",,"likelihood",-3189.5,0
45,"R_Date","NM2-2",,"likelihood",-3184.5,0
45,"R_Date","NM2-2",,"likelihood",-3179.5,4.206e-8
45,"R_Date","NM2-2",,"likelihood",-3174.5,1.1216e-7
45,"R_Date","NM2-2",,"likelihood",-3169.5,2.5236e-7
45,"R_Date","NM2-2",,"likelihood",-3164.5,3.645e-7
45,"R_Date","NM2-2",,"likelihood",-3159.5,1.9628e-7
45,"R_Date","NM2-2",,"likelihood",-3154.5,2.804e-8
45,"R_Date","NM2-2",,"likelihood",-3149.5,0
45,"R_Date","NM2-2",,"likelihood",-3144.5,0
45,"R_Date","NM2-2",,"likelihood",-3139.5,0
45,"R_Date","NM2-2",,"likelihood",-3134.5,0
45,"R_Date","NM2-2",,"likelihood",-3129.5,0
45,"R_Date","NM2-2",,"likelihood",-3124.5,0
45,"R_Date","NM2-2",,"likelihood",-3119.5,1.402e-8
45,"R_Date","NM2-2",,"likelihood",-3114.5,1.402e-8
45,"R_Date","NM2-2",,"likelihood",-3109.5,2.804e-8
45,"R_Date","NM2-2",,"likelihood",-3104.5,1.2618e-7
45,"R_Date","NM2-2",,"likelihood",-3099.5,0.000002117
45,"R_Date","NM2-2",,"likelihood",-3094.5,0.000020273
45,"R_Date","NM2-2",,"likelihood",-3089.5,0.00013193
45,"R_Date","NM2-2",,"likelihood",-3084.5,0.0003172
45,"R_Date","NM2-2",,"likelihood",-3079.5,0.0005413
45,"R_Date","NM2-2",,"likelihood",-3074.5,0.0008865
45,"R_Date","NM2-2",,"likelihood",-3069.5,0.0013076
45,"R_Date","NM2-2",,"likelihood",-3064.5,0.001206
45,"R_Date","NM2-2",,"likelihood",-3059.5,0.0004899
45,"R_Date","NM2-2",,"likelihood",-3054.5,0.00019704
45,"R_Date","NM2-2",,"likelihood",-3049.5,0.00009291
45,"R_Date","NM2-2",,"likelihood",-3044.5,0.00007689
45,"R_Date","NM2-2",,"likelihood",-3039.5,0.0000858
45,"R_Date","NM2-2",,"likelihood",-3034.5,0.00010422
45,"R_Date","NM2-2",,"likelihood",-3029.5,0.00023636
45,"R_Date","NM2-2",,"likelihood",-3024.5,0.0008563
45,"R_Date","NM2-2",,"likelihood",-3019.5,0.0022031
45,"R_Date","NM2-2",,"likelihood",-3014.5,0.003565
45,"R_Date","NM2-2",,"likelihood",-3009.5,0.006009
45,"R_Date","NM2-2",,"likelihood",-3004.5,0.009386
45,"R_Date","NM2-2",,"likelihood",-2999.5,0.011476
45,"R_Date","NM2-2",,"likelihood",-2994.5,0.011529
45,"R_Date","NM2-2",,"likelihood",-2989.5,0.009978
45,"R_Date","NM2-2",,"likelihood",-2984.5,0.008036
45,"R_Date","NM2-2",,"likelihood",-2979.5,0.006789
45,"R_Date","NM2-2",,"likelihood",-2974.5,0.006067
45,"R_Date","NM2-2",,"likelihood",-2969.5,0.006108
45,"R_Date","NM2-2",,"likelihood",-2964.5,0.006286
45,"R_Date","NM2-2",,"likelihood",-2959.5,0.006789
45,"R_Date","NM2-2",,"likelihood",-2954.5,0.007016
45,"R_Date","NM2-2",,"likelihood",-2949.5,0.006781
45,"R_Date","NM2-2",,"likelihood",-2944.5,0.006173
45,"R_Date","NM2-2",,"likelihood",-2939.5,0.005986
45,"R_Date","NM2-2",,"likelihood",-2934.5,0.006579
45,"R_Date","NM2-2",,"likelihood",-2929.5,0.00832
45,"R_Date","NM2-2",,"likelihood",-2924.5,0.011168
45,"R_Date","NM2-2",,"likelihood",-2919.5,0.01356
45,"R_Date","NM2-2",,"likelihood",-2914.5,0.01402
45,"R_Date","NM2-2",,"likelihood",-2909.5,0.010541
45,"R_Date","NM2-2",,"likelihood",-2904.5,0.005649
45,"R_Date","NM2-2",,"likelihood",-2899.5,0.0024106
45,"R_Date","NM2-2",,"likelihood",-2894.5,0.0007937
45,"R_Date","NM2-2",,"likelihood",-2889.5,0.00018073
45,"R_Date","NM2-2",,"likelihood",-2884.5,0.000023722
45,"R_Date","NM2-2",,"likelihood",-2879.5,0.0000010655
45,"R_Date","NM2-2",,"likelihood",-2874.5,4.206e-8
45,"R_Date","NM2-2",,"likelihood",-2869.5,0
45,"R_Date","NM2-2",,"likelihood",-2864.5,0
45,"R_Date","NM2-2",,"likelihood",-2859.5,0
45,"R_Date","NM2-2",,"likelihood",-2854.5,0
45,"R_Date","NM2-2",,"likelihood",-2849.5,0
45,"R_Date","NM2-2",,"likelihood",-2844.5,0
45,"R_Date","NM2-2",,"likelihood",-2839.5,0
45,"R_Date","NM2-2",,"likelihood",-2834.5,0
45,"R_Date","NM2-2",,"likelihood",-2829.5,0
45,"R_Date","NM2-2",,"likelihood",-2824.5,0
45,"R_Date","NM2-2",,"likelihood",-2819.5,0
45,"R_Date","NM2-2",,"likelihood",-2814.5,0
45,"R_Date","NM2-2",,"likelihood",-2809.5,0
45,"R_Date","NM2-2",,"likelihood",-2804.5,0
45,"R_Date","NM2-2",,"likelihood",-2799.5,0
45,"R_Date","NM2-2",,"likelihood",-2794.5,1.402e-8
45,"R_Date","NM2-2",,"likelihood",-2789.5,1.402e-8
45,"R_Date","NM2-2",,"likelihood",-2784.5,1.402e-8
45,"R_Date","NM2-2",,"likelihood",-2779.5,0
45,"R_Date","NM2-2",,"likelihood",-2774.5,0
45,"R_Date","NM2-2",,"posterior",-3109.5,0
45,"R_Date","NM2-2",,"posterior",-3104.5,0
45,"R_Date","NM2-2",,"posterior",-3099.5,1.8371e-7
45,"R_Date","NM2-2",,"posterior",-3094.5,0.00000444
45,"R_Date","NM2-2",,"posterior",-3089.5,0.00005903
45,"R_Date","NM2-2",,"posterior",-3084.5,0.00022076
45,"R_Date","NM2-2",,"posterior",-3079.5,0.0005826
45,"R_Date","NM2-2",,"posterior",-3074.5,0.0012254
45,"R_Date","NM2-2",,"posterior",-3069.5,0.0020901
45,"R_Date","NM2-2",,"posterior",-3064.5,0.001967
45,"R_Date","NM2-2",,"posterior",-3059.5,0.0007586
45,"R_Date","NM2-2",,"posterior",-3054.5,0.00022786
45,"R_Date","NM2-2",,"posterior",-3049.5,0.0000789
45,"R_Date","NM2-2",,"posterior",-3044.5,0.00006041
45,"R_Date","NM2-2",,"posterior",-3039.5,0.00007535
45,"R_Date","NM2-2",,"posterior",-3034.5,0.00011509
45,"R_Date","NM2-2",,"posterior",-3029.5,0.0004371
45,"R_Date","NM2-2",,"posterior",-3024.5,0.0025897
45,"R_Date","NM2-2",,"posterior",-3019.5,0.008143
45,"R_Date","NM2-2",,"posterior",-3014.5,0.01532
45,"R_Date","NM2-2",,"posterior",-3009.5,0.024915
45,"R_Date","NM2-2",,"posterior",-3004.5,0.030618
45,"R_Date","NM2-2",,"posterior",-2999.5,0.027061
45,"R_Date","NM2-2",,"posterior",-2994.5,0.021447
45,"R_Date","NM2-2",,"posterior",-2989.5,0.016352
45,"R_Date","NM2-2",,"posterior",-2984.5,0.011355
45,"R_Date","NM2-2",,"posterior",-2979.5,0.007979
45,"R_Date","NM2-2",,"posterior",-2974.5,0.005815
45,"R_Date","NM2-2",,"posterior",-2969.5,0.004555
45,"R_Date","NM2-2",,"posterior",-2964.5,0.003927
45,"R_Date","NM2-2",,"posterior",-2959.5,0.003264
45,"R_Date","NM2-2",,"posterior",-2954.5,0.002703
45,"R_Date","NM2-2",,"posterior",-2949.5,0.0020031
45,"R_Date","NM2-2",,"posterior",-2944.5,0.0014086
45,"R_Date","NM2-2",,"posterior",-2939.5,0.0009878
45,"R_Date","NM2-2",,"posterior",-2934.5,0.000726
45,"R_Date","NM2-2",,"posterior",-2929.5,0.000525
45,"R_Date","NM2-2",,"posterior",-2924.5,0.00029139
45,"R_Date","NM2-2",,"posterior",-2919.5,0.0000974
45,"R_Date","NM2-2",,"posterior",-2914.5,0.000013196
45,"R_Date","NM2-2",,"posterior",-2909.5,7.042e-7
45,"R_Date","NM2-2",,"posterior",-2904.5,0
45,"R_Date","NM2-2",,"posterior",-2899.5,0
46,"R_Date","NM2-1",,"likelihood",-3354.5,0
46,"R_Date","NM2-1",,"likelihood",-3349.5,0
46,"R_Date","NM2-1",,"likelihood",-3344.5,7.845e-9
46,"R_Date","NM2-1",,"likelihood",-3339.5,2.3536e-8
46,"R_Date","NM2-1",,"likelihood",-3334.5,1.8829e-7
46,"R_Date","NM2-1",,"likelihood",-3329.5,0.000001522
46,"R_Date","NM2-1",,"likelihood",-3324.5,0.000006692
46,"R_Date","NM2-1",,"likelihood",-3319.5,0.000017974
46,"R_Date","NM2-1",,"likelihood",-3314.5,0.0000321
46,"R_Date","NM2-1",,"likelihood",-3309.5,0.00005
46,"R_Date","NM2-1",,"likelihood",-3304.5,0.00006887
46,"R_Date","NM2-1",,"likelihood",-3299.5,0.00005942
46,"R_Date","NM2-1",,"likelihood",-3294.5,0.00003401
46,"R_Date","NM2-1",,"likelihood",-3289.5,0.0000213
46,"R_Date","NM2-1",,"likelihood",-3284.5,0.00003401
46,"R_Date","NM2-1",,"likelihood",-3279.5,0.00008477
46,"R_Date","NM2-1",,"likelihood",-3274.5,0.00005942
46,"R_Date","NM2-1",,"likelihood",-3269.5,0.00004015
46,"R_Date","NM2-1",,"likelihood",-3264.5,0.00005328
46,"R_Date","NM2-1",,"likelihood",-3259.5,0.00018257
46,"R_Date","NM2-1",,"likelihood",-3254.5,0.0003472
46,"R_Date","NM2-1",,"likelihood",-3249.5,0.00018257
46,"R_Date","NM2-1",,"likelihood",-3244.5,0.00011476
46,"R_Date","NM2-1",,"likelihood",-3239.5,0.00004267
46,"R_Date","NM2-1",,"likelihood",-3234.5,0.000013086
46,"R_Date","NM2-1",,"likelihood",-3229.5,0.000006692
46,"R_Date","NM2-1",,"likelihood",-3224.5,0.000003562
46,"R_Date","NM2-1",,"likelihood",-3219.5,0.0000031068
46,"R_Date","NM2-1",,"likelihood",-3214.5,0.0000011533
46,"R_Date","NM2-1",,"likelihood",-3209.5,2.589e-7
46,"R_Date","NM2-1",,"likelihood",-3204.5,4.707e-8
46,"R_Date","NM2-1",,"likelihood",-3199.5,3.1382e-8
46,"R_Date","NM2-1",,"likelihood",-3194.5,1.0199e-7
46,"R_Date","NM2-1",,"likelihood",-3189.5,6.512e-7
46,"R_Date","NM2-1",,"likelihood",-3184.5,0.0000023144
46,"R_Date","NM2-1",,"likelihood",-3179.5,0.000008395
46,"R_Date","NM2-1",,"likelihood",-3174.5,0.000017974
46,"R_Date","NM2-1",,"likelihood",-3169.5,0.0000321
46,"R_Date","NM2-1",,"likelihood",-3164.5,0.00003815
46,"R_Date","NM2-1",,"likelihood",-3159.5,0.000024431
46,"R_Date","NM2-1",,"likelihood",-3154.5,0.000005884
46,"R_Date","NM2-1",,"likelihood",-3149.5,0.0000017574
46,"R_Date","NM2-1",,"likelihood",-3144.5,4.786e-7
46,"R_Date","NM2-1",,"likelihood",-3139.5,6.512e-7
46,"R_Date","NM2-1",,"likelihood",-3134.5,0.0000011533
46,"R_Date","NM2-1",,"likelihood",-3129.5,0.0000020084
46,"R_Date","NM2-1",,"likelihood",-3124.5,0.0000020084
46,"R_Date","NM2-1",,"likelihood",-3119.5,0.0000030126
46,"R_Date","NM2-1",,"likelihood",-3114.5,0.000004456
46,"R_Date","NM2-1",,"likelihood",-3109.5,0.000005068
46,"R_Date","NM2-1",,"likelihood",-3104.5,0.000017284
46,"R_Date","NM2-1",,"likelihood",-3099.5,0.00013055
46,"R_Date","NM2-1",,"likelihood",-3094.5,0.0006131
46,"R_Date","NM2-1",,"likelihood",-3089.5,0.001773
46,"R_Date","NM2-1",,"likelihood",-3084.5,0.0028453
46,"R_Date","NM2-1",,"likelihood",-3079.5,0.003707
46,"R_Date","NM2-1",,"likelihood",-3074.5,0.004797
46,"R_Date","NM2-1",,"likelihood",-3069.5,0.005604
46,"R_Date","NM2-1",,"likelihood",-3064.5,0.005264
46,"R_Date","NM2-1",,"likelihood",-3059.5,0.003675
46,"R_Date","NM2-1",,"likelihood",-3054.5,0.0022126
46,"R_Date","NM2-1",,"likelihood",-3049.5,0.0015148
46,"R_Date","NM2-1",,"likelihood",-3044.5,0.0013699
46,"R_Date","NM2-1",,"likelihood",-3039.5,0.0014594
46,"R_Date","NM2-1",,"likelihood",-3034.5,0.0016308
46,"R_Date","NM2-1",,"likelihood",-3029.5,0.0025515
46,"R_Date","NM2-1",,"likelihood",-3024.5,0.004889
46,"R_Date","NM2-1",,"likelihood",-3019.5,0.006684
46,"R_Date","NM2-1",,"likelihood",-3014.5,0.007507
46,"R_Date","NM2-1",,"likelihood",-3009.5,0.007845
46,"R_Date","NM2-1",,"likelihood",-3004.5,0.007108
46,"R_Date","NM2-1",,"likelihood",-2999.5,0.006029
46,"R_Date","NM2-1",,"likelihood",-2994.5,0.006118
46,"R_Date","NM2-1",,"likelihood",-2989.5,0.006874
46,"R_Date","NM2-1",,"likelihood",-2984.5,0.00741
46,"R_Date","NM2-1",,"likelihood",-2979.5,0.007771
46,"R_Date","NM2-1",,"likelihood",-2974.5,0.007838
46,"R_Date","NM2-1",,"likelihood",-2969.5,0.007568
46,"R_Date","NM2-1",,"likelihood",-2964.5,0.007823
46,"R_Date","NM2-1",,"likelihood",-2959.5,0.007772
46,"R_Date","NM2-1",,"likelihood",-2954.5,0.007738
46,"R_Date","NM2-1",,"likelihood",-2949.5,0.007773
46,"R_Date","NM2-1",,"likelihood",-2944.5,0.007835
46,"R_Date","NM2-1",,"likelihood",-2939.5,0.007709
46,"R_Date","NM2-1",,"likelihood",-2934.5,0.007668
46,"R_Date","NM2-1",,"likelihood",-2929.5,0.00745
46,"R_Date","NM2-1",,"likelihood",-2924.5,0.006317
46,"R_Date","NM2-1",,"likelihood",-2919.5,0.004399
46,"R_Date","NM2-1",,"likelihood",-2914.5,0.0021769
46,"R_Date","NM2-1",,"likelihood",-2909.5,0.0006945
46,"R_Date","NM2-1",,"likelihood",-2904.5,0.00018172
46,"R_Date","NM2-1",,"likelihood",-2899.5,0.00003766
46,"R_Date","NM2-1",,"likelihood",-2894.5,0.000006041
46,"R_Date","NM2-1",,"likelihood",-2889.5,6.355e-7
46,"R_Date","NM2-1",,"likelihood",-2884.5,3.923e-8
46,"R_Date","NM2-1",,"likelihood",-2879.5,0
46,"R_Date","NM2-1",,"likelihood",-2874.5,0
46,"R_Date","NM2-1",,"likelihood",-2869.5,0
46,"R_Date","NM2-1",,"posterior",-3109.5,0
46,"R_Date","NM2-1",,"posterior",-3104.5,0
46,"R_Date","NM2-1",,"posterior",-3099.5,1.8371e-7
46,"R_Date","NM2-1",,"posterior",-3094.5,0.00000444
46,"R_Date","NM2-1",,"posterior",-3089.5,0.00005903
46,"R_Date","NM2-1",,"posterior",-3084.5,0.00022076
46,"R_Date","NM2-1",,"posterior",-3079.5,0.0005826
46,"R_Date","NM2-1",,"posterior",-3074.5,0.0012254
46,"R_Date","NM2-1",,"posterior",-3069.5,0.0020901
46,"R_Date","NM2-1",,"posterior",-3064.5,0.001967
46,"R_Date","NM2-1",,"posterior",-3059.5,0.0007586
46,"R_Date","NM2-1",,"posterior",-3054.5,0.00022786
46,"R_Date","NM2-1",,"posterior",-3049.5,0.0000789
46,"R_Date","NM2-1",,"posterior",-3044.5,0.00006041
46,"R_Date","NM2-1",,"posterior",-3039.5,0.00007535
46,"R_Date","NM2-1",,"posterior",-3034.5,0.00011509
46,"R_Date","NM2-1",,"posterior",-3029.5,0.0004371
46,"R_Date","NM2-1",,"posterior",-3024.5,0.0025897
46,"R_Date","NM2-1",,"posterior",-3019.5,0.008143
46,"R_Date","NM2-1",,"posterior",-3014.5,0.01532
46,"R_Date","NM2-1",,"posterior",-3009.5,0.024915
46,"R_Date","NM2-1",,"posterior",-3004.5,0.030618
46,"R_Date","NM2-1",,"posterior",-2999.5,0.027061
46,"R_Date","NM2-1",,"posterior",-2994.5,0.021447
46,"R_Date","NM2-1",,"posterior",-2989.5,0.016352
46,"R_Date","NM2-1",,"posterior",-2984.5,0.011355
46,"R_Date","NM2-1",,"posterior",-2979.5,0.007979
46,"R_Date","NM2-1",,"posterior",-2974.5,0.005815
46,"R_Date","NM2-1",,"posterior",-2969.5,0.004555
46,"R_Date","NM2-1",,"posterior",-2964.5,0.003927
46,"R_Date","NM2-1",,"posterior",-2959.5,0.003264
46,"R_Date","NM2-1",,"posterior",-2954.5,0.002703
46,"R_Date","NM2-1",,"posterior",-2949.5,0.0020031
46,"R_Date","NM2-1",,"posterior",-2944.5,0.0014086
46,"R_Date","NM2-1",,"posterior",-2939.5,0.0009878
46,"R_Date","NM2-1",,"posterior",-2934.5,0.000726
46,"R_Date","NM2-1",,"posterior",-2929.5,0.000525
46,"R_Date","NM2-1",,"posterior",-2924.5,0.00029139
46,"R_Date","NM2-1",,"posterior",-2919.5,0.0000974
46,"R_Date","NM2-1",,"posterior",-2914.5,0.000013196
46,"R_Date","NM2-1",,"posterior",-2909.5,7.042e-7
46,"R_Date","NM2-1",,"posterior",-2904.5,0
46,"R_Date","NM2-1",,"posterior",-2899.5,0
47,"Interval","Stage I Duration",,"posterior",2.5,0
47,"Interval","Stage I Duration",,"posterior",7.5,7.809e-7
47,"Interval","Stage I Duration",,"posterior",12.5,0.00006623
47,"Interval","Stage I Duration",,"posterior",17.5,0.000023174
47,"Interval","Stage I Duration",,"posterior",22.5,0.00008897
47,"Interval","Stage I Duration",,"posterior",27.5,0.00024488
47,"Interval","Stage I Duration",,"posterior",32.5,0.000626
47,"Interval","Stage I Duration",,"posterior",37.5,0.001348
47,"Interval","Stage I Duration",,"posterior",42.5,0.0024895
47,"Interval","Stage I Duration",,"posterior",47.5,0.004075
47,"Interval","Stage I Duration",,"posterior",52.5,0.005821
47,"Interval","Stage I Duration",,"posterior",57.5,0.007028
47,"Interval","Stage I Duration",,"posterior",62.5,0.00747
47,"Interval","Stage I Duration",,"posterior",67.5,0.007152
47,"Interval","Stage I Duration",,"posterior",72.5,0.006354
47,"Interval","Stage I Duration",,"posterior",77.5,0.0056
47,"Interval","Stage I Duration",,"posterior",82.5,0.004891
47,"Interval","Stage I Duration",,"posterior",87.5,0.00449
47,"Interval","Stage I Duration",,"posterior",92.5,0.004449
47,"Interval","Stage I Duration",,"posterior",97.5,0.00468
47,"Interval","Stage I Duration",,"posterior",102.5,0.005387
47,"Interval","Stage I Duration",,"posterior",107.5,0.006483
47,"Interval","Stage I Duration",,"posterior",112.5,0.007471
47,"Interval","Stage I Duration",,"posterior",117.5,0.008099
47,"Interval","Stage I Duration",,"posterior",122.5,0.008586
47,"Interval","Stage I Duration",,"posterior",127.5,0.008676
47,"Interval","Stage I Duration",,"posterior",132.5,0.008516
47,"Interval","Stage I Duration",,"posterior",137.5,0.008245
47,"Interval","Stage I Duration",,"posterior",142.5,0.007865
47,"Interval","Stage I Duration",,"posterior",147.5,0.007517
47,"Interval","Stage I Duration",,"posterior",152.5,0.006983
47,"Interval","Stage I Duration",,"posterior",157.5,0.006621
47,"Interval","Stage I Duration",,"posterior",162.5,0.006164
47,"Interval","Stage I Duration",,"posterior",167.5,0.005711
47,"Interval","Stage I Duration",,"posterior",172.5,0.005206
47,"Interval","Stage I Duration",,"posterior",177.5,0.004635
47,"Interval","Stage I Duration",,"posterior",182.5,0.004106
47,"Interval","Stage I Duration",,"posterior",187.5,0.003437
47,"Interval","Stage I Duration",,"posterior",192.5,0.0027527
47,"Interval","Stage I Duration",,"posterior",197.5,0.0021415
47,"Interval","Stage I Duration",,"posterior",202.5,0.0016743
47,"Interval","Stage I Duration",,"posterior",207.5,0.0013118
47,"Interval","Stage I Duration",,"posterior",212.5,0.0010185
47,"Interval","Stage I Duration",,"posterior",217.5,0.000769
47,"Interval","Stage I Duration",,"posterior",222.5,0.0005923
47,"Interval","Stage I Duration",,"posterior",227.5,0.0004807
47,"Interval","Stage I Duration",,"posterior",232.5,0.0004278
47,"Interval","Stage I Duration",,"posterior",237.5,0.0003728
47,"Interval","Stage I Duration",,"posterior",242.5,0.0003066
47,"Interval","Stage I Duration",,"posterior",247.5,0.00026258
47,"Interval","Stage I Duration",,"posterior",252.5,0.00021276
47,"Interval","Stage I Duration",,"posterior",257.5,0.00016007
47,"Interval","Stage I Duration",,"posterior",262.5,0.00011459
47,"Interval","Stage I Duration",,"posterior",267.5,0.00008455
47,"Interval","Stage I Duration",,"posterior",272.5,0.00007014
47,"Interval","Stage I Duration",,"posterior",277.5,0.00004853
47,"Interval","Stage I Duration",,"posterior",282.5,0.00003871
47,"Interval","Stage I Duration",,"posterior",287.5,0.000028562
47,"Interval","Stage I Duration",,"posterior",292.5,0.00001953
47,"Interval","Stage I Duration",,"posterior",297.5,0.000022567
47,"Interval","Stage I Duration",,"posterior",302.5,0.000020224
47,"Interval","Stage I Duration",,"posterior",307.5,0.00001953
47,"Interval","Stage I Duration",,"posterior",312.5,0.000021439
47,"Interval","Stage I Duration",,"posterior",317.5,0.000021005
47,"Interval","Stage I Duration",,"posterior",322.5,0.000022567
47,"Interval","Stage I Duration",,"posterior",327.5,0.000025256
47,"Interval","Stage I Duration",,"posterior",332.5,0.000026913
47,"Interval","Stage I Duration",,"posterior",337.5,0.000020918
47,"Interval","Stage I Duration",,"posterior",342.5,0.000024736
47,"Interval","Stage I Duration",,"posterior",347.5,0.000024736
47,"Interval","Stage I Duration",,"posterior",352.5,0.000020571
47,"Interval","Stage I Duration",,"posterior",357.5,0.000021612
47,"Interval","Stage I Duration",,"posterior",362.5,0.000021699
47,"Interval","Stage I Duration",,"posterior",367.5,0.00002674
47,"Interval","Stage I Duration",,"posterior",372.5,0.000024562
47,"Interval","Stage I Duration",,"posterior",377.5,0.000020658
47,"Interval","Stage I Duration",,"posterior",382.5,0.000019356
47,"Interval","Stage I Duration",,"posterior",387.5,0.000020571
47,"Interval","Stage I Duration",,"posterior",392.5,0.000016146
47,"Interval","Stage I Duration",,"posterior",397.5,0.000011461
47,"Interval","Stage I Duration",,"posterior",402.5,0.000011114
47,"Interval","Stage I Duration",,"posterior",407.5,0.000008069
47,"Interval","Stage I Duration",,"posterior",412.5,0.000005639
47,"Interval","Stage I Duration",,"posterior",417.5,0.000005466
47,"Interval","Stage I Duration",,"posterior",422.5,0.0000027764
47,"Interval","Stage I Duration",,"posterior",427.5,0.000003384
47,"Interval","Stage I Duration",,"posterior",432.5,0.0000029499
47,"Interval","Stage I Duration",,"posterior",437.5,0.00000321
47,"Interval","Stage I Duration",,"posterior",442.5,0.0000019087
47,"Interval","Stage I Duration",,"posterior",447.5,0.000003991
47,"Interval","Stage I Duration",,"posterior",452.5,0.0000028631
47,"Interval","Stage I Duration",,"posterior",457.5,0
47,"Interval","Stage I Duration",,"posterior",462.5,4.338e-7
47,"Interval","Stage I Duration",,"posterior",467.5,4.338e-7
47,"Interval","Stage I Duration",,"posterior",472.5,8.676e-8
47,"Interval","Stage I Duration",,"posterior",477.5,0
47,"Interval","Stage I Duration",,"posterior",482.5,2.6028e-7
47,"Interval","Stage I Duration",,"posterior",487.5,8.676e-8
47,"Interval","Stage I Duration",,"posterior",492.5,8.676e-8
47,"Interval","Stage I Duration",,"posterior",497.5,6.073e-7
47,"Interval","Stage I Duration",,"posterior",502.5,0
47,"Interval","Stage I Duration",,"posterior",507.5,0
47,"Interval","Stage I Duration",,"posterior",512.5,0
48,"Boundary","Stage I to II",,"posterior",-3039.5,0
48,"Boundary","Stage I to II",,"posterior",-3034.5,0.000008152
48,"Boundary","Stage I to II",,"posterior",-3029.5,0.000014591
48,"Boundary","Stage I to II",,"posterior",-3024.5,0.00006511
48,"Boundary","Stage I to II",,"posterior",-3019.5,0.0001316
48,"Boundary","Stage I to II",,"posterior",-3014.5,0.0008431
48,"Boundary","Stage I to II",,"posterior",-3009.5,0.003512
48,"Boundary","Stage I to II",,"posterior",-3004.5,0.009872
48,"Boundary","Stage I to II",,"posterior",-2999.5,0.017397
48,"Boundary","Stage I to II",,"posterior",-2994.5,0.020637
48,"Boundary","Stage I to II",,"posterior",-2989.5,0.01999
48,"Boundary","Stage I to II",,"posterior",-2984.5,0.018065
48,"Boundary","Stage I to II",,"posterior",-2979.5,0.015655
48,"Boundary","Stage I to II",,"posterior",-2974.5,0.013496
48,"Boundary","Stage I to II",,"posterior",-2969.5,0.011999
48,"Boundary","Stage I to II",,"posterior",-2964.5,0.010691
48,"Boundary","Stage I to II",,"posterior",-2959.5,0.009586
48,"Boundary","Stage I to II",,"posterior",-2954.5,0.008752
48,"Boundary","Stage I to II",,"posterior",-2949.5,0.007958
48,"Boundary","Stage I to II",,"posterior",-2944.5,0.007278
48,"Boundary","Stage I to II",,"posterior",-2939.5,0.006664
48,"Boundary","Stage I to II",,"posterior",-2934.5,0.005929
48,"Boundary","Stage I to II",,"posterior",-2929.5,0.004967
48,"Boundary","Stage I to II",,"posterior",-2924.5,0.003586
48,"Boundary","Stage I to II",,"posterior",-2919.5,0.0019939
48,"Boundary","Stage I to II",,"posterior",-2914.5,0.0007221
48,"Boundary","Stage I to II",,"posterior",-2909.5,0.00015695
48,"Boundary","Stage I to II",,"posterior",-2904.5,0.000026044
48,"Boundary","Stage I to II",,"posterior",-2899.5,0.000003818
48,"Boundary","Stage I to II",,"posterior",-2894.5,5.159e-7
48,"Boundary","Stage I to II",,"posterior",-2889.5,0
50,"R_Date","NW13",,"likelihood",-3354.5,0
50,"R_Date","NW13",,"likelihood",-3349.5,0
50,"R_Date","NW13",,"likelihood",-3344.5,0
50,"R_Date","NW13",,"likelihood",-3339.5,8.06e-9
50,"R_Date","NW13",,"likelihood",-3334.5,8.06e-8
50,"R_Date","NW13",,"likelihood",-3329.5,7.657e-7
50,"R_Date","NW13",,"likelihood",-3324.5,0.000003571
50,"R_Date","NW13",,"likelihood",-3319.5,0.000010034
50,"R_Date","NW13",,"likelihood",-3314.5,0.000018441
50,"R_Date","NW13",,"likelihood",-3309.5,0.000029402
50,"R_Date","NW13",,"likelihood",-3304.5,0.00004121
50,"R_Date","NW13",,"likelihood",-3299.5,0.0000349
50,"R_Date","NW13",,"likelihood",-3294.5,0.000019384
50,"R_Date","NW13",,"likelihood",-3289.5,0.000011856
50,"R_Date","NW13",,"likelihood",-3284.5,0.000019384
50,"R_Date","NW13",,"likelihood",-3279.5,0.00005131
50,"R_Date","NW13",,"likelihood",-3274.5,0.0000349
50,"R_Date","NW13",,"likelihood",-3269.5,0.000023341
50,"R_Date","NW13",,"likelihood",-3264.5,0.000031103
50,"R_Date","NW13",,"likelihood",-3259.5,0.00011453
50,"R_Date","NW13",,"likelihood",-3254.5,0.00022925
50,"R_Date","NW13",,"likelihood",-3249.5,0.00011453
50,"R_Date","NW13",,"likelihood",-3244.5,0.00007068
50,"R_Date","NW13",,"likelihood",-3239.5,0.000024615
50,"R_Date","NW13",,"likelihood",-3234.5,0.000007109
50,"R_Date","NW13",,"likelihood",-3229.5,0.000003571
50,"R_Date","NW13",,"likelihood",-3224.5,0.0000018215
50,"R_Date","NW13",,"likelihood",-3219.5,0.0000015797
50,"R_Date","NW13",,"likelihood",-3214.5,5.642e-7
50,"R_Date","NW13",,"likelihood",-3209.5,1.209e-7
50,"R_Date","NW13",,"likelihood",-3204.5,2.4179e-8
50,"R_Date","NW13",,"likelihood",-3199.5,1.612e-8
50,"R_Date","NW13",,"likelihood",-3194.5,4.836e-8
50,"R_Date","NW13",,"likelihood",-3189.5,3.224e-7
50,"R_Date","NW13",,"likelihood",-3184.5,0.0000011767
50,"R_Date","NW13",,"likelihood",-3179.5,0.000004578
50,"R_Date","NW13",,"likelihood",-3174.5,0.000010034
50,"R_Date","NW13",,"likelihood",-3169.5,0.000018441
50,"R_Date","NW13",,"likelihood",-3164.5,0.000022366
50,"R_Date","NW13",,"likelihood",-3159.5,0.000014
50,"R_Date","NW13",,"likelihood",-3154.5,0.0000031192
50,"R_Date","NW13",,"likelihood",-3149.5,8.946e-7
50,"R_Date","NW13",,"likelihood",-3144.5,2.2567e-7
50,"R_Date","NW13",,"likelihood",-3139.5,3.224e-7
50,"R_Date","NW13",,"likelihood",-3134.5,5.803e-7
50,"R_Date","NW13",,"likelihood",-3129.5,0.0000010317
50,"R_Date","NW13",,"likelihood",-3124.5,0.0000010317
50,"R_Date","NW13",,"likelihood",-3119.5,0.0000015717
50,"R_Date","NW13",,"likelihood",-3114.5,0.0000023615
50,"R_Date","NW13",,"likelihood",-3109.5,0.0000027
50,"R_Date","NW13",,"likelihood",-3104.5,0.000009744
50,"R_Date","NW13",,"likelihood",-3099.5,0.00008183
50,"R_Date","NW13",,"likelihood",-3094.5,0.0004216
50,"R_Date","NW13",,"likelihood",-3089.5,0.001345
50,"R_Date","NW13",,"likelihood",-3084.5,0.0022707
50,"R_Date","NW13",,"likelihood",-3079.5,0.0030602
50,"R_Date","NW13",,"likelihood",-3074.5,0.004093
50,"R_Date","NW13",,"likelihood",-3069.5,0.004923
50,"R_Date","NW13",,"likelihood",-3064.5,0.004598
50,"R_Date","NW13",,"likelihood",-3059.5,0.0030096
50,"R_Date","NW13",,"likelihood",-3054.5,0.0017167
50,"R_Date","NW13",,"likelihood",-3049.5,0.0011249
50,"R_Date","NW13",,"likelihood",-3044.5,0.0010066
50,"R_Date","NW13",,"likelihood",-3039.5,0.0010787
50,"R_Date","NW13",,"likelihood",-3034.5,0.001218
50,"R_Date","NW13",,"likelihood",-3029.5,0.0019966
50,"R_Date","NW13",,"likelihood",-3024.5,0.004159
50,"R_Date","NW13",,"likelihood",-3019.5,0.006132
50,"R_Date","NW13",,"likelihood",-3014.5,0.00721
50,"R_Date","NW13",,"likelihood",-3009.5,0.008001
50,"R_Date","NW13",,"likelihood",-3004.5,0.007761
50,"R_Date","NW13",,"likelihood",-2999.5,0.006867
50,"R_Date","NW13",,"likelihood",-2994.5,0.006985
50,"R_Date","NW13",,"likelihood",-2989.5,0.007595
50,"R_Date","NW13",,"likelihood",-2984.5,0.007865
50,"R_Date","NW13",,"likelihood",-2979.5,0.008056
50,"R_Date","NW13",,"likelihood",-2974.5,0.008003
50,"R_Date","NW13",,"likelihood",-2969.5,0.007713
50,"R_Date","NW13",,"likelihood",-2964.5,0.008025
50,"R_Date","NW13",,"likelihood",-2959.5,0.008057
50,"R_Date","NW13",,"likelihood",-2954.5,0.00806
50,"R_Date","NW13",,"likelihood",-2949.5,0.008057
50,"R_Date","NW13",,"likelihood",-2944.5,0.008018
50,"R_Date","NW13",,"likelihood",-2939.5,0.007847
50,"R_Date","NW13",,"likelihood",-2934.5,0.007903
50,"R_Date","NW13",,"likelihood",-2929.5,0.007964
50,"R_Date","NW13",,"likelihood",-2924.5,0.007155
50,"R_Date","NW13",,"likelihood",-2919.5,0.005322
50,"R_Date","NW13",,"likelihood",-2914.5,0.0028992
50,"R_Date","NW13",,"likelihood",-2909.5,0.0010338
50,"R_Date","NW13",,"likelihood",-2904.5,0.00029484
50,"R_Date","NW13",,"likelihood",-2899.5,0.00006688
50,"R_Date","NW13",,"likelihood",-2894.5,0.000011743
50,"R_Date","NW13",,"likelihood",-2889.5,0.0000013702
50,"R_Date","NW13",,"likelihood",-2884.5,8.06e-8
50,"R_Date","NW13",,"likelihood",-2879.5,0
50,"R_Date","NW13",,"likelihood",-2874.5,0
50,"R_Date","NW13",,"likelihood",-2869.5,0
50,"R_Date","NW13",,"posterior",-3029.5,0
50,"R_Date","NW13",,"posterior",-3024.5,8.678e-7
50,"R_Date","NW13",,"posterior",-3019.5,0.000005554
50,"R_Date","NW13",,"posterior",-3014.5,0.000028465
50,"R_Date","NW13",,"posterior",-3009.5,0.00012379
50,"R_Date","NW13",,"posterior",-3004.5,0.000483
50,"R_Date","NW13",,"posterior",-2999.5,0.0011598
50,"R_Date","NW13",,"posterior",-2994.5,0.0022418
50,"R_Date","NW13",,"posterior",-2989.5,0.003674
50,"R_Date","NW13",,"posterior",-2984.5,0.005185
50,"R_Date","NW13",,"posterior",-2979.5,0.006602
50,"R_Date","NW13",,"posterior",-2974.5,0.007782
50,"R_Date","NW13",,"posterior",-2969.5,0.008702
50,"R_Date","NW13",,"posterior",-2964.5,0.010062
50,"R_Date","NW13",,"posterior",-2959.5,0.011212
50,"R_Date","NW13",,"posterior",-2954.5,0.012394
50,"R_Date","NW13",,"posterior",-2949.5,0.013556
50,"R_Date","NW13",,"posterior",-2944.5,0.014746
50,"R_Date","NW13",,"posterior",-2939.5,0.015934
50,"R_Date","NW13",,"posterior",-2934.5,0.017469
50,"R_Date","NW13",,"posterior",-2929.5,0.019285
50,"R_Date","NW13",,"posterior",-2924.5,0.019051
50,"R_Date","NW13",,"posterior",-2919.5,0.015623
50,"R_Date","NW13",,"posterior",-2914.5,0.009445
50,"R_Date","NW13",,"posterior",-2909.5,0.003771
50,"R_Date","NW13",,"posterior",-2904.5,0.0011336
50,"R_Date","NW13",,"posterior",-2899.5,0.00027258
50,"R_Date","NW13",,"posterior",-2894.5,0.00005087
50,"R_Date","NW13",,"posterior",-2889.5,0.000005207
50,"R_Date","NW13",,"posterior",-2884.5,9.643e-8
50,"R_Date","NW13",,"posterior",-2879.5,0
50,"R_Date","NW13",,"posterior",-2874.5,0
51,"R_Date","NW10",,"likelihood",-3334.5,0
51,"R_Date","NW10",,"likelihood",-3329.5,0
51,"R_Date","NW10",,"likelihood",-3324.5,1.1472e-8
51,"R_Date","NW10",,"likelihood",-3319.5,3.442e-8
51,"R_Date","NW10",,"likelihood",-3314.5,8.031e-8
51,"R_Date","NW10",,"likelihood",-3309.5,1.8356e-7
51,"R_Date","NW10",,"likelihood",-3304.5,3.0975e-7
51,"R_Date","NW10",,"likelihood",-3299.5,1.9503e-7
51,"R_Date","NW10",,"likelihood",-3294.5,6.883e-8
51,"R_Date","NW10",,"likelihood",-3289.5,3.442e-8
51,"R_Date","NW10",,"likelihood",-3284.5,6.883e-8
51,"R_Date","NW10",,"likelihood",-3279.5,4.474e-7
51,"R_Date","NW10",,"likelihood",-3274.5,1.9503e-7
51,"R_Date","NW10",,"likelihood",-3269.5,1.2619e-7
51,"R_Date","NW10",,"likelihood",-3264.5,1.6061e-7
51,"R_Date","NW10",,"likelihood",-3259.5,0.000001434
51,"R_Date","NW10",,"likelihood",-3254.5,0.000005541
51,"R_Date","NW10",,"likelihood",-3249.5,0.000001434
51,"R_Date","NW10",,"likelihood",-3244.5,7.572e-7
51,"R_Date","NW10",,"likelihood",-3239.5,1.0325e-7
51,"R_Date","NW10",,"likelihood",-3234.5,1.1472e-8
51,"R_Date","NW10",,"likelihood",-3229.5,1.1472e-8
51,"R_Date","NW10",,"likelihood",-3224.5,0
51,"R_Date","NW10",,"likelihood",-3219.5,0
51,"R_Date","NW10",,"likelihood",-3214.5,0
51,"R_Date","NW10",,"likelihood",-3209.5,0
51,"R_Date","NW10",,"likelihood",-3204.5,0
51,"R_Date","NW10",,"likelihood",-3199.5,0
51,"R_Date","NW10",,"likelihood",-3194.5,0
51,"R_Date","NW10",,"likelihood",-3189.5,0
51,"R_Date","NW10",,"likelihood",-3184.5,0
51,"R_Date","NW10",,"likelihood",-3179.5,1.1472e-8
51,"R_Date","NW10",,"likelihood",-3174.5,3.442e-8
51,"R_Date","NW10",,"likelihood",-3169.5,8.031e-8
51,"R_Date","NW10",,"likelihood",-3164.5,1.3767e-7
51,"R_Date","NW10",,"likelihood",-3159.5,6.883e-8
51,"R_Date","NW10",,"likelihood",-3154.5,0
51,"R_Date","NW10",,"likelihood",-3149.5,0
51,"R_Date","NW10",,"likelihood",-3144.5,0
51,"R_Date","NW10",,"likelihood",-3139.5,0
51,"R_Date","NW10",,"likelihood",-3134.5,0
51,"R_Date","NW10",,"likelihood",-3129.5,0
51,"R_Date","NW10",,"likelihood",-3124.5,0
51,"R_Date","NW10",,"likelihood",-3119.5,0
51,"R_Date","NW10",,"likelihood",-3114.5,0
51,"R_Date","NW10",,"likelihood",-3109.5,0
51,"R_Date","NW10",,"likelihood",-3104.5,3.442e-8
51,"R_Date","NW10",,"likelihood",-3099.5,0.0000011587
51,"R_Date","NW10",,"likelihood",-3094.5,0.000015866
51,"R_Date","NW10",,"likelihood",-3089.5,0.00014115
51,"R_Date","NW10",,"likelihood",-3084.5,0.0003752
51,"R_Date","NW10",,"likelihood",-3079.5,0.0006725
51,"R_Date","NW10",,"likelihood",-3074.5,0.0011386
51,"R_Date","NW10",,"likelihood",-3069.5,0.0017168
51,"R_Date","NW10",,"likelihood",-3064.5,0.0015752
51,"R_Date","NW10",,"likelihood",-3059.5,0.0005994
51,"R_Date","NW10",,"likelihood",-3054.5,0.0002213
51,"R_Date","NW10",,"likelihood",-3049.5,0.0000931
51,"R_Date","NW10",,"likelihood",-3044.5,0.0000746
51,"R_Date","NW10",,"likelihood",-3039.5,0.00008463
51,"R_Date","NW10",,"likelihood",-3034.5,0.00010572
51,"R_Date","NW10",,"likelihood",-3029.5,0.00026711
51,"R_Date","NW10",,"likelihood",-3024.5,0.0010944
51,"R_Date","NW10",,"likelihood",-3019.5,0.0029299
51,"R_Date","NW10",,"likelihood",-3014.5,0.004685
51,"R_Date","NW10",,"likelihood",-3009.5,0.007476
51,"R_Date","NW10",,"likelihood",-3004.5,0.010395
51,"R_Date","NW10",,"likelihood",-2999.5,0.011228
51,"R_Date","NW10",,"likelihood",-2994.5,0.011472
51,"R_Date","NW10",,"likelihood",-2989.5,0.010765
51,"R_Date","NW10",,"likelihood",-2984.5,0.009231
51,"R_Date","NW10",,"likelihood",-2979.5,0.008254
51,"R_Date","NW10",,"likelihood",-2974.5,0.007533
51,"R_Date","NW10",,"likelihood",-2969.5,0.00737
51,"R_Date","NW10",,"likelihood",-2964.5,0.007757
51,"R_Date","NW10",,"likelihood",-2959.5,0.008255
51,"R_Date","NW10",,"likelihood",-2954.5,0.008471
51,"R_Date","NW10",,"likelihood",-2949.5,0.008248
51,"R_Date","NW10",,"likelihood",-2944.5,0.007644
51,"R_Date","NW10",,"likelihood",-2939.5,0.007351
51,"R_Date","NW10",,"likelihood",-2934.5,0.007937
51,"R_Date","NW10",,"likelihood",-2929.5,0.009606
51,"R_Date","NW10",,"likelihood",-2924.5,0.011351
51,"R_Date","NW10",,"likelihood",-2919.5,0.011026
51,"R_Date","NW10",,"likelihood",-2914.5,0.008011
51,"R_Date","NW10",,"likelihood",-2909.5,0.003501
51,"R_Date","NW10",,"likelihood",-2904.5,0.0010473
51,"R_Date","NW10",,"likelihood",-2899.5,0.00022861
51,"R_Date","NW10",,"likelihood",-2894.5,0.00003515
51,"R_Date","NW10",,"likelihood",-2889.5,0.000003201
51,"R_Date","NW10",,"likelihood",-2884.5,1.3767e-7
51,"R_Date","NW10",,"likelihood",-2879.5,0
51,"R_Date","NW10",,"likelihood",-2874.5,0
51,"R_Date","NW10",,"likelihood",-2869.5,0
51,"R_Date","NW10",,"posterior",-3029.5,0
51,"R_Date","NW10",,"posterior",-3024.5,1.8096e-7
51,"R_Date","NW10",,"posterior",-3019.5,0.0000024204
51,"R_Date","NW10",,"posterior",-3014.5,0.00001545
51,"R_Date","NW10",,"posterior",-3009.5,0.0001053
51,"R_Date","NW10",,"posterior",-3004.5,0.0005437
51,"R_Date","NW10",,"posterior",-2999.5,0.0014911
51,"R_Date","NW10",,"posterior",-2994.5,0.0029378
51,"R_Date","NW10",,"posterior",-2989.5,0.004268
51,"R_Date","NW10",,"posterior",-2984.5,0.005047
51,"R_Date","NW10",,"posterior",-2979.5,0.005616
51,"R_Date","NW10",,"posterior",-2974.5,0.006157
51,"R_Date","NW10",,"posterior",-2969.5,0.006874
51,"R_Date","NW10",,"posterior",-2964.5,0.008032
51,"R_Date","NW10",,"posterior",-2959.5,0.00943
51,"R_Date","NW10",,"posterior",-2954.5,0.010589
51,"R_Date","NW10",,"posterior",-2949.5,0.011224
51,"R_Date","NW10",,"posterior",-2944.5,0.011295
51,"R_Date","NW10",,"posterior",-2939.5,0.011872
51,"R_Date","NW10",,"posterior",-2934.5,0.013861
51,"R_Date","NW10",,"posterior",-2929.5,0.017699
51,"R_Date","NW10",,"posterior",-2924.5,0.021909
51,"R_Date","NW10",,"posterior",-2919.5,0.02262
51,"R_Date","NW10",,"posterior",-2914.5,0.017108
51,"R_Date","NW10",,"posterior",-2909.5,0.008084
51,"R_Date","NW10",,"posterior",-2904.5,0.0025311
51,"R_Date","NW10",,"posterior",-2899.5,0.0005864
51,"R_Date","NW10",,"posterior",-2894.5,0.00009227
51,"R_Date","NW10",,"posterior",-2889.5,0.000009026
51,"R_Date","NW10",,"posterior",-2884.5,3.393e-7
51,"R_Date","NW10",,"posterior",-2879.5,0
51,"R_Date","NW10",,"posterior",-2874.5,0
52,"R_Date","NW7",,"likelihood",-3104.5,0
52,"R_Date","NW7",,"likelihood",-3099.5,0
52,"R_Date","NW7",,"likelihood",-3094.5,0
52,"R_Date","NW7",,"likelihood",-3089.5,1.2595e-7
52,"R_Date","NW7",,"likelihood",-3084.5,5.038e-7
52,"R_Date","NW7",,"likelihood",-3079.5,0.0000012595
52,"R_Date","NW7",,"likelihood",-3074.5,0.000002603
52,"R_Date","NW7",,"likelihood",-3069.5,0.000005374
52,"R_Date","NW7",,"likelihood",-3064.5,0.000005458
52,"R_Date","NW7",,"likelihood",-3059.5,8.817e-7
52,"R_Date","NW7",,"likelihood",-3054.5,2.0992e-7
52,"R_Date","NW7",,"likelihood",-3049.5,4.198e-8
52,"R_Date","NW7",,"likelihood",-3044.5,4.198e-8
52,"R_Date","NW7",,"likelihood",-3039.5,4.198e-8
52,"R_Date","NW7",,"likelihood",-3034.5,4.198e-8
52,"R_Date","NW7",,"likelihood",-3029.5,2.519e-7
52,"R_Date","NW7",,"likelihood",-3024.5,0.0000020572
52,"R_Date","NW7",,"likelihood",-3019.5,0.000015156
52,"R_Date","NW7",,"likelihood",-3014.5,0.00004224
52,"R_Date","NW7",,"likelihood",-3009.5,0.00014489
52,"R_Date","NW7",,"likelihood",-3004.5,0.0005088
52,"R_Date","NW7",,"likelihood",-2999.5,0.0012108
52,"R_Date","NW7",,"likelihood",-2994.5,0.0010627
52,"R_Date","NW7",,"likelihood",-2989.5,0.0006237
52,"R_Date","NW7",,"likelihood",-2984.5,0.000367
52,"R_Date","NW7",,"likelihood",-2979.5,0.00019947
52,"R_Date","NW7",,"likelihood",-2974.5,0.00014913
52,"R_Date","NW7",,"likelihood",-2969.5,0.00020266
52,"R_Date","NW7",,"likelihood",-2964.5,0.00016336
52,"R_Date","NW7",,"likelihood",-2959.5,0.00019926
52,"R_Date","NW7",,"likelihood",-2954.5,0.0002176
52,"R_Date","NW7",,"likelihood",-2949.5,0.00019858
52,"R_Date","NW7",,"likelihood",-2944.5,0.00015534
52,"R_Date","NW7",,"likelihood",-2939.5,0.00016634
52,"R_Date","NW7",,"likelihood",-2934.5,0.0002121
52,"R_Date","NW7",,"likelihood",-2929.5,0.0003524
52,"R_Date","NW7",,"likelihood",-2924.5,0.0009339
52,"R_Date","NW7",,"likelihood",-2919.5,0.0029286
52,"R_Date","NW7",,"likelihood",-2914.5,0.008024
52,"R_Date","NW7",,"likelihood",-2909.5,0.019048
52,"R_Date","NW7",,"likelihood",-2904.5,0.03354
52,"R_Date","NW7",,"likelihood",-2899.5,0.04198
52,"R_Date","NW7",,"likelihood",-2894.5,0.04016
52,"R_Date","NW7",,"likelihood",-2889.5,0.028583
52,"R_Date","NW7",,"likelihood",-2884.5,0.013575
52,"R_Date","NW7",,"likelihood",-2879.5,0.003368
52,"R_Date","NW7",,"likelihood",-2874.5,0.0005201
52,"R_Date","NW7",,"likelihood",-2869.5,0.00008149
52,"R_Date","NW7",,"likelihood",-2864.5,0.000013057
52,"R_Date","NW7",,"likelihood",-2859.5,0.000003904
52,"R_Date","NW7",,"likelihood",-2854.5,0.0000016794
52,"R_Date","NW7",,"likelihood",-2849.5,4.198e-7
52,"R_Date","NW7",,"likelihood",-2844.5,4.198e-8
52,"R_Date","NW7",,"likelihood",-2839.5,0
52,"R_Date","NW7",,"likelihood",-2834.5,0
52,"R_Date","NW7",,"likelihood",-2829.5,0
52,"R_Date","NW7",,"likelihood",-2824.5,0
52,"R_Date","NW7",,"likelihood",-2819.5,0
52,"R_Date","NW7",,"likelihood",-2814.5,0
52,"R_Date","NW7",,"likelihood",-2809.5,8.397e-8
52,"R_Date","NW7",,"likelihood",-2804.5,0.0000020152
52,"R_Date","NW7",,"likelihood",-2799.5,0.00003027
52,"R_Date","NW7",,"likelihood",-2794.5,0.00020375
52,"R_Date","NW7",,"likelihood",-2789.5,0.0003289
52,"R_Date","NW7",,"likelihood",-2784.5,0.00022075
52,"R_Date","NW7",,"likelihood",-2779.5,0.00007599
52,"R_Date","NW7",,"likelihood",-2774.5,0.00004274
52,"R_Date","NW7",,"likelihood",-2769.5,0.000018893
52,"R_Date","NW7",,"likelihood",-2764.5,0.000014694
52,"R_Date","NW7",,"likelihood",-2759.5,0.00001142
52,"R_Date","NW7",,"likelihood",-2754.5,0.000006843
52,"R_Date","NW7",,"likelihood",-2749.5,0.0000019313
52,"R_Date","NW7",,"likelihood",-2744.5,2.9389e-7
52,"R_Date","NW7",,"likelihood",-2739.5,4.198e-8
52,"R_Date","NW7",,"likelihood",-2734.5,4.198e-8
52,"R_Date","NW7",,"likelihood",-2729.5,4.198e-8
52,"R_Date","NW7",,"likelihood",-2724.5,4.618e-7
52,"R_Date","NW7",,"likelihood",-2719.5,0.000004618
52,"R_Date","NW7",,"likelihood",-2714.5,0.000015912
52,"R_Date","NW7",,"likelihood",-2709.5,0.000029599
52,"R_Date","NW7",,"likelihood",-2704.5,0.000014149
52,"R_Date","NW7",,"likelihood",-2699.5,0.0000018893
52,"R_Date","NW7",,"likelihood",-2694.5,2.9389e-7
52,"R_Date","NW7",,"likelihood",-2689.5,8.397e-8
52,"R_Date","NW7",,"likelihood",-2684.5,1.2595e-7
52,"R_Date","NW7",,"likelihood",-2679.5,2.9389e-7
52,"R_Date","NW7",,"likelihood",-2674.5,1.2595e-7
52,"R_Date","NW7",,"likelihood",-2669.5,4.198e-8
52,"R_Date","NW7",,"likelihood",-2664.5,0
52,"R_Date","NW7",,"likelihood",-2659.5,0
52,"R_Date","NW7",,"posterior",-3019.5,0
52,"R_Date","NW7",,"posterior",-3014.5,9.087e-8
52,"R_Date","NW7",,"posterior",-3009.5,0.000003226
52,"R_Date","NW7",,"posterior",-3004.5,0.000025763
52,"R_Date","NW7",,"posterior",-2999.5,0.00013845
52,"R_Date","NW7",,"posterior",-2994.5,0.00022968
52,"R_Date","NW7",,"posterior",-2989.5,0.00021623
52,"R_Date","NW7",,"posterior",-2984.5,0.00016239
52,"R_Date","NW7",,"posterior",-2979.5,0.00011396
52,"R_Date","NW7",,"posterior",-2974.5,0.00010191
52,"R_Date","NW7",,"posterior",-2969.5,0.00012927
52,"R_Date","NW7",,"posterior",-2964.5,0.00012527
52,"R_Date","NW7",,"posterior",-2959.5,0.00016475
52,"R_Date","NW7",,"posterior",-2954.5,0.00018765
52,"R_Date","NW7",,"posterior",-2949.5,0.00018275
52,"R_Date","NW7",,"posterior",-2944.5,0.00015217
52,"R_Date","NW7",,"posterior",-2939.5,0.00015912
52,"R_Date","NW7",,"posterior",-2934.5,0.00022414
52,"R_Date","NW7",,"posterior",-2929.5,0.0004127
52,"R_Date","NW7",,"posterior",-2924.5,0.0011179
52,"R_Date","NW7",,"posterior",-2919.5,0.0034
52,"R_Date","NW7",,"posterior",-2914.5,0.009275
52,"R_Date","NW7",,"posterior",-2909.5,0.021248
52,"R_Date","NW7",,"posterior",-2904.5,0.03675
52,"R_Date","NW7",,"posterior",-2899.5,0.04544
52,"R_Date","NW7",,"posterior",-2894.5,0.04206
52,"R_Date","NW7",,"posterior",-2889.5,0.026651
52,"R_Date","NW7",,"posterior",-2884.5,0.009637
52,"R_Date","NW7",,"posterior",-2879.5,0.0015662
52,"R_Date","NW7",,"posterior",-2874.5,0.00011023
52,"R_Date","NW7",,"posterior",-2869.5,0.000008406
52,"R_Date","NW7",,"posterior",-2864.5,0.0000015449
52,"R_Date","NW7",,"posterior",-2859.5,2.7262e-7
52,"R_Date","NW7",,"posterior",-2854.5,2.7262e-7
52,"R_Date","NW7",,"posterior",-2849.5,0
52,"R_Date","NW7",,"posterior",-2844.5,0
52,"R_Date","NW7",,"posterior",-2839.5,0
52,"R_Date","NW7",,"posterior",-2834.5,0
52,"R_Date","NW7",,"posterior",-2829.5,0
52,"R_Date","NW7",,"posterior",-2824.5,0
52,"R_Date","NW7",,"posterior",-2819.5,0
52,"R_Date","NW7",,"posterior",-2814.5,0
52,"R_Date","NW7",,"posterior",-2809.5,0
52,"R_Date","NW7",,"posterior",-2804.5,9.087e-8
52,"R_Date","NW7",,"posterior",-2799.5,4.998e-7
52,"R_Date","NW7",,"posterior",-2794.5,0.0000019992
52,"R_Date","NW7",,"posterior",-2789.5,0.0000019083
52,"R_Date","NW7",,"posterior",-2784.5,8.633e-7
52,"R_Date","NW7",,"posterior",-2779.5,0
52,"R_Date","NW7",,"posterior",-2774.5,0
52,"R_Date","NW7",,"posterior",-2769.5,0
53,"R_Date","NW6",,"likelihood",-3094.5,0
53,"R_Date","NW6",,"likelihood",-3089.5,0
53,"R_Date","NW6",,"likelihood",-3084.5,4.352e-8
53,"R_Date","NW6",,"likelihood",-3079.5,1.3056e-7
53,"R_Date","NW6",,"likelihood",-3074.5,2.6112e-7
53,"R_Date","NW6",,"likelihood",-3069.5,5.658e-7
53,"R_Date","NW6",,"likelihood",-3064.5,6.093e-7
53,"R_Date","NW6",,"likelihood",-3059.5,8.704e-8
53,"R_Date","NW6",,"likelihood",-3054.5,0
53,"R_Date","NW6",,"likelihood",-3049.5,0
53,"R_Date","NW6",,"likelihood",-3044.5,0
53,"R_Date","NW6",,"likelihood",-3039.5,0
53,"R_Date","NW6",,"likelihood",-3034.5,0
53,"R_Date","NW6",,"likelihood",-3029.5,0
53,"R_Date","NW6",,"likelihood",-3024.5,1.7408e-7
53,"R_Date","NW6",,"likelihood",-3019.5,0.0000017843
53,"R_Date","NW6",,"likelihood",-3014.5,0.000005745
53,"R_Date","NW6",,"likelihood",-3009.5,0.000023501
53,"R_Date","NW6",,"likelihood",-3004.5,0.00010088
53,"R_Date","NW6",,"likelihood",-2999.5,0.00028971
53,"R_Date","NW6",,"likelihood",-2994.5,0.00024053
53,"R_Date","NW6",,"likelihood",-2989.5,0.00012817
53,"R_Date","NW6",,"likelihood",-2984.5,0.00007133
53,"R_Date","NW6",,"likelihood",-2979.5,0.00003399
53,"R_Date","NW6",,"likelihood",-2974.5,0.000024327
53,"R_Date","NW6",,"likelihood",-2969.5,0.00003721
53,"R_Date","NW6",,"likelihood",-2964.5,0.000027026
53,"R_Date","NW6",,"likelihood",-2959.5,0.00003395
53,"R_Date","NW6",,"likelihood",-2954.5,0.00003756
53,"R_Date","NW6",,"likelihood",-2949.5,0.00003381
53,"R_Date","NW6",,"likelihood",-2944.5,0.000025459
53,"R_Date","NW6",,"likelihood",-2939.5,0.000028592
53,"R_Date","NW6",,"likelihood",-2934.5,0.00003782
53,"R_Date","NW6",,"likelihood",-2929.5,0.00006576
53,"R_Date","NW6",,"likelihood",-2924.5,0.00020624
53,"R_Date","NW6",,"likelihood",-2919.5,0.0008372
53,"R_Date","NW6",,"likelihood",-2914.5,0.0028578
53,"R_Date","NW6",,"likelihood",-2909.5,0.00882
53,"R_Date","NW6",,"likelihood",-2904.5,0.021345
53,"R_Date","NW6",,"likelihood",-2899.5,0.03492
53,"R_Date","NW6",,"likelihood",-2894.5,0.04352
53,"R_Date","NW6",,"likelihood",-2889.5,0.04111
53,"R_Date","NW6",,"likelihood",-2884.5,0.026869
53,"R_Date","NW6",,"likelihood",-2879.5,0.009968
53,"R_Date","NW6",,"likelihood",-2874.5,0.0022441
53,"R_Date","NW6",,"likelihood",-2869.5,0.0004608
53,"R_Date","NW6",,"likelihood",-2864.5,0.00009831
53,"R_Date","NW6",,"likelihood",-2859.5,0.00003416
53,"R_Date","NW6",,"likelihood",-2854.5,0.00001558
53,"R_Date","NW6",,"likelihood",-2849.5,0.0000047
53,"R_Date","NW6",,"likelihood",-2844.5,7.834e-7
53,"R_Date","NW6",,"likelihood",-2839.5,1.7408e-7
53,"R_Date","NW6",,"likelihood",-2834.5,4.352e-8
53,"R_Date","NW6",,"likelihood",-2829.5,0
53,"R_Date","NW6",,"likelihood",-2824.5,0
53,"R_Date","NW6",,"likelihood",-2819.5,0
53,"R_Date","NW6",,"likelihood",-2814.5,1.3056e-7
53,"R_Date","NW6",,"likelihood",-2809.5,0.0000011315
53,"R_Date","NW6",,"likelihood",-2804.5,0.000019192
53,"R_Date","NW6",,"likelihood",-2799.5,0.00020345
53,"R_Date","NW6",,"likelihood",-2794.5,0.0010016
53,"R_Date","NW6",,"likelihood",-2789.5,0.0015359
53,"R_Date","NW6",,"likelihood",-2784.5,0.001102
53,"R_Date","NW6",,"likelihood",-2779.5,0.0004471
53,"R_Date","NW6",,"likelihood",-2774.5,0.00025659
53,"R_Date","NW6",,"likelihood",-2769.5,0.00013099
53,"R_Date","NW6",,"likelihood",-2764.5,0.00010519
53,"R_Date","NW6",,"likelihood",-2759.5,0.0000846
53,"R_Date","NW6",,"likelihood",-2754.5,0.00005405
53,"R_Date","NW6",,"likelihood",-2749.5,0.00001793
53,"R_Date","NW6",,"likelihood",-2744.5,0.000003482
53,"R_Date","NW6",,"likelihood",-2739.5,7.398e-7
53,"R_Date","NW6",,"likelihood",-2734.5,4.352e-7
53,"R_Date","NW6",,"likelihood",-2729.5,6.528e-7
53,"R_Date","NW6",,"likelihood",-2724.5,0.000005048
53,"R_Date","NW6",,"likelihood",-2719.5,0.0000369
53,"R_Date","NW6",,"likelihood",-2714.5,0.00011289
53,"R_Date","NW6",,"likelihood",-2709.5,0.0001931
53,"R_Date","NW6",,"likelihood",-2704.5,0.00010175
53,"R_Date","NW6",,"likelihood",-2699.5,0.000017495
53,"R_Date","NW6",,"likelihood",-2694.5,0.000003307
53,"R_Date","NW6",,"likelihood",-2689.5,0.0000010445
53,"R_Date","NW6",,"likelihood",-2684.5,0.0000014797
53,"R_Date","NW6",,"likelihood",-2679.5,0.0000030029
53,"R_Date","NW6",,"likelihood",-2674.5,0.0000013491
53,"R_Date","NW6",,"likelihood",-2669.5,4.787e-7
53,"R_Date","NW6",,"likelihood",-2664.5,4.352e-8
53,"R_Date","NW6",,"likelihood",-2659.5,0
53,"R_Date","NW6",,"likelihood",-2654.5,0
53,"R_Date","NW6",,"likelihood",-2649.5,4.352e-8
53,"R_Date","NW6",,"likelihood",-2644.5,2.176e-7
53,"R_Date","NW6",,"likelihood",-2639.5,1.7408e-7
53,"R_Date","NW6",,"likelihood",-2634.5,8.704e-8
53,"R_Date","NW6",,"likelihood",-2629.5,0
53,"R_Date","NW6",,"likelihood",-2624.5,0
53,"R_Date","NW6",,"likelihood",-2619.5,0
53,"R_Date","NW6",,"posterior",-3019.5,0
53,"R_Date","NW6",,"posterior",-3014.5,0
53,"R_Date","NW6",,"posterior",-3009.5,6.942e-7
53,"R_Date","NW6",,"posterior",-3004.5,0.000005454
53,"R_Date","NW6",,"posterior",-2999.5,0.00003253
53,"R_Date","NW6",,"posterior",-2994.5,0.00005519
53,"R_Date","NW6",,"posterior",-2989.5,0.00005043
53,"R_Date","NW6",,"posterior",-2984.5,0.00003461
53,"R_Date","NW6",,"posterior",-2979.5,0.000022413
53,"R_Date","NW6",,"posterior",-2974.5,0.000018049
53,"R_Date","NW6",,"posterior",-2969.5,0.000025685
53,"R_Date","NW6",,"posterior",-2964.5,0.000023157
53,"R_Date","NW6",,"posterior",-2959.5,0.000029156
53,"R_Date","NW6",,"posterior",-2954.5,0.00003352
53,"R_Date","NW6",,"posterior",-2949.5,0.00003387
53,"R_Date","NW6",,"posterior",-2944.5,0.000028909
53,"R_Date","NW6",,"posterior",-2939.5,0.00003367
53,"R_Date","NW6",,"posterior",-2934.5,0.00004577
53,"R_Date","NW6",,"posterior",-2929.5,0.00008826
53,"R_Date","NW6",,"posterior",-2924.5,0.00027961
53,"R_Date","NW6",,"posterior",-2919.5,0.0010806
53,"R_Date","NW6",,"posterior",-2914.5,0.003756
53,"R_Date","NW6",,"posterior",-2909.5,0.011354
53,"R_Date","NW6",,"posterior",-2904.5,0.026195
53,"R_Date","NW6",,"posterior",-2899.5,0.04217
53,"R_Date","NW6",,"posterior",-2894.5,0.04959
53,"R_Date","NW6",,"posterior",-2889.5,0.04068
53,"R_Date","NW6",,"posterior",-2884.5,0.019415
53,"R_Date","NW6",,"posterior",-2879.5,0.004383
53,"R_Date","NW6",,"posterior",-2874.5,0.0004522
53,"R_Date","NW6",,"posterior",-2869.5,0.00004026
53,"R_Date","NW6",,"posterior",-2864.5,0.000006099
53,"R_Date","NW6",,"posterior",-2859.5,0.00000357
53,"R_Date","NW6",,"posterior",-2854.5,7.934e-7
53,"R_Date","NW6",,"posterior",-2849.5,1.9834e-7
53,"R_Date","NW6",,"posterior",-2844.5,1.9834e-7
53,"R_Date","NW6",,"posterior",-2839.5,0
53,"R_Date","NW6",,"posterior",-2834.5,0
53,"R_Date","NW6",,"posterior",-2829.5,0
53,"R_Date","NW6",,"posterior",-2824.5,0
53,"R_Date","NW6",,"posterior",-2819.5,0
53,"R_Date","NW6",,"posterior",-2814.5,0
53,"R_Date","NW6",,"posterior",-2809.5,0
53,"R_Date","NW6",,"posterior",-2804.5,4.463e-7
53,"R_Date","NW6",,"posterior",-2799.5,0.000006149
53,"R_Date","NW6",,"posterior",-2794.5,0.000009124
53,"R_Date","NW6",,"posterior",-2789.5,0.000009818
53,"R_Date","NW6",,"posterior",-2784.5,0.0000026776
53,"R_Date","NW6",,"posterior",-2779.5,3.471e-7
53,"R_Date","NW6",,"posterior",-2774.5,9.917e-8
53,"R_Date","NW6",,"posterior",-2769.5,9.917e-8
53,"R_Date","NW6",,"posterior",-2764.5,0
53,"R_Date","NW6",,"posterior",-2759.5,0
53,"R_Date","NW6",,"posterior",-2754.5,9.917e-8
54,"R_Date","NW14",,"likelihood",-3029.5,0
54,"R_Date","NW14",,"likelihood",-3024.5,0
54,"R_Date","NW14",,"likelihood",-3019.5,0
54,"R_Date","NW14",,"likelihood",-3014.5,3.558e-8
54,"R_Date","NW14",,"likelihood",-3009.5,2.1346e-7
54,"R_Date","NW14",,"likelihood",-3004.5,0.0000013519
54,"R_Date","NW14",,"likelihood",-2999.5,0.00000587
54,"R_Date","NW14",,"likelihood",-2994.5,0.000004234
54,"R_Date","NW14",,"likelihood",-2989.5,0.0000018499
54,"R_Date","NW14",,"likelihood",-2984.5,9.605e-7
54,"R_Date","NW14",,"likelihood",-2979.5,3.558e-7
54,"R_Date","NW14",,"likelihood",-2974.5,2.1346e-7
54,"R_Date","NW14",,"likelihood",-2969.5,4.625e-7
54,"R_Date","NW14",,"likelihood",-2964.5,2.4903e-7
54,"R_Date","NW14",,"likelihood",-2959.5,3.558e-7
54,"R_Date","NW14",,"likelihood",-2954.5,3.913e-7
54,"R_Date","NW14",,"likelihood",-2949.5,3.202e-7
54,"R_Date","NW14",,"likelihood",-2944.5,2.4903e-7
54,"R_Date","NW14",,"likelihood",-2939.5,2.8461e-7
54,"R_Date","NW14",,"likelihood",-2934.5,4.269e-7
54,"R_Date","NW14",,"likelihood",-2929.5,7.827e-7
54,"R_Date","NW14",,"likelihood",-2924.5,0.000003451
54,"R_Date","NW14",,"likelihood",-2919.5,0.00002412
54,"R_Date","NW14",,"likelihood",-2914.5,0.00012427
54,"R_Date","NW14",,"likelihood",-2909.5,0.0006297
54,"R_Date","NW14",,"likelihood",-2904.5,0.0029487
54,"R_Date","NW14",,"likelihood",-2899.5,0.008227
54,"R_Date","NW14",,"likelihood",-2894.5,0.017356
54,"R_Date","NW14",,"likelihood",-2889.5,0.028807
54,"R_Date","NW14",,"likelihood",-2884.5,0.03558
54,"R_Date","NW14",,"likelihood",-2879.5,0.02861
54,"R_Date","NW14",,"likelihood",-2874.5,0.013638
54,"R_Date","NW14",,"likelihood",-2869.5,0.004941
54,"R_Date","NW14",,"likelihood",-2864.5,0.0018116
54,"R_Date","NW14",,"likelihood",-2859.5,0.0008561
54,"R_Date","NW14",,"likelihood",-2854.5,0.0004562
54,"R_Date","NW14",,"likelihood",-2849.5,0.00018638
54,"R_Date","NW14",,"likelihood",-2844.5,0.00005002
54,"R_Date","NW14",,"likelihood",-2839.5,0.000015084
54,"R_Date","NW14",,"likelihood",-2834.5,0.000004803
54,"R_Date","NW14",,"likelihood",-2829.5,0.0000019211
54,"R_Date","NW14",,"likelihood",-2824.5,0.0000013163
54,"R_Date","NW14",,"likelihood",-2819.5,0.0000021346
54,"R_Date","NW14",,"likelihood",-2814.5,0.000010637
54,"R_Date","NW14",,"likelihood",-2809.5,0.00006802
54,"R_Date","NW14",,"likelihood",-2804.5,0.0005643
54,"R_Date","NW14",,"likelihood",-2799.5,0.0029915
54,"R_Date","NW14",,"likelihood",-2794.5,0.008126
54,"R_Date","NW14",,"likelihood",-2789.5,0.010933
54,"R_Date","NW14",,"likelihood",-2784.5,0.008952
54,"R_Date","NW14",,"likelihood",-2779.5,0.005046
54,"R_Date","NW14",,"likelihood",-2774.5,0.00319
54,"R_Date","NW14",,"likelihood",-2769.5,0.0021054
54,"R_Date","NW14",,"likelihood",-2764.5,0.0018073
54,"R_Date","NW14",,"likelihood",-2759.5,0.0015505
54,"R_Date","NW14",,"likelihood",-2754.5,0.0011276
54,"R_Date","NW14",,"likelihood",-2749.5,0.0005052
54,"R_Date","NW14",,"likelihood",-2744.5,0.00014849
54,"R_Date","NW14",,"likelihood",-2739.5,0.00004497
54,"R_Date","NW14",,"likelihood",-2734.5,0.000029243
54,"R_Date","NW14",,"likelihood",-2729.5,0.00004415
54,"R_Date","NW14",,"likelihood",-2724.5,0.00019588
54,"R_Date","NW14",,"likelihood",-2719.5,0.0008106
54,"R_Date","NW14",,"likelihood",-2714.5,0.0018985
54,"R_Date","NW14",,"likelihood",-2709.5,0.0027539
54,"R_Date","NW14",,"likelihood",-2704.5,0.0017656
54,"R_Date","NW14",,"likelihood",-2699.5,0.0004961
54,"R_Date","NW14",,"likelihood",-2694.5,0.00013359
54,"R_Date","NW14",,"likelihood",-2689.5,0.00005802
54,"R_Date","NW14",,"likelihood",-2684.5,0.00007699
54,"R_Date","NW14",,"likelihood",-2679.5,0.00012416
54,"R_Date","NW14",,"likelihood",-2674.5,0.00007169
54,"R_Date","NW14",,"likelihood",-2669.5,0.000030666
54,"R_Date","NW14",,"likelihood",-2664.5,0.000005301
54,"R_Date","NW14",,"likelihood",-2659.5,0.0000019923
54,"R_Date","NW14",,"likelihood",-2654.5,0.0000022057
54,"R_Date","NW14",,"likelihood",-2649.5,0.000003309
54,"R_Date","NW14",,"likelihood",-2644.5,0.000014408
54,"R_Date","NW14",,"likelihood",-2639.5,0.000012274
54,"R_Date","NW14",,"likelihood",-2634.5,0.000007898
54,"R_Date","NW14",,"likelihood",-2629.5,0.0000017788
54,"R_Date","NW14",,"likelihood",-2624.5,3.558e-7
54,"R_Date","NW14",,"likelihood",-2619.5,3.558e-8
54,"R_Date","NW14",,"likelihood",-2614.5,0
54,"R_Date","NW14",,"likelihood",-2609.5,0
54,"R_Date","NW14",,"likelihood",-2604.5,3.558e-8
54,"R_Date","NW14",,"likelihood",-2599.5,3.558e-8
54,"R_Date","NW14",,"likelihood",-2594.5,3.558e-8
54,"R_Date","NW14",,"likelihood",-2589.5,3.558e-8
54,"R_Date","NW14",,"likelihood",-2584.5,7.115e-8
54,"R_Date","NW14",,"likelihood",-2579.5,0
54,"R_Date","NW14",,"likelihood",-2574.5,0
54,"R_Date","NW14",,"likelihood",-2569.5,0
54,"R_Date","NW14",,"posterior",-2944.5,0
54,"R_Date","NW14",,"posterior",-2939.5,1.6628e-7
54,"R_Date","NW14",,"posterior",-2934.5,0.0000010531
54,"R_Date","NW14",,"posterior",-2929.5,0.0000021616
54,"R_Date","NW14",,"posterior",-2924.5,0.000015297
54,"R_Date","NW14",,"posterior",-2919.5,0.00008646
54,"R_Date","NW14",,"posterior",-2914.5,0.0004454
54,"R_Date","NW14",,"posterior",-2909.5,0.0022218
54,"R_Date","NW14",,"posterior",-2904.5,0.00912
54,"R_Date","NW14",,"posterior",-2899.5,0.023879
54,"R_Date","NW14",,"posterior",-2894.5,0.04406
54,"R_Date","NW14",,"posterior",-2889.5,0.05543
54,"R_Date","NW14",,"posterior",-2884.5,0.04293
54,"R_Date","NW14",,"posterior",-2879.5,0.017317
54,"R_Date","NW14",,"posterior",-2874.5,0.003372
54,"R_Date","NW14",,"posterior",-2869.5,0.0005189
54,"R_Date","NW14",,"posterior",-2864.5,0.00015059
54,"R_Date","NW14",,"posterior",-2859.5,0.00006041
54,"R_Date","NW14",,"posterior",-2854.5,0.000025108
54,"R_Date","NW14",,"posterior",-2849.5,0.000010586
54,"R_Date","NW14",,"posterior",-2844.5,0.000004434
54,"R_Date","NW14",,"posterior",-2839.5,7.205e-7
54,"R_Date","NW14",,"posterior",-2834.5,2.7713e-7
54,"R_Date","NW14",,"posterior",-2829.5,1.1085e-7
54,"R_Date","NW14",,"posterior",-2824.5,0
54,"R_Date","NW14",,"posterior",-2819.5,1.1085e-7
54,"R_Date","NW14",,"posterior",-2814.5,1.6628e-7
54,"R_Date","NW14",,"posterior",-2809.5,0.000004434
54,"R_Date","NW14",,"posterior",-2804.5,0.000023002
54,"R_Date","NW14",,"posterior",-2799.5,0.00007915
54,"R_Date","NW14",,"posterior",-2794.5,0.0001124
54,"R_Date","NW14",,"posterior",-2789.5,0.00008558
54,"R_Date","NW14",,"posterior",-2784.5,0.00003281
54,"R_Date","NW14",,"posterior",-2779.5,0.000007094
54,"R_Date","NW14",,"posterior",-2774.5,0.000003824
54,"R_Date","NW14",,"posterior",-2769.5,0.0000023279
54,"R_Date","NW14",,"posterior",-2764.5,7.205e-7
54,"R_Date","NW14",,"posterior",-2759.5,8.868e-7
54,"R_Date","NW14",,"posterior",-2754.5,1.1085e-7
54,"R_Date","NW14",,"posterior",-2749.5,3.326e-7
54,"R_Date","NW14",,"posterior",-2744.5,0
54,"R_Date","NW14",,"posterior",-2739.5,0
54,"R_Date","NW14",,"posterior",-2734.5,0
54,"R_Date","NW14",,"posterior",-2729.5,0
54,"R_Date","NW14",,"posterior",-2724.5,0
54,"R_Date","NW14",,"posterior",-2719.5,4.434e-7
54,"R_Date","NW14",,"posterior",-2714.5,1.1085e-7
54,"R_Date","NW14",,"posterior",-2709.5,0
54,"R_Date","NW14",,"posterior",-2704.5,0
54,"R_Date","NW14",,"posterior",-2699.5,0
55,"Interval","Stage II Duration",,"posterior",-12.5,0
55,"Interval","Stage II Duration",,"posterior",-7.5,0
55,"Interval","Stage II Duration",,"posterior",-2.5,0
55,"Interval","Stage II Duration",,"posterior",2.5,0.000017186
55,"Interval","Stage II Duration",,"posterior",7.5,0.000017358
55,"Interval","Stage II Duration",,"posterior",12.5,0.00006372
55,"Interval","Stage II Duration",,"posterior",17.5,0.00014905
55,"Interval","Stage II Duration",,"posterior",22.5,0.0003748
55,"Interval","Stage II Duration",,"posterior",27.5,0.0008365
55,"Interval","Stage II Duration",,"posterior",32.5,0.0015847
55,"Interval","Stage II Duration",,"posterior",37.5,0.0025918
55,"Interval","Stage II Duration",,"posterior",42.5,0.003679
55,"Interval","Stage II Duration",,"posterior",47.5,0.004674
55,"Interval","Stage II Duration",,"posterior",52.5,0.005563
55,"Interval","Stage II Duration",,"posterior",57.5,0.006253
55,"Interval","Stage II Duration",,"posterior",62.5,0.00697
55,"Interval","Stage II Duration",,"posterior",67.5,0.007579
55,"Interval","Stage II Duration",,"posterior",72.5,0.008356
55,"Interval","Stage II Duration",,"posterior",77.5,0.00914
55,"Interval","Stage II Duration",,"posterior",82.5,0.010187
55,"Interval","Stage II Duration",,"posterior",87.5,0.011329
55,"Interval","Stage II Duration",,"posterior",92.5,0.012788
55,"Interval","Stage II Duration",,"posterior",97.5,0.01444
55,"Interval","Stage II Duration",,"posterior",102.5,0.016145
55,"Interval","Stage II Duration",,"posterior",107.5,0.017255
55,"Interval","Stage II Duration",,"posterior",112.5,0.016986
55,"Interval","Stage II Duration",,"posterior",117.5,0.014367
55,"Interval","Stage II Duration",,"posterior",122.5,0.010174
55,"Interval","Stage II Duration",,"posterior",127.5,0.00574
55,"Interval","Stage II Duration",,"posterior",132.5,0.0025571
55,"Interval","Stage II Duration",,"posterior",137.5,0.0010051
55,"Interval","Stage II Duration",,"posterior",142.5,0.0005208
55,"Interval","Stage II Duration",,"posterior",147.5,0.0004137
55,"Interval","Stage II Duration",,"posterior",152.5,0.000408
55,"Interval","Stage II Duration",,"posterior",157.5,0.0004439
55,"Interval","Stage II Duration",,"posterior",162.5,0.0005065
55,"Interval","Stage II Duration",,"posterior",167.5,0.0005524
55,"Interval","Stage II Duration",,"posterior",172.5,0.0006234
55,"Interval","Stage II Duration",,"posterior",177.5,0.0007063
55,"Interval","Stage II Duration",,"posterior",182.5,0.0007839
55,"Interval","Stage II Duration",,"posterior",187.5,0.0008297
55,"Interval","Stage II Duration",,"posterior",192.5,0.0008194
55,"Interval","Stage II Duration",,"posterior",197.5,0.0007632
55,"Interval","Stage II Duration",,"posterior",202.5,0.0006269
55,"Interval","Stage II Duration",,"posterior",207.5,0.000462
55,"Interval","Stage II Duration",,"posterior",212.5,0.0003145
55,"Interval","Stage II Duration",,"posterior",217.5,0.00018958
55,"Interval","Stage II Duration",,"posterior",222.5,0.00008941
55,"Interval","Stage II Duration",,"posterior",227.5,0.00003498
55,"Interval","Stage II Duration",,"posterior",232.5,0.000018048
55,"Interval","Stage II Duration",,"posterior",237.5,0.000006764
55,"Interval","Stage II Duration",,"posterior",242.5,0.0000026917
55,"Interval","Stage II Duration",,"posterior",247.5,0.0000026917
55,"Interval","Stage II Duration",,"posterior",252.5,0.0000020015
55,"Interval","Stage II Duration",,"posterior",257.5,0.000001829
55,"Interval","Stage II Duration",,"posterior",262.5,0.0000019153
55,"Interval","Stage II Duration",,"posterior",267.5,0.000004434
55,"Interval","Stage II Duration",,"posterior",272.5,0.000007989
55,"Interval","Stage II Duration",,"posterior",277.5,0.000008248
55,"Interval","Stage II Duration",,"posterior",282.5,0.000009542
55,"Interval","Stage II Duration",,"posterior",287.5,0.000008075
55,"Interval","Stage II Duration",,"posterior",292.5,0.000004952
55,"Interval","Stage II Duration",,"posterior",297.5,0.000004693
55,"Interval","Stage II Duration",,"posterior",302.5,0.0000012941
55,"Interval","Stage II Duration",,"posterior",307.5,0.0000024329
55,"Interval","Stage II Duration",,"posterior",312.5,0
55,"Interval","Stage II Duration",,"posterior",317.5,0
55,"Interval","Stage II Duration",,"posterior",322.5,0
56,"Boundary","Stage II to III",,"posterior",-2924.5,0
56,"Boundary","Stage II to III",,"posterior",-2919.5,0
56,"Boundary","Stage II to III",,"posterior",-2914.5,0.0000020947
56,"Boundary","Stage II to III",,"posterior",-2909.5,0.000015214
56,"Boundary","Stage II to III",,"posterior",-2904.5,0.0001915
56,"Boundary","Stage II to III",,"posterior",-2899.5,0.001701
56,"Boundary","Stage II to III",,"posterior",-2894.5,0.009424
56,"Boundary","Stage II to III",,"posterior",-2889.5,0.03041
56,"Boundary","Stage II to III",,"posterior",-2884.5,0.05512
56,"Boundary","Stage II to III",,"posterior",-2879.5,0.05502
56,"Boundary","Stage II to III",,"posterior",-2874.5,0.029878
56,"Boundary","Stage II to III",,"posterior",-2869.5,0.006883
56,"Boundary","Stage II to III",,"posterior",-2864.5,0.001095
56,"Boundary","Stage II to III",,"posterior",-2859.5,0.0003924
56,"Boundary","Stage II to III",,"posterior",-2854.5,0.00027292
56,"Boundary","Stage II to III",,"posterior",-2849.5,0.00023395
56,"Boundary","Stage II to III",,"posterior",-2844.5,0.00022987
56,"Boundary","Stage II to III",,"posterior",-2839.5,0.00023229
56,"Boundary","Stage II to III",,"posterior",-2834.5,0.00024453
56,"Boundary","Stage II to III",,"posterior",-2829.5,0.00029966
56,"Boundary","Stage II to III",,"posterior",-2824.5,0.0003898
56,"Boundary","Stage II to III",,"posterior",-2819.5,0.0004977
56,"Boundary","Stage II to III",,"posterior",-2814.5,0.0006795
56,"Boundary","Stage II to III",,"posterior",-2809.5,0.0009866
56,"Boundary","Stage II to III",,"posterior",-2804.5,0.0012458
56,"Boundary","Stage II to III",,"posterior",-2799.5,0.0014348
56,"Boundary","Stage II to III",,"posterior",-2794.5,0.0012892
56,"Boundary","Stage II to III",,"posterior",-2789.5,0.0009226
56,"Boundary","Stage II to III",,"posterior",-2784.5,0.0004894
56,"Boundary","Stage II to III",,"posterior",-2779.5,0.00020936
56,"Boundary","Stage II to III",,"posterior",-2774.5,0.00008627
56,"Boundary","Stage II to III",,"posterior",-2769.5,0.00003412
56,"Boundary","Stage II to III",,"posterior",-2764.5,0.00001312
56,"Boundary","Stage II to III",,"posterior",-2759.5,0.000006339
56,"Boundary","Stage II to III",,"posterior",-2754.5,0.000003748
56,"Boundary","Stage II to III",,"posterior",-2749.5,0.0000028665
56,"Boundary","Stage II to III",,"posterior",-2744.5,9.371e-7
56,"Boundary","Stage II to III",,"posterior",-2739.5,0.0000021498
56,"Boundary","Stage II to III",,"posterior",-2734.5,7.166e-7
56,"Boundary","Stage II to III",,"posterior",-2729.5,0.0000010474
56,"Boundary","Stage II to III",,"posterior",-2724.5,0.0000024255
56,"Boundary","Stage II to III",,"posterior",-2719.5,0.00000904
56,"Boundary","Stage II to III",,"posterior",-2714.5,0.000021278
56,"Boundary","Stage II to III",,"posterior",-2709.5,0.000021333
56,"Boundary","Stage II to III",,"posterior",-2704.5,0.0000013781
56,"Boundary","Stage II to III",,"posterior",-2699.5,0
56,"Boundary","Stage II to III",,"posterior",-2694.5,0
58,"R_Date","NM34",,"likelihood",-3104.5,0
58,"R_Date","NM34",,"likelihood",-3099.5,0
58,"R_Date","NM34",,"likelihood",-3094.5,3.593e-8
58,"R_Date","NM34",,"likelihood",-3089.5,2.8743e-7
58,"R_Date","NM34",,"likelihood",-3084.5,9.341e-7
58,"R_Date","NM34",,"likelihood",-3079.5,0.0000020839
58,"R_Date","NM34",,"likelihood",-3074.5,0.000003988
58,"R_Date","NM34",,"likelihood",-3069.5,0.000007437
58,"R_Date","NM34",,"likelihood",-3064.5,0.000007222
58,"R_Date","NM34",,"likelihood",-3059.5,0.0000016168
58,"R_Date","NM34",,"likelihood",-3054.5,4.671e-7
58,"R_Date","NM34",,"likelihood",-3049.5,1.4371e-7
58,"R_Date","NM34",,"likelihood",-3044.5,1.0779e-7
58,"R_Date","NM34",,"likelihood",-3039.5,1.4371e-7
58,"R_Date","NM34",,"likelihood",-3034.5,1.7964e-7
58,"R_Date","NM34",,"likelihood",-3029.5,5.749e-7
58,"R_Date","NM34",,"likelihood",-3024.5,0.000003449
58,"R_Date","NM34",,"likelihood",-3019.5,0.000017821
58,"R_Date","NM34",,"likelihood",-3014.5,0.00004268
58,"R_Date","NM34",,"likelihood",-3009.5,0.00012334
58,"R_Date","NM34",,"likelihood",-3004.5,0.0003698
58,"R_Date","NM34",,"likelihood",-2999.5,0.000793
58,"R_Date","NM34",,"likelihood",-2994.5,0.0007115
58,"R_Date","NM34",,"likelihood",-2989.5,0.0004427
58,"R_Date","NM34",,"likelihood",-2984.5,0.0002732
58,"R_Date","NM34",,"likelihood",-2979.5,0.00016279
58,"R_Date","NM34",,"likelihood",-2974.5,0.00012643
58,"R_Date","NM34",,"likelihood",-2969.5,0.00015913
58,"R_Date","NM34",,"likelihood",-2964.5,0.00013682
58,"R_Date","NM34",,"likelihood",-2959.5,0.00016268
58,"R_Date","NM34",,"likelihood",-2954.5,0.00017565
58,"R_Date","NM34",,"likelihood",-2949.5,0.00016218
58,"R_Date","NM34",,"likelihood",-2944.5,0.00013103
58,"R_Date","NM34",,"likelihood",-2939.5,0.00013635
58,"R_Date","NM34",,"likelihood",-2934.5,0.00016865
58,"R_Date","NM34",,"likelihood",-2929.5,0.00026767
58,"R_Date","NM34",,"likelihood",-2924.5,0.000634
58,"R_Date","NM34",,"likelihood",-2919.5,0.0017772
58,"R_Date","NM34",,"likelihood",-2914.5,0.004601
58,"R_Date","NM34",,"likelihood",-2909.5,0.010879
58,"R_Date","NM34",,"likelihood",-2904.5,0.020981
58,"R_Date","NM34",,"likelihood",-2899.5,0.030425
58,"R_Date","NM34",,"likelihood",-2894.5,0.03593
58,"R_Date","NM34",,"likelihood",-2889.5,0.03441
58,"R_Date","NM34",,"likelihood",-2884.5,0.024954
58,"R_Date","NM34",,"likelihood",-2879.5,0.011901
58,"R_Date","NM34",,"likelihood",-2874.5,0.00389
58,"R_Date","NM34",,"likelihood",-2869.5,0.001151
58,"R_Date","NM34",,"likelihood",-2864.5,0.0003716
58,"R_Date","NM34",,"likelihood",-2859.5,0.00016811
58,"R_Date","NM34",,"likelihood",-2854.5,0.00008856
58,"R_Date","NM34",,"likelihood",-2849.5,0.00003578
58,"R_Date","NM34",,"likelihood",-2844.5,0.000009773
58,"R_Date","NM34",,"likelihood",-2839.5,0.0000030899
58,"R_Date","NM34",,"likelihood",-2834.5,0.0000010419
58,"R_Date","NM34",,"likelihood",-2829.5,4.311e-7
58,"R_Date","NM34",,"likelihood",-2824.5,3.234e-7
58,"R_Date","NM34",,"likelihood",-2819.5,5.03e-7
58,"R_Date","NM34",,"likelihood",-2814.5,0.0000021916
58,"R_Date","NM34",,"likelihood",-2809.5,0.000013186
58,"R_Date","NM34",,"likelihood",-2804.5,0.00010922
58,"R_Date","NM34",,"likelihood",-2799.5,0.0006419
58,"R_Date","NM34",,"likelihood",-2794.5,0.0020717
58,"R_Date","NM34",,"likelihood",-2789.5,0.0029259
58,"R_Date","NM34",,"likelihood",-2784.5,0.0022815
58,"R_Date","NM34",,"likelihood",-2779.5,0.0011579
58,"R_Date","NM34",,"likelihood",-2774.5,0.0007139
58,"R_Date","NM34",,"likelihood",-2769.5,0.0004437
58,"R_Date","NM34",,"likelihood",-2764.5,0.000376
58,"R_Date","NM34",,"likelihood",-2759.5,0.0003188
58,"R_Date","NM34",,"likelihood",-2754.5,0.0002271
58,"R_Date","NM34",,"likelihood",-2749.5,0.00009837
58,"R_Date","NM34",,"likelihood",-2744.5,0.000028491
58,"R_Date","NM34",,"likelihood",-2739.5,0.000008802
58,"R_Date","NM34",,"likelihood",-2734.5,0.000005784
58,"R_Date","NM34",,"likelihood",-2729.5,0.000008659
58,"R_Date","NM34",,"likelihood",-2724.5,0.00003762
58,"R_Date","NM34",,"likelihood",-2719.5,0.0001624
58,"R_Date","NM34",,"likelihood",-2714.5,0.0003965
58,"R_Date","NM34",,"likelihood",-2709.5,0.0005956
58,"R_Date","NM34",,"likelihood",-2704.5,0.0003666
58,"R_Date","NM34",,"likelihood",-2699.5,0.00009654
58,"R_Date","NM34",,"likelihood",-2694.5,0.000025761
58,"R_Date","NM34",,"likelihood",-2689.5,0.000011282
58,"R_Date","NM34",,"likelihood",-2684.5,0.000014874
58,"R_Date","NM34",,"likelihood",-2679.5,0.000023928
58,"R_Date","NM34",,"likelihood",-2674.5,0.000013868
58,"R_Date","NM34",,"likelihood",-2669.5,0.000006036
58,"R_Date","NM34",,"likelihood",-2664.5,0.0000011138
58,"R_Date","NM34",,"likelihood",-2659.5,4.311e-7
58,"R_Date","NM34",,"likelihood",-2654.5,4.671e-7
58,"R_Date","NM34",,"likelihood",-2649.5,7.186e-7
58,"R_Date","NM34",,"likelihood",-2644.5,0.0000028743
58,"R_Date","NM34",,"likelihood",-2639.5,0.0000024791
58,"R_Date","NM34",,"likelihood",-2634.5,0.0000016168
58,"R_Date","NM34",,"likelihood",-2629.5,3.952e-7
58,"R_Date","NM34",,"likelihood",-2624.5,7.186e-8
58,"R_Date","NM34",,"likelihood",-2619.5,0
58,"R_Date","NM34",,"likelihood",-2614.5,0
58,"R_Date","NM34",,"likelihood",-2609.5,0
58,"R_Date","NM34",,"posterior",-2919.5,0
58,"R_Date","NM34",,"posterior",-2914.5,0
58,"R_Date","NM34",,"posterior",-2909.5,6.313e-7
58,"R_Date","NM34",,"posterior",-2904.5,0.000010043
58,"R_Date","NM34",,"posterior",-2899.5,0.00017641
58,"R_Date","NM34",,"posterior",-2894.5,0.0018722
58,"R_Date","NM34",,"posterior",-2889.5,0.010751
58,"R_Date","NM34",,"posterior",-2884.5,0.03462
58,"R_Date","NM34",,"posterior",-2879.5,0.05739
58,"R_Date","NM34",,"posterior",-2874.5,0.05219
58,"R_Date","NM34",,"posterior",-2869.5,0.021799
58,"R_Date","NM34",,"posterior",-2864.5,0.005101
58,"R_Date","NM34",,"posterior",-2859.5,0.0012462
58,"R_Date","NM34",,"posterior",-2854.5,0.0003417
58,"R_Date","NM34",,"posterior",-2849.5,0.00008247
58,"R_Date","NM34",,"posterior",-2844.5,0.000016298
58,"R_Date","NM34",,"posterior",-2839.5,0.000003386
58,"R_Date","NM34",,"posterior",-2834.5,4.591e-7
58,"R_Date","NM34",,"posterior",-2829.5,3.443e-7
58,"R_Date","NM34",,"posterior",-2824.5,6.313e-7
58,"R_Date","NM34",,"posterior",-2819.5,5.165e-7
58,"R_Date","NM34",,"posterior",-2814.5,0.0000012051
58,"R_Date","NM34",,"posterior",-2809.5,0.000015437
58,"R_Date","NM34",,"posterior",-2804.5,0.00013239
58,"R_Date","NM34",,"posterior",-2799.5,0.0008611
58,"R_Date","NM34",,"posterior",-2794.5,0.0027699
58,"R_Date","NM34",,"posterior",-2789.5,0.00377
58,"R_Date","NM34",,"posterior",-2784.5,0.0029973
58,"R_Date","NM34",,"posterior",-2779.5,0.0015737
58,"R_Date","NM34",,"posterior",-2774.5,0.0008153
58,"R_Date","NM34",,"posterior",-2769.5,0.0004477
58,"R_Date","NM34",,"posterior",-2764.5,0.00030071
58,"R_Date","NM34",,"posterior",-2759.5,0.00021354
58,"R_Date","NM34",,"posterior",-2754.5,0.00011655
58,"R_Date","NM34",,"posterior",-2749.5,0.00004287
58,"R_Date","NM34",,"posterior",-2744.5,0.000013027
58,"R_Date","NM34",,"posterior",-2739.5,0.000003845
58,"R_Date","NM34",,"posterior",-2734.5,0.0000013199
58,"R_Date","NM34",,"posterior",-2729.5,0.0000030416
58,"R_Date","NM34",,"posterior",-2724.5,0.000007977
58,"R_Date","NM34",,"posterior",-2719.5,0.00003357
58,"R_Date","NM34",,"posterior",-2714.5,0.00008264
58,"R_Date","NM34",,"posterior",-2709.5,0.00012499
58,"R_Date","NM34",,"posterior",-2704.5,0.00004746
58,"R_Date","NM34",,"posterior",-2699.5,0.000013371
58,"R_Date","NM34",,"posterior",-2694.5,0.0000021807
58,"R_Date","NM34",,"posterior",-2689.5,0.0000013773
58,"R_Date","NM34",,"posterior",-2684.5,9.756e-7
58,"R_Date","NM34",,"posterior",-2679.5,0.0000013773
58,"R_Date","NM34",,"posterior",-2674.5,9.756e-7
58,"R_Date","NM34",,"posterior",-2669.5,1.1478e-7
58,"R_Date","NM34",,"posterior",-2664.5,0
58,"R_Date","NM34",,"posterior",-2659.5,0
59,"R_Date","NM32",,"likelihood",-3029.5,0
59,"R_Date","NM32",,"likelihood",-3024.5,0
59,"R_Date","NM32",,"likelihood",-3019.5,1.6738e-8
59,"R_Date","NM32",,"likelihood",-3014.5,3.348e-8
59,"R_Date","NM32",,"likelihood",-3009.5,1.339e-7
59,"R_Date","NM32",,"likelihood",-3004.5,6.528e-7
59,"R_Date","NM32",,"likelihood",-2999.5,0.0000022261
59,"R_Date","NM32",,"likelihood",-2994.5,0.000001724
59,"R_Date","NM32",,"likelihood",-2989.5,8.369e-7
59,"R_Date","NM32",,"likelihood",-2984.5,4.519e-7
59,"R_Date","NM32",,"likelihood",-2979.5,2.0085e-7
59,"R_Date","NM32",,"likelihood",-2974.5,1.339e-7
59,"R_Date","NM32",,"likelihood",-2969.5,2.3433e-7
59,"R_Date","NM32",,"likelihood",-2964.5,1.5064e-7
59,"R_Date","NM32",,"likelihood",-2959.5,2.0085e-7
59,"R_Date","NM32",,"likelihood",-2954.5,2.1759e-7
59,"R_Date","NM32",,"likelihood",-2949.5,2.0085e-7
59,"R_Date","NM32",,"likelihood",-2944.5,1.5064e-7
59,"R_Date","NM32",,"likelihood",-2939.5,1.6738e-7
59,"R_Date","NM32",,"likelihood",-2934.5,2.1759e-7
59,"R_Date","NM32",,"likelihood",-2929.5,4.017e-7
59,"R_Date","NM32",,"likelihood",-2924.5,0.0000014395
59,"R_Date","NM32",,"likelihood",-2919.5,0.000007783
59,"R_Date","NM32",,"likelihood",-2914.5,0.00003453
59,"R_Date","NM32",,"likelihood",-2909.5,0.00015412
59,"R_Date","NM32",,"likelihood",-2904.5,0.00067
59,"R_Date","NM32",,"likelihood",-2899.5,0.001897
59,"R_Date","NM32",,"likelihood",-2894.5,0.004337
59,"R_Date","NM32",,"likelihood",-2889.5,0.00843
59,"R_Date","NM32",,"likelihood",-2884.5,0.013597
59,"R_Date","NM32",,"likelihood",-2879.5,0.016738
59,"R_Date","NM32",,"likelihood",-2874.5,0.013948
59,"R_Date","NM32",,"likelihood",-2869.5,0.008732
59,"R_Date","NM32",,"likelihood",-2864.5,0.005332
59,"R_Date","NM32",,"likelihood",-2859.5,0.00354
59,"R_Date","NM32",,"likelihood",-2854.5,0.0023836
59,"R_Date","NM32",,"likelihood",-2849.5,0.0014085
59,"R_Date","NM32",,"likelihood",-2844.5,0.0006743
59,"R_Date","NM32",,"likelihood",-2839.5,0.0003245
59,"R_Date","NM32",,"likelihood",-2834.5,0.00015908
59,"R_Date","NM32",,"likelihood",-2829.5,0.00008953
59,"R_Date","NM32",,"likelihood",-2824.5,0.00007052
59,"R_Date","NM32",,"likelihood",-2819.5,0.00009582
59,"R_Date","NM32",,"likelihood",-2814.5,0.000244
59,"R_Date","NM32",,"likelihood",-2809.5,0.0008112
59,"R_Date","NM32",,"likelihood",-2804.5,0.0028032
59,"R_Date","NM32",,"likelihood",-2799.5,0.00694
59,"R_Date","NM32",,"likelihood",-2794.5,0.011059
59,"R_Date","NM32",,"likelihood",-2789.5,0.012785
59,"R_Date","NM32",,"likelihood",-2784.5,0.011751
59,"R_Date","NM32",,"likelihood",-2779.5,0.009008
59,"R_Date","NM32",,"likelihood",-2774.5,0.006815
59,"R_Date","NM32",,"likelihood",-2769.5,0.005613
59,"R_Date","NM32",,"likelihood",-2764.5,0.005171
59,"R_Date","NM32",,"likelihood",-2759.5,0.004757
59,"R_Date","NM32",,"likelihood",-2754.5,0.003989
59,"R_Date","NM32",,"likelihood",-2749.5,0.0025286
59,"R_Date","NM32",,"likelihood",-2744.5,0.0012301
59,"R_Date","NM32",,"likelihood",-2739.5,0.000596
59,"R_Date","NM32",,"likelihood",-2734.5,0.0004572
59,"R_Date","NM32",,"likelihood",-2729.5,0.000625
59,"R_Date","NM32",,"likelihood",-2724.5,0.0014485
59,"R_Date","NM32",,"likelihood",-2719.5,0.003195
59,"R_Date","NM32",,"likelihood",-2714.5,0.00531
59,"R_Date","NM32",,"likelihood",-2709.5,0.006477
59,"R_Date","NM32",,"likelihood",-2704.5,0.005106
59,"R_Date","NM32",,"likelihood",-2699.5,0.0025016
59,"R_Date","NM32",,"likelihood",-2694.5,0.0010974
59,"R_Date","NM32",,"likelihood",-2689.5,0.000696
59,"R_Date","NM32",,"likelihood",-2684.5,0.0008267
59,"R_Date","NM32",,"likelihood",-2679.5,0.0010484
59,"R_Date","NM32",,"likelihood",-2674.5,0.0007921
59,"R_Date","NM32",,"likelihood",-2669.5,0.000442
59,"R_Date","NM32",,"likelihood",-2664.5,0.00015662
59,"R_Date","NM32",,"likelihood",-2659.5,0.00007765
59,"R_Date","NM32",,"likelihood",-2654.5,0.00007597
59,"R_Date","NM32",,"likelihood",-2649.5,0.000107
59,"R_Date","NM32",,"likelihood",-2644.5,0.00023863
59,"R_Date","NM32",,"likelihood",-2639.5,0.00024805
59,"R_Date","NM32",,"likelihood",-2634.5,0.00018773
59,"R_Date","NM32",,"likelihood",-2629.5,0.00007875
59,"R_Date","NM32",,"likelihood",-2624.5,0.000024571
59,"R_Date","NM32",,"likelihood",-2619.5,0.00000482
59,"R_Date","NM32",,"likelihood",-2614.5,0.0000018077
59,"R_Date","NM32",,"likelihood",-2609.5,0.0000021592
59,"R_Date","NM32",,"likelihood",-2604.5,0.000004837
59,"R_Date","NM32",,"likelihood",-2599.5,0.000006126
59,"R_Date","NM32",,"likelihood",-2594.5,0.000006427
59,"R_Date","NM32",,"likelihood",-2589.5,0.000007817
59,"R_Date","NM32",,"likelihood",-2584.5,0.000008871
59,"R_Date","NM32",,"likelihood",-2579.5,0.0000027283
59,"R_Date","NM32",,"likelihood",-2574.5,2.0085e-7
59,"R_Date","NM32",,"likelihood",-2569.5,0
59,"R_Date","NM32",,"likelihood",-2564.5,0
59,"R_Date","NM32",,"likelihood",-2559.5,0
59,"R_Date","NM32",,"likelihood",-2554.5,0
59,"R_Date","NM32",,"likelihood",-2549.5,0
59,"R_Date","NM32",,"likelihood",-2544.5,0
59,"R_Date","NM32",,"likelihood",-2539.5,0
59,"R_Date","NM32",,"likelihood",-2534.5,0
59,"R_Date","NM32",,"likelihood",-2529.5,0
59,"R_Date","NM32",,"likelihood",-2524.5,0
59,"R_Date","NM32",,"likelihood",-2519.5,0
59,"R_Date","NM32",,"likelihood",-2514.5,0
59,"R_Date","NM32",,"likelihood",-2509.5,1.6738e-8
59,"R_Date","NM32",,"likelihood",-2504.5,3.348e-8
59,"R_Date","NM32",,"likelihood",-2499.5,0
59,"R_Date","NM32",,"likelihood",-2494.5,0
59,"R_Date","NM32",,"likelihood",-2489.5,0
59,"R_Date","NM32",,"posterior",-2914.5,0
59,"R_Date","NM32",,"posterior",-2909.5,0
59,"R_Date","NM32",,"posterior",-2904.5,7.843e-7
59,"R_Date","NM32",,"posterior",-2899.5,0.000018823
59,"R_Date","NM32",,"posterior",-2894.5,0.0003276
59,"R_Date","NM32",,"posterior",-2889.5,0.0029535
59,"R_Date","NM32",,"posterior",-2884.5,0.01487
59,"R_Date","NM32",,"posterior",-2879.5,0.04153
59,"R_Date","NM32",,"posterior",-2874.5,0.06033
59,"R_Date","NM32",,"posterior",-2869.5,0.0378
59,"R_Date","NM32",,"posterior",-2864.5,0.015033
59,"R_Date","NM32",,"posterior",-2859.5,0.005919
59,"R_Date","NM32",,"posterior",-2854.5,0.0024093
59,"R_Date","NM32",,"posterior",-2849.5,0.0008902
59,"R_Date","NM32",,"posterior",-2844.5,0.00029315
59,"R_Date","NM32",,"posterior",-2839.5,0.000094
59,"R_Date","NM32",,"posterior",-2834.5,0.00003445
59,"R_Date","NM32",,"posterior",-2829.5,0.000018039
59,"R_Date","NM32",,"posterior",-2824.5,0.000013394
59,"R_Date","NM32",,"posterior",-2819.5,0.00001822
59,"R_Date","NM32",,"posterior",-2814.5,0.00004416
59,"R_Date","NM32",,"posterior",-2809.5,0.00014655
59,"R_Date","NM32",,"posterior",-2804.5,0.0005589
59,"R_Date","NM32",,"posterior",-2799.5,0.0015045
59,"R_Date","NM32",,"posterior",-2794.5,0.0027273
59,"R_Date","NM32",,"posterior",-2789.5,0.0031552
59,"R_Date","NM32",,"posterior",-2784.5,0.002818
59,"R_Date","NM32",,"posterior",-2779.5,0.0019388
59,"R_Date","NM32",,"posterior",-2774.5,0.0012261
59,"R_Date","NM32",,"posterior",-2769.5,0.000862
59,"R_Date","NM32",,"posterior",-2764.5,0.0006303
59,"R_Date","NM32",,"posterior",-2759.5,0.0004742
59,"R_Date","NM32",,"posterior",-2754.5,0.0003196
59,"R_Date","NM32",,"posterior",-2749.5,0.00016814
59,"R_Date","NM32",,"posterior",-2744.5,0.00007415
59,"R_Date","NM32",,"posterior",-2739.5,0.000031493
59,"R_Date","NM32",,"posterior",-2734.5,0.000020211
59,"R_Date","NM32",,"posterior",-2729.5,0.00002727
59,"R_Date","NM32",,"posterior",-2724.5,0.00004947
59,"R_Date","NM32",,"posterior",-2719.5,0.00009967
59,"R_Date","NM32",,"posterior",-2714.5,0.00015608
59,"R_Date","NM32",,"posterior",-2709.5,0.00019167
59,"R_Date","NM32",,"posterior",-2704.5,0.00011789
59,"R_Date","NM32",,"posterior",-2699.5,0.00004525
59,"R_Date","NM32",,"posterior",-2694.5,0.00001997
59,"R_Date","NM32",,"posterior",-2689.5,0.000011041
59,"R_Date","NM32",,"posterior",-2684.5,0.000010618
59,"R_Date","NM32",,"posterior",-2679.5,0.000008567
59,"R_Date","NM32",,"posterior",-2674.5,0.000006938
59,"R_Date","NM32",,"posterior",-2669.5,0.000003198
59,"R_Date","NM32",,"posterior",-2664.5,7.24e-7
59,"R_Date","NM32",,"posterior",-2659.5,3.62e-7
59,"R_Date","NM32",,"posterior",-2654.5,5.43e-7
59,"R_Date","NM32",,"posterior",-2649.5,3.62e-7
59,"R_Date","NM32",,"posterior",-2644.5,7.24e-7
59,"R_Date","NM32",,"posterior",-2639.5,9.653e-7
59,"R_Date","NM32",,"posterior",-2634.5,4.223e-7
59,"R_Date","NM32",,"posterior",-2629.5,2.4133e-7
59,"R_Date","NM32",,"posterior",-2624.5,0
59,"R_Date","NM32",,"posterior",-2619.5,0
59,"R_Date","NM32",,"posterior",-2614.5,0
59,"R_Date","NM32",,"posterior",-2609.5,0
60,"R_Date","NM31",,"likelihood",-3024.5,0
60,"R_Date","NM31",,"likelihood",-3019.5,0
60,"R_Date","NM31",,"likelihood",-3014.5,1.4488e-8
60,"R_Date","NM31",,"likelihood",-3009.5,5.795e-8
60,"R_Date","NM31",,"likelihood",-3004.5,2.8977e-7
60,"R_Date","NM31",,"likelihood",-2999.5,0.0000010432
60,"R_Date","NM31",,"likelihood",-2994.5,7.969e-7
60,"R_Date","NM31",,"likelihood",-2989.5,3.767e-7
60,"R_Date","NM31",,"likelihood",-2984.5,2.0284e-7
60,"R_Date","NM31",,"likelihood",-2979.5,8.693e-8
60,"R_Date","NM31",,"likelihood",-2974.5,5.795e-8
60,"R_Date","NM31",,"likelihood",-2969.5,1.0142e-7
60,"R_Date","NM31",,"likelihood",-2964.5,5.795e-8
60,"R_Date","NM31",,"likelihood",-2959.5,8.693e-8
60,"R_Date","NM31",,"likelihood",-2954.5,8.693e-8
60,"R_Date","NM31",,"likelihood",-2949.5,8.693e-8
60,"R_Date","NM31",,"likelihood",-2944.5,5.795e-8
60,"R_Date","NM31",,"likelihood",-2939.5,7.244e-8
60,"R_Date","NM31",,"likelihood",-2934.5,1.0142e-7
60,"R_Date","NM31",,"likelihood",-2929.5,1.7386e-7
60,"R_Date","NM31",,"likelihood",-2924.5,6.665e-7
60,"R_Date","NM31",,"likelihood",-2919.5,0.000003825
60,"R_Date","NM31",,"likelihood",-2914.5,0.000017835
60,"R_Date","NM31",,"likelihood",-2909.5,0.00008448
60,"R_Date","NM31",,"likelihood",-2904.5,0.0003994
60,"R_Date","NM31",,"likelihood",-2899.5,0.0012087
60,"R_Date","NM31",,"likelihood",-2894.5,0.0029504
60,"R_Date","NM31",,"likelihood",-2889.5,0.006153
60,"R_Date","NM31",,"likelihood",-2884.5,0.010745
60,"R_Date","NM31",,"likelihood",-2879.5,0.014488
60,"R_Date","NM31",,"likelihood",-2874.5,0.013249
60,"R_Date","NM31",,"likelihood",-2869.5,0.008966
60,"R_Date","NM31",,"likelihood",-2864.5,0.005813
60,"R_Date","NM31",,"likelihood",-2859.5,0.00401
60,"R_Date","NM31",,"likelihood",-2854.5,0.0027755
60,"R_Date","NM31",,"likelihood",-2849.5,0.0017033
60,"R_Date","NM31",,"likelihood",-2844.5,0.0008592
60,"R_Date","NM31",,"likelihood",-2839.5,0.0004312
60,"R_Date","NM31",,"likelihood",-2834.5,0.00021943
60,"R_Date","NM31",,"likelihood",-2829.5,0.00012702
60,"R_Date","NM31",,"likelihood",-2824.5,0.00010116
60,"R_Date","NM31",,"likelihood",-2819.5,0.00013548
60,"R_Date","NM31",,"likelihood",-2814.5,0.0003272
60,"R_Date","NM31",,"likelihood",-2809.5,0.001022
60,"R_Date","NM31",,"likelihood",-2804.5,0.003238
60,"R_Date","NM31",,"likelihood",-2799.5,0.007357
60,"R_Date","NM31",,"likelihood",-2794.5,0.010964
60,"R_Date","NM31",,"likelihood",-2789.5,0.012386
60,"R_Date","NM31",,"likelihood",-2784.5,0.011571
60,"R_Date","NM31",,"likelihood",-2779.5,0.009243
60,"R_Date","NM31",,"likelihood",-2774.5,0.007184
60,"R_Date","NM31",,"likelihood",-2769.5,0.006064
60,"R_Date","NM31",,"likelihood",-2764.5,0.005633
60,"R_Date","NM31",,"likelihood",-2759.5,0.005224
60,"R_Date","NM31",,"likelihood",-2754.5,0.004452
60,"R_Date","NM31",,"likelihood",-2749.5,0.002931
60,"R_Date","NM31",,"likelihood",-2744.5,0.0015011
60,"R_Date","NM31",,"likelihood",-2739.5,0.0007608
60,"R_Date","NM31",,"likelihood",-2734.5,0.0005926
60,"R_Date","NM31",,"likelihood",-2729.5,0.0008
60,"R_Date","NM31",,"likelihood",-2724.5,0.001748
60,"R_Date","NM31",,"likelihood",-2719.5,0.003619
60,"R_Date","NM31",,"likelihood",-2714.5,0.005769
60,"R_Date","NM31",,"likelihood",-2709.5,0.006892
60,"R_Date","NM31",,"likelihood",-2704.5,0.005569
60,"R_Date","NM31",,"likelihood",-2699.5,0.0029021
60,"R_Date","NM31",,"likelihood",-2694.5,0.0013421
60,"R_Date","NM31",,"likelihood",-2689.5,0.0008802
60,"R_Date","NM31",,"likelihood",-2684.5,0.0010346
60,"R_Date","NM31",,"likelihood",-2679.5,0.0012857
60,"R_Date","NM31",,"likelihood",-2674.5,0.000994
60,"R_Date","NM31",,"likelihood",-2669.5,0.0005706
60,"R_Date","NM31",,"likelihood",-2664.5,0.00021476
60,"R_Date","NM31",,"likelihood",-2659.5,0.00010931
60,"R_Date","NM31",,"likelihood",-2654.5,0.00010629
60,"R_Date","NM31",,"likelihood",-2649.5,0.00014842
60,"R_Date","NM31",,"likelihood",-2644.5,0.00031409
60,"R_Date","NM31",,"likelihood",-2639.5,0.0003301
60,"R_Date","NM31",,"likelihood",-2634.5,0.00025343
60,"R_Date","NM31",,"likelihood",-2629.5,0.0001116
60,"R_Date","NM31",,"likelihood",-2624.5,0.00003638
60,"R_Date","NM31",,"likelihood",-2619.5,0.000007621
60,"R_Date","NM31",,"likelihood",-2614.5,0.0000029556
60,"R_Date","NM31",,"likelihood",-2609.5,0.000003492
60,"R_Date","NM31",,"likelihood",-2604.5,0.000007577
60,"R_Date","NM31",,"likelihood",-2599.5,0.00000949
60,"R_Date","NM31",,"likelihood",-2594.5,0.00001004
60,"R_Date","NM31",,"likelihood",-2589.5,0.000012214
60,"R_Date","NM31",,"likelihood",-2584.5,0.000013663
60,"R_Date","NM31",,"likelihood",-2579.5,0.000004404
60,"R_Date","NM31",,"likelihood",-2574.5,3.622e-7
60,"R_Date","NM31",,"likelihood",-2569.5,1.4488e-8
60,"R_Date","NM31",,"likelihood",-2564.5,0
60,"R_Date","NM31",,"likelihood",-2559.5,0
60,"R_Date","NM31",,"likelihood",-2554.5,0
60,"R_Date","NM31",,"likelihood",-2549.5,0
60,"R_Date","NM31",,"likelihood",-2544.5,0
60,"R_Date","NM31",,"likelihood",-2539.5,0
60,"R_Date","NM31",,"likelihood",-2534.5,0
60,"R_Date","NM31",,"likelihood",-2529.5,0
60,"R_Date","NM31",,"likelihood",-2524.5,0
60,"R_Date","NM31",,"likelihood",-2519.5,0
60,"R_Date","NM31",,"likelihood",-2514.5,1.4488e-8
60,"R_Date","NM31",,"likelihood",-2509.5,4.347e-8
60,"R_Date","NM31",,"likelihood",-2504.5,4.347e-8
60,"R_Date","NM31",,"likelihood",-2499.5,1.4488e-8
60,"R_Date","NM31",,"likelihood",-2494.5,0
60,"R_Date","NM31",,"likelihood",-2489.5,0
60,"R_Date","NM31",,"posterior",-2914.5,0
60,"R_Date","NM31",,"posterior",-2909.5,0
60,"R_Date","NM31",,"posterior",-2904.5,1.8045e-7
60,"R_Date","NM31",,"posterior",-2899.5,0.000012391
60,"R_Date","NM31",,"posterior",-2894.5,0.00025209
60,"R_Date","NM31",,"posterior",-2889.5,0.0024111
60,"R_Date","NM31",,"posterior",-2884.5,0.012878
60,"R_Date","NM31",,"posterior",-2879.5,0.03887
60,"R_Date","NM31",,"posterior",-2874.5,0.06015
60,"R_Date","NM31",,"posterior",-2869.5,0.03963
60,"R_Date","NM31",,"posterior",-2864.5,0.016684
60,"R_Date","NM31",,"posterior",-2859.5,0.006887
60,"R_Date","NM31",,"posterior",-2854.5,0.0028451
60,"R_Date","NM31",,"posterior",-2849.5,0.0011084
60,"R_Date","NM31",,"posterior",-2844.5,0.0003758
60,"R_Date","NM31",,"posterior",-2839.5,0.00012951
60,"R_Date","NM31",,"posterior",-2834.5,0.00004746
60,"R_Date","NM31",,"posterior",-2829.5,0.000025504
60,"R_Date","NM31",,"posterior",-2824.5,0.000018467
60,"R_Date","NM31",,"posterior",-2819.5,0.000021955
60,"R_Date","NM31",,"posterior",-2814.5,0.00005979
60,"R_Date","NM31",,"posterior",-2809.5,0.00018707
60,"R_Date","NM31",,"posterior",-2804.5,0.0006306
60,"R_Date","NM31",,"posterior",-2799.5,0.0015837
60,"R_Date","NM31",,"posterior",-2794.5,0.0026734
60,"R_Date","NM31",,"posterior",-2789.5,0.003037
60,"R_Date","NM31",,"posterior",-2784.5,0.0027346
60,"R_Date","NM31",,"posterior",-2779.5,0.001948
60,"R_Date","NM31",,"posterior",-2774.5,0.0012536
60,"R_Date","NM31",,"posterior",-2769.5,0.0008747
60,"R_Date","NM31",,"posterior",-2764.5,0.0006672
60,"R_Date","NM31",,"posterior",-2759.5,0.0005153
60,"R_Date","NM31",,"posterior",-2754.5,0.0003542
60,"R_Date","NM31",,"posterior",-2749.5,0.00018376
60,"R_Date","NM31",,"posterior",-2744.5,0.0000862
60,"R_Date","NM31",,"posterior",-2739.5,0.00004289
60,"R_Date","NM31",,"posterior",-2734.5,0.00002779
60,"R_Date","NM31",,"posterior",-2729.5,0.000031158
60,"R_Date","NM31",,"posterior",-2724.5,0.0000554
60,"R_Date","NM31",,"posterior",-2719.5,0.00010695
60,"R_Date","NM31",,"posterior",-2714.5,0.00014803
60,"R_Date","NM31",,"posterior",-2709.5,0.00019525
60,"R_Date","NM31",,"posterior",-2704.5,0.0001123
60,"R_Date","NM31",,"posterior",-2699.5,0.00005426
60,"R_Date","NM31",,"posterior",-2694.5,0.000023279
60,"R_Date","NM31",,"posterior",-2689.5,0.000012993
60,"R_Date","NM31",,"posterior",-2684.5,0.000012872
60,"R_Date","NM31",,"posterior",-2679.5,0.000014256
60,"R_Date","NM31",,"posterior",-2674.5,0.000010166
60,"R_Date","NM31",,"posterior",-2669.5,0.000004451
60,"R_Date","NM31",,"posterior",-2664.5,9.624e-7
60,"R_Date","NM31",,"posterior",-2659.5,6.015e-7
60,"R_Date","NM31",,"posterior",-2654.5,6.015e-7
60,"R_Date","NM31",,"posterior",-2649.5,6.015e-7
60,"R_Date","NM31",,"posterior",-2644.5,7.82e-7
61,"R_Date","NM15",,"likelihood",-2934.5,0
61,"R_Date","NM15",,"likelihood",-2929.5,0
61,"R_Date","NM15",,"likelihood",-2924.5,0
61,"R_Date","NM15",,"likelihood",-2919.5,5.495e-8
61,"R_Date","NM15",,"likelihood",-2914.5,4.258e-7
61,"R_Date","NM15",,"likelihood",-2909.5,0.000003668
61,"R_Date","NM15",,"likelihood",-2904.5,0.00003864
61,"R_Date","NM15",,"likelihood",-2899.5,0.00020036
61,"R_Date","NM15",,"likelihood",-2894.5,0.000778
61,"R_Date","NM15",,"likelihood",-2889.5,0.0024828
61,"R_Date","NM15",,"likelihood",-2884.5,0.006413
61,"R_Date","NM15",,"likelihood",-2879.5,0.012082
61,"R_Date","NM15",,"likelihood",-2874.5,0.013737
61,"R_Date","NM15",,"likelihood",-2869.5,0.010085
61,"R_Date","NM15",,"likelihood",-2864.5,0.006607
61,"R_Date","NM15",,"likelihood",-2859.5,0.004456
61,"R_Date","NM15",,"likelihood",-2854.5,0.0029827
61,"R_Date","NM15",,"likelihood",-2849.5,0.0017286
61,"R_Date","NM15",,"likelihood",-2844.5,0.0007819
61,"R_Date","NM15",,"likelihood",-2839.5,0.0003487
61,"R_Date","NM15",,"likelihood",-2834.5,0.00015653
61,"R_Date","NM15",,"likelihood",-2829.5,0.00008142
61,"R_Date","NM15",,"likelihood",-2824.5,0.00006194
61,"R_Date","NM15",,"likelihood",-2819.5,0.00008801
61,"R_Date","NM15",,"likelihood",-2814.5,0.00025661
61,"R_Date","NM15",,"likelihood",-2809.5,0.0009562
61,"R_Date","NM15",,"likelihood",-2804.5,0.003528
61,"R_Date","NM15",,"likelihood",-2799.5,0.008391
61,"R_Date","NM15",,"likelihood",-2794.5,0.012002
61,"R_Date","NM15",,"likelihood",-2789.5,0.013231
61,"R_Date","NM15",,"likelihood",-2784.5,0.012618
61,"R_Date","NM15",,"likelihood",-2779.5,0.010433
61,"R_Date","NM15",,"likelihood",-2774.5,0.008119
61,"R_Date","NM15",,"likelihood",-2769.5,0.006879
61,"R_Date","NM15",,"likelihood",-2764.5,0.006377
61,"R_Date","NM15",,"likelihood",-2759.5,0.005896
61,"R_Date","NM15",,"likelihood",-2754.5,0.004982
61,"R_Date","NM15",,"likelihood",-2749.5,0.003167
61,"R_Date","NM15",,"likelihood",-2744.5,0.0014981
61,"R_Date","NM15",,"likelihood",-2739.5,0.0006872
61,"R_Date","NM15",,"likelihood",-2734.5,0.0005142
61,"R_Date","NM15",,"likelihood",-2729.5,0.0007197
61,"R_Date","NM15",,"likelihood",-2724.5,0.0017803
61,"R_Date","NM15",,"likelihood",-2719.5,0.003988
61,"R_Date","NM15",,"likelihood",-2714.5,0.006536
61,"R_Date","NM15",,"likelihood",-2709.5,0.007829
61,"R_Date","NM15",,"likelihood",-2704.5,0.006302
61,"R_Date","NM15",,"likelihood",-2699.5,0.003133
61,"R_Date","NM15",,"likelihood",-2694.5,0.0013289
61,"R_Date","NM15",,"likelihood",-2689.5,0.0008134
61,"R_Date","NM15",,"likelihood",-2684.5,0.0009797
61,"R_Date","NM15",,"likelihood",-2679.5,0.0012661
61,"R_Date","NM15",,"likelihood",-2674.5,0.0009355
61,"R_Date","NM15",,"likelihood",-2669.5,0.0004992
61,"R_Date","NM15",,"likelihood",-2664.5,0.00015624
61,"R_Date","NM15",,"likelihood",-2659.5,0.00007208
61,"R_Date","NM15",,"likelihood",-2654.5,0.00007169
61,"R_Date","NM15",,"likelihood",-2649.5,0.0001035
61,"R_Date","NM15",,"likelihood",-2644.5,0.00025891
61,"R_Date","NM15",,"likelihood",-2639.5,0.0002645
61,"R_Date","NM15",,"likelihood",-2634.5,0.00019404
61,"R_Date","NM15",,"likelihood",-2629.5,0.00007177
61,"R_Date","NM15",,"likelihood",-2624.5,0.000019451
61,"R_Date","NM15",,"likelihood",-2619.5,0.0000029671
61,"R_Date","NM15",,"likelihood",-2614.5,9.478e-7
61,"R_Date","NM15",,"likelihood",-2609.5,0.0000011539
61,"R_Date","NM15",,"likelihood",-2604.5,0.0000031044
61,"R_Date","NM15",,"likelihood",-2599.5,0.00000408
61,"R_Date","NM15",,"likelihood",-2594.5,0.000004148
61,"R_Date","NM15",,"likelihood",-2589.5,0.000005
61,"R_Date","NM15",,"likelihood",-2584.5,0.000006017
61,"R_Date","NM15",,"likelihood",-2579.5,0.0000015248
61,"R_Date","NM15",,"likelihood",-2574.5,6.868e-8
61,"R_Date","NM15",,"likelihood",-2569.5,0
61,"R_Date","NM15",,"likelihood",-2564.5,0
61,"R_Date","NM15",,"likelihood",-2559.5,0
61,"R_Date","NM15",,"posterior",-2909.5,0
61,"R_Date","NM15",,"posterior",-2904.5,6.246e-8
61,"R_Date","NM15",,"posterior",-2899.5,0.000003185
61,"R_Date","NM15",,"posterior",-2894.5,0.0000835
61,"R_Date","NM15",,"posterior",-2889.5,0.0011847
61,"R_Date","NM15",,"posterior",-2884.5,0.008862
61,"R_Date","NM15",,"posterior",-2879.5,0.03479
61,"R_Date","NM15",,"posterior",-2874.5,0.06246
61,"R_Date","NM15",,"posterior",-2869.5,0.04342
61,"R_Date","NM15",,"posterior",-2864.5,0.018727
61,"R_Date","NM15",,"posterior",-2859.5,0.007685
61,"R_Date","NM15",,"posterior",-2854.5,0.0030885
61,"R_Date","NM15",,"posterior",-2849.5,0.0011258
61,"R_Date","NM15",,"posterior",-2844.5,0.0003429
61,"R_Date","NM15",,"posterior",-2839.5,0.0001078
61,"R_Date","NM15",,"posterior",-2834.5,0.0000341
61,"R_Date","NM15",,"posterior",-2829.5,0.000015114
61,"R_Date","NM15",,"posterior",-2824.5,0.00001068
61,"R_Date","NM15",,"posterior",-2819.5,0.000015302
61,"R_Date","NM15",,"posterior",-2814.5,0.00003991
61,"R_Date","NM15",,"posterior",-2809.5,0.00016638
61,"R_Date","NM15",,"posterior",-2804.5,0.0006449
61,"R_Date","NM15",,"posterior",-2799.5,0.0016452
61,"R_Date","NM15",,"posterior",-2794.5,0.0027332
61,"R_Date","NM15",,"posterior",-2789.5,0.0030979
61,"R_Date","NM15",,"posterior",-2784.5,0.0027505
61,"R_Date","NM15",,"posterior",-2779.5,0.0020105
61,"R_Date","NM15",,"posterior",-2774.5,0.0013
61,"R_Date","NM15",,"posterior",-2769.5,0.0009016
61,"R_Date","NM15",,"posterior",-2764.5,0.0006862
61,"R_Date","NM15",,"posterior",-2759.5,0.0005452
61,"R_Date","NM15",,"posterior",-2754.5,0.0003638
61,"R_Date","NM15",,"posterior",-2749.5,0.00019287
61,"R_Date","NM15",,"posterior",-2744.5,0.00009081
61,"R_Date","NM15",,"posterior",-2739.5,0.00003635
61,"R_Date","NM15",,"posterior",-2734.5,0.00001855
61,"R_Date","NM15",,"posterior",-2729.5,0.00002823
61,"R_Date","NM15",,"posterior",-2724.5,0.00005971
61,"R_Date","NM15",,"posterior",-2719.5,0.00011192
61,"R_Date","NM15",,"posterior",-2714.5,0.00017007
61,"R_Date","NM15",,"posterior",-2709.5,0.00021291
61,"R_Date","NM15",,"posterior",-2704.5,0.0001216
61,"R_Date","NM15",,"posterior",-2699.5,0.00005384
61,"R_Date","NM15",,"posterior",-2694.5,0.00001855
61,"R_Date","NM15",,"posterior",-2689.5,0.000011617
61,"R_Date","NM15",,"posterior",-2684.5,0.000007994
61,"R_Date","NM15",,"posterior",-2679.5,0.000010493
61,"R_Date","NM15",,"posterior",-2674.5,0.00000712
61,"R_Date","NM15",,"posterior",-2669.5,0.0000031228
61,"R_Date","NM15",,"posterior",-2664.5,8.119e-7
61,"R_Date","NM15",,"posterior",-2659.5,8.119e-7
61,"R_Date","NM15",,"posterior",-2654.5,1.8737e-7
61,"R_Date","NM15",,"posterior",-2649.5,3.747e-7
61,"R_Date","NM15",,"posterior",-2644.5,8.119e-7
61,"R_Date","NM15",,"posterior",-2639.5,0.0000010618
61,"R_Date","NM15",,"posterior",-2634.5,3.747e-7
61,"R_Date","NM15",,"posterior",-2629.5,2.4983e-7
61,"R_Date","NM15",,"posterior",-2624.5,6.246e-8
61,"R_Date","NM15",,"posterior",-2619.5,0
62,"R_Date","NM13",,"likelihood",-2924.5,0
62,"R_Date","NM13",,"likelihood",-2919.5,0
62,"R_Date","NM13",,"likelihood",-2914.5,0
62,"R_Date","NM13",,"likelihood",-2909.5,1.4172e-8
62,"R_Date","NM13",,"likelihood",-2904.5,3.543e-7
62,"R_Date","NM13",,"likelihood",-2899.5,0.0000030894
62,"R_Date","NM13",,"likelihood",-2894.5,0.000020145
62,"R_Date","NM13",,"likelihood",-2889.5,0.00011223
62,"R_Date","NM13",,"likelihood",-2884.5,0.0005436
62,"R_Date","NM13",,"likelihood",-2879.5,0.0020349
62,"R_Date","NM13",,"likelihood",-2874.5,0.004848
62,"R_Date","NM13",,"likelihood",-2869.5,0.006763
62,"R_Date","NM13",,"likelihood",-2864.5,0.006983
62,"R_Date","NM13",,"likelihood",-2859.5,0.006373
62,"R_Date","NM13",,"likelihood",-2854.5,0.005397
62,"R_Date","NM13",,"likelihood",-2849.5,0.004214
62,"R_Date","NM13",,"likelihood",-2844.5,0.002852
62,"R_Date","NM13",,"likelihood",-2839.5,0.0017739
62,"R_Date","NM13",,"likelihood",-2834.5,0.0010703
62,"R_Date","NM13",,"likelihood",-2829.5,0.0006954
62,"R_Date","NM13",,"likelihood",-2824.5,0.0005782
62,"R_Date","NM13",,"likelihood",-2819.5,0.000732
62,"R_Date","NM13",,"likelihood",-2814.5,0.0014107
62,"R_Date","NM13",,"likelihood",-2809.5,0.003187
62,"R_Date","NM13",,"likelihood",-2804.5,0.005894
62,"R_Date","NM13",,"likelihood",-2799.5,0.007086
62,"R_Date","NM13",,"likelihood",-2794.5,0.00611
62,"R_Date","NM13",,"likelihood",-2789.5,0.005462
62,"R_Date","NM13",,"likelihood",-2784.5,0.005927
62,"R_Date","NM13",,"likelihood",-2779.5,0.006804
62,"R_Date","NM13",,"likelihood",-2774.5,0.006847
62,"R_Date","NM13",,"likelihood",-2769.5,0.006896
62,"R_Date","NM13",,"likelihood",-2764.5,0.006823
62,"R_Date","NM13",,"likelihood",-2759.5,0.006723
62,"R_Date","NM13",,"likelihood",-2754.5,0.006454
62,"R_Date","NM13",,"likelihood",-2749.5,0.00553
62,"R_Date","NM13",,"likelihood",-2744.5,0.003923
62,"R_Date","NM13",,"likelihood",-2739.5,0.0025642
62,"R_Date","NM13",,"likelihood",-2734.5,0.0021627
62,"R_Date","NM13",,"likelihood",-2729.5,0.0027205
62,"R_Date","NM13",,"likelihood",-2724.5,0.004271
62,"R_Date","NM13",,"likelihood",-2719.5,0.005896
62,"R_Date","NM13",,"likelihood",-2714.5,0.006849
62,"R_Date","NM13",,"likelihood",-2709.5,0.006967
62,"R_Date","NM13",,"likelihood",-2704.5,0.006809
62,"R_Date","NM13",,"likelihood",-2699.5,0.005505
62,"R_Date","NM13",,"likelihood",-2694.5,0.003582
62,"R_Date","NM13",,"likelihood",-2689.5,0.0028219
62,"R_Date","NM13",,"likelihood",-2684.5,0.0031297
62,"R_Date","NM13",,"likelihood",-2679.5,0.003489
62,"R_Date","NM13",,"likelihood",-2674.5,0.0030522
62,"R_Date","NM13",,"likelihood",-2669.5,0.0020503
62,"R_Date","NM13",,"likelihood",-2664.5,0.0010241
62,"R_Date","NM13",,"likelihood",-2659.5,0.0005831
62,"R_Date","NM13",,"likelihood",-2654.5,0.0005542
62,"R_Date","NM13",,"likelihood",-2649.5,0.0007452
62,"R_Date","NM13",,"likelihood",-2644.5,0.0012561
62,"R_Date","NM13",,"likelihood",-2639.5,0.0013801
62,"R_Date","NM13",,"likelihood",-2634.5,0.0011316
62,"R_Date","NM13",,"likelihood",-2629.5,0.0006098
62,"R_Date","NM13",,"likelihood",-2624.5,0.00023256
62,"R_Date","NM13",,"likelihood",-2619.5,0.00005834
62,"R_Date","NM13",,"likelihood",-2614.5,0.00002451
62,"R_Date","NM13",,"likelihood",-2609.5,0.000028556
62,"R_Date","NM13",,"likelihood",-2604.5,0.00005666
62,"R_Date","NM13",,"likelihood",-2599.5,0.00006944
62,"R_Date","NM13",,"likelihood",-2594.5,0.00007485
62,"R_Date","NM13",,"likelihood",-2589.5,0.00009148
62,"R_Date","NM13",,"likelihood",-2584.5,0.00009869
62,"R_Date","NM13",,"likelihood",-2579.5,0.00003533
62,"R_Date","NM13",,"likelihood",-2574.5,0.000003373
62,"R_Date","NM13",,"likelihood",-2569.5,9.212e-8
62,"R_Date","NM13",,"likelihood",-2564.5,0
62,"R_Date","NM13",,"likelihood",-2559.5,0
62,"R_Date","NM13",,"likelihood",-2554.5,0
62,"R_Date","NM13",,"likelihood",-2549.5,0
62,"R_Date","NM13",,"likelihood",-2544.5,0
62,"R_Date","NM13",,"likelihood",-2539.5,0
62,"R_Date","NM13",,"likelihood",-2534.5,0
62,"R_Date","NM13",,"likelihood",-2529.5,0
62,"R_Date","NM13",,"likelihood",-2524.5,7.086e-9
62,"R_Date","NM13",,"likelihood",-2519.5,2.1257e-8
62,"R_Date","NM13",,"likelihood",-2514.5,8.503e-8
62,"R_Date","NM13",,"likelihood",-2509.5,3.755e-7
62,"R_Date","NM13",,"likelihood",-2504.5,4.606e-7
62,"R_Date","NM13",,"likelihood",-2499.5,1.3463e-7
62,"R_Date","NM13",,"likelihood",-2494.5,7.086e-9
62,"R_Date","NM13",,"likelihood",-2489.5,0
62,"R_Date","NM13",,"likelihood",-2484.5,0
62,"R_Date","NM13",,"posterior",-2909.5,0
62,"R_Date","NM13",,"posterior",-2904.5,0
62,"R_Date","NM13",,"posterior",-2899.5,1.041e-7
62,"R_Date","NM13",,"posterior",-2894.5,0.000004789
62,"R_Date","NM13",,"posterior",-2889.5,0.00012914
62,"R_Date","NM13",,"posterior",-2884.5,0.0019409
62,"R_Date","NM13",,"posterior",-2879.5,0.015884
62,"R_Date","NM13",,"posterior",-2874.5,0.05055
62,"R_Date","NM13",,"posterior",-2869.5,0.05205
62,"R_Date","NM13",,"posterior",-2864.5,0.030906
62,"R_Date","NM13",,"posterior",-2859.5,0.016066
62,"R_Date","NM13",,"posterior",-2854.5,0.007854
62,"R_Date","NM13",,"posterior",-2849.5,0.003654
62,"R_Date","NM13",,"posterior",-2844.5,0.0015704
62,"R_Date","NM13",,"posterior",-2839.5,0.0006544
62,"R_Date","NM13",,"posterior",-2834.5,0.00029524
62,"R_Date","NM13",,"posterior",-2829.5,0.00015631
62,"R_Date","NM13",,"posterior",-2824.5,0.0001231
62,"R_Date","NM13",,"posterior",-2819.5,0.00013992
62,"R_Date","NM13",,"posterior",-2814.5,0.00027577
62,"R_Date","NM13",,"posterior",-2809.5,0.0006353
62,"R_Date","NM13",,"posterior",-2804.5,0.0012614
62,"R_Date","NM13",,"posterior",-2799.5,0.0017958
62,"R_Date","NM13",,"posterior",-2794.5,0.0020365
62,"R_Date","NM13",,"posterior",-2789.5,0.0019102
62,"R_Date","NM13",,"posterior",-2784.5,0.0018951
62,"R_Date","NM13",,"posterior",-2779.5,0.0017227
62,"R_Date","NM13",,"posterior",-2774.5,0.0013788
62,"R_Date","NM13",,"posterior",-2769.5,0.0011079
62,"R_Date","NM13",,"posterior",-2764.5,0.0008425
62,"R_Date","NM13",,"posterior",-2759.5,0.0006738
62,"R_Date","NM13",,"posterior",-2754.5,0.0005143
62,"R_Date","NM13",,"posterior",-2749.5,0.000373
62,"R_Date","NM13",,"posterior",-2744.5,0.00021373
62,"R_Date","NM13",,"posterior",-2739.5,0.00011556
62,"R_Date","NM13",,"posterior",-2734.5,0.00009166
62,"R_Date","NM13",,"posterior",-2729.5,0.00009505
62,"R_Date","NM13",,"posterior",-2724.5,0.00013325
62,"R_Date","NM13",,"posterior",-2719.5,0.00016183
62,"R_Date","NM13",,"posterior",-2714.5,0.00018062
62,"R_Date","NM13",,"posterior",-2709.5,0.00017797
62,"R_Date","NM13",,"posterior",-2704.5,0.0001369
62,"R_Date","NM13",,"posterior",-2699.5,0.0000862
62,"R_Date","NM13",,"posterior",-2694.5,0.00005174
62,"R_Date","NM13",,"posterior",-2689.5,0.00003248
62,"R_Date","NM13",,"posterior",-2684.5,0.000028889
62,"R_Date","NM13",,"posterior",-2679.5,0.00003222
62,"R_Date","NM13",,"posterior",-2674.5,0.000021185
62,"R_Date","NM13",,"posterior",-2669.5,0.000012649
62,"R_Date","NM13",,"posterior",-2664.5,0.000006142
62,"R_Date","NM13",,"posterior",-2659.5,0.000004268
62,"R_Date","NM13",,"posterior",-2654.5,0.0000019259
62,"R_Date","NM13",,"posterior",-2649.5,0.0000027067
62,"R_Date","NM13",,"posterior",-2644.5,0.000004268
62,"R_Date","NM13",,"posterior",-2639.5,0.0000031231
62,"R_Date","NM13",,"posterior",-2634.5,0.0000023423
62,"R_Date","NM13",,"posterior",-2629.5,8.849e-7
62,"R_Date","NM13",,"posterior",-2624.5,5.205e-7
62,"R_Date","NM13",,"posterior",-2619.5,0
62,"R_Date","NM13",,"posterior",-2614.5,1.041e-7
62,"R_Date","NM13",,"posterior",-2609.5,0
63,"R_Date","NM16",,"likelihood",-2924.5,0
63,"R_Date","NM16",,"likelihood",-2919.5,0
63,"R_Date","NM16",,"likelihood",-2914.5,0
63,"R_Date","NM16",,"likelihood",-2909.5,1.4172e-8
63,"R_Date","NM16",,"likelihood",-2904.5,3.543e-7
63,"R_Date","NM16",,"likelihood",-2899.5,0.0000030894
63,"R_Date","NM16",,"likelihood",-2894.5,0.000020145
63,"R_Date","NM16",,"likelihood",-2889.5,0.00011223
63,"R_Date","NM16",,"likelihood",-2884.5,0.0005436
63,"R_Date","NM16",,"likelihood",-2879.5,0.0020349
63,"R_Date","NM16",,"likelihood",-2874.5,0.004848
63,"R_Date","NM16",,"likelihood",-2869.5,0.006763
63,"R_Date","NM16",,"likelihood",-2864.5,0.006983
63,"R_Date","NM16",,"likelihood",-2859.5,0.006373
63,"R_Date","NM16",,"likelihood",-2854.5,0.005397
63,"R_Date","NM16",,"likelihood",-2849.5,0.004214
63,"R_Date","NM16",,"likelihood",-2844.5,0.002852
63,"R_Date","NM16",,"likelihood",-2839.5,0.0017739
63,"R_Date","NM16",,"likelihood",-2834.5,0.0010703
63,"R_Date","NM16",,"likelihood",-2829.5,0.0006954
63,"R_Date","NM16",,"likelihood",-2824.5,0.0005782
63,"R_Date","NM16",,"likelihood",-2819.5,0.000732
63,"R_Date","NM16",,"likelihood",-2814.5,0.0014107
63,"R_Date","NM16",,"likelihood",-2809.5,0.003187
63,"R_Date","NM16",,"likelihood",-2804.5,0.005894
63,"R_Date","NM16",,"likelihood",-2799.5,0.007086
63,"R_Date","NM16",,"likelihood",-2794.5,0.00611
63,"R_Date","NM16",,"likelihood",-2789.5,0.005462
63,"R_Date","NM16",,"likelihood",-2784.5,0.005927
63,"R_Date","NM16",,"likelihood",-2779.5,0.006804
63,"R_Date","NM16",,"likelihood",-2774.5,0.006847
63,"R_Date","NM16",,"likelihood",-2769.5,0.006896
63,"R_Date","NM16",,"likelihood",-2764.5,0.006823
63,"R_Date","NM16",,"likelihood",-2759.5,0.006723
63,"R_Date","NM16",,"likelihood",-2754.5,0.006454
63,"R_Date","NM16",,"likelihood",-2749.5,0.00553
63,"R_Date","NM16",,"likelihood",-2744.5,0.003923
63,"R_Date","NM16",,"likelihood",-2739.5,0.0025642
63,"R_Date","NM16",,"likelihood",-2734.5,0.0021627
63,"R_Date","NM16",,"likelihood",-2729.5,0.0027205
63,"R_Date","NM16",,"likelihood",-2724.5,0.004271
63,"R_Date","NM16",,"likelihood",-2719.5,0.005896
63,"R_Date","NM16",,"likelihood",-2714.5,0.006849
63,"R_Date","NM16",,"likelihood",-2709.5,0.006967
63,"R_Date","NM16",,"likelihood",-2704.5,0.006809
63,"R_Date","NM16",,"likelihood",-2699.5,0.005505
63,"R_Date","NM16",,"likelihood",-2694.5,0.003582
63,"R_Date","NM16",,"likelihood",-2689.5,0.0028219
63,"R_Date","NM16",,"likelihood",-2684.5,0.0031297
63,"R_Date","NM16",,"likelihood",-2679.5,0.003489
63,"R_Date","NM16",,"likelihood",-2674.5,0.0030522
63,"R_Date","NM16",,"likelihood",-2669.5,0.0020503
63,"R_Date","NM16",,"likelihood",-2664.5,0.0010241
63,"R_Date","NM16",,"likelihood",-2659.5,0.0005831
63,"R_Date","NM16",,"likelihood",-2654.5,0.0005542
63,"R_Date","NM16",,"likelihood",-2649.5,0.0007452
63,"R_Date","NM16",,"likelihood",-2644.5,0.0012561
63,"R_Date","NM16",,"likelihood",-2639.5,0.0013801
63,"R_Date","NM16",,"likelihood",-2634.5,0.0011316
63,"R_Date","NM16",,"likelihood",-2629.5,0.0006098
63,"R_Date","NM16",,"likelihood",-2624.5,0.00023256
63,"R_Date","NM16",,"likelihood",-2619.5,0.00005834
63,"R_Date","NM16",,"likelihood",-2614.5,0.00002451
63,"R_Date","NM16",,"likelihood",-2609.5,0.000028556
63,"R_Date","NM16",,"likelihood",-2604.5,0.00005666
63,"R_Date","NM16",,"likelihood",-2599.5,0.00006944
63,"R_Date","NM16",,"likelihood",-2594.5,0.00007485
63,"R_Date","NM16",,"likelihood",-2589.5,0.00009148
63,"R_Date","NM16",,"likelihood",-2584.5,0.00009869
63,"R_Date","NM16",,"likelihood",-2579.5,0.00003533
63,"R_Date","NM16",,"likelihood",-2574.5,0.000003373
63,"R_Date","NM16",,"likelihood",-2569.5,9.212e-8
63,"R_Date","NM16",,"likelihood",-2564.5,0
63,"R_Date","NM16",,"likelihood",-2559.5,0
63,"R_Date","NM16",,"likelihood",-2554.5,0
63,"R_Date","NM16",,"likelihood",-2549.5,0
63,"R_Date","NM16",,"likelihood",-2544.5,0
63,"R_Date","NM16",,"likelihood",-2539.5,0
63,"R_Date","NM16",,"likelihood",-2534.5,0
63,"R_Date","NM16",,"likelihood",-2529.5,0
63,"R_Date","NM16",,"likelihood",-2524.5,7.086e-9
63,"R_Date","NM16",,"likelihood",-2519.5,2.1257e-8
63,"R_Date","NM16",,"likelihood",-2514.5,8.503e-8
63,"R_Date","NM16",,"likelihood",-2509.5,3.755e-7
63,"R_Date","NM16",,"likelihood",-2504.5,4.606e-7
63,"R_Date","NM16",,"likelihood",-2499.5,1.3463e-7
63,"R_Date","NM16",,"likelihood",-2494.5,7.086e-9
63,"R_Date","NM16",,"likelihood",-2489.5,0
63,"R_Date","NM16",,"likelihood",-2484.5,0
63,"R_Date","NM16",,"posterior",-2909.5,0
63,"R_Date","NM16",,"posterior",-2904.5,0
63,"R_Date","NM16",,"posterior",-2899.5,0
63,"R_Date","NM16",,"posterior",-2894.5,0.00000426
63,"R_Date","NM16",,"posterior",-2889.5,0.00012889
63,"R_Date","NM16",,"posterior",-2884.5,0.0019141
63,"R_Date","NM16",,"posterior",-2879.5,0.015926
63,"R_Date","NM16",,"posterior",-2874.5,0.05049
63,"R_Date","NM16",,"posterior",-2869.5,0.05195
63,"R_Date","NM16",,"posterior",-2864.5,0.030933
63,"R_Date","NM16",,"posterior",-2859.5,0.0162
63,"R_Date","NM16",,"posterior",-2854.5,0.007866
63,"R_Date","NM16",,"posterior",-2849.5,0.003689
63,"R_Date","NM16",,"posterior",-2844.5,0.0015534
63,"R_Date","NM16",,"posterior",-2839.5,0.0006601
63,"R_Date","NM16",,"posterior",-2834.5,0.00029009
63,"R_Date","NM16",,"posterior",-2829.5,0.00015383
63,"R_Date","NM16",,"posterior",-2824.5,0.00012006
63,"R_Date","NM16",,"posterior",-2819.5,0.00014531
63,"R_Date","NM16",,"posterior",-2814.5,0.00026448
63,"R_Date","NM16",,"posterior",-2809.5,0.0006361
63,"R_Date","NM16",,"posterior",-2804.5,0.0012392
63,"R_Date","NM16",,"posterior",-2799.5,0.0018115
63,"R_Date","NM16",,"posterior",-2794.5,0.0020057
63,"R_Date","NM16",,"posterior",-2789.5,0.0019299
63,"R_Date","NM16",,"posterior",-2784.5,0.0019029
63,"R_Date","NM16",,"posterior",-2779.5,0.0017084
63,"R_Date","NM16",,"posterior",-2774.5,0.0013505
63,"R_Date","NM16",,"posterior",-2769.5,0.0010906
63,"R_Date","NM16",,"posterior",-2764.5,0.0008432
63,"R_Date","NM16",,"posterior",-2759.5,0.0006796
63,"R_Date","NM16",,"posterior",-2754.5,0.0005238
63,"R_Date","NM16",,"posterior",-2749.5,0.0003622
63,"R_Date","NM16",,"posterior",-2744.5,0.00021414
63,"R_Date","NM16",,"posterior",-2739.5,0.00012614
63,"R_Date","NM16",,"posterior",-2734.5,0.00009029
63,"R_Date","NM16",,"posterior",-2729.5,0.00009642
63,"R_Date","NM16",,"posterior",-2724.5,0.00014011
63,"R_Date","NM16",,"posterior",-2719.5,0.00016765
63,"R_Date","NM16",,"posterior",-2714.5,0.00018801
63,"R_Date","NM16",,"posterior",-2709.5,0.00018188
63,"R_Date","NM16",,"posterior",-2704.5,0.00013455
63,"R_Date","NM16",,"posterior",-2699.5,0.00009221
63,"R_Date","NM16",,"posterior",-2694.5,0.00004967
63,"R_Date","NM16",,"posterior",-2689.5,0.00003351
63,"R_Date","NM16",,"posterior",-2684.5,0.000027534
63,"R_Date","NM16",,"posterior",-2679.5,0.000026495
63,"R_Date","NM16",,"posterior",-2674.5,0.000020832
63,"R_Date","NM16",,"posterior",-2669.5,0.000012936
63,"R_Date","NM16",,"posterior",-2664.5,0.000005974
63,"R_Date","NM16",,"posterior",-2659.5,0.0000030132
63,"R_Date","NM16",,"posterior",-2654.5,0.0000022339
63,"R_Date","NM16",,"posterior",-2649.5,0.0000017144
63,"R_Date","NM16",,"posterior",-2644.5,0.00000374
63,"R_Date","NM16",,"posterior",-2639.5,0.000003221
63,"R_Date","NM16",,"posterior",-2634.5,0.0000019222
63,"R_Date","NM16",,"posterior",-2629.5,9.351e-7
63,"R_Date","NM16",,"posterior",-2624.5,2.5976e-7
63,"R_Date","NM16",,"posterior",-2619.5,2.5976e-7
63,"R_Date","NM16",,"posterior",-2614.5,1.039e-7
63,"R_Date","NM16",,"posterior",-2609.5,1.5585e-7
63,"R_Date","NM16",,"posterior",-2604.5,0
63,"R_Date","NM16",,"posterior",-2599.5,0
63,"R_Date","NM16",,"posterior",-2594.5,0
63,"R_Date","NM16",,"posterior",-2589.5,0
63,"R_Date","NM16",,"posterior",-2584.5,1.039e-7
63,"R_Date","NM16",,"posterior",-2579.5,0
63,"R_Date","NM16",,"posterior",-2574.5,0
63,"R_Date","NM16",,"posterior",-2569.5,0
64,"R_Date","NM14",,"likelihood",-2914.5,0
64,"R_Date","NM14",,"likelihood",-2909.5,0
64,"R_Date","NM14",,"likelihood",-2904.5,0
64,"R_Date","NM14",,"likelihood",-2899.5,1.0762e-8
64,"R_Date","NM14",,"likelihood",-2894.5,1.2914e-7
64,"R_Date","NM14",,"likelihood",-2889.5,0.000001356
64,"R_Date","NM14",,"likelihood",-2884.5,0.000013597
64,"R_Date","NM14",,"likelihood",-2879.5,0.00010798
64,"R_Date","NM14",,"likelihood",-2874.5,0.0006062
64,"R_Date","NM14",,"likelihood",-2869.5,0.0018639
64,"R_Date","NM14",,"likelihood",-2864.5,0.0031155
64,"R_Date","NM14",,"likelihood",-2859.5,0.004037
64,"R_Date","NM14",,"likelihood",-2854.5,0.004705
64,"R_Date","NM14",,"likelihood",-2849.5,0.005191
64,"R_Date","NM14",,"likelihood",-2844.5,0.005344
64,"R_Date","NM14",,"likelihood",-2839.5,0.004888
64,"R_Date","NM14",,"likelihood",-2834.5,0.004156
64,"R_Date","NM14",,"likelihood",-2829.5,0.003495
64,"R_Date","NM14",,"likelihood",-2824.5,0.003221
64,"R_Date","NM14",,"likelihood",-2819.5,0.00357
64,"R_Date","NM14",,"likelihood",-2814.5,0.004463
64,"R_Date","NM14",,"likelihood",-2809.5,0.005381
64,"R_Date","NM14",,"likelihood",-2804.5,0.004464
64,"R_Date","NM14",,"likelihood",-2799.5,0.0024356
64,"R_Date","NM14",,"likelihood",-2794.5,0.0012234
64,"R_Date","NM14",,"likelihood",-2789.5,0.0008193
64,"R_Date","NM14",,"likelihood",-2784.5,0.0010319
64,"R_Date","NM14",,"likelihood",-2779.5,0.001736
64,"R_Date","NM14",,"likelihood",-2774.5,0.0025802
64,"R_Date","NM14",,"likelihood",-2769.5,0.003033
64,"R_Date","NM14",,"likelihood",-2764.5,0.003233
64,"R_Date","NM14",,"likelihood",-2759.5,0.003431
64,"R_Date","NM14",,"likelihood",-2754.5,0.003819
64,"R_Date","NM14",,"likelihood",-2749.5,0.004624
64,"R_Date","NM14",,"likelihood",-2744.5,0.00525
64,"R_Date","NM14",,"likelihood",-2739.5,0.005176
64,"R_Date","NM14",,"likelihood",-2734.5,0.005017
64,"R_Date","NM14",,"likelihood",-2729.5,0.005316
64,"R_Date","NM14",,"likelihood",-2724.5,0.005174
64,"R_Date","NM14",,"likelihood",-2719.5,0.00426
64,"R_Date","NM14",,"likelihood",-2714.5,0.003169
64,"R_Date","NM14",,"likelihood",-2709.5,0.0026669
64,"R_Date","NM14",,"likelihood",-2704.5,0.003264
64,"R_Date","NM14",,"likelihood",-2699.5,0.004639
64,"R_Date","NM14",,"likelihood",-2694.5,0.005197
64,"R_Date","NM14",,"likelihood",-2689.5,0.005239
64,"R_Date","NM14",,"likelihood",-2684.5,0.005281
64,"R_Date","NM14",,"likelihood",-2679.5,0.005199
64,"R_Date","NM14",,"likelihood",-2674.5,0.005275
64,"R_Date","NM14",,"likelihood",-2669.5,0.004853
64,"R_Date","NM14",,"likelihood",-2664.5,0.003979
64,"R_Date","NM14",,"likelihood",-2659.5,0.003035
64,"R_Date","NM14",,"likelihood",-2654.5,0.0028684
64,"R_Date","NM14",,"likelihood",-2649.5,0.00339
64,"R_Date","NM14",,"likelihood",-2644.5,0.003967
64,"R_Date","NM14",,"likelihood",-2639.5,0.004319
64,"R_Date","NM14",,"likelihood",-2634.5,0.004025
64,"R_Date","NM14",,"likelihood",-2629.5,0.003199
64,"R_Date","NM14",,"likelihood",-2624.5,0.0019032
64,"R_Date","NM14",,"likelihood",-2619.5,0.00085
64,"R_Date","NM14",,"likelihood",-2614.5,0.0004913
64,"R_Date","NM14",,"likelihood",-2609.5,0.0005417
64,"R_Date","NM14",,"likelihood",-2604.5,0.0007944
64,"R_Date","NM14",,"likelihood",-2599.5,0.0009009
64,"R_Date","NM14",,"likelihood",-2594.5,0.0009886
64,"R_Date","NM14",,"likelihood",-2589.5,0.0011672
64,"R_Date","NM14",,"likelihood",-2584.5,0.0011675
64,"R_Date","NM14",,"likelihood",-2579.5,0.0006213
64,"R_Date","NM14",,"likelihood",-2574.5,0.0001296
64,"R_Date","NM14",,"likelihood",-2569.5,0.000009788
64,"R_Date","NM14",,"likelihood",-2564.5,5.758e-7
64,"R_Date","NM14",,"likelihood",-2559.5,8.609e-8
64,"R_Date","NM14",,"likelihood",-2554.5,3.767e-8
64,"R_Date","NM14",,"likelihood",-2549.5,2.6904e-8
64,"R_Date","NM14",,"likelihood",-2544.5,2.6904e-8
64,"R_Date","NM14",,"likelihood",-2539.5,4.305e-8
64,"R_Date","NM14",,"likelihood",-2534.5,1.3452e-7
64,"R_Date","NM14",,"likelihood",-2529.5,5.973e-7
64,"R_Date","NM14",,"likelihood",-2524.5,0.0000017757
64,"R_Date","NM14",,"likelihood",-2519.5,0.0000031263
64,"R_Date","NM14",,"likelihood",-2514.5,0.000008938
64,"R_Date","NM14",,"likelihood",-2509.5,0.000026996
64,"R_Date","NM14",,"likelihood",-2504.5,0.000031451
64,"R_Date","NM14",,"likelihood",-2499.5,0.000011833
64,"R_Date","NM14",,"likelihood",-2494.5,9.147e-7
64,"R_Date","NM14",,"likelihood",-2489.5,6.995e-8
64,"R_Date","NM14",,"likelihood",-2484.5,2.1523e-8
64,"R_Date","NM14",,"likelihood",-2479.5,2.6904e-8
64,"R_Date","NM14",,"likelihood",-2474.5,2.1523e-8
64,"R_Date","NM14",,"likelihood",-2469.5,0
64,"R_Date","NM14",,"likelihood",-2464.5,0
64,"R_Date","NM14",,"likelihood",-2459.5,0
64,"R_Date","NM14",,"posterior",-2904.5,0
64,"R_Date","NM14",,"posterior",-2899.5,0
64,"R_Date","NM14",,"posterior",-2894.5,1.5396e-7
64,"R_Date","NM14",,"posterior",-2889.5,0.000007903
64,"R_Date","NM14",,"posterior",-2884.5,0.00031588
64,"R_Date","NM14",,"posterior",-2879.5,0.006554
64,"R_Date","NM14",,"posterior",-2874.5,0.03583
64,"R_Date","NM14",,"posterior",-2869.5,0.05132
64,"R_Date","NM14",,"posterior",-2864.5,0.03764
64,"R_Date","NM14",,"posterior",-2859.5,0.022638
64,"R_Date","NM14",,"posterior",-2854.5,0.012649
64,"R_Date","NM14",,"posterior",-2849.5,0.006994
64,"R_Date","NM14",,"posterior",-2844.5,0.003964
64,"R_Date","NM14",,"posterior",-2839.5,0.0022149
64,"R_Date","NM14",,"posterior",-2834.5,0.0013488
64,"R_Date","NM14",,"posterior",-2829.5,0.0009198
64,"R_Date","NM14",,"posterior",-2824.5,0.0007851
64,"R_Date","NM14",,"posterior",-2819.5,0.0008274
64,"R_Date","NM14",,"posterior",-2814.5,0.0010602
64,"R_Date","NM14",,"posterior",-2809.5,0.0014236
64,"R_Date","NM14",,"posterior",-2804.5,0.0015151
64,"R_Date","NM14",,"posterior",-2799.5,0.0013025
64,"R_Date","NM14",,"posterior",-2794.5,0.0011318
64,"R_Date","NM14",,"posterior",-2789.5,0.0009437
64,"R_Date","NM14",,"posterior",-2784.5,0.001009
64,"R_Date","NM14",,"posterior",-2779.5,0.0011067
64,"R_Date","NM14",,"posterior",-2774.5,0.0010663
64,"R_Date","NM14",,"posterior",-2769.5,0.000891
64,"R_Date","NM14",,"posterior",-2764.5,0.0006915
64,"R_Date","NM14",,"posterior",-2759.5,0.0005536
64,"R_Date","NM14",,"posterior",-2754.5,0.0004805
64,"R_Date","NM14",,"posterior",-2749.5,0.000429
64,"R_Date","NM14",,"posterior",-2744.5,0.0003917
64,"R_Date","NM14",,"posterior",-2739.5,0.00030366
64,"R_Date","NM14",,"posterior",-2734.5,0.00026943
64,"R_Date","NM14",,"posterior",-2729.5,0.00022976
64,"R_Date","NM14",,"posterior",-2724.5,0.00019332
64,"R_Date","NM14",,"posterior",-2719.5,0.00015104
64,"R_Date","NM14",,"posterior",-2714.5,0.00011352
64,"R_Date","NM14",,"posterior",-2709.5,0.00011152
64,"R_Date","NM14",,"posterior",-2704.5,0.00008637
64,"R_Date","NM14",,"posterior",-2699.5,0.00009053
64,"R_Date","NM14",,"posterior",-2694.5,0.00008801
64,"R_Date","NM14",,"posterior",-2689.5,0.0000756
64,"R_Date","NM14",,"posterior",-2684.5,0.00006164
64,"R_Date","NM14",,"posterior",-2679.5,0.00005035
64,"R_Date","NM14",,"posterior",-2674.5,0.00004008
64,"R_Date","NM14",,"posterior",-2669.5,0.00003387
64,"R_Date","NM14",,"posterior",-2664.5,0.000020066
64,"R_Date","NM14",,"posterior",-2659.5,0.000016217
64,"R_Date","NM14",,"posterior",-2654.5,0.000011804
64,"R_Date","NM14",,"posterior",-2649.5,0.000012676
64,"R_Date","NM14",,"posterior",-2644.5,0.00001242
64,"R_Date","NM14",,"posterior",-2639.5,0.000010161
64,"R_Date","NM14",,"posterior",-2634.5,0.000008006
64,"R_Date","NM14",,"posterior",-2629.5,0.000005902
64,"R_Date","NM14",,"posterior",-2624.5,0.000003233
64,"R_Date","NM14",,"posterior",-2619.5,0.0000014883
64,"R_Date","NM14",,"posterior",-2614.5,4.106e-7
65,"Interval","Stage III Duration",,"posterior",-12.5,0
65,"Interval","Stage III Duration",,"posterior",-7.5,0
65,"Interval","Stage III Duration",,"posterior",-2.5,0
65,"Interval","Stage III Duration",,"posterior",2.5,0.018719
65,"Interval","Stage III Duration",,"posterior",7.5,0.020602
65,"Interval","Stage III Duration",,"posterior",12.5,0.023465
65,"Interval","Stage III Duration",,"posterior",17.5,0.025099
65,"Interval","Stage III Duration",,"posterior",22.5,0.024136
65,"Interval","Stage III Duration",,"posterior",27.5,0.021076
65,"Interval","Stage III Duration",,"posterior",32.5,0.016595
65,"Interval","Stage III Duration",,"posterior",37.5,0.011968
65,"Interval","Stage III Duration",,"posterior",42.5,0.008217
65,"Interval","Stage III Duration",,"posterior",47.5,0.005334
65,"Interval","Stage III Duration",,"posterior",52.5,0.003432
65,"Interval","Stage III Duration",,"posterior",57.5,0.0021643
65,"Interval","Stage III Duration",,"posterior",62.5,0.0014124
65,"Interval","Stage III Duration",,"posterior",67.5,0.0009967
65,"Interval","Stage III Duration",,"posterior",72.5,0.0007347
65,"Interval","Stage III Duration",,"posterior",77.5,0.000617
65,"Interval","Stage III Duration",,"posterior",82.5,0.0005727
65,"Interval","Stage III Duration",,"posterior",87.5,0.0005967
65,"Interval","Stage III Duration",,"posterior",92.5,0.0006807
65,"Interval","Stage III Duration",,"posterior",97.5,0.0007902
65,"Interval","Stage III Duration",,"posterior",102.5,0.0008927
65,"Interval","Stage III Duration",,"posterior",107.5,0.0009488
65,"Interval","Stage III Duration",,"posterior",112.5,0.0009225
65,"Interval","Stage III Duration",,"posterior",117.5,0.0009135
65,"Interval","Stage III Duration",,"posterior",122.5,0.0008882
65,"Interval","Stage III Duration",,"posterior",127.5,0.000841
65,"Interval","Stage III Duration",,"posterior",132.5,0.0007567
65,"Interval","Stage III Duration",,"posterior",137.5,0.0007079
65,"Interval","Stage III Duration",,"posterior",142.5,0.0006189
65,"Interval","Stage III Duration",,"posterior",147.5,0.0005129
65,"Interval","Stage III Duration",,"posterior",152.5,0.0004407
65,"Interval","Stage III Duration",,"posterior",157.5,0.0004036
65,"Interval","Stage III Duration",,"posterior",162.5,0.0003815
65,"Interval","Stage III Duration",,"posterior",167.5,0.0003431
65,"Interval","Stage III Duration",,"posterior",172.5,0.00031537
65,"Interval","Stage III Duration",,"posterior",177.5,0.00030754
65,"Interval","Stage III Duration",,"posterior",182.5,0.0003105
65,"Interval","Stage III Duration",,"posterior",187.5,0.00027707
65,"Interval","Stage III Duration",,"posterior",192.5,0.00025443
65,"Interval","Stage III Duration",,"posterior",197.5,0.00022178
65,"Interval","Stage III Duration",,"posterior",202.5,0.00020486
65,"Interval","Stage III Duration",,"posterior",207.5,0.00017708
65,"Interval","Stage III Duration",,"posterior",212.5,0.00014932
65,"Interval","Stage III Duration",,"posterior",217.5,0.00013004
65,"Interval","Stage III Duration",,"posterior",222.5,0.00012015
65,"Interval","Stage III Duration",,"posterior",227.5,0.00010105
65,"Interval","Stage III Duration",,"posterior",232.5,0.00008647
65,"Interval","Stage III Duration",,"posterior",237.5,0.00007291
65,"Interval","Stage III Duration",,"posterior",242.5,0.00006338
65,"Interval","Stage III Duration",,"posterior",247.5,0.00006137
65,"Interval","Stage III Duration",,"posterior",252.5,0.00005434
65,"Interval","Stage III Duration",,"posterior",257.5,0.00004852
65,"Interval","Stage III Duration",,"posterior",262.5,0.0000382
65,"Interval","Stage III Duration",,"posterior",267.5,0.00003343
65,"Interval","Stage III Duration",,"posterior",272.5,0.000028739
65,"Interval","Stage III Duration",,"posterior",277.5,0.000025074
65,"Interval","Stage III Duration",,"posterior",282.5,0.00002013
65,"Interval","Stage III Duration",,"posterior",287.5,0.000019101
65,"Interval","Stage III Duration",,"posterior",292.5,0.000017369
65,"Interval","Stage III Duration",,"posterior",297.5,0.000014156
65,"Interval","Stage III Duration",,"posterior",302.5,0.000011897
65,"Interval","Stage III Duration",,"posterior",307.5,0.000011019
65,"Interval","Stage III Duration",,"posterior",312.5,0.000011546
65,"Interval","Stage III Duration",,"posterior",317.5,0.000008509
65,"Interval","Stage III Duration",,"posterior",322.5,0.00000763
65,"Interval","Stage III Duration",,"posterior",327.5,0.00000512
65,"Interval","Stage III Duration",,"posterior",332.5,0.000004342
65,"Interval","Stage III Duration",,"posterior",337.5,0.000003288
65,"Interval","Stage III Duration",,"posterior",342.5,0.0000015562
65,"Interval","Stage III Duration",,"posterior",347.5,8.785e-7
65,"Interval","Stage III Duration",,"posterior",352.5,7.781e-7
65,"Interval","Stage III Duration",,"posterior",357.5,6.024e-7
66,"Boundary","Cemetery End",,"posterior",-2894.5,0
66,"Boundary","Cemetery End",,"posterior",-2889.5,0
66,"Boundary","Cemetery End",,"posterior",-2884.5,0.000008611
66,"Boundary","Cemetery End",,"posterior",-2879.5,0.0010518
66,"Boundary","Cemetery End",,"posterior",-2874.5,0.014205
66,"Boundary","Cemetery End",,"posterior",-2869.5,0.03391
66,"Boundary","Cemetery End",,"posterior",-2864.5,0.0376
66,"Boundary","Cemetery End",,"posterior",-2859.5,0.031202
66,"Boundary","Cemetery End",,"posterior",-2854.5,0.022524
66,"Boundary","Cemetery End",,"posterior",-2849.5,0.014537
66,"Boundary","Cemetery End",,"posterior",-2844.5,0.009129
66,"Boundary","Cemetery End",,"posterior",-2839.5,0.00518
66,"Boundary","Cemetery End",,"posterior",-2834.5,0.003037
66,"Boundary","Cemetery End",,"posterior",-2829.5,0.0016158
66,"Boundary","Cemetery End",,"posterior",-2824.5,0.0010021
66,"Boundary","Cemetery End",,"posterior",-2819.5,0.0006706
66,"Boundary","Cemetery End",,"posterior",-2814.5,0.0004166
66,"Boundary","Cemetery End",,"posterior",-2809.5,0.00030045
66,"Boundary","Cemetery End",,"posterior",-2804.5,0.00030331
66,"Boundary","Cemetery End",,"posterior",-2799.5,0.0003527
66,"Boundary","Cemetery End",,"posterior",-2794.5,0.0006432
66,"Boundary","Cemetery End",,"posterior",-2789.5,0.0011754
66,"Boundary","Cemetery End",,"posterior",-2784.5,0.0017245
66,"Boundary","Cemetery End",,"posterior",-2779.5,0.0019439
66,"Boundary","Cemetery End",,"posterior",-2774.5,0.0018959
66,"Boundary","Cemetery End",,"posterior",-2769.5,0.00185
66,"Boundary","Cemetery End",,"posterior",-2764.5,0.001632
66,"Boundary","Cemetery End",,"posterior",-2759.5,0.0015637
66,"Boundary","Cemetery End",,"posterior",-2754.5,0.0013336
66,"Boundary","Cemetery End",,"posterior",-2749.5,0.0012317
66,"Boundary","Cemetery End",,"posterior",-2744.5,0.0010124
66,"Boundary","Cemetery End",,"posterior",-2739.5,0.0007588
66,"Boundary","Cemetery End",,"posterior",-2734.5,0.000634
66,"Boundary","Cemetery End",,"posterior",-2729.5,0.0004988
66,"Boundary","Cemetery End",,"posterior",-2724.5,0.0004345
66,"Boundary","Cemetery End",,"posterior",-2719.5,0.0003976
66,"Boundary","Cemetery End",,"posterior",-2714.5,0.0003939
66,"Boundary","Cemetery End",,"posterior",-2709.5,0.0004311
66,"Boundary","Cemetery End",,"posterior",-2704.5,0.0004163
66,"Boundary","Cemetery End",,"posterior",-2699.5,0.0004091
66,"Boundary","Cemetery End",,"posterior",-2694.5,0.0003444
66,"Boundary","Cemetery End",,"posterior",-2689.5,0.00030955
66,"Boundary","Cemetery End",,"posterior",-2684.5,0.00027936
66,"Boundary","Cemetery End",,"posterior",-2679.5,0.00021554
66,"Boundary","Cemetery End",,"posterior",-2674.5,0.00018696
66,"Boundary","Cemetery End",,"posterior",-2669.5,0.00016493
66,"Boundary","Cemetery End",,"posterior",-2664.5,0.00014594
66,"Boundary","Cemetery End",,"posterior",-2659.5,0.0001321
66,"Boundary","Cemetery End",,"posterior",-2654.5,0.00011164
66,"Boundary","Cemetery End",,"posterior",-2649.5,0.00009574
66,"Boundary","Cemetery End",,"posterior",-2644.5,0.00007987
66,"Boundary","Cemetery End",,"posterior",-2639.5,0.00007378
66,"Boundary","Cemetery End",,"posterior",-2634.5,0.00006509
66,"Boundary","Cemetery End",,"posterior",-2629.5,0.0000558
66,"Boundary","Cemetery End",,"posterior",-2624.5,0.00004471
66,"Boundary","Cemetery End",,"posterior",-2619.5,0.00003768
66,"Boundary","Cemetery End",,"posterior",-2614.5,0.00003403
66,"Boundary","Cemetery End",,"posterior",-2609.5,0.000028992
66,"Boundary","Cemetery End",,"posterior",-2604.5,0.000026924
66,"Boundary","Cemetery End",,"posterior",-2599.5,0.000023277
66,"Boundary","Cemetery End",,"posterior",-2594.5,0.000020494
66,"Boundary","Cemetery End",,"posterior",-2589.5,0.000015455
66,"Boundary","Cemetery End",,"posterior",-2584.5,0.00001726
66,"Boundary","Cemetery End",,"posterior",-2579.5,0.000012597
66,"Boundary","Cemetery End",,"posterior",-2574.5,0.000013387
66,"Boundary","Cemetery End",,"posterior",-2569.5,0.000009288
66,"Boundary","Cemetery End",,"posterior",-2564.5,0.000007483
66,"Boundary","Cemetery End",,"posterior",-2559.5,0.000007972
66,"Boundary","Cemetery End",,"posterior",-2554.5,0.000007633
66,"Boundary","Cemetery End",,"posterior",-2549.5,0.000003384
